player_name,club,age,position,minutes,goals,assists,contract_expires_year,market_value_million_eur
Burgui,Alavés,23.0,"FW,MF",1037.0,1.0,1.0,,1.8
Raphaël Varane,Real Madrid,24.0,DF,2320.0,0.0,1.0,,70.0
Rubén Duarte,Alavés,21.0,DF,2138.0,0.0,2.0,,2.0
Samuel Umtiti,Barcelona,23.0,DF,2189.0,1.0,0.0,,60.0
Manu García,Alavés,31.0,MF,2438.0,3.0,0.0,,1.8
Ibai Gómez,Alavés,27.0,"MF,FW",2315.0,7.0,6.0,,3.5
John Guidetti,Alavés,25.0,FW,1210.0,3.0,2.0,,5.0
Munir El Haddadi,Alavés,21.0,FW,2436.0,10.0,6.0,,12.0
Héctor Hernández,Alavés,26.0,MF,16.0,0.0,0.0,,0.03
Aleksandar Katai,Alavés,26.0,"FW,MF",57.0,0.0,0.0,,1.25
Mats Hummels,Bayern Munich,28.0,DF,2213.0,1.0,1.0,,60.0
Kalidou Koulibaly,Napoli,26.0,DF,3066.0,5.0,1.0,,60.0
Paul Pogba,Manchester Utd,24.0,MF,2148.0,6.0,10.0,,90.0
Fernando Pacheco,Alavés,25.0,GK,3360.0,0.0,0.0,,9.0
Alfonso Pedraza,Alavés,21.0,"MF,DF",2440.0,3.0,5.0,,5.0
Hernán Pérez,Alavés,28.0,"MF,FW",375.0,0.0,0.0,,1.2
Óscar Romero,Alavés,25.0,"MF,FW",253.0,0.0,0.0,,4.0
Christian Santos,Alavés,29.0,FW,438.0,2.0,0.0,,1.0
Antonio Sivera,Alavés,20.0,GK,60.0,0.0,0.0,,1.0
Rubén Sobrino,Alavés,25.0,"FW,MF",1474.0,3.0,3.0,,2.0
Carlos Vigaray,Alavés,22.0,"DF,MF",897.0,0.0,0.0,,0.08
Marquinhos,Paris S-G,23.0,DF,2262.0,0.0,1.0,,55.0
Aymeric Laporte,Athletic Club,23.0,DF,1710.0,0.0,0.0,,50.0
Sekou Baradji,Amiens,33.0,MF,7.0,0.0,0.0,,0.02
Mathieu Bodmer,Amiens,34.0,"DF,MF",397.0,1.0,0.0,,0.05
Jean-Christophe Bouet,Amiens,34.0,GK,90.0,0.0,0.0,,0.02
Emmanuel Bourgaud,Amiens,29.0,"MF,FW",543.0,0.0,1.0,,0.06
Charly Charrier,Amiens,31.0,MF,105.0,0.0,0.0,,0.05
Issa Cissokho,Amiens,32.0,DF,1630.0,0.0,0.0,,0.05
Quentin Cornette,Amiens,23.0,"FW,MF",446.0,1.0,1.0,,0.03
Gerard Piqué,Barcelona,30.0,DF,2631.0,2.0,0.0,,50.0
Jean-Luc Dompé,Amiens,21.0,MF,29.0,0.0,0.0,,0.075
Toni Kroos,Real Madrid,27.0,MF,2261.0,5.0,5.0,,80.0
Serge Gakpé,Amiens,30.0,"FW,MF",1853.0,3.0,1.0,,0.09
Georges Gope-Fenepej,Amiens,28.0,"MF,FW",47.0,0.0,0.0,,0.03
Régis Gurtner,Amiens,30.0,GK,3330.0,0.0,0.0,,3.0
Oualid El Hajjam,Amiens,26.0,DF,2198.0,1.0,1.0,,1.0
Julien Ielsch,Amiens,34.0,"MF,DF",617.0,0.0,0.0,,0.025
Gaël Kakuta,Amiens,26.0,"MF,FW",3084.0,6.0,4.0,,6.0
Moussa Konaté,Amiens,24.0,FW,2472.0,13.0,1.0,,6.0
Brighton Labeau,Amiens,21.0,FW,23.0,0.0,0.0,,0.015
Harrison Manzala,Amiens,23.0,"FW,MF",1864.0,4.0,3.0,,1.5
Stiven Mendoza,Amiens,25.0,"FW,MF",1032.0,2.0,0.0,,1.25
Thomas Monconduit,Amiens,26.0,MF,2948.0,1.0,3.0,,3.0
Nathan,Amiens,21.0,MF,10.0,0.0,0.0,,1.0
Koke,Atlético Madrid,25.0,"MF,FW",2753.0,4.0,3.0,,70.0
Yoann Andreu,Angers,28.0,DF,2070.0,1.0,2.0,,1.75
Abdoulaye Bamba,Angers,27.0,DF,1533.0,0.0,0.0,,1.0
Ludovic Butelle,Angers,34.0,GK,1652.0,0.0,0.0,,0.05
Pierrick Capelle,Angers,30.0,"MF,FW",1882.0,2.0,1.0,,1.0
Saliou Ciss,Angers,27.0,"DF,FW",144.0,0.0,0.0,,0.08
Saúl Ñíguez,Atlético Madrid,22.0,MF,3155.0,2.0,4.0,,70.0
Enzo Crivelli,Angers,22.0,FW,1023.0,1.0,1.0,,4.0
Marco Verratti,Paris S-G,24.0,MF,1718.0,0.0,4.0,,70.0
Baptiste Guillaume,Angers,22.0,FW,458.0,1.0,1.0,,2.0
Wilfried Kanga,Angers,19.0,"FW,MF",176.0,0.0,0.0,,0.02
Billy Ketkeophomphone,Angers,27.0,"MF,FW",437.0,0.0,0.0,,2.0
Alexandre Letellier,Angers,26.0,GK,1170.0,0.0,0.0,,1.0
Vincent Manceau,Angers,28.0,DF,2970.0,0.0,0.0,,2.0
Naby Keïta,RB Leipzig,22.0,MF,1962.0,6.0,5.0,,65.0
Mathieu Michel,Angers,25.0,GK,598.0,0.0,0.0,,2.0
Prince Oniangué,Angers,28.0,MF,1055.0,1.0,0.0,,1.5
N'Golo Kanté,Chelsea,26.0,MF,2994.0,1.0,1.0,,60.0
Adrien Rabiot,Paris S-G,22.0,MF,2364.0,1.0,4.0,,50.0
Baptiste Santamaria,Angers,22.0,MF,2591.0,0.0,0.0,,3.0
Gilles Sunu,Angers,26.0,"MF,FW",656.0,1.0,1.0,,1.5
David Alaba,Bayern Munich,25.0,DF,1551.0,2.0,2.0,,50.0
Flavien Tait,Angers,24.0,"MF,FW",2241.0,4.0,3.0,,5.0
Virgil van Dijk,Liverpool,26.0,DF,1260.0,0.0,0.0,,50.0
Karl Toko Ekambi,Angers,24.0,"FW,MF",3041.0,17.0,5.0,,18.0
Thomas Touré,Angers,23.0,MF,128.0,0.0,0.0,,1.5
Aymeric Laporte,Manchester City,23.0,DF,806.0,0.0,0.0,,50.0
Pierre-Emerick Aubameyang,Arsenal,28.0,FW,1057.0,10.0,4.0,,75.0
Héctor Bellerín,Arsenal,22.0,"DF,MF",3051.0,2.0,3.0,,40.0
John Stones,Manchester City,23.0,DF,1302.0,0.0,0.0,,50.0
Francis Coquelin,Arsenal,26.0,"MF,DF",169.0,0.0,0.0,,12.0
Mohamed Elneny,Arsenal,25.0,MF,867.0,0.0,1.0,,10.0
Olivier Giroud,Arsenal,30.0,FW,388.0,4.0,1.0,,18.0
Virgil van Dijk,Southampton,26.0,DF,994.0,0.0,0.0,,50.0
Alex Iwobi,Arsenal,21.0,"FW,MF",1830.0,3.0,5.0,,15.0
Jérôme Boateng,Bayern Munich,28.0,DF,1640.0,1.0,2.0,,45.0
Alexandre Lacazette,Arsenal,26.0,FW,2202.0,14.0,4.0,,60.0
Ainsley Maitland-Niles,Arsenal,19.0,"DF,MF",914.0,0.0,0.0,,7.0
Sergio Ramos,Real Madrid,31.0,DF,2290.0,4.0,1.0,,45.0
Andreas Christensen,Chelsea,21.0,DF,2086.0,0.0,0.0,,40.0
Henrikh Mkhitaryan,Arsenal,28.0,"FW,MF",794.0,2.0,4.0,,35.0
Nacho Monreal,Arsenal,31.0,DF,2243.0,5.0,2.0,,13.0
Antonio Rüdiger,Chelsea,24.0,DF,2338.0,2.0,1.0,,40.0
David Ospina,Arsenal,28.0,GK,381.0,0.0,0.0,,5.0
Aaron Ramsey,Arsenal,26.0,MF,1846.0,7.0,8.0,,45.0
Mesut Özil,Arsenal,28.0,"MF,FW",2163.0,4.0,8.0,,50.0
Alex Oxlade-Chamberlain,Arsenal,23.0,"MF,DF",241.0,0.0,0.0,,40.0
Alexis Sánchez,Arsenal,28.0,"FW,MF",1503.0,7.0,3.0,,70.0
Theo Walcott,Arsenal,28.0,"MF,FW",69.0,0.0,0.0,,20.0
Danny Welbeck,Arsenal,26.0,"FW,MF",1194.0,5.0,2.0,,15.0
Paulinho,Barcelona,29.0,MF,1948.0,9.0,2.0,,40.0
Granit Xhaka,Arsenal,24.0,MF,3260.0,1.0,7.0,,40.0
Musa Barrow,Atalanta,18.0,"FW,MF",443.0,3.0,1.0,,6.0
Stefan de Vrij,Lazio,25.0,DF,3034.0,6.0,0.0,,40.0
Etrit Berisha,Atalanta,28.0,GK,2790.0,0.0,0.0,,7.0
Alessio Romagnoli,Milan,22.0,DF,2353.0,2.0,0.0,,40.0
Timothy Castagne,Atalanta,21.0,"DF,MF",1500.0,0.0,1.0,,5.0
Andreas Cornelius,Atalanta,24.0,FW,934.0,3.0,1.0,,3.0
Corentin Tolisso,Bayern Munich,22.0,MF,1575.0,6.0,4.0,,40.0
Alex Oxlade-Chamberlain,Liverpool,23.0,"MF,FW",1493.0,3.0,7.0,,40.0
Pierluigi Gollini,Atalanta,22.0,GK,622.0,0.0,0.0,,3.5
Papu Gómez,Atalanta,29.0,"FW,MF",2750.0,6.0,8.0,,18.0
Robin Gosens,Atalanta,23.0,"DF,MF",1451.0,1.0,2.0,,2.5
Leon Goretzka,Schalke 04,22.0,MF,1982.0,4.0,2.0,,40.0
Hans Hateboer,Atalanta,23.0,"DF,MF",2398.0,0.0,1.0,,7.0
Toby Alderweireld,Tottenham,28.0,DF,1178.0,0.0,0.0,,40.0
Eric Dier,Tottenham,23.0,"MF,DF",2824.0,0.0,2.0,,40.0
Davinson Sánchez,Tottenham,21.0,DF,2534.0,0.0,0.0,,40.0
Riccardo Orsolini,Atalanta,20.0,"FW,MF",125.0,0.0,0.0,,3.5
Andrea Petagna,Atalanta,22.0,FW,1618.0,4.0,5.0,,9.0
Marten de Roon,Atalanta,26.0,MF,2571.0,3.0,3.0,,14.0
Francesco Rossi,Atalanta,26.0,GK,8.0,0.0,0.0,,0.015
Leonardo Spinazzola,Atalanta,24.0,DF,1503.0,0.0,3.0,,12.0
Niklas Süle,Bayern Munich,21.0,DF,1926.0,2.0,1.0,,38.0
Luca Vido,Atalanta,20.0,"FW,MF",74.0,0.0,0.0,,0.07
Aritz Aduriz,Athletic Club,36.0,FW,2155.0,9.0,3.0,,1.0
Ager Aketxe,Athletic Club,23.0,MF,41.0,0.0,0.0,,2.5
Diego Godín,Atlético Madrid,31.0,DF,2554.0,0.0,0.0,,35.0
Mikel Balenziaga,Athletic Club,29.0,DF,1547.0,0.0,2.0,,4.0
Eneko Bóveda,Athletic Club,28.0,DF,521.0,0.0,0.0,,1.5
Iñigo Córdoba,Athletic Club,20.0,"FW,MF",1454.0,1.0,1.0,,5.0
Arturo Vidal,Bayern Munich,30.0,MF,1456.0,6.0,2.0,,35.0
Raúl García,Athletic Club,31.0,"MF,FW",2617.0,10.0,1.0,,9.0
Iago Herrerín,Athletic Club,29.0,GK,720.0,0.0,0.0,,3.0
Ander Iturraspe,Athletic Club,28.0,MF,1904.0,0.0,0.0,,5.0
Nicolás Otamendi,Manchester City,29.0,DF,2967.0,4.0,0.0,,35.0
Iñigo Lekue,Athletic Club,24.0,"DF,FW",2115.0,0.0,1.0,,7.5
Andoni López,Athletic Club,21.0,DF,90.0,0.0,0.0,,0.06
Óscar de Marcos,Athletic Club,28.0,"DF,MF",1654.0,1.0,3.0,,6.0
Eric Bailly,Manchester Utd,23.0,DF,1001.0,1.0,0.0,,35.0
Sabin Merino,Athletic Club,25.0,"FW,MF",376.0,0.0,0.0,,1.5
Iker Muniain,Athletic Club,24.0,"MF,FW",784.0,4.0,2.0,,10.0
Leonardo Bonucci,Milan,30.0,DF,3085.0,2.0,1.0,,35.0
Houssem Aouar,Lyon,19.0,"MF,FW",2430.0,6.0,4.0,,35.0
Enric Saborit,Athletic Club,25.0,DF,1433.0,0.0,1.0,,0.08
Mikel San José,Athletic Club,28.0,MF,2153.0,1.0,1.0,,9.0
Markel Susaeta,Athletic Club,29.0,"FW,MF",2261.0,3.0,2.0,,9.0
Mikel Vesga,Athletic Club,24.0,MF,804.0,1.0,1.0,,2.5
Iñaki Williams,Athletic Club,23.0,"FW,MF",2853.0,7.0,4.0,,30.0
Yannick Carrasco,Atlético Madrid,23.0,"MF,FW",901.0,3.0,4.0,,25.0
Ángel Correa,Atlético Madrid,22.0,"FW,MF",2240.0,8.0,5.0,,24.0
Diego Costa,Atlético Madrid,28.0,FW,1034.0,3.0,3.0,,60.0
Allan,Napoli,26.0,MF,2850.0,4.0,5.0,,33.0
Gabi,Atlético Madrid,34.0,MF,2354.0,0.0,0.0,,3.0
Kévin Gameiro,Atlético Madrid,30.0,FW,1133.0,7.0,2.0,,20.0
Iñigo Martínez,Athletic Club,26.0,DF,1440.0,0.0,0.0,,32.0
Antoine Griezmann,Atlético Madrid,26.0,FW,2509.0,19.0,9.0,,100.0
Lucas Hernández,Atlético Madrid,21.0,DF,2122.0,0.0,1.0,,35.0
Carlos Isaac,Atlético Madrid,19.0,DF,62.0,0.0,0.0,,0.02
Juanfran,Atlético Madrid,32.0,DF,1306.0,0.0,0.0,,5.0
Cesc Fàbregas,Chelsea,30.0,MF,2307.0,2.0,4.0,,30.0
Filipe Luís,Atlético Madrid,31.0,DF,1656.0,1.0,2.0,,8.0
Blaise Matuidi,Juventus,30.0,MF,2354.0,3.0,1.0,,30.0
Georginio Wijnaldum,Liverpool,26.0,MF,2387.0,1.0,2.0,,30.0
Jan Oblak,Atlético Madrid,24.0,GK,3330.0,0.0,0.0,,70.0
Thomas Partey,Atlético Madrid,24.0,"MF,DF",2373.0,3.0,0.0,,25.0
Arona Sané,Atlético Madrid,22.0,MF,66.0,0.0,0.0,,0.025
Fernando Torres,Atlético Madrid,33.0,FW,996.0,5.0,1.0,,4.0
Luciano Vietto,Atlético Madrid,23.0,FW,264.0,0.0,0.0,,6.0
Vitolo,Atlético Madrid,27.0,"MF,FW",616.0,1.0,1.0,,25.0
Axel Werner,Atlético Madrid,21.0,GK,90.0,0.0,0.0,,1.0
Daniel Baier,Augsburg,33.0,MF,2538.0,0.0,2.0,,1.0
Caiuby,Augsburg,29.0,"FW,MF",2855.0,5.0,7.0,,5.0
Sergio Córdova,Augsburg,19.0,"FW,MF",586.0,2.0,1.0,,1.5
Iñigo Martínez,Real Sociedad,26.0,DF,1055.0,1.0,0.0,,32.0
Raphael Framberger,Augsburg,21.0,DF,696.0,0.0,0.0,,0.075
Jan Vertonghen,Tottenham,30.0,DF,3203.0,0.0,0.0,,32.0
Michael Gregoritsch,Augsburg,23.0,"MF,FW",2527.0,13.0,3.0,,14.0
Marcel Heller,Augsburg,31.0,"FW,MF",1299.0,0.0,1.0,,1.0
Jonathan Tah,Leverkusen,21.0,DF,2427.0,0.0,2.0,,30.0
Marwin Hitz,Augsburg,29.0,GK,2880.0,0.0,0.0,,4.0
Kilian Jakob,Augsburg,19.0,FW,50.0,0.0,0.0,,0.02
Presnel Kimpembe,Paris S-G,21.0,DF,2425.0,0.0,0.0,,30.0
Rani Khedira,Augsburg,23.0,"MF,DF",2275.0,1.0,1.0,,3.5
Andreas Luthe,Augsburg,30.0,GK,180.0,0.0,0.0,,0.05
Philipp Max,Augsburg,23.0,DF,2959.0,2.0,12.0,,15.0
Ander Herrera,Manchester Utd,27.0,MF,1268.0,0.0,2.0,,30.0
Daniel Opare,Augsburg,26.0,"DF,MF",1417.0,0.0,0.0,,1.0
Shawn Parker,Augsburg,24.0,"DF,MF",46.0,0.0,0.0,,0.015
Marco Richter,Augsburg,19.0,"FW,MF",644.0,1.0,0.0,,1.0
Jonathan Schmid,Augsburg,27.0,"DF,FW",1473.0,0.0,0.0,,2.5
Erik Thommy,Augsburg,22.0,FW,167.0,0.0,0.0,,5.0
Jordi Alba,Barcelona,28.0,DF,2741.0,2.0,6.0,,60.0
Paco Alcácer,Barcelona,23.0,"FW,MF",698.0,4.0,2.0,,15.0
Sergio Busquets,Barcelona,29.0,MF,2588.0,1.0,2.0,,80.0
Jasper Cillessen,Barcelona,28.0,GK,90.0,0.0,0.0,,9.0
Philippe Coutinho,Barcelona,25.0,"FW,MF",1293.0,8.0,5.0,,100.0
Ousmane Dembélé,Barcelona,20.0,"FW,MF",918.0,3.0,6.0,,80.0
Gerard Deulofeu,Barcelona,23.0,"MF,FW",502.0,1.0,1.0,,14.0
Lucas Digne,Barcelona,24.0,DF,709.0,0.0,1.0,,15.0
Franck Kessié,Milan,20.0,MF,3264.0,5.0,1.0,,30.0
Giovani Lo Celso,Paris S-G,21.0,MF,1776.0,4.0,2.0,,30.0
Javier Mascherano,Barcelona,33.0,DF,542.0,0.0,0.0,,5.0
Lionel Messi,Barcelona,30.0,"FW,MF",3002.0,34.0,12.0,,180.0
Dayot Upamecano,RB Leipzig,18.0,DF,2268.0,3.0,0.0,,30.0
Blaise Matuidi,Paris S-G,30.0,MF,28.0,0.0,0.0,,30.0
Shkodran Mustafi,Arsenal,25.0,DF,2273.0,3.0,1.0,,25.0
Sergi Roberto,Barcelona,25.0,DF,2221.0,1.0,7.0,,55.0
Nélson Semedo,Barcelona,23.0,DF,1500.0,0.0,0.0,,30.0
Denis Suárez,Barcelona,23.0,"MF,FW",602.0,2.0,2.0,,15.0
Luis Suárez,Barcelona,30.0,FW,2897.0,25.0,7.0,,70.0
Marc-André ter Stegen,Barcelona,25.0,GK,3330.0,0.0,0.0,,60.0
Mattia Caldara,Atalanta,23.0,DF,2160.0,3.0,1.0,,25.0
David Luiz,Chelsea,30.0,"DF,MF",840.0,1.0,0.0,,25.0
Aleix Vidal,Barcelona,27.0,"MF,FW",468.0,1.0,1.0,,7.5
Harry Maguire,Leicester City,24.0,DF,3420.0,2.0,4.0,,25.0
Juan Bernat,Bayern Munich,24.0,"DF,FW",888.0,0.0,2.0,,12.0
Victor Lindelöf,Manchester Utd,23.0,DF,1285.0,0.0,0.0,,25.0
Kingsley Coman,Bayern Munich,21.0,"FW,MF",1153.0,3.0,3.0,,50.0
Niklas Dorsch,Bayern Munich,19.0,MF,90.0,1.0,0.0,,0.04
Franck Evina,Bayern Munich,17.0,FW,110.0,0.0,0.0,,0.01
Matthias Ginter,M'Gladbach,23.0,DF,3060.0,5.0,2.0,,25.0
Clément Lenglet,Sevilla,22.0,DF,3000.0,3.0,1.0,,25.0
Joshua Kimmich,Bayern Munich,22.0,DF,2329.0,1.0,10.0,,55.0
Robert Lewandowski,Bayern Munich,28.0,FW,2172.0,29.0,2.0,,90.0
Medhi Benatia,Juventus,30.0,DF,1755.0,2.0,0.0,,23.0
Javi Martínez,Bayern Munich,28.0,"MF,DF",1609.0,1.0,2.0,,40.0
Thomas Müller,Bayern Munich,27.0,"FW,MF",2005.0,8.0,14.0,,60.0
Manuel Neuer,Bayern Munich,31.0,GK,270.0,0.0,0.0,,35.0
Kwasi Okyere Wriedt,Bayern Munich,23.0,MF,23.0,0.0,0.0,,0.06
Geoffrey Kondogbia,Valencia,24.0,MF,2614.0,4.0,3.0,,30.0
Franck Ribéry,Bayern Munich,34.0,"FW,MF",1203.0,5.0,1.0,,4.0
Arjen Robben,Bayern Munich,33.0,"FW,MF",1507.0,5.0,5.0,,7.0
James Rodríguez,Bayern Munich,26.0,MF,1621.0,7.0,11.0,,70.0
Sebastian Rudy,Bayern Munich,27.0,MF,1515.0,1.0,4.0,,15.0
Tom Starke,Bayern Munich,36.0,GK,180.0,0.0,0.0,,0.01
Manuel Akanji,Dortmund,22.0,DF,904.0,0.0,0.0,,22.0
Carlos Soler,Valencia,20.0,"MF,FW",2357.0,1.0,4.0,,30.0
Sven Ulreich,Bayern Munich,28.0,GK,2610.0,0.0,0.0,,6.0
Rafinha,Bayern Munich,31.0,DF,1851.0,1.0,2.0,,28.0
Sandro Wagner,Bayern Munich,29.0,FW,726.0,8.0,2.0,,12.0
Daniele Rugani,Juventus,23.0,DF,1935.0,2.0,1.0,,22.0
Samuel Armenteros,Benevento,27.0,FW,429.0,1.0,0.0,,1.5
Vid Belec,Benevento,27.0,GK,1113.0,0.0,0.0,,1.7
Joe Gomez,Liverpool,20.0,DF,1902.0,0.0,2.0,,22.0
Enrico Brignola,Benevento,18.0,"FW,MF",1347.0,3.0,2.0,,2.5
Alberto Brignoli,Benevento,25.0,GK,1126.0,1.0,0.0,,1.0
Rafinha,Inter,24.0,"MF,FW",1043.0,2.0,2.0,,28.0
Fabio Ceravolo,Benevento,30.0,FW,57.0,0.0,0.0,,2.0
Lorenzo Pellegrini,Roma,21.0,MF,1797.0,3.0,2.0,,28.0
Amato Ciciretti,Benevento,23.0,"MF,FW",807.0,2.0,1.0,,2.5
Karamoko Cissé,Benevento,28.0,"FW,DF",14.0,0.0,0.0,,0.07
Massimo Coda,Benevento,28.0,FW,1417.0,4.0,1.0,,1.4
Issa Diop,Toulouse,20.0,DF,3060.0,3.0,0.0,,22.0
Marco D'Alessandro,Benevento,26.0,"MF,FW",1043.0,1.0,1.0,,2.5
Kevin Strootman,Roma,27.0,MF,2258.0,1.0,1.0,,28.0
Gianluca Di Chiara,Benevento,23.0,DF,1007.0,0.0,0.0,,1.5
Cheick Diabaté,Benevento,29.0,"FW,MF",664.0,8.0,0.0,,4.0
Michael Keane,Everton,24.0,DF,2560.0,0.0,1.0,,20.0
Guilherme,Benevento,26.0,"MF,FW",944.0,2.0,2.0,,4.0
Bright Gyamfi,Benevento,21.0,"DF,MF",326.0,0.0,0.0,,0.04
Pietro Iemmello,Benevento,25.0,FW,880.0,2.0,1.0,,2.0
Achraf Lazaar,Benevento,25.0,"DF,MF",478.0,1.0,0.0,,1.0
Gaetano Letizia,Benevento,27.0,DF,2141.0,1.0,0.0,,1.5
Cristiano Lombardi,Benevento,21.0,"DF,MF",1112.0,0.0,2.0,,0.08
Dejan Lovren,Liverpool,28.0,DF,2127.0,2.0,1.0,,20.0
Sami Khedira,Juventus,30.0,MF,1912.0,9.0,2.0,,26.0
Vittorio Parigini,Benevento,21.0,"FW,MF",857.0,0.0,0.0,,1.1
Christian Puggioni,Benevento,36.0,GK,1179.0,0.0,0.0,,0.03
George Pușcaș,Benevento,21.0,"FW,MF",702.0,1.0,0.0,,2.8
Bacary Sagna,Benevento,34.0,DF,957.0,1.0,0.0,,0.08
Sandro,Benevento,28.0,MF,1153.0,1.0,0.0,,2.5
Phil Jones,Manchester Utd,25.0,DF,1973.0,0.0,0.0,,20.0
Lorenzo Venuti,Benevento,22.0,DF,2390.0,0.0,1.0,,1.5
Bryan Cristante,Atalanta,22.0,"MF,FW",2824.0,9.0,2.0,,25.0
Nicolò Barella,Cagliari,20.0,MF,2955.0,6.0,2.0,,25.0
Gabriel Paulista,Valencia,26.0,DF,2586.0,0.0,0.0,,20.0
Antonio Adán,Betis,30.0,GK,2700.0,0.0,0.0,,5.0
Panagiotis Retsos,Leverkusen,18.0,DF,1716.0,1.0,3.0,,18.0
Antonio Barragán,Betis,30.0,"DF,MF",2370.0,0.0,7.0,,2.5
Daley Blind,Manchester Utd,27.0,"DF,MF",362.0,0.0,0.0,,18.0
Ryad Boudebouz,Betis,27.0,"MF,FW",1364.0,2.0,3.0,,8.0
Ross Barkley,Chelsea,23.0,"MF,FW",129.0,0.0,0.0,,25.0
Joel Campbell,Betis,25.0,"MF,FW",216.0,2.0,0.0,,3.0
Rubén Castro,Betis,36.0,FW,359.0,1.0,1.0,,0.05
Riza Durmisi,Betis,23.0,"DF,MF",2080.0,2.0,2.0,,5.0
Marcos Rojo,Manchester Utd,27.0,DF,640.0,0.0,0.0,,18.0
Javi García,Betis,30.0,"MF,DF",2405.0,1.0,0.0,,4.0
Dani Giménez,Betis,34.0,GK,308.0,0.0,0.0,,0.02
Julio Gracia,Betis,19.0,"FW,MF",24.0,0.0,0.0,,0.03
João Mário,Inter,24.0,"MF,FW",554.0,0.0,1.0,,25.0
Francis Guerrero,Betis,21.0,"DF,MF",992.0,1.0,0.0,,2.5
Joaquín,Betis,36.0,"FW,MF",2476.0,4.0,7.0,,0.05
Sergio León,Betis,28.0,FW,1974.0,11.0,1.0,,5.0
Pedro López,Betis,22.0,GK,412.0,0.0,0.0,,0.025
Chris Smalling,Manchester Utd,27.0,DF,2536.0,4.0,0.0,,18.0
Loren Morón,Betis,23.0,FW,1061.0,7.0,0.0,,7.5
Matías Nahuel,Betis,20.0,"FW,MF",252.0,0.0,0.0,,1.0
Juanjo Narváez,Betis,22.0,MF,303.0,0.0,0.0,,0.05
Rafa Navarro,Betis,23.0,DF,135.0,0.0,0.0,,0.05
Aitor Ruibal,Betis,21.0,FW,10.0,0.0,0.0,,0.03
Antonio Sanabria,Betis,21.0,FW,854.0,8.0,0.0,,7.5
Cristian Tello,Betis,25.0,"FW,MF",1699.0,4.0,1.0,,6.0
Felipe Avenatti,Bologna,24.0,"FW,MF",468.0,0.0,0.0,,1.2
Lorenzo Crisetig,Bologna,24.0,MF,558.0,0.0,0.0,,1.7
Kamil Glik,Monaco,29.0,DF,3240.0,3.0,1.0,,18.0
Mattia Destro,Bologna,26.0,FW,1617.0,6.0,2.0,,6.0
Federico Di Francesco,Bologna,23.0,"FW,DF",1591.0,1.0,1.0,,3.5
Jordan Henderson,Liverpool,27.0,MF,2171.0,1.0,1.0,,25.0
Jemerson,Monaco,24.0,DF,2856.0,2.0,0.0,,18.0
Thilo Kehrer,Schalke 04,20.0,DF,2365.0,3.0,0.0,,18.0
Cheick Keita,Bologna,21.0,DF,127.0,0.0,0.0,,1.0
Emil Krafth,Bologna,22.0,DF,946.0,0.0,0.0,,1.5
Marc Bartra,Betis,26.0,DF,1419.0,1.0,0.0,,17.5
Adam Masina,Bologna,23.0,DF,2830.0,0.0,1.0,,7.0
Ibrahima Mbaye,Bologna,22.0,DF,1760.0,1.0,0.0,,3.3
Antonio Mirante,Bologna,34.0,GK,2970.0,0.0,0.0,,1.0
Ádám Nagy,Bologna,22.0,MF,711.0,1.0,0.0,,2.8
Orji Okwonkwo,Bologna,19.0,"MF,FW",265.0,3.0,0.0,,1.0
Riccardo Orsolini,Bologna,20.0,"FW,DF",341.0,0.0,1.0,,3.5
Rodrigo Palacio,Bologna,35.0,"FW,MF",2065.0,4.0,2.0,,0.07
Marcel Sabitzer,RB Leipzig,23.0,"MF,FW",1790.0,3.0,5.0,,25.0
Erick Pulgar,Bologna,23.0,MF,2770.0,3.0,0.0,,6.0
Marc Bartra,Dortmund,26.0,DF,807.0,2.0,1.0,,17.5
Antonio Santurro,Bologna,25.0,GK,90.0,0.0,0.0,,0.02
Simone Verdi,Bologna,25.0,"FW,MF",2827.0,10.0,8.0,,25.0
Diego Llorente,Real Sociedad,23.0,DF,2324.0,3.0,1.0,,17.5
Martin Braithwaite,Bordeaux,26.0,FW,916.0,4.0,1.0,,8.0
Diego Contento,Bordeaux,27.0,"DF,FW",108.0,0.0,0.0,,1.5
Benoît Costil,Bordeaux,30.0,GK,3240.0,0.0,0.0,,6.5
François Kamano,Bordeaux,21.0,"FW,MF",2015.0,8.0,4.0,,7.0
Nico Elvedi,M'Gladbach,20.0,DF,2914.0,2.0,2.0,,17.0
Gaëtan Laborde,Bordeaux,23.0,FW,957.0,3.0,0.0,,4.0
Dennis Praet,Sampdoria,23.0,MF,2657.0,1.0,3.0,,25.0
Laurent Koscielny,Arsenal,31.0,DF,2225.0,2.0,0.0,,15.0
Malcom,Bordeaux,20.0,"FW,MF",2856.0,12.0,7.0,,45.0
João Mário,West Ham,24.0,"MF,FW",1022.0,2.0,1.0,,25.0
Alexandre Mendy,Bordeaux,23.0,"FW,MF",799.0,4.0,0.0,,2.5
Otávio,Bordeaux,23.0,MF,1484.0,0.0,0.0,,6.5
Yeray Álvarez,Athletic Club,22.0,DF,675.0,0.0,0.0,,15.0
Théo Pellenard,Bordeaux,23.0,DF,1428.0,0.0,1.0,,2.0
Maxime Poundjé,Bordeaux,24.0,DF,1703.0,0.0,1.0,,4.5
Nicolas de Préville,Bordeaux,26.0,FW,1934.0,4.0,4.0,,7.0
Jérôme Prior,Bordeaux,21.0,GK,180.0,0.0,0.0,,2.5
Youssouf Sabaly,Bordeaux,24.0,DF,3092.0,0.0,5.0,,7.0
Giacomo Bonaventura,Milan,27.0,MF,2541.0,8.0,2.0,,23.0
Thomas Touré,Bordeaux,23.0,MF,8.0,0.0,0.0,,1.5
Matías Vecino,Inter,25.0,MF,2137.0,3.0,2.0,,21.0
Unai Núñez,Athletic Club,20.0,DF,2850.0,1.0,0.0,,15.0
Jack Wilshere,Arsenal,25.0,MF,1193.0,1.0,3.0,,20.0
Benik Afobe,Bournemouth,24.0,"FW,MF",611.0,0.0,0.0,,10.0
Nathan Aké,Bournemouth,22.0,DF,3353.0,2.0,3.0,,15.0
Lewis Cook,Bournemouth,20.0,MF,2237.0,0.0,2.0,,20.0
Danny Drinkwater,Chelsea,27.0,MF,527.0,1.0,0.0,,20.0
James Tarkowski,Burnley,24.0,DF,2790.0,0.0,0.0,,15.0
Charlie Daniels,Bournemouth,30.0,"DF,MF",3002.0,1.0,3.0,,3.5
Jermain Defoe,Bournemouth,34.0,FW,1088.0,4.0,1.0,,2.5
Simon Francis,Bournemouth,32.0,DF,2705.0,0.0,1.0,,2.5
Ryan Fraser,Bournemouth,23.0,"MF,DF",2004.0,5.0,3.0,,6.0
Roberto Gagliardini,Inter,23.0,MF,1988.0,0.0,0.0,,20.0
Adrien Silva,Leicester City,28.0,"MF,FW",761.0,0.0,1.0,,20.0
Jordon Ibe,Bournemouth,21.0,"MF,FW",1995.0,2.0,6.0,,9.0
Joshua King,Bournemouth,25.0,"FW,MF",2453.0,8.0,3.0,,10.0
Gary Cahill,Chelsea,31.0,DF,2086.0,0.0,0.0,,15.0
Lys Mousset,Bournemouth,21.0,"FW,MF",596.0,2.0,0.0,,4.0
Marc Pugh,Bournemouth,30.0,"MF,FW",985.0,0.0,0.0,,1.5
Adam Smith,Bournemouth,26.0,"DF,MF",2071.0,1.0,3.0,,5.0
Junior Stanislas,Bournemouth,27.0,"MF,FW",1286.0,5.0,2.0,,4.5
Youri Tielemans,Monaco,20.0,MF,1568.0,0.0,1.0,,20.0
Callum Wilson,Bournemouth,25.0,FW,1981.0,8.0,2.0,,10.0
Sam Baldock,Brighton,28.0,"FW,MF",32.0,0.0,0.0,,3.0
Gaëtan Bong,Brighton,29.0,DF,2236.0,0.0,0.0,,1.5
Izzy Brown,Brighton,20.0,"MF,FW",311.0,0.0,0.0,,5.0
Bruno,Brighton,36.0,DF,2016.0,0.0,0.0,,0.075
Mamadou Sakho,Crystal Palace,27.0,DF,1600.0,1.0,2.0,,15.0
Eliaquim Mangala,Everton,26.0,DF,134.0,0.0,0.0,,15.0
Djené,Getafe,25.0,DF,3238.0,1.0,0.0,,15.0
Renato Sanches,Swansea City,19.0,MF,702.0,0.0,0.0,,20.0
Tomer Hemed,Brighton,30.0,FW,849.0,2.0,2.0,,2.5
Niklas Stark,Hertha BSC,22.0,"DF,MF",2210.0,1.0,1.0,,15.0
José Izquierdo,Brighton,25.0,"MF,FW",1984.0,5.0,3.0,,14.0
Manu Trigueros,Villarreal,25.0,MF,2690.0,3.0,4.0,,20.0
Anthony Knockaert,Brighton,25.0,"MF,FW",2421.0,3.0,1.0,,8.0
Jürgen Locadia,Brighton,23.0,"FW,MF",224.0,1.0,1.0,,15.0
Solly March,Brighton,23.0,"MF,FW",1851.0,1.0,1.0,,5.0
Jamie Murphy,Brighton,27.0,MF,168.0,0.0,0.0,,1.75
Glenn Murray,Brighton,33.0,FW,2192.0,12.0,0.0,,3.0
Mahmoud Dahoud,Dortmund,21.0,MF,1146.0,0.0,4.0,,18.0
Liam Rosenior,Brighton,33.0,DF,164.0,0.0,0.0,,1.0
Mathew Ryan,Brighton,25.0,GK,3420.0,0.0,0.0,,8.0
Ezequiel Schelotto,Brighton,28.0,DF,1318.0,0.0,0.0,,4.5
Jordan Veretout,Fiorentina,24.0,MF,3209.0,8.0,1.0,,18.0
Markus Suttner,Brighton,30.0,DF,1179.0,0.0,0.0,,2.5
Leonardo Ulloa,Brighton,31.0,FW,267.0,1.0,0.0,,5.0
Kevin Kampl,Leverkusen,26.0,MF,30.0,0.0,0.0,,18.0
Phil Bardsley,Burnley,32.0,DF,1125.0,0.0,0.0,,1.5
Ashley Barnes,Burnley,27.0,FW,2165.0,9.0,0.0,,8.0
Robbie Brady,Burnley,25.0,"MF,FW",1277.0,1.0,2.0,,10.0
Jack Cork,Burnley,28.0,MF,3420.0,2.0,1.0,,15.0
Morgan Sanson,Marseille,22.0,MF,2165.0,9.0,2.0,,18.0
Tom Heaton,Burnley,31.0,GK,305.0,0.0,0.0,,4.0
Kevin Kampl,RB Leipzig,26.0,MF,2019.0,1.0,3.0,,18.0
Aaron Lennon,Burnley,30.0,"MF,FW",1118.0,0.0,2.0,,5.0
Sven Bender,Leverkusen,28.0,DF,2345.0,2.0,0.0,,15.0
Matthew Lowton,Burnley,28.0,DF,2295.0,0.0,3.0,,5.0
Eliaquim Mangala,Manchester City,26.0,DF,488.0,0.0,0.0,,15.0
Nabil Bentaleb,Schalke 04,22.0,MF,1011.0,4.0,3.0,,18.0
Nick Pope,Burnley,25.0,GK,3115.0,0.0,0.0,,10.0
Jamaal Lascelles,Newcastle Utd,23.0,DF,2928.0,3.0,0.0,,15.0
Charlie Taylor,Burnley,23.0,DF,950.0,0.0,0.0,,5.0
Sam Vokes,Burnley,27.0,FW,998.0,4.0,1.0,,6.0
Jonathan Walters,Burnley,33.0,FW,39.0,0.0,0.0,,2.0
Stephen Ward,Burnley,31.0,DF,2460.0,1.0,1.0,,3.0
Nahki Wells,Burnley,27.0,FW,55.0,0.0,0.0,,4.5
Ashley Westwood,Burnley,27.0,MF,1111.0,0.0,1.0,,4.0
Chris Wood,Burnley,25.0,FW,1624.0,10.0,1.0,,18.0
Enzo Crivelli,Caen,22.0,FW,726.0,2.0,1.0,,4.0
Malang Sarr,Nice,18.0,DF,1322.0,0.0,0.0,,15.0
James Ward-Prowse,Southampton,22.0,"FW,MF",1716.0,3.0,3.0,,18.0
Joe Allen,Stoke City,27.0,MF,3139.0,2.0,6.0,,18.0
Willi Orban,RB Leipzig,24.0,DF,2126.0,3.0,0.0,,15.0
Joris Gnagnon,Rennes,20.0,DF,2918.0,2.0,2.0,,15.0
Wesley Hoedt,Southampton,23.0,DF,2520.0,0.0,1.0,,15.0
Damir Ceter,Cagliari,19.0,"FW,MF",199.0,0.0,0.0,,1.0
Luca Cigarini,Cagliari,31.0,MF,2024.0,2.0,3.0,,1.5
Andrea Cossu,Cagliari,37.0,"MF,FW",243.0,0.0,1.0,,0.01
Alessio Cragno,Cagliari,23.0,GK,2536.0,0.0,0.0,,9.0
Luca Crosta,Cagliari,19.0,GK,90.0,0.0,0.0,,0.02
Mousa Dembélé,Tottenham,30.0,MF,1879.0,0.0,0.0,,18.0
Gregory van der Wiel,Cagliari,29.0,DF,288.0,0.0,0.0,,1.0
Moussa Sissoko,Tottenham,27.0,"MF,FW",1386.0,1.0,1.0,,18.0
Paolo Faragò,Cagliari,24.0,"DF,MF",2457.0,2.0,4.0,,6.0
Diego Farias,Cagliari,27.0,"FW,MF",1609.0,1.0,4.0,,3.3
Niccolò Giannetti,Cagliari,26.0,"FW,MF",293.0,0.0,0.0,,1.0
Senna Miangue,Cagliari,20.0,"MF,DF",805.0,0.0,1.0,,1.5
Simone Padoin,Cagliari,33.0,"DF,MF",3103.0,1.0,0.0,,0.05
Leonardo Pavoletti,Cagliari,28.0,FW,2719.0,11.0,0.0,,9.0
João Pedro,Cagliari,25.0,"MF,FW",1656.0,5.0,2.0,,5.0
Kurt Zouma,Stoke City,22.0,DF,2888.0,1.0,0.0,,15.0
Rafael,Cagliari,35.0,GK,794.0,0.0,0.0,,0.08
Alfie Mawson,Swansea City,23.0,DF,3420.0,2.0,1.0,,15.0
Marco Sau,Cagliari,29.0,"FW,MF",1311.0,2.0,0.0,,2.0
Sergio Álvarez,Celta Vigo,30.0,GK,1479.0,0.0,0.0,,2.0
Iago Aspas,Celta Vigo,29.0,FW,2933.0,22.0,5.0,,25.0
Rubén Blanco,Celta Vigo,22.0,GK,1941.0,0.0,0.0,,3.0
Lucas Boyé,Celta Vigo,21.0,"FW,MF",287.0,0.0,0.0,,1.5
Jeison Murillo,Valencia,25.0,DF,1374.0,0.0,0.0,,15.0
Jonny Evans,West Brom,29.0,DF,2270.0,2.0,2.0,,15.0
Maxi Gómez,Celta Vigo,20.0,FW,3056.0,17.0,4.0,,25.0
Calum Chambers,Arsenal,22.0,DF,866.0,0.0,0.0,,14.0
John Guidetti,Celta Vigo,25.0,FW,119.0,0.0,0.0,,5.0
André Gomes,Barcelona,24.0,"MF,FW",640.0,0.0,0.0,,15.0
Andrew Hjulsager,Celta Vigo,22.0,"DF,MF",15.0,0.0,0.0,,0.08
Stanislav Lobotka,Celta Vigo,22.0,MF,3062.0,0.0,0.0,,15.0
Hugo Mallo,Celta Vigo,26.0,DF,2998.0,0.0,5.0,,12.0
Brais Méndez,Celta Vigo,20.0,"MF,FW",951.0,1.0,2.0,,3.5
Emre Mor,Celta Vigo,20.0,"FW,MF",679.0,1.0,1.0,,3.0
Nemanja Radoja,Celta Vigo,24.0,MF,1111.0,0.0,0.0,,6.0
Facundo Roncaglia,Celta Vigo,30.0,DF,1511.0,0.0,0.0,,3.0
Pione Sisto,Celta Vigo,22.0,"FW,MF",2500.0,5.0,7.0,,15.0
Daniel Wass,Celta Vigo,28.0,"MF,FW",2920.0,4.0,8.0,,15.0
Marcos Alonso,Chelsea,26.0,"DF,MF",2855.0,7.0,2.0,,40.0
Jannik Vestergaard,M'Gladbach,24.0,DF,2880.0,3.0,0.0,,14.0
César Azpilicueta,Chelsea,27.0,DF,3330.0,2.0,6.0,,40.0
Tiemoué Bakayoko,Chelsea,22.0,MF,2126.0,2.0,2.0,,40.0
Davy Pröpper,Brighton,25.0,MF,3119.0,0.0,4.0,,15.0
Michy Batshuayi,Chelsea,23.0,FW,360.0,2.0,1.0,,40.0
Willy Caballero,Chelsea,35.0,GK,270.0,0.0,0.0,,1.0
Germán Pezzella,Fiorentina,26.0,DF,2979.0,1.0,0.0,,13.0
Federico Fazio,Roma,30.0,DF,2922.0,2.0,1.0,,13.0
Thibaut Courtois,Chelsea,25.0,GK,3150.0,0.0,0.0,,60.0
Ruben Loftus-Cheek,Crystal Palace,21.0,"MF,FW",1874.0,2.0,3.0,,15.0
Tom Davies,Everton,19.0,MF,1900.0,2.0,1.0,,15.0
Olivier Giroud,Chelsea,30.0,FW,613.0,3.0,1.0,,18.0
Eden Hazard,Chelsea,26.0,"FW,MF",2422.0,12.0,4.0,,110.0
Davy Klaassen,Everton,24.0,"MF,FW",251.0,0.0,0.0,,15.0
Juan Jesus,Roma,26.0,DF,1658.0,0.0,0.0,,13.0
Álvaro Morata,Chelsea,24.0,FW,2061.0,11.0,6.0,,65.0
Victor Moses,Chelsea,26.0,"DF,MF",2110.0,3.0,3.0,,20.0
Charly Musonda Jr.,Chelsea,20.0,FW,37.0,0.0,0.0,,5.0
Pedro,Chelsea,30.0,"FW,MF",1523.0,4.0,2.0,,25.0
Mateo Musacchio,Milan,26.0,DF,1202.0,0.0,1.0,,12.5
Willian,Chelsea,28.0,"FW,MF",1890.0,6.0,7.0,,32.0
Davide Zappacosta,Chelsea,25.0,"DF,MF",1098.0,1.0,1.0,,20.0
Shane Duffy,Brighton,25.0,DF,3292.0,0.0,1.0,,12.0
Rodrigo Bentancur,Juventus,20.0,MF,581.0,0.0,0.0,,15.0
Valter Birsa,Chievo,30.0,"MF,FW",2504.0,3.0,6.0,,4.0
Fabrizio Cacciatore,Chievo,30.0,DF,2871.0,2.0,2.0,,1.2
James Milner,Liverpool,31.0,MF,1775.0,0.0,3.0,,15.0
Ömer Toprak,Dortmund,28.0,DF,2020.0,0.0,1.0,,12.0
Fabio Depaoli,Chievo,20.0,"MF,DF",1192.0,0.0,0.0,,1.8
Kevin Vogt,Hoffenheim,25.0,DF,2790.0,0.0,1.0,,12.0
Luca Garritano,Chievo,23.0,"MF,FW",189.0,0.0,0.0,,1.0
Fabian Delph,Manchester City,27.0,DF,1741.0,1.0,2.0,,15.0
Emanuele Giaccherini,Chievo,32.0,"MF,FW",903.0,3.0,2.0,,1.0
Massimo Gobbi,Chievo,36.0,DF,2048.0,0.0,2.0,,0.03
Roberto Inglese,Chievo,25.0,FW,2782.0,12.0,1.0,,10.0
Jonjo Shelvey,Newcastle Utd,25.0,MF,2270.0,1.0,3.0,,15.0
Riccardo Meggiorini,Chievo,31.0,FW,786.0,0.0,0.0,,0.06
Sergio Pellissier,Chievo,38.0,FW,560.0,1.0,0.0,,0.02
Manuel Pucciarelli,Chievo,26.0,FW,1380.0,2.0,0.0,,2.5
Karol Linetty,Sampdoria,22.0,MF,2139.0,3.0,1.0,,15.0
Stefano Sorrentino,Chievo,38.0,GK,3420.0,0.0,0.0,,0.08
Abdou Diallo,Mainz 05,21.0,DF,2415.0,2.0,1.0,,12.0
Lukas Klostermann,RB Leipzig,21.0,DF,2190.0,1.0,0.0,,12.0
Andrea Barberis,Crotone,23.0,MF,3029.0,2.0,1.0,,2.0
Badou Ndiaye,Stoke City,26.0,MF,1138.0,2.0,1.0,,15.0
Ante Budimir,Crotone,26.0,FW,1588.0,6.0,0.0,,1.5
Jesús Vallejo,Real Madrid,20.0,DF,630.0,0.0,0.0,,12.0
Ezequiel Garay,Valencia,30.0,DF,2026.0,0.0,0.0,,12.0
Víctor Ruiz,Villarreal,28.0,DF,2416.0,2.0,0.0,,12.0
Alex Cordaz,Crotone,34.0,GK,3420.0,0.0,0.0,,1.0
Jakub Jankto,Udinese,21.0,"MF,FW",2654.0,4.0,4.0,,15.0
Moussa Diaby,Crotone,18.0,MF,69.0,0.0,0.0,,0.05
Rafael Tolói,Atalanta,26.0,DF,2445.0,1.0,2.0,,11.0
Davide Faraoni,Crotone,25.0,DF,1754.0,2.0,4.0,,1.0
Oliver Kragl,Crotone,27.0,MF,99.0,0.0,0.0,,1.3
Rolando Mandragora,Crotone,20.0,MF,3240.0,2.0,0.0,,10.0
Bruno Martella,Crotone,24.0,DF,2616.0,1.0,3.0,,2.2
Andrea Nalini,Crotone,27.0,"FW,MF",1638.0,0.0,2.0,,1.0
Federico Ricci,Crotone,23.0,"FW,MF",921.0,1.0,1.0,,2.7
Abdoulaye Doucouré,Watford,24.0,MF,3324.0,7.0,3.0,,15.0
Aristóteles Romero,Crotone,21.0,MF,86.0,0.0,0.0,,0.08
Mario Sampirisi,Crotone,24.0,DF,2194.0,0.0,0.0,,0.09
Adrian Stoian,Crotone,26.0,"MF,FW",2133.0,2.0,4.0,,1.8
Aleksandar Tonev,Crotone,27.0,"FW,MF",401.0,0.0,0.0,,0.07
Marcello Trotta,Crotone,24.0,FW,2258.0,7.0,2.0,,3.5
Marco Tumminello,Crotone,18.0,FW,203.0,3.0,1.0,,1.0
Remo Freuler,Atalanta,25.0,MF,3006.0,5.0,2.0,,14.0
Patrick van Aanholt,Crystal Palace,26.0,DF,2184.0,5.0,1.0,,9.0
Christian Benteke,Crystal Palace,26.0,FW,2240.0,3.0,5.0,,22.0
Marco Benassi,Fiorentina,22.0,"MF,FW",2782.0,5.0,3.0,,13.0
Martin Hinteregger,Augsburg,24.0,DF,2655.0,0.0,0.0,,10.0
Lewis Dunk,Brighton,25.0,DF,3420.0,1.0,1.0,,10.0
Timothy Fosu-Mensah,Crystal Palace,19.0,DF,1596.0,0.0,0.0,,7.0
Wayne Hennessey,Crystal Palace,30.0,GK,2430.0,0.0,0.0,,4.0
Sullay Kaikai,Crystal Palace,21.0,MF,14.0,0.0,0.0,,0.05
Martin Kelly,Crystal Palace,27.0,DF,1195.0,0.0,0.0,,3.0
Freddie Ladapo,Crystal Palace,24.0,FW,17.0,0.0,0.0,,0.025
Kerem Demirbay,Hoffenheim,24.0,MF,1211.0,2.0,2.0,,12.0
Marouane Fellaini,Manchester Utd,29.0,MF,683.0,4.0,0.0,,12.0
Jason Puncheon,Crystal Palace,31.0,"MF,FW",645.0,0.0,0.0,,5.0
Ben Mee,Burnley,27.0,DF,2610.0,0.0,0.0,,10.0
Bakary Sako,Crystal Palace,29.0,"FW,MF",478.0,3.0,0.0,,5.0
Jeffrey Schlupp,Crystal Palace,24.0,"DF,MF",1745.0,0.0,1.0,,9.0
Pape Souaré,Crystal Palace,27.0,DF,9.0,0.0,0.0,,3.5
Julián Speroni,Crystal Palace,38.0,GK,990.0,0.0,0.0,,0.025
Ramiro Funes Mori,Everton,26.0,"DF,MF",121.0,0.0,0.0,,10.0
Andros Townsend,Crystal Palace,26.0,"FW,MF",3120.0,2.0,7.0,,15.0
Aaron Wan-Bissaka,Crystal Palace,19.0,DF,627.0,0.0,0.0,,1.0
Joel Ward,Crystal Palace,27.0,DF,1613.0,0.0,1.0,,5.0
Wilfried Zaha,Crystal Palace,24.0,FW,2549.0,9.0,3.0,,30.0
Dani Ceballos,Real Madrid,20.0,"MF,FW",404.0,2.0,0.0,,12.0
Benjamin Bourigeaud,Rennes,23.0,"MF,FW",3102.0,10.0,7.0,,12.0
Dylan Bahamboula,Dijon,22.0,"FW,MF",30.0,0.0,0.0,,0.06
Éver Banega,Sevilla,29.0,MF,2399.0,3.0,3.0,,12.0
Arnold Bouka Moutou,Dijon,28.0,DF,336.0,0.0,0.0,,0.08
Fouad Chafik,Dijon,30.0,DF,1612.0,0.0,2.0,,1.5
Karim Rekik,Hertha BSC,22.0,DF,2302.0,2.0,2.0,,10.0
Oussama Haddadi,Dijon,25.0,DF,2504.0,1.0,1.0,,3.0
Benjamin Jeannot,Dijon,25.0,"FW,MF",1405.0,4.0,1.0,,2.5
Terence Kongolo,Huddersfield,23.0,DF,1049.0,0.0,0.0,,10.0
Giorgio Chiellini,Juventus,32.0,DF,2161.0,0.0,1.0,,10.0
Thomas Delaney,Werder Bremen,25.0,MF,2796.0,3.0,4.0,,12.0
Sergi Darder,Espanyol,23.0,MF,2778.0,1.0,2.0,,11.0
Eden Massouema,Dijon,20.0,MF,189.0,0.0,0.0,,0.015
Baptiste Reynet,Dijon,26.0,GK,3420.0,0.0,0.0,,5.0
Valentin Rosier,Dijon,20.0,DF,2781.0,0.0,3.0,,4.5
Vincent Rüfli,Dijon,29.0,"MF,FW",25.0,0.0,0.0,,0.09
Wesley Saïd,Dijon,22.0,"FW,MF",1839.0,9.0,1.0,,6.0
Frédéric Sammaritano,Dijon,31.0,"FW,MF",1429.0,0.0,3.0,,1.0
Naïm Sliti,Dijon,25.0,"FW,MF",2291.0,7.0,6.0,,7.0
Mouctar Diakhaby,Lyon,20.0,DF,728.0,1.0,0.0,,10.0
Sergi Darder,Lyon,23.0,MF,210.0,0.0,0.0,,11.0
Vincent Kompany,Manchester City,31.0,DF,1394.0,1.0,1.0,,10.0
Pierre-Emerick Aubameyang,Dortmund,28.0,FW,1416.0,13.0,3.0,,75.0
Terence Kongolo,Monaco,23.0,DF,256.0,0.0,0.0,,10.0
Michy Batshuayi,Dortmund,23.0,FW,839.0,7.0,1.0,,40.0
Jacob Bruun Larsen,Dortmund,18.0,DF,7.0,0.0,0.0,,0.05
Roman Bürki,Dortmund,26.0,GK,2969.0,0.0,0.0,,7.0
Andrés Iniesta,Barcelona,33.0,"MF,FW",1862.0,1.0,2.0,,10.0
Godfred Donsah,Bologna,21.0,MF,1794.0,2.0,1.0,,10.0
Sergio Gómez,Dortmund,16.0,MF,9.0,0.0,0.0,,2.0
Mario Götze,Dortmund,25.0,MF,1601.0,2.0,3.0,,18.0
Raphaël Guerreiro,Dortmund,23.0,"DF,MF",547.0,1.0,1.0,,18.0
Alexander Isak,Dortmund,17.0,"FW,MF",119.0,0.0,0.0,,6.0
Shinji Kagawa,Dortmund,28.0,MF,1166.0,5.0,2.0,,13.0
Felix Passlack,Dortmund,19.0,DF,13.0,0.0,0.0,,1.5
Maximilian Philipp,Dortmund,23.0,"FW,MF",1203.0,9.0,1.0,,20.0
Christian Pulisic,Dortmund,18.0,FW,2302.0,4.0,5.0,,45.0
Marco Reus,Dortmund,28.0,"MF,FW",928.0,7.0,0.0,,35.0
Jadon Sancho,Dortmund,17.0,FW,690.0,1.0,4.0,,15.0
Marcel Schmelzer,Dortmund,29.0,DF,1491.0,0.0,0.0,,5.0
André Schürrle,Dortmund,26.0,FW,1236.0,1.0,6.0,,15.0
Jeremy Toljan,Dortmund,22.0,DF,1211.0,1.0,2.0,,5.0
Diego Carlos,Nantes,24.0,DF,2292.0,1.0,0.0,,10.0
Julian Weigl,Dortmund,21.0,MF,1944.0,1.0,0.0,,30.0
Andriy Yarmolenko,Dortmund,27.0,"FW,MF",1039.0,3.0,3.0,,23.0
Thiago Silva,Paris S-G,32.0,DF,2115.0,1.0,1.0,,10.0
Iván Alejo,Eibar,22.0,"FW,MF",1127.0,1.0,3.0,,2.0
José Ángel,Eibar,27.0,DF,2423.0,0.0,7.0,,2.5
Gian Marco Ferrari,Sampdoria,25.0,DF,2645.0,2.0,0.0,,10.0
Bebé,Eibar,27.0,"MF,FW",365.0,0.0,1.0,,1.0
Ander Capa,Eibar,25.0,DF,2256.0,0.0,1.0,,3.0
Charles,Eibar,33.0,FW,1578.0,8.0,1.0,,1.5
Sergi Enrich,Eibar,27.0,FW,1332.0,3.0,1.0,,3.0
Pascal Groß,Brighton,26.0,"MF,FW",2928.0,7.0,8.0,,10.0
Jeff Hendrick,Burnley,25.0,"MF,FW",2331.0,2.0,2.0,,10.0
Takashi Inui,Eibar,29.0,"MF,FW",2622.0,5.0,3.0,,5.0
Yohan Cabaye,Crystal Palace,31.0,MF,2376.0,0.0,1.0,,10.0
David Juncà,Eibar,23.0,DF,900.0,0.0,3.0,,1.5
Pedro León,Eibar,30.0,"FW,MF",930.0,0.0,4.0,,2.0
Francesco Acerbi,Sassuolo,29.0,DF,3420.0,0.0,0.0,,10.0
Bruno Martins Indi,Stoke City,25.0,DF,1243.0,0.0,0.0,,10.0
Fabián Orellana,Eibar,31.0,"MF,FW",1178.0,3.0,2.0,,2.0
Rubén Peña,Eibar,26.0,"DF,FW",1733.0,1.0,1.0,,2.0
Ryan Shawcross,Stoke City,29.0,DF,2371.0,1.0,1.0,,10.0
Asier Riesgo,Eibar,33.0,GK,90.0,0.0,0.0,,0.04
Florian Grillitsch,Hoffenheim,21.0,MF,1888.0,1.0,2.0,,10.0
Kevin Wimmer,Stoke City,24.0,DF,1323.0,0.0,0.0,,10.0
Aymen Barkok,Eint Frankfurt,19.0,"MF,FW",314.0,0.0,1.0,,2.0
Danny Blum,Eint Frankfurt,26.0,"FW,DF",29.0,1.0,0.0,,0.075
Kevin-Prince Boateng,Eint Frankfurt,30.0,"MF,FW",2357.0,6.0,1.0,,7.0
Timothy Chandler,Eint Frankfurt,27.0,"DF,MF",1892.0,2.0,4.0,,5.0
Danny da Costa,Eint Frankfurt,24.0,DF,1202.0,1.0,2.0,,3.5
Marco Fabián,Eint Frankfurt,28.0,"FW,MF",422.0,1.0,0.0,,4.5
Yerry Mina,Barcelona,22.0,DF,372.0,0.0,0.0,,9.0
Gelson Fernandes,Eint Frankfurt,30.0,MF,1036.0,0.0,0.0,,1.5
Aaron Mooy,Huddersfield,26.0,MF,3067.0,4.0,3.0,,10.0
Sébastien Haller,Eint Frankfurt,23.0,FW,2347.0,9.0,4.0,,12.0
Makoto Hasebe,Eint Frankfurt,33.0,"DF,MF",2090.0,0.0,0.0,,1.0
Branimir Hrgota,Eint Frankfurt,24.0,"FW,MF",196.0,0.0,0.0,,1.0
Daichi Kamada,Eint Frankfurt,20.0,"FW,MF",144.0,0.0,0.0,,1.0
Omar Mascarell,Eint Frankfurt,24.0,MF,771.0,1.0,0.0,,8.0
Alexander Meier,Eint Frankfurt,34.0,FW,4.0,1.0,0.0,,0.075
Aïssa Mandi,Betis,25.0,DF,3024.0,1.0,0.0,,9.0
Benedikt Höwedes,Juventus,29.0,DF,247.0,1.0,0.0,,9.0
Vicente Iborra,Leicester City,29.0,MF,1410.0,3.0,0.0,,10.0
Taleb Tawatha,Eint Frankfurt,25.0,"DF,MF",441.0,0.0,1.0,,1.5
Jetro Willems,Eint Frankfurt,23.0,"DF,MF",1664.0,0.0,2.0,,7.0
Marius Wolf,Eint Frankfurt,22.0,"MF,DF",2363.0,5.0,8.0,,10.0
Charles Aránguiz,Leverkusen,28.0,MF,2302.0,1.0,3.0,,10.0
Benjamin Stambouli,Schalke 04,26.0,"DF,MF",2197.0,0.0,2.0,,9.0
Javi Fuego,Espanyol,33.0,MF,1336.0,0.0,0.0,,1.0
Sergio García,Espanyol,34.0,"FW,MF",1647.0,2.0,5.0,,1.5
João Moutinho,Monaco,30.0,MF,2802.0,1.0,4.0,,10.0
Álvaro González,Villarreal,27.0,DF,2899.0,0.0,2.0,,9.0
David López,Espanyol,27.0,"DF,MF",3330.0,1.0,0.0,,8.0
Diego López,Espanyol,35.0,GK,942.0,0.0,0.0,,0.05
Javi López,Espanyol,31.0,DF,965.0,0.0,0.0,,1.0
Pau López,Espanyol,22.0,GK,2478.0,0.0,0.0,,5.0
José Manuel Jurado,Espanyol,31.0,"MF,FW",1499.0,0.0,3.0,,2.5
Aarón Martín,Espanyol,20.0,DF,2816.0,0.0,0.0,,12.0
Óscar Melendo,Espanyol,19.0,"MF,FW",693.0,0.0,1.0,,1.0
Gerard Moreno,Espanyol,25.0,FW,3411.0,16.0,1.0,,20.0
Angelo Ogbonna,West Ham,29.0,DF,2880.0,1.0,0.0,,9.0
Marc Navarro,Espanyol,22.0,DF,1110.0,1.0,1.0,,2.0
Hernán Pérez,Espanyol,28.0,MF,141.0,0.0,0.0,,1.2
Pablo Piatti,Espanyol,28.0,"MF,FW",1733.0,2.0,4.0,,6.0
Marc Roca,Espanyol,20.0,MF,269.0,0.0,0.0,,0.08
Carlos Sánchez,Espanyol,31.0,MF,1122.0,0.0,0.0,,2.0
Armando Izzo,Genoa,25.0,DF,1387.0,1.0,0.0,,8.5
Mikel Merino,Newcastle Utd,21.0,MF,1347.0,1.0,1.0,,10.0
Dídac Vilà,Espanyol,28.0,"DF,MF",735.0,0.0,0.0,,1.0
Leighton Baines,Everton,32.0,DF,1909.0,2.0,3.0,,8.0
Wylan Cyprien,Nice,22.0,MF,949.0,2.0,1.0,,10.0
Yannick Bolasie,Everton,28.0,"FW,MF",851.0,1.0,0.0,,18.0
Dominic Calvert-Lewin,Everton,20.0,"FW,MF",1882.0,4.0,6.0,,15.0
Benjamin André,Rennes,26.0,MF,3012.0,3.0,2.0,,10.0
Jeffrey Gouweleeuw,Augsburg,26.0,DF,2385.0,0.0,0.0,,8.0
Sergi Gómez,Celta Vigo,25.0,DF,2680.0,1.0,0.0,,8.0
James Tomkins,Crystal Palace,28.0,DF,2387.0,3.0,0.0,,8.0
Kevin Akpoguma,Hoffenheim,22.0,DF,1690.0,0.0,1.0,,8.0
Jonjoe Kenny,Everton,20.0,DF,1590.0,0.0,1.0,,5.0
Gerson,Roma,20.0,"MF,FW",909.0,2.0,1.0,,10.0
Aaron Lennon,Everton,30.0,"FW,MF",793.0,0.0,0.0,,5.0
Ademola Lookman,Everton,19.0,"MF,FW",159.0,0.0,0.0,,12.0
Benjamin Hübner,Hoffenheim,28.0,DF,2315.0,3.0,2.0,,8.0
Cuco Martina,Everton,27.0,DF,1830.0,0.0,2.0,,2.5
Alfred Duncan,Sassuolo,24.0,MF,1947.0,0.0,2.0,,10.0
Kevin Mirallas,Everton,29.0,"FW,MF",138.0,0.0,0.0,,7.0
Oumar Niasse,Everton,27.0,FW,1087.0,8.0,2.0,,8.0
Jordan Pickford,Everton,23.0,GK,3420.0,0.0,0.0,,30.0
Sandro Ramírez,Everton,22.0,"FW,MF",278.0,0.0,0.0,,10.0
Wayne Rooney,Everton,31.0,"MF,FW",2268.0,10.0,2.0,,10.0
Morgan Schneiderlin,Everton,27.0,MF,2130.0,0.0,0.0,,20.0
Cenk Tosun,Everton,26.0,FW,986.0,5.0,0.0,,23.0
Theo Walcott,Everton,28.0,"FW,MF",1152.0,3.0,3.0,,20.0
Miranda,Inter,32.0,DF,2726.0,0.0,0.0,,8.0
Khouma Babacar,Fiorentina,24.0,"FW,MF",448.0,4.0,1.0,,8.0
Milan Badelj,Fiorentina,28.0,MF,2351.0,2.0,1.0,,15.0
Daniele Baselli,Torino,25.0,MF,2521.0,4.0,0.0,,10.0
Cristiano Biraghi,Fiorentina,24.0,DF,2980.0,1.0,4.0,,5.0
Federico Chiesa,Fiorentina,19.0,"FW,MF",3012.0,6.0,4.0,,45.0
Will Hughes,Watford,22.0,"MF,FW",990.0,2.0,3.0,,10.0
Maximilian Eggestein,Werder Bremen,20.0,MF,2692.0,2.0,3.0,,10.0
Valentin Eysseric,Fiorentina,25.0,"FW,MF",706.0,1.0,1.0,,5.0
Diego Falcinelli,Fiorentina,26.0,"FW,MF",440.0,0.0,0.0,,3.8
Bruno Gaspar,Fiorentina,24.0,DF,781.0,0.0,2.0,,3.0
Luiz Felipe,Lazio,20.0,DF,1168.0,0.0,1.0,,8.0
Vincent Laurini,Fiorentina,28.0,DF,1608.0,0.0,1.0,,2.0
Simone Lo Faso,Fiorentina,19.0,FW,36.0,0.0,0.0,,1.0
Maximiliano Olivera,Fiorentina,25.0,DF,412.0,0.0,0.0,,1.0
Raúl Albiol,Napoli,31.0,DF,2742.0,3.0,1.0,,8.0
Carlos Sánchez,Fiorentina,31.0,"MF,FW",368.0,1.0,0.0,,2.0
Riccardo Saponara,Fiorentina,25.0,"MF,FW",900.0,0.0,4.0,,9.0
Giovanni Simeone,Fiorentina,22.0,FW,2998.0,14.0,4.0,,25.0
Marco Sportiello,Fiorentina,25.0,GK,3202.0,0.0,0.0,,6.0
Cyril Théréau,Fiorentina,34.0,"FW,MF",1112.0,5.0,2.0,,1.0
Florian Lejeune,Newcastle Utd,26.0,DF,2103.0,0.0,2.0,,8.0
Maximilian Arnold,Wolfsburg,23.0,MF,2454.0,2.0,0.0,,10.0
Rafik Zekhnini,Fiorentina,19.0,MF,11.0,0.0,0.0,,1.0
Amir Abrashi,Freiburg,27.0,MF,850.0,0.0,0.0,,2.0
Onur Bulut,Freiburg,23.0,MF,39.0,0.0,0.0,,0.08
Mohamed Dräger,Freiburg,21.0,"MF,FW",52.0,0.0,0.0,,0.02
Seko Fofana,Udinese,22.0,MF,1868.0,3.0,0.0,,9.5
Karim Guédé,Freiburg,32.0,FW,60.0,0.0,0.0,,0.02
Ibrahima Konaté,RB Leipzig,18.0,DF,1228.0,0.0,0.0,,8.0
Christian Günter,Freiburg,24.0,"DF,MF",3060.0,1.0,4.0,,5.0
Valentin Rongier,Nantes,22.0,"MF,FW",2350.0,1.0,1.0,,9.0
Nicolas Höfler,Freiburg,27.0,MF,2259.0,1.0,3.0,,4.0
Lucas Höler,Freiburg,23.0,"MF,FW",906.0,1.0,0.0,,2.0
Bartosz Kapustka,Freiburg,20.0,"FW,MF",235.0,1.0,0.0,,3.0
Florian Kath,Freiburg,22.0,"FW,MF",674.0,1.0,0.0,,0.05
Ryan Kent,Freiburg,20.0,"FW,MF",245.0,0.0,0.0,,1.5
Tim Kleindienst,Freiburg,21.0,FW,1138.0,2.0,3.0,,2.0
Jérémy Gélin,Rennes,20.0,"DF,MF",2315.0,0.0,1.0,,8.0
Lukas Kübler,Freiburg,24.0,DF,1151.0,0.0,0.0,,1.5
Jack Stephens,Southampton,23.0,DF,1980.0,2.0,0.0,,8.0
Florian Niederlechner,Freiburg,26.0,"FW,MF",697.0,2.0,0.0,,4.5
Nils Petersen,Freiburg,28.0,FW,2244.0,15.0,1.0,,12.0
Yoric Ravet,Freiburg,27.0,"MF,FW",498.0,0.0,2.0,,3.0
Alexander Schwolow,Freiburg,25.0,GK,2906.0,0.0,0.0,,6.0
Tom Cleverley,Watford,27.0,MF,1902.0,1.0,2.0,,9.0
Caleb Stanko,Freiburg,24.0,"DF,MF",191.0,0.0,0.0,,0.04
Pascal Stenzel,Freiburg,21.0,"DF,MF",1941.0,1.0,0.0,,5.0
Marco Terrazzino,Freiburg,26.0,"MF,FW",1489.0,0.0,1.0,,2.5
Soualiho Meïté,Bordeaux,23.0,MF,1335.0,1.0,2.0,,8.0
Gonzalo Castro,Dortmund,30.0,MF,1206.0,0.0,2.0,,8.0
Federico Fernández,Swansea City,28.0,DF,2676.0,1.0,1.0,,8.0
James McCarthy,Everton,26.0,MF,205.0,0.0,0.0,,8.0
Ricardo Centurión,Genoa,24.0,"MF,FW",54.0,0.0,0.0,,5.0
Isaac Cofie,Genoa,25.0,MF,591.0,0.0,0.0,,1.0
Craig Dawson,West Brom,27.0,DF,2510.0,2.0,0.0,,8.0
Yves Bissouma,Lille,20.0,"MF,DF",1562.0,2.0,0.0,,8.0
José Luis Palomino,Atalanta,27.0,DF,1979.0,1.0,0.0,,7.5
Eugenio Lamanna,Genoa,27.0,GK,90.0,0.0,0.0,,1.0
Gianluca Lapadula,Genoa,27.0,FW,1495.0,6.0,1.0,,7.0
Diego Laxalt,Genoa,24.0,"DF,MF",2806.0,3.0,3.0,,13.0
Iuri Medeiros,Genoa,23.0,"FW,MF",641.0,2.0,1.0,,5.0
Francesco Migliore,Genoa,29.0,DF,329.0,0.0,0.0,,0.08
Soualiho Meïté,Monaco,23.0,MF,96.0,0.0,0.0,,8.0
Raffaele Palladino,Genoa,33.0,"FW,MF",231.0,0.0,0.0,,0.02
Goran Pandev,Genoa,34.0,"FW,MF",1803.0,5.0,1.0,,0.05
Pietro Pellegri,Genoa,16.0,FW,282.0,2.0,0.0,,8.0
Pedro Pereira,Genoa,19.0,DF,381.0,0.0,0.0,,2.0
Mattia Perin,Genoa,24.0,GK,3330.0,0.0,0.0,,16.0
Federico Ricci,Genoa,23.0,"FW,MF",217.0,0.0,0.0,,2.7
Marko Rog,Napoli,22.0,"FW,MF",289.0,1.0,0.0,,8.0
Aleandro Rosi,Genoa,30.0,"DF,MF",1700.0,0.0,1.0,,0.09
Vitor Hugo,Fiorentina,26.0,DF,1208.0,1.0,0.0,,7.5
Giuseppe Rossi,Genoa,30.0,"FW,MF",260.0,1.0,0.0,,1.0
Dominique Heintz,Köln,23.0,DF,2790.0,1.0,0.0,,7.5
Adel Taarabt,Genoa,28.0,"FW,MF",1615.0,2.0,2.0,,1.5
Miguel Veloso,Genoa,31.0,MF,1734.0,1.0,0.0,,2.5
Wallace,Lazio,22.0,DF,996.0,0.0,0.0,,7.5
Vitorino Antunes,Getafe,30.0,DF,2801.0,0.0,2.0,,3.5
Konrad Laimer,RB Leipzig,20.0,"DF,MF",1337.0,0.0,2.0,,8.0
Markel Bergara,Getafe,31.0,MF,1457.0,4.0,0.0,,1.5
Marcel Tisserand,Wolfsburg,24.0,DF,1247.0,0.0,1.0,,7.5
Rob Holding,Arsenal,21.0,DF,822.0,0.0,0.0,,7.0
Sam Clucas,Swansea City,26.0,"MF,FW",2044.0,3.0,1.0,,8.0
Mathieu Flamini,Getafe,33.0,MF,481.0,0.0,0.0,,0.06
Jules Koundé,Bordeaux,18.0,DF,1589.0,2.0,1.0,,7.0
Vicente Guaita,Getafe,30.0,GK,2970.0,0.0,0.0,,5.0
Álvaro Jiménez,Getafe,22.0,"MF,FW",536.0,1.0,1.0,,0.09
Mehdi Lacen,Getafe,33.0,MF,68.0,0.0,0.0,,0.08
Emiliano Martínez,Getafe,24.0,GK,450.0,0.0,0.0,,1.0
Jorge Molina,Getafe,35.0,FW,2779.0,7.0,3.0,,0.05
Francisco Molinero,Getafe,32.0,DF,583.0,0.0,0.0,,0.06
Jefferson Montero,Getafe,27.0,"FW,MF",61.0,0.0,0.0,,1.5
Pedro Obiang,West Ham,25.0,MF,1563.0,2.0,0.0,,8.0
Francisco Portillo,Getafe,27.0,"MF,FW",2449.0,2.0,3.0,,2.0
Loïc Rémy,Getafe,30.0,"FW,MF",456.0,3.0,0.0,,6.0
Ángel Rodríguez,Getafe,30.0,FW,2288.0,13.0,3.0,,4.0
Andrea Bertolacci,Genoa,26.0,MF,2895.0,1.0,0.0,,7.5
Damián Suárez,Getafe,29.0,DF,2879.0,1.0,4.0,,2.5
Steve Cook,Bournemouth,26.0,DF,2767.0,2.0,1.0,,7.0
Eloi Amagat,Girona,32.0,"FW,MF",17.0,0.0,0.0,,0.02
Filippo Romagna,Cagliari,20.0,DF,1888.0,0.0,0.0,,7.0
Stefano Sturaro,Juventus,24.0,"MF,DF",613.0,0.0,0.0,,7.5
Borja García,Girona,26.0,"MF,FW",2785.0,2.0,5.0,,3.5
Suat Serdar,Mainz 05,20.0,MF,1703.0,2.0,0.0,,7.5
Gorka Iraizoz,Girona,36.0,GK,765.0,0.0,0.0,,0.02
Carlos Salcedo,Eint Frankfurt,23.0,DF,1607.0,0.0,0.0,,7.0
Olarenwaju Kayode,Girona,24.0,"FW,MF",397.0,0.0,0.0,,3.0
Douglas Luiz,Girona,19.0,"MF,FW",322.0,0.0,0.0,,1.5
Pablo Maffeo,Girona,20.0,"MF,DF",2645.0,0.0,0.0,,10.0
Johan Mojica,Girona,24.0,"MF,DF",2137.0,0.0,4.0,,4.0
Marlos Moreno,Girona,20.0,MF,33.0,0.0,0.0,,0.05
Mason Holgate,Everton,20.0,DF,1184.0,0.0,0.0,,7.0
Michael Olunga,Girona,23.0,FW,439.0,3.0,0.0,,0.05
Carles Planas,Girona,26.0,"DF,MF",193.0,0.0,0.0,,0.08
Pere Pons,Girona,24.0,MF,2555.0,0.0,1.0,,5.0
Portu,Girona,25.0,"FW,MF",2981.0,11.0,4.0,,10.0
Robin Koch,Freiburg,21.0,"MF,DF",1919.0,2.0,1.0,,7.0
Kévin Soni,Girona,19.0,MF,20.0,0.0,0.0,,0.03
Cristhian Stuani,Girona,30.0,FW,2688.0,21.0,0.0,,7.5
David Timor,Girona,27.0,"MF,DF",930.0,2.0,0.0,,2.0
Roberto Soriano,Villarreal,26.0,"MF,FW",1140.0,0.0,0.0,,7.5
Bernardo Espinosa,Girona,28.0,DF,2868.0,0.0,3.0,,7.0
Dennis Diekmeier,Hamburger SV,27.0,DF,1868.0,0.0,3.0,,1.5
Jorge Meré,Köln,20.0,DF,1890.0,1.0,1.0,,7.0
Albin Ekdal,Hamburger SV,28.0,MF,1108.0,0.0,1.0,,2.5
Mohamed Gouaida,Hamburger SV,24.0,MF,58.0,0.0,0.0,,0.025
André Hahn,Hamburger SV,26.0,"FW,MF",1358.0,3.0,0.0,,1.5
Harry Arter,Bournemouth,27.0,MF,960.0,1.0,0.0,,7.0
Aaron Hunt,Hamburger SV,30.0,"MF,FW",2081.0,3.0,2.0,,1.5
Tatsuya Ito,Hamburger SV,20.0,"MF,FW",1012.0,0.0,2.0,,2.0
Steven Defour,Burnley,29.0,MF,1997.0,1.0,1.0,,7.0
Bakery Jatta,Hamburger SV,19.0,"MF,FW",297.0,0.0,1.0,,0.05
Adil Rami,Marseille,31.0,DF,2955.0,1.0,1.0,,7.0
Törles Knöll,Hamburger SV,19.0,MF,18.0,0.0,0.0,,0.025
Christian Mathenia,Hamburger SV,25.0,GK,2160.0,0.0,0.0,,1.0
Nicolai Müller,Hamburger SV,29.0,"MF,DF",101.0,1.0,0.0,,3.0
Maya Yoshida,Southampton,28.0,DF,2051.0,2.0,0.0,,7.0
Julian Pollersbeck,Hamburger SV,22.0,GK,900.0,0.0,0.0,,2.5
Douglas Santos,Hamburger SV,23.0,DF,2378.0,1.0,1.0,,5.0
Sven Schipplock,Hamburger SV,28.0,"FW,MF",338.0,0.0,0.0,,0.035
Josha Vagnoman,Hamburger SV,16.0,"DF,MF",21.0,0.0,0.0,,0.02
Walace,Hamburger SV,22.0,MF,1318.0,1.0,2.0,,4.5
Luca Waldschmidt,Hamburger SV,21.0,"MF,FW",794.0,1.0,2.0,,2.5
Bobby Wood,Hamburger SV,24.0,"FW,MF",1609.0,2.0,0.0,,2.0
Christian Kabasele,Watford,26.0,DF,2330.0,2.0,0.0,,7.0
Rolando Aarons,Hellas Verona,21.0,"MF,FW",517.0,0.0,0.0,,0.07
Enrico Bearzotti,Hellas Verona,20.0,"DF,FW",410.0,0.0,0.0,,0.03
Lucas Castro,Chievo,28.0,MF,1985.0,3.0,4.0,,7.0
Winston Reid,West Ham,29.0,DF,1452.0,0.0,0.0,,7.0
Bastos,Lazio,26.0,DF,1407.0,4.0,0.0,,6.5
Claudio Marchisio,Juventus,31.0,MF,817.0,0.0,1.0,,7.0
Rodrigo Ely,Alavés,23.0,DF,2691.0,1.0,1.0,,6.0
Phil Foden,Manchester City,17.0,MF,49.0,0.0,1.0,,7.0
Kevin Danso,Augsburg,18.0,DF,1105.0,2.0,0.0,,6.0
Alessio Cerci,Hellas Verona,30.0,"FW,MF",1635.0,3.0,1.0,,2.0
Andrea Danzi,Hellas Verona,18.0,MF,393.0,0.0,0.0,,0.02
Mohamed Fares,Hellas Verona,21.0,"DF,MF",2604.0,0.0,1.0,,4.5
Christopher Schindler,Huddersfield,27.0,DF,3265.0,0.0,1.0,,6.0
Gian Filippo Felicioli,Hellas Verona,19.0,"FW,DF",277.0,0.0,0.0,,0.05
Marco Fossati,Hellas Verona,24.0,MF,1101.0,0.0,0.0,,1.5
Stefan Bell,Mainz 05,25.0,DF,2177.0,1.0,0.0,,6.0
Moise Kean,Hellas Verona,17.0,FW,1131.0,4.0,0.0,,12.0
Ryder Matos,Hellas Verona,24.0,"FW,MF",978.0,0.0,1.0,,1.3
Giampaolo Pazzini,Hellas Verona,32.0,FW,992.0,4.0,0.0,,0.08
Scott McTominay,Manchester Utd,20.0,MF,634.0,0.0,0.0,,7.0
Marco Silvestri,Hellas Verona,26.0,GK,180.0,0.0,0.0,,0.035
Chidozie Awaziem,Nantes,20.0,DF,1512.0,1.0,0.0,,6.0
Adama Traoré,Monaco,22.0,"MF,FW",189.0,3.0,0.0,,7.0
Daniele Verde,Hellas Verona,21.0,"FW,MF",1954.0,2.0,2.0,,3.5
Mattia Zaccagni,Hellas Verona,22.0,"MF,FW",152.0,0.0,0.0,,0.05
Bruno Zuculini,Hellas Verona,24.0,MF,1216.0,2.0,0.0,,2.5
Roque Mesa,Sevilla,28.0,MF,344.0,0.0,0.0,,7.0
Alberto Grassi,SPAL,22.0,MF,2253.0,3.0,0.0,,7.0
Ondrej Duda,Hertha BSC,22.0,MF,744.0,1.0,0.0,,3.0
Alexander Esswein,Hertha BSC,27.0,"FW,MF",617.0,2.0,1.0,,2.0
Genki Haraguchi,Hertha BSC,26.0,"MF,FW",211.0,0.0,0.0,,3.5
Rune Jarstein,Hertha BSC,32.0,GK,2790.0,0.0,0.0,,2.5
Salomon Kalou,Hertha BSC,31.0,"FW,MF",2207.0,12.0,3.0,,3.5
Thomas Kraft,Hertha BSC,29.0,GK,270.0,0.0,0.0,,1.0
Ciaran Clark,Newcastle Utd,27.0,DF,1746.0,2.0,1.0,,6.0
Valentino Lazaro,Hertha BSC,21.0,"MF,FW",1864.0,2.0,5.0,,9.0
Mathew Leckie,Hertha BSC,26.0,"FW,MF",1853.0,5.0,1.0,,4.0
Chancel Mbemba,Newcastle Utd,22.0,DF,672.0,0.0,0.0,,6.0
Arne Maier,Hertha BSC,18.0,MF,1223.0,0.0,1.0,,7.5
Maximilian Mittelstädt,Hertha BSC,20.0,"MF,DF",424.0,0.0,0.0,,2.0
Marvin Plattenhardt,Hertha BSC,25.0,DF,2970.0,0.0,7.0,,15.0
Marlon,Nice,21.0,DF,1930.0,0.0,0.0,,6.0
Julian Schieber,Hertha BSC,28.0,"MF,FW",56.0,0.0,0.0,,1.0
Davie Selke,Hertha BSC,22.0,FW,1886.0,10.0,0.0,,12.0
Christopher Jullien,Toulouse,24.0,DF,2605.0,1.0,1.0,,6.0
Valentin Stocker,Hertha BSC,28.0,MF,52.0,0.0,0.0,,1.5
Christophe Hérelle,Troyes,24.0,DF,2958.0,0.0,0.0,,6.0
Mitchell Weiser,Hertha BSC,23.0,"DF,FW",1979.0,1.0,2.0,,12.0
Rúben Vezo,Valencia,23.0,DF,1558.0,0.0,0.0,,6.0
Nadiem Amiri,Hoffenheim,20.0,"MF,FW",1744.0,2.0,3.0,,17.0
Oliver Baumann,Hoffenheim,27.0,GK,3060.0,0.0,0.0,,10.0
Tom Carroll,Swansea City,25.0,MF,2570.0,0.0,4.0,,7.0
Roque Mesa,Swansea City,28.0,MF,754.0,0.0,0.0,,7.0
Serge Gnabry,Hoffenheim,22.0,"FW,DF",1507.0,10.0,5.0,,20.0
Mark Noble,West Ham,30.0,MF,2400.0,4.0,0.0,,7.0
Robin Hack,Hoffenheim,18.0,"FW,DF",69.0,1.0,0.0,,0.05
Jeffrey Bruma,Wolfsburg,25.0,DF,990.0,0.0,0.0,,6.0
Philipp Ochs,Hoffenheim,20.0,"FW,DF",73.0,0.0,0.0,,0.075
Felix Passlack,Hoffenheim,19.0,"MF,DF",62.0,0.0,0.0,,1.5
Eugen Polanski,Hoffenheim,31.0,MF,261.0,0.0,1.0,,1.0
Papy Djilobodji,Dijon,28.0,DF,2700.0,0.0,0.0,,5.5
Weston McKennie,Schalke 04,18.0,MF,1263.0,0.0,0.0,,6.5
Nico Schulz,Hoffenheim,24.0,"DF,MF",1780.0,1.0,2.0,,7.0
Ádám Szalai,Hoffenheim,29.0,FW,896.0,5.0,1.0,,3.0
Jeremy Toljan,Hoffenheim,22.0,"MF,DF",180.0,0.0,2.0,,5.0
Mark Uth,Hoffenheim,25.0,"FW,MF",2177.0,14.0,8.0,,18.0
Mauricio Lemos,Las Palmas,21.0,"DF,MF",1260.0,0.0,0.0,,5.5
Sandro Wagner,Hoffenheim,29.0,FW,870.0,4.0,3.0,,12.0
Steven Zuber,Hoffenheim,25.0,"DF,MF",1431.0,1.0,2.0,,7.0
Víctor Camarasa,Betis,23.0,MF,1247.0,1.0,0.0,,6.0
Mauricio Lemos,Sassuolo,21.0,DF,701.0,1.0,0.0,,5.5
Laurent Depoitre,Huddersfield,28.0,FW,1820.0,6.0,1.0,,4.5
Florent Hadergjonaj,Huddersfield,23.0,"DF,MF",1674.0,0.0,1.0,,5.0
Thomas Vermaelen,Barcelona,31.0,DF,1018.0,0.0,1.0,,5.0
Lukas Lerager,Bordeaux,24.0,MF,3284.0,3.0,1.0,,6.0
Tom Ince,Huddersfield,25.0,"MF,FW",2452.0,2.0,0.0,,8.0
Elias Kachunga,Huddersfield,25.0,"FW,MF",1329.0,1.0,1.0,,3.5
Jordi Amat,Betis,25.0,"DF,MF",2047.0,0.0,0.0,,5.0
Rajiv van La Parra,Huddersfield,26.0,"FW,MF",2137.0,3.0,0.0,,4.0
Joe Lolley,Huddersfield,24.0,"MF,FW",221.0,1.0,0.0,,0.05
Jonas Lössl,Huddersfield,28.0,GK,3420.0,0.0,1.0,,5.0
Chris Löwe,Huddersfield,28.0,DF,1588.0,0.0,0.0,,1.5
Scott Malone,Huddersfield,26.0,DF,1119.0,0.0,1.0,,3.0
Dale Stephens,Brighton,28.0,MF,3240.0,0.0,3.0,,6.0
Steve Mounié,Huddersfield,22.0,FW,1855.0,7.0,1.0,,10.0
Kasey Palmer,Huddersfield,20.0,"MF,FW",170.0,0.0,0.0,,1.5
Alex Pritchard,Huddersfield,24.0,"MF,FW",998.0,1.0,1.0,,10.0
Collin Quaner,Huddersfield,26.0,"FW,MF",1280.0,0.0,4.0,,1.5
Abdelhamid Sabiri,Huddersfield,20.0,"MF,DF",220.0,0.0,1.0,,1.0
Ethan Ampadu,Chelsea,16.0,DF,11.0,0.0,0.0,,5.0
Tommy Smith,Huddersfield,25.0,DF,1904.0,0.0,1.0,,3.0
James McArthur,Crystal Palace,29.0,"MF,FW",2431.0,5.0,1.0,,6.0
Danny Williams,Huddersfield,28.0,MF,1124.0,0.0,0.0,,2.0
João Cancelo,Inter,23.0,DF,1851.0,1.0,2.0,,35.0
Antonio Candreva,Inter,30.0,FW,2537.0,0.0,7.0,,14.0
Danilo D'Ambrosio,Inter,28.0,DF,2979.0,2.0,3.0,,12.0
Éder,Inter,30.0,"FW,MF",800.0,3.0,0.0,,7.0
Federico Valverde,La Coruña,19.0,"MF,FW",1232.0,0.0,0.0,,6.0
Mauro Icardi,Inter,24.0,FW,2958.0,29.0,1.0,,95.0
Yann Karamoh,Inter,19.0,"FW,MF",489.0,1.0,0.0,,7.0
Scott Dann,Crystal Palace,30.0,DF,1435.0,1.0,0.0,,5.0
Alessandro Murgia,Lazio,20.0,MF,777.0,0.0,0.0,,6.0
Dan-Axel Zagadou,Dortmund,18.0,DF,657.0,1.0,0.0,,5.0
Yuto Nagatomo,Inter,30.0,DF,790.0,0.0,1.0,,3.5
Andrea Pinamonti,Inter,18.0,FW,14.0,0.0,0.0,,2.0
Rodrigo De Paul,Udinese,23.0,"MF,FW",2319.0,4.0,8.0,,6.0
David Abraham,Eint Frankfurt,31.0,DF,2302.0,0.0,2.0,,5.0
Davide Santon,Inter,26.0,DF,836.0,0.0,0.0,,3.0
Xeka,Dijon,22.0,MF,1393.0,2.0,3.0,,5.5
Xeka,Lille,22.0,MF,15.0,0.0,0.0,,5.5
Kwadwo Asamoah,Juventus,28.0,DF,1568.0,0.0,0.0,,14.0
Mario Hermoso,Espanyol,22.0,DF,1928.0,1.0,0.0,,5.0
Ashley Williams,Everton,32.0,DF,1834.0,1.0,0.0,,5.0
Andrés Guardado,Betis,30.0,MF,2270.0,2.0,8.0,,5.0
Federico Bernardeschi,Juventus,23.0,"FW,MF",847.0,4.0,3.0,,40.0
Gianluigi Buffon,Juventus,39.0,GK,1862.0,0.0,0.0,,2.0
Juanpe,Girona,26.0,DF,3066.0,5.0,1.0,,5.0
Douglas Costa,Juventus,26.0,"FW,MF",1795.0,4.0,6.0,,55.0
Juan Cuadrado,Juventus,29.0,"FW,MF",1353.0,4.0,4.0,,28.0
Mattia De Sciglio,Juventus,24.0,DF,968.0,1.0,0.0,,14.0
Paulo Dybala,Juventus,23.0,"MF,FW",2353.0,22.0,3.0,,110.0
Gonzalo Higuaín,Juventus,29.0,FW,2815.0,16.0,5.0,,60.0
Kyriakos Papadopoulos,Hamburger SV,25.0,DF,2610.0,1.0,1.0,,5.0
Younousse Sankharé,Bordeaux,27.0,MF,1880.0,7.0,1.0,,5.0
Stephan Lichtsteiner,Juventus,33.0,DF,1704.0,0.0,2.0,,1.5
Pablo Hernández,Celta Vigo,30.0,MF,1826.0,3.0,2.0,,5.0
Janik Haberer,Freiburg,23.0,"MF,FW",2748.0,3.0,4.0,,5.0
Carlo Pinsoglio,Juventus,27.0,GK,28.0,0.0,0.0,,0.05
Andrea Ranocchia,Inter,29.0,DF,627.0,2.0,0.0,,5.0
Alex Sandro,Juventus,26.0,DF,2117.0,4.0,3.0,,45.0
Álex Granell,Girona,28.0,MF,2841.0,1.0,5.0,,5.0
Tin Jedvaj,Leverkusen,21.0,DF,599.0,0.0,0.0,,5.0
Leonardo Bittencourt,Köln,23.0,"MF,FW",1613.0,5.0,3.0,,6.0
Christian Clemens,Köln,25.0,"MF,FW",646.0,1.0,0.0,,1.25
Jhon Córdoba,Köln,24.0,FW,957.0,0.0,2.0,,4.0
Chris Führich,Köln,19.0,"MF,FW",95.0,0.0,0.0,,0.015
Tim Handwerker,Köln,19.0,"DF,MF",396.0,0.0,1.0,,0.05
Jonas Hector,Köln,27.0,"DF,MF",1759.0,2.0,2.0,,15.0
Vlad Chiricheș,Napoli,27.0,DF,582.0,0.0,0.0,,5.0
Marco Höger,Köln,27.0,MF,1674.0,0.0,0.0,,2.0
Jannes Horn,Köln,20.0,DF,825.0,0.0,0.0,,3.0
Timo Horn,Köln,24.0,GK,3060.0,0.0,0.0,,7.0
Lukas Klünter,Köln,21.0,"DF,FW",1336.0,1.0,0.0,,3.0
Dennis Geiger,Hoffenheim,19.0,MF,1588.0,2.0,1.0,,5.0
Matthias Lehmann,Köln,34.0,MF,1515.0,0.0,0.0,,0.05
Lorenzo Tonelli,Napoli,27.0,DF,351.0,1.0,0.0,,5.0
Aritz Elustondo,Real Sociedad,23.0,DF,1594.0,3.0,2.0,,5.0
Marco Parolo,Lazio,32.0,MF,2612.0,4.0,3.0,,5.0
Yuya Osako,Köln,27.0,"FW,MF",1896.0,4.0,2.0,,4.5
Anas Ouahim,Köln,19.0,FW,19.0,0.0,0.0,,0.01
José Campaña,Levante,24.0,MF,2731.0,1.0,4.0,,5.0
Claudio Pizarro,Köln,38.0,"FW,MF",579.0,1.0,1.0,,0.05
Konstantin Rausch,Köln,27.0,DF,925.0,0.0,1.0,,2.2
Birk Risa,Köln,19.0,"FW,DF",81.0,0.0,0.0,,0.015
Marcel Risse,Köln,27.0,"DF,MF",1169.0,1.0,3.0,,2.0
Simon Terodde,Köln,29.0,FW,1160.0,5.0,0.0,,2.5
Simon Zoller,Köln,26.0,"MF,FW",963.0,2.0,1.0,,1.75
Gabriel Mercado,Sevilla,30.0,DF,2116.0,0.0,1.0,,5.0
Florin Andone,La Coruña,24.0,FW,1636.0,7.0,3.0,,6.0
Jan Bednarek,Southampton,21.0,DF,426.0,1.0,0.0,,5.0
Zakaria Bakkali,La Coruña,21.0,"FW,MF",914.0,0.0,0.0,,1.5
Dominik Kohr,Leverkusen,23.0,MF,1664.0,1.0,1.0,,5.0
Eneko Bóveda,La Coruña,28.0,DF,667.0,0.0,0.0,,1.5
Mohamed Diamé,Newcastle Utd,30.0,MF,2041.0,2.0,0.0,,5.0
Bruno Gama,La Coruña,29.0,"FW,MF",118.0,0.0,0.0,,0.08
Carles Gil,La Coruña,24.0,"FW,MF",476.0,0.0,2.0,,1.0
Guilherme,La Coruña,26.0,MF,2637.0,0.0,0.0,,4.0
Juanfran,La Coruña,28.0,DF,3055.0,0.0,1.0,,5.0
Maksym Koval,La Coruña,24.0,"GK,MF",121.0,0.0,0.0,,1.0
Joel Obi,Torino,26.0,MF,1247.0,5.0,1.0,,5.0
Adrián López,La Coruña,29.0,"FW,MF",2343.0,9.0,6.0,,4.0
Luisinho,La Coruña,32.0,DF,2621.0,1.0,1.0,,1.2
Edimilson Fernandes,West Ham,21.0,"MF,FW",845.0,0.0,1.0,,5.0
Yannick Gerhardt,Wolfsburg,23.0,"DF,MF",1228.0,1.0,1.0,,5.0
Fernando Navarro,La Coruña,35.0,DF,1049.0,0.0,0.0,,0.01
Costel Pantilimon,La Coruña,30.0,GK,540.0,0.0,0.0,,1.5
Lucas Pérez,La Coruña,28.0,FW,2797.0,8.0,6.0,,7.5
André Ramalho,Leverkusen,25.0,"DF,FW",34.0,0.0,0.0,,4.5
Bakaye Dibassy,Amiens,27.0,DF,2778.0,1.0,2.0,,4.0
Francis Uzoho,La Coruña,18.0,GK,180.0,0.0,0.0,,0.03
Gerard Valentín,La Coruña,24.0,"DF,FW",158.0,0.0,0.0,,0.05
Borja Valle,La Coruña,25.0,"FW,MF",497.0,3.0,2.0,,1.2
Bryan Dabo,Fiorentina,25.0,MF,591.0,1.0,0.0,,4.5
Matías Aguirregaray,Las Palmas,28.0,DF,1152.0,0.0,0.0,,2.0
Lukas Rupp,Hoffenheim,26.0,MF,1160.0,3.0,2.0,,4.5
Sergio Araujo,Las Palmas,25.0,"FW,MF",40.0,0.0,0.0,,4.0
Tyrone Mings,Bournemouth,24.0,DF,201.0,0.0,0.0,,4.0
Simon Falette,Eint Frankfurt,25.0,DF,2211.0,1.0,0.0,,4.0
Jonathan Calleri,Las Palmas,23.0,FW,3105.0,9.0,3.0,,6.0
Dani Castellano,Las Palmas,29.0,DF,2023.0,0.0,1.0,,2.0
Javi Castellano,Las Palmas,29.0,MF,1567.0,0.0,0.0,,0.08
Leandro Chichizola,Las Palmas,27.0,GK,2430.0,0.0,0.0,,1.0
Danny Latza,Mainz 05,27.0,MF,2352.0,2.0,1.0,,4.5
Erik Expósito,Las Palmas,21.0,FW,473.0,1.0,0.0,,0.03
Imoh Ezekiel,Las Palmas,23.0,"FW,MF",467.0,0.0,0.0,,1.0
Jonás Ramalho,Girona,24.0,DF,2299.0,0.0,0.0,,4.0
Nacho Gil,Las Palmas,21.0,"FW,MF",731.0,0.0,1.0,,0.08
Vicente Gómez,Las Palmas,28.0,MF,1523.0,0.0,1.0,,2.5
Bryan Dabo,Saint-Étienne,25.0,"MF,FW",1284.0,2.0,0.0,,4.5
Borja Herrera,Las Palmas,24.0,DF,240.0,0.0,0.0,,0.03
Jordan Torunarigha,Hertha BSC,19.0,"DF,MF",663.0,1.0,0.0,,4.0
Raúl Lizoain,Las Palmas,26.0,GK,990.0,0.0,0.0,,0.08
Momo,Las Palmas,35.0,"FW,MF",672.0,0.0,1.0,,0.01
Ximo Navarro,Las Palmas,27.0,DF,2610.0,0.0,1.0,,2.0
Beñat Etxebarria,Athletic Club,30.0,MF,1125.0,0.0,2.0,,4.0
Benito Ramírez,Las Palmas,22.0,"FW,MF",167.0,0.0,0.0,,0.03
Loïc Rémy,Las Palmas,30.0,FW,768.0,5.0,0.0,,6.0
Sergi Samper,Las Palmas,22.0,MF,142.0,0.0,0.0,,2.5
Jairo Samperio,Las Palmas,24.0,"FW,DF",555.0,0.0,0.0,,1.5
David Simón,Las Palmas,28.0,DF,723.0,0.0,0.0,,0.08
Tana,Las Palmas,26.0,"MF,FW",1543.0,1.0,1.0,,2.5
Oussama Tannane,Las Palmas,23.0,"FW,MF",549.0,0.0,2.0,,1.5
Hernán Toledo,Las Palmas,21.0,"FW,MF",629.0,0.0,1.0,,1.0
Jonathan Viera,Las Palmas,27.0,MF,1993.0,4.0,5.0,,8.0
Vitolo,Las Palmas,27.0,"FW,MF",690.0,1.0,1.0,,25.0
Luis Alberto,Lazio,24.0,"MF,FW",2669.0,11.0,14.0,,35.0
Felipe Anderson,Lazio,24.0,"MF,FW",1162.0,4.0,6.0,,30.0
Lisandro López,Inter,27.0,DF,45.0,0.0,0.0,,4.0
Sidnei,La Coruña,27.0,DF,1778.0,1.0,1.0,,4.0
Felipe Caicedo,Lazio,28.0,FW,717.0,3.0,2.0,,2.5
Davide Di Gennaro,Lazio,29.0,MF,11.0,0.0,0.0,,1.5
Aymen Abdennour,Marseille,27.0,DF,500.0,0.0,0.0,,4.0
Ciro Immobile,Lazio,27.0,FW,2683.0,29.0,6.0,,50.0
Lucas Leiva,Lazio,30.0,MF,2882.0,2.0,3.0,,10.0
Jordan Lukaku,Lazio,23.0,"DF,MF",1355.0,1.0,1.0,,7.0
Simon Falette,Metz,25.0,DF,90.0,0.0,0.0,,4.0
Danilo Cataldi,Benevento,22.0,MF,2282.0,1.0,4.0,,4.0
Nani,Lazio,30.0,"MF,FW",387.0,3.0,1.0,,5.0
Simone Palombi,Lazio,21.0,FW,66.0,0.0,0.0,,0.075
Andrea Poli,Bologna,27.0,MF,2543.0,2.0,0.0,,4.0
Maxime Le Marchand,Nice,27.0,DF,2534.0,0.0,1.0,,4.0
Thomas Strakosha,Lazio,22.0,GK,3420.0,0.0,0.0,,20.0
Héctor Moreno,Real Sociedad,29.0,DF,720.0,1.0,0.0,,4.0
Mexer,Rennes,28.0,DF,1201.0,0.0,0.0,,4.0
Nordin Amrabat,Leganés,30.0,"FW,MF",1622.0,2.0,1.0,,3.0
Jon Ander Serantes,Leganés,27.0,GK,90.0,0.0,0.0,,0.08
Miguel Ángel Guerrero,Leganés,27.0,FW,1445.0,4.0,3.0,,1.8
Claudio Beauvue,Leganés,29.0,FW,1671.0,2.0,0.0,,2.5
Héctor Moreno,Roma,29.0,DF,230.0,0.0,0.0,,4.0
Nereo Champagne,Leganés,32.0,GK,180.0,0.0,0.0,,0.03
Iván Cuéllar,Leganés,33.0,GK,3150.0,0.0,0.0,,0.06
Loïc Perrin,Saint-Étienne,31.0,DF,2463.0,0.0,1.0,,4.0
Gabriel,Leganés,23.0,MF,2370.0,5.0,2.0,,1.5
Raúl García,Leganés,28.0,DF,1394.0,0.0,1.0,,9.0
Gerard Gumbau,Leganés,22.0,MF,1441.0,1.0,0.0,,1.5
Kévin Théophile-Catherine,Saint-Étienne,27.0,DF,2165.0,0.0,0.0,,4.0
Erik Morán,Leganés,26.0,MF,231.0,0.0,0.0,,0.09
Lyanco,Torino,20.0,DF,316.0,0.0,0.0,,4.0
Rubén Pérez,Leganés,28.0,MF,2513.0,0.0,0.0,,7.5
Omar Ramos,Leganés,29.0,"FW,MF",1421.0,0.0,1.0,,1.2
Diego Rico,Leganés,24.0,DF,2228.0,2.0,2.0,,2.5
Tito,Leganés,32.0,DF,613.0,0.0,0.0,,0.08
Nabil El Zhar,Leganés,30.0,"FW,MF",2005.0,2.0,1.0,,2.0
Marc Albrighton,Leicester City,27.0,"MF,FW",2538.0,2.0,7.0,,10.0
Daniel Amartey,Leicester City,22.0,DF,487.0,0.0,0.0,,5.0
Harvey Barnes,Leicester City,19.0,"MF,FW",10.0,0.0,0.0,,0.025
Sebastian Prödl,Watford,30.0,DF,1570.0,0.0,0.0,,4.0
Ben Chilwell,Leicester City,20.0,DF,1853.0,0.0,2.0,,8.0
Hamza Choudhury,Leicester City,19.0,MF,378.0,0.0,1.0,,1.0
Fousseni Diabaté,Leicester City,21.0,"MF,FW",587.0,0.0,1.0,,3.0
Christian Fuchs,Leicester City,31.0,DF,1921.0,0.0,1.0,,5.0
Demarai Gray,Leicester City,21.0,"MF,FW",1697.0,3.0,1.0,,20.0
Ben Hamer,Leicester City,29.0,GK,275.0,0.0,0.0,,0.05
Valentín Vada,Bordeaux,21.0,"MF,FW",860.0,2.0,0.0,,4.0
Kelechi Iheanacho,Leicester City,20.0,"FW,MF",830.0,3.0,3.0,,15.0
Dani García,Eibar,27.0,MF,2769.0,0.0,1.0,,4.0
Joan Jordán,Eibar,23.0,MF,2435.0,6.0,3.0,,4.0
Romain Thomas,Angers,29.0,DF,2470.0,2.0,0.0,,3.5
Riyad Mahrez,Leicester City,26.0,"MF,FW",2950.0,12.0,10.0,,50.0
Ragnar Klavan,Liverpool,31.0,DF,1451.0,1.0,0.0,,3.5
Wilfred Ndidi,Leicester City,20.0,MF,2898.0,0.0,3.0,,25.0
Shinji Okazaki,Leicester City,31.0,"MF,FW",1324.0,6.0,2.0,,6.0
Kasper Schmeichel,Leicester City,30.0,GK,2965.0,0.0,0.0,,10.0
Daniel Bessa,Genoa,24.0,MF,438.0,2.0,0.0,,4.0
Danny Simpson,Leicester City,30.0,DF,2306.0,0.0,0.0,,5.0
Islam Slimani,Leicester City,29.0,FW,249.0,1.0,1.0,,18.0
Leonardo Ulloa,Leicester City,31.0,FW,22.0,0.0,0.0,,5.0
Jamie Vardy,Leicester City,30.0,FW,3247.0,20.0,1.0,,20.0
Aly Abeid,Levante,19.0,DF,76.0,0.0,0.0,,0.01
Enis Bardhi,Levante,22.0,MF,1582.0,9.0,1.0,,6.0
Emmanuel Boateng,Levante,21.0,FW,1281.0,6.0,0.0,,2.0
Tony Jantschke,M'Gladbach,27.0,DF,727.0,0.0,1.0,,3.5
Clément Grenier,Guingamp,26.0,MF,1209.0,5.0,3.0,,4.0
Pedro Mendes,Montpellier,26.0,DF,2855.0,1.0,1.0,,3.5
Coke,Levante,30.0,DF,1383.0,3.0,0.0,,2.0
Cheick Doukouré,Levante,24.0,MF,1021.0,1.0,0.0,,1.5
Raúl Fernández,Levante,29.0,GK,990.0,0.0,0.0,,1.0
Samu García,Levante,27.0,"MF,FW",196.0,0.0,0.0,,1.0
Jason,Levante,23.0,"MF,FW",1784.0,1.0,2.0,,1.2
Jefferson Lerma,Levante,22.0,MF,2135.0,0.0,1.0,,2.0
Iván López,Levante,23.0,DF,172.0,0.0,1.0,,0.06
José Luis Morales,Levante,30.0,"MF,FW",3053.0,10.0,8.0,,5.0
Antonio Luna,Levante,26.0,DF,2021.0,0.0,2.0,,2.0
Roger Martí,Levante,26.0,FW,960.0,3.0,2.0,,2.0
Fahad Al-Muwallad,Levante,20.0,"FW,MF",29.0,0.0,0.0,,1.0
Oier Olazábal,Levante,27.0,GK,2340.0,0.0,0.0,,1.5
Giampaolo Pazzini,Levante,32.0,FW,446.0,1.0,0.0,,0.08
Koffi Djidji,Nantes,24.0,DF,2416.0,0.0,0.0,,3.5
Rubén Rochina,Levante,26.0,MF,154.0,1.0,0.0,,1.5
Armando Sadiku,Levante,26.0,FW,268.0,0.0,0.0,,0.08
Toño,Levante,27.0,DF,1080.0,0.0,1.0,,0.04
Enes Ünal,Levante,20.0,FW,595.0,1.0,1.0,,8.0
Koke Vegas,Levante,21.0,GK,90.0,0.0,0.0,,0.01
Lucas Alario,Leverkusen,24.0,FW,1550.0,9.0,4.0,,20.0
Daniel Bessa,Hellas Verona,24.0,"MF,FW",1389.0,1.0,1.0,,4.0
Leon Bailey,Leverkusen,19.0,"FW,DF",2215.0,9.0,6.0,,45.0
Julian Baumgartlinger,Leverkusen,29.0,"MF,DF",1393.0,1.0,0.0,,4.0
Karim Bellarabi,Leverkusen,27.0,"FW,MF",1146.0,1.0,3.0,,12.0
Lars Bender,Leverkusen,28.0,"DF,MF",1595.0,2.0,4.0,,13.0
Nicolas Pallois,Nantes,29.0,DF,2433.0,0.0,1.0,,3.5
Julian Brandt,Leverkusen,21.0,"FW,MF",2326.0,9.0,3.0,,40.0
Kai Havertz,Leverkusen,18.0,"MF,FW",2144.0,3.0,8.0,,28.0
Benjamin Henrichs,Leverkusen,20.0,DF,1268.0,0.0,1.0,,12.0
Kyle Bartley,Swansea City,26.0,DF,235.0,0.0,0.0,,3.5
Per Ciljan Skjelbred,Hertha BSC,30.0,MF,2183.0,0.0,0.0,,4.0
Borja Valero,Inter,32.0,MF,2564.0,2.0,0.0,,4.0
Bernd Leno,Leverkusen,25.0,GK,2970.0,0.0,0.0,,20.0
Admir Mehmedi,Leverkusen,26.0,"DF,MF",700.0,2.0,3.0,,5.0
Ramazan Özcan,Leverkusen,33.0,GK,90.0,0.0,0.0,,0.05
Joel Pohjanpalo,Leverkusen,22.0,"MF,FW",116.0,1.0,0.0,,1.5
Miguel Britos,Watford,32.0,DF,797.0,1.0,0.0,,3.5
Craig Cathcart,Watford,28.0,DF,523.0,0.0,0.0,,3.5
Robin Knoche,Wolfsburg,25.0,DF,2102.0,1.0,2.0,,3.5
Kevin Volland,Leverkusen,25.0,"FW,MF",2591.0,14.0,2.0,,22.0
Wendell,Leverkusen,24.0,DF,2115.0,2.0,3.0,,18.0
Konstantinos Mavropanos,Arsenal,19.0,"DF,MF",195.0,0.0,0.0,,3.0
Ibrahim Amadou,Lille,24.0,"MF,DF",2405.0,0.0,0.0,,3.5
Luiz Araújo,Lille,21.0,"FW,MF",2017.0,5.0,2.0,,7.0
Farès Bahlouli,Lille,22.0,"MF,FW",307.0,1.0,0.0,,0.075
Fodé Ballo-Touré,Lille,20.0,DF,2055.0,0.0,0.0,,2.0
Yassine Benzia,Lille,22.0,"MF,FW",2288.0,1.0,5.0,,5.0
Vincent Koziello,Köln,21.0,MF,789.0,1.0,0.0,,4.0
Andrea Masiello,Atalanta,31.0,DF,2707.0,4.0,0.0,,3.0
Imad Faraj,Lille,18.0,"DF,MF",162.0,0.0,0.0,,0.05
Anwar El Ghazi,Lille,22.0,"FW,MF",1648.0,4.0,4.0,,5.0
Zouhair Feddal,Betis,28.0,DF,1258.0,3.0,0.0,,3.0
Hervé Koffi,Lille,20.0,GK,360.0,0.0,0.0,,0.05
Celso Borges,La Coruña,29.0,MF,2295.0,3.0,3.0,,4.0
Thiago Maia,Lille,20.0,"MF,DF",2466.0,0.0,0.0,,4.0
Mike Maignan,Lille,21.0,GK,3033.0,0.0,0.0,,4.0
Kévin Malcuit,Lille,26.0,DF,1815.0,0.0,5.0,,7.5
Thiago Mendes,Lille,25.0,MF,2294.0,3.0,3.0,,5.5
Hamza Mendyl,Lille,19.0,"DF,MF",852.0,0.0,0.0,,0.06
Lebo Mothiba,Lille,21.0,FW,1183.0,5.0,1.0,,3.0
Nicolas Pépé,Lille,22.0,"FW,MF",2841.0,13.0,5.0,,10.0
Ezequiel Ponce,Lille,20.0,FW,1100.0,2.0,1.0,,2.5
Nicolas de Préville,Lille,26.0,FW,285.0,2.0,1.0,,7.0
Pablo,Bordeaux,26.0,DF,1291.0,0.0,2.0,,3.0
Boubakary Soumaré,Lille,18.0,MF,512.0,0.0,0.0,,5.0
Jordan Ferri,Lyon,25.0,MF,640.0,0.0,0.0,,4.0
Trent Alexander-Arnold,Liverpool,18.0,DF,1573.0,1.0,1.0,,25.0
Emre Can,Liverpool,23.0,MF,2091.0,3.0,4.0,,30.0
Nathaniel Clyne,Liverpool,26.0,"DF,MF",174.0,0.0,0.0,,20.0
Philippe Coutinho,Liverpool,25.0,"MF,FW",1109.0,7.0,6.0,,100.0
Andreu Fontàs,Celta Vigo,27.0,DF,884.0,0.0,1.0,,3.0
Roberto Firmino,Liverpool,25.0,FW,2763.0,15.0,7.0,,80.0
Paulo Oliveira,Eibar,25.0,DF,2212.0,0.0,0.0,,3.0
Clément Grenier,Lyon,26.0,MF,5.0,0.0,0.0,,4.0
Danny Ings,Liverpool,25.0,FW,267.0,1.0,0.0,,8.0
Loris Karius,Liverpool,24.0,GK,1710.0,0.0,0.0,,12.0
Rick van Drongelen,Hamburger SV,18.0,DF,1440.0,0.0,0.0,,3.0
Adam Lallana,Liverpool,29.0,"MF,FW",308.0,0.0,0.0,,25.0
Gideon Jung,Hamburger SV,22.0,"MF,DF",2570.0,1.0,1.0,,3.0
Sadio Mané,Liverpool,25.0,"FW,MF",2190.0,10.0,7.0,,70.0
Simon Mignolet,Liverpool,29.0,GK,1710.0,0.0,0.0,,10.0
Vincent Koziello,Nice,21.0,MF,808.0,0.0,0.0,,4.0
Alberto Moreno,Liverpool,25.0,DF,1266.0,0.0,0.0,,10.0
Divock Origi,Liverpool,22.0,FW,10.0,0.0,0.0,,10.0
Steven Davis,Southampton,32.0,MF,1521.0,3.0,0.0,,4.0
Andrew Robertson,Liverpool,23.0,DF,1940.0,1.0,5.0,,25.0
Mohamed Salah,Liverpool,25.0,"FW,MF",2907.0,32.0,10.0,,150.0
Dominic Solanke,Liverpool,19.0,FW,596.0,1.0,1.0,,10.0
Daniel Sturridge,Liverpool,27.0,FW,431.0,2.0,1.0,,15.0
James Morrison,West Brom,31.0,MF,207.0,1.0,0.0,,4.0
Ben Woodburn,Liverpool,17.0,MF,7.0,0.0,0.0,,5.0
Bongani Zungu,Amiens,24.0,MF,2084.0,1.0,0.0,,3.5
Maxwel Cornet,Lyon,20.0,"FW,MF",1271.0,4.0,5.0,,15.0
Angelo Fulgini,Angers,20.0,"MF,FW",1528.0,3.0,4.0,,3.5
Memphis Depay,Lyon,23.0,"FW,MF",2555.0,19.0,9.0,,45.0
Fabian Schär,La Coruña,25.0,DF,2219.0,2.0,2.0,,3.0
Nabil Fekir,Lyon,24.0,"MF,FW",2477.0,18.0,7.0,,60.0
Thomas Mangani,Angers,30.0,MF,3025.0,2.0,4.0,,3.5
Willem Geubbels,Lyon,15.0,FW,33.0,0.0,0.0,,6.0
Mathieu Gorgelin,Lyon,26.0,GK,360.0,0.0,0.0,,1.0
Amine Gouiri,Lyon,17.0,"FW,MF",83.0,0.0,0.0,,4.5
Dan Gosling,Bournemouth,27.0,MF,1947.0,2.0,1.0,,3.5
Anthony Lopes,Lyon,26.0,GK,3060.0,0.0,0.0,,20.0
Myziane Maolida,Lyon,18.0,FW,333.0,1.0,0.0,,4.5
Marcelo,Lyon,30.0,DF,3106.0,3.0,1.0,,60.0
Ferland Mendy,Lyon,22.0,DF,2121.0,0.0,4.0,,12.0
Wes Morgan,Leicester City,33.0,DF,2817.0,0.0,0.0,,3.0
Rafael,Lyon,27.0,DF,1813.0,1.0,2.0,,0.08
Kenny Tete,Lyon,21.0,DF,1608.0,1.0,3.0,,8.0
Lucas Tousart,Lyon,20.0,MF,3132.0,0.0,0.0,,25.0
Bertrand Traoré,Lyon,21.0,FW,2285.0,13.0,4.0,,18.0
Edgar Ié,Lille,23.0,DF,3146.0,1.0,1.0,,3.0
Borja Bastón,Málaga,24.0,FW,992.0,2.0,0.0,,2.0
Adama Soumaoro,Lille,25.0,DF,1192.0,0.0,0.0,,3.0
Alberto Bueno,Málaga,29.0,"FW,MF",233.0,0.0,0.0,,1.5
Chory Castro,Málaga,32.0,"MF,FW",2049.0,4.0,2.0,,0.08
Víctor Sánchez,Espanyol,29.0,"DF,MF",2452.0,0.0,2.0,,3.5
Youssef En-Nesyri,Málaga,20.0,FW,1601.0,4.0,0.0,,1.8
Samu García,Málaga,27.0,"MF,FW",180.0,0.0,1.0,,1.0
Oscar Hiljemark,Genoa,25.0,MF,1279.0,0.0,3.0,,3.5
Mapou Yanga-Mbiwa,Lyon,28.0,DF,128.0,0.0,0.0,,3.0
Alexander Hack,Mainz 05,23.0,DF,1287.0,1.0,0.0,,3.0
Brown Ideye,Málaga,28.0,FW,736.0,1.0,0.0,,2.0
Manuel Iturra,Málaga,33.0,MF,1583.0,0.0,1.0,,1.0
Jony,Málaga,26.0,"MF,FW",220.0,0.0,0.0,,2.0
Juankar,Málaga,27.0,DF,784.0,0.0,0.0,,1.5
Mehdi Lacen,Málaga,33.0,MF,1054.0,0.0,0.0,,0.08
Maxime Lestienne,Málaga,25.0,"MF,FW",667.0,0.0,1.0,,2.5
Raúl Navas,Real Sociedad,29.0,DF,1790.0,0.0,2.0,,3.0
Álex Mula,Málaga,21.0,"MF,FW",560.0,0.0,0.0,,0.05
Adalberto Peñaranda,Málaga,20.0,"FW,MF",798.0,0.0,0.0,,2.0
Andrés Prieto,Málaga,23.0,GK,360.0,0.0,0.0,,0.04
Jonathan Hogg,Huddersfield,28.0,MF,2398.0,0.0,0.0,,3.5
Federico Ricca,Málaga,22.0,DF,1107.0,0.0,1.0,,1.5
Roberto,Málaga,31.0,GK,3060.0,0.0,0.0,,2.0
Diego Rolán,Málaga,24.0,"FW,MF",1947.0,5.0,0.0,,3.5
Esteban Rolón,Málaga,22.0,MF,415.0,0.0,0.0,,0.08
Roberto Rosales,Málaga,28.0,DF,3122.0,1.0,0.0,,2.5
Isaac Success,Málaga,21.0,"MF,FW",490.0,0.0,1.0,,2.0
Miguel Torres,Málaga,31.0,DF,672.0,0.0,0.0,,0.08
René Adler,Mainz 05,32.0,GK,1260.0,0.0,0.0,,1.0
Ridle Baku,Mainz 05,19.0,MF,233.0,2.0,0.0,,0.0125
Edoardo Goldaniga,Sassuolo,23.0,DF,1153.0,1.0,0.0,,3.0
Riechedly Bazoer,Wolfsburg,20.0,MF,592.0,0.0,0.0,,3.0
Emil Berggreen,Mainz 05,24.0,FW,669.0,4.0,2.0,,2.0
Pablo de Blasis,Mainz 05,29.0,"FW,MF",1652.0,5.0,2.0,,3.0
Daniel Brosinski,Mainz 05,29.0,"DF,MF",2500.0,1.0,5.0,,3.0
Federico Ceccherini,Crotone,25.0,DF,3229.0,1.0,0.0,,2.8
Giulio Donati,Mainz 05,27.0,"DF,MF",2284.0,0.0,3.0,,3.5
Viktor Fischer,Mainz 05,23.0,"FW,MF",336.0,0.0,0.0,,3.5
Fabian Frei,Mainz 05,28.0,MF,802.0,1.0,0.0,,2.25
Jean-Philippe Gbamin,Mainz 05,21.0,"MF,DF",2591.0,1.0,3.0,,15.0
Bram Nuytinck,Udinese,27.0,DF,2362.0,1.0,1.0,,2.8
Gerrit Holtmann,Mainz 05,22.0,"DF,FW",901.0,2.0,1.0,,2.0
Nigel de Jong,Mainz 05,32.0,MF,737.0,0.0,0.0,,1.0
Kenan Kodro,Mainz 05,23.0,FW,232.0,0.0,0.0,,2.0
Salih Özcan,Köln,19.0,MF,1670.0,0.0,1.0,,3.5
Alexandru Maxim,Mainz 05,27.0,"MF,FW",957.0,2.0,2.0,,2.0
Florian Müller,Mainz 05,19.0,GK,450.0,0.0,0.0,,1.0
Karim Onisiwo,Mainz 05,25.0,"DF,FW",256.0,0.0,0.0,,0.05
Robin Quaison,Mainz 05,23.0,FW,1409.0,4.0,1.0,,3.5
Jairo Samperio,Mainz 05,24.0,"MF,FW",36.0,0.0,0.0,,1.5
Francesco Cassata,Sassuolo,20.0,MF,458.0,1.0,0.0,,3.5
Anthony Ujah,Mainz 05,26.0,FW,205.0,0.0,0.0,,2.0
Robin Zentner,Mainz 05,22.0,GK,1350.0,0.0,0.0,,0.06
Sergio Agüero,Manchester City,29.0,FW,1963.0,21.0,6.0,,80.0
Claudio Bravo,Manchester City,34.0,GK,226.0,0.0,0.0,,3.5
Danilo,Manchester City,26.0,DF,1349.0,3.0,2.0,,20.0
Kevin De Bruyne,Manchester City,26.0,MF,3073.0,8.0,16.0,,150.0
Stefano Sensi,Sassuolo,21.0,MF,1041.0,2.0,0.0,,3.5
Brahim Díaz,Manchester City,17.0,"FW,MF",55.0,0.0,0.0,,5.0
Ederson,Manchester City,23.0,GK,3194.0,0.0,0.0,,50.0
Fernandinho,Manchester City,32.0,MF,2881.0,5.0,3.0,,15.0
Jeff Reine-Adélaïde,Angers,19.0,"MF,FW",440.0,0.0,0.0,,3.0
Gabriel Jesus,Manchester City,20.0,FW,1668.0,13.0,3.0,,80.0
Alessandro Bastoni,Atalanta,18.0,DF,91.0,0.0,0.0,,2.5
Filip Helander,Bologna,24.0,DF,2499.0,0.0,0.0,,2.5
Paul Baysse,Bordeaux,29.0,DF,570.0,0.0,0.0,,2.5
Benjamin Mendy,Manchester City,23.0,DF,363.0,0.0,1.0,,40.0
Kevin Long,Burnley,26.0,DF,1440.0,1.0,2.0,,2.5
Leroy Sané,Manchester City,21.0,FW,2419.0,10.0,15.0,,90.0
Bernardo Silva,Manchester City,22.0,"FW,MF",1533.0,6.0,4.0,,50.0
David Silva,Manchester City,31.0,MF,2430.0,9.0,11.0,,30.0
Raheem Sterling,Manchester City,22.0,FW,2587.0,18.0,11.0,,90.0
Gustavo Cabral,Celta Vigo,31.0,DF,1875.0,1.0,1.0,,2.5
Scott Arfield,Burnley,28.0,"FW,MF",1333.0,2.0,1.0,,3.0
Kyle Walker,Manchester City,27.0,DF,2785.0,0.0,6.0,,50.0
Oleksandr Zinchenko,Manchester City,20.0,DF,532.0,0.0,0.0,,7.0
Mattia Bani,Chievo,23.0,DF,1317.0,0.0,0.0,,2.5
Manuel Gulde,Freiburg,26.0,DF,1530.0,1.0,0.0,,2.5
Michael Carrick,Manchester Utd,36.0,MF,109.0,0.0,0.0,,1.0
Matteo Darmian,Manchester Utd,27.0,DF,444.0,0.0,0.0,,10.0
Beni Baningime,Everton,18.0,MF,198.0,0.0,0.0,,3.0
David de Gea,Manchester Utd,26.0,GK,3330.0,0.0,0.0,,70.0
Mauro Arambarri,Getafe,21.0,MF,2125.0,1.0,2.0,,3.0
Philipp Lienhart,Freiburg,21.0,DF,865.0,0.0,0.0,,2.5
Marc Muniesa,Girona,25.0,DF,1125.0,0.0,1.0,,2.5
Jesse Lingard,Manchester Utd,24.0,"MF,FW",1817.0,8.0,5.0,,35.0
Romelu Lukaku,Manchester Utd,24.0,FW,2867.0,16.0,7.0,,90.0
Anthony Martial,Manchester Utd,21.0,"FW,MF",1582.0,9.0,5.0,,65.0
Juan Mata,Manchester Utd,29.0,"FW,MF",1922.0,3.0,5.0,,30.0
Rômulo,Hellas Verona,30.0,"MF,DF",3168.0,3.0,5.0,,3.0
Henrikh Mkhitaryan,Manchester Utd,28.0,"MF,FW",922.0,1.0,5.0,,35.0
Andy King,Leicester City,28.0,MF,537.0,1.0,0.0,,3.0
Marcus Rashford,Manchester Utd,19.0,"FW,MF",1813.0,7.0,5.0,,65.0
Martín Cáceres,Hellas Verona,30.0,DF,1165.0,3.0,1.0,,2.5
Sergio Romero,Manchester Utd,30.0,GK,90.0,0.0,0.0,,5.0
Alexis Sánchez,Manchester Utd,28.0,"FW,MF",1043.0,2.0,3.0,,70.0
Luke Shaw,Manchester Utd,22.0,DF,790.0,0.0,0.0,,15.0
Sebastian Langkamp,Hertha BSC,29.0,DF,955.0,0.0,0.0,,2.5
Fabian Lustenberger,Hertha BSC,29.0,"MF,DF",1583.0,0.0,0.0,,2.5
Antonio Valencia,Manchester Utd,31.0,DF,2740.0,3.0,1.0,,8.0
Ashley Young,Manchester Utd,32.0,DF,2442.0,2.0,4.0,,7.0
Stefan Posch,Hoffenheim,20.0,DF,756.0,0.0,0.0,,2.5
Jordan Amavi,Marseille,23.0,DF,2193.0,0.0,3.0,,16.0
Henri Bedimo,Marseille,33.0,"DF,MF",43.0,0.0,0.0,,0.04
Rémy Cabella,Marseille,27.0,MF,64.0,1.0,0.0,,9.0
Martín Cáceres,Lazio,30.0,DF,441.0,1.0,0.0,,2.5
Patrice Evra,Marseille,36.0,DF,349.0,0.0,0.0,,1.0
Valère Germain,Marseille,27.0,FW,2165.0,9.0,3.0,,10.0
Luiz Gustavo,Marseille,30.0,"MF,DF",3019.0,5.0,2.0,,15.0
Boubacar Kamara,Marseille,17.0,"DF,MF",455.0,0.0,0.0,,3.5
Steve Mandanda,Marseille,32.0,GK,2680.0,0.0,0.0,,2.5
Clinton N'Jie,Marseille,23.0,"FW,MF",873.0,7.0,3.0,,10.0
Lucas Ocampos,Marseille,23.0,"FW,MF",2040.0,9.0,2.0,,12.0
Dimitri Payet,Marseille,30.0,"MF,FW",2347.0,6.0,13.0,,22.0
Yohann Pelé,Marseille,34.0,GK,738.0,0.0,0.0,,0.05
Paul Baysse,Málaga,29.0,DF,1241.0,1.0,0.0,,2.5
Luis Hernández,Málaga,28.0,DF,3240.0,0.0,2.0,,2.5
Hiroki Sakai,Marseille,27.0,DF,2520.0,0.0,2.0,,6.0
Adrián González,Málaga,29.0,MF,2340.0,3.0,0.0,,3.0
Yusuf Sari,Marseille,18.0,FW,1.0,0.0,0.0,,0.05
Bouna Sarr,Marseille,25.0,DF,1792.0,0.0,2.0,,6.0
Grégory Sertic,Marseille,27.0,"DF,MF",350.0,0.0,0.0,,4.0
Florian Thauvin,Marseille,24.0,"FW,MF",2949.0,22.0,11.0,,50.0
Benoît Assou-Ekotto,Metz,33.0,DF,1053.0,0.0,0.0,,1.0
Iván Balliu,Metz,25.0,DF,1951.0,0.0,1.0,,1.0
Quentin Beunardeau,Metz,23.0,GK,39.0,0.0,0.0,,0.035
Farid Boulaya,Metz,24.0,"FW,MF",179.0,0.0,1.0,,0.04
Rémi Walter,Nice,22.0,"MF,FW",491.0,1.0,0.0,,3.0
Xabi Prieto,Real Sociedad,33.0,MF,1914.0,3.0,5.0,,3.0
Cristián Zapata,Milan,30.0,DF,994.0,0.0,0.0,,2.5
Habib Diallo,Metz,22.0,FW,15.0,0.0,0.0,,1.5
Thomas Didillon,Metz,21.0,GK,810.0,0.0,0.0,,2.5
Mathieu Dossevi,Metz,29.0,"FW,MF",2509.0,1.0,10.0,,3.5
Léo Lacroix,Saint-Étienne,25.0,DF,776.0,0.0,0.0,,2.5
Brian Fernández,Metz,22.0,FW,128.0,0.0,0.0,,1.5
Gauthier Hein,Metz,20.0,"FW,MF",82.0,0.0,0.0,,0.06
Ablie Jallow,Metz,18.0,"MF,FW",129.0,0.0,0.0,,0.07
Yann Jouffre,Metz,33.0,"MF,FW",274.0,0.0,0.0,,1.0
Eiji Kawashima,Metz,34.0,GK,2570.0,0.0,0.0,,0.025
Georges Mandjeck,Metz,28.0,"MF,DF",967.0,0.0,0.0,,1.0
Florent Mollet,Metz,25.0,"MF,FW",1413.0,7.0,1.0,,1.25
Opa Nguette,Metz,23.0,"FW,MF",1021.0,0.0,0.0,,2.0
Ibrahima Niane,Metz,18.0,"MF,FW",850.0,2.0,0.0,,1.5
Julian Palmieri,Metz,30.0,"DF,MF",1129.0,0.0,0.0,,1.5
Chris Philipps,Metz,23.0,"MF,DF",849.0,0.0,0.0,,1.25
Gerónimo Poblete,Metz,24.0,MF,1658.0,0.0,0.0,,1.5
Emmanuel Rivière,Metz,27.0,FW,2009.0,5.0,2.0,,1.5
Timo Letschert,Sassuolo,24.0,DF,416.0,0.0,0.0,,2.5
Nolan Roux,Metz,29.0,"FW,MF",2834.0,15.0,2.0,,3.5
Vincent Thill,Metz,17.0,"MF,FW",27.0,0.0,0.0,,3.0
Matthieu Udol,Metz,21.0,DF,356.0,0.0,0.0,,0.04
Marcel Benger,M'Gladbach,19.0,MF,2.0,0.0,0.0,,0.0125
Raúl Bobadilla,M'Gladbach,30.0,"FW,MF",449.0,0.0,0.0,,1.75
Mandela Egbo,M'Gladbach,19.0,MF,11.0,0.0,0.0,,0.01
Pablo Insua,Schalke 04,23.0,DF,27.0,0.0,0.0,,2.5
Mike van der Hoorn,Swansea City,24.0,DF,1944.0,1.0,0.0,,2.5
Vincenzo Grifo,M'Gladbach,24.0,"MF,FW",786.0,0.0,3.0,,7.5
Thorgan Hazard,M'Gladbach,24.0,"MF,FW",2939.0,10.0,5.0,,22.0
Patrick Herrmann,M'Gladbach,26.0,"MF,DF",1124.0,0.0,1.0,,4.5
Jonas Hofmann,M'Gladbach,25.0,"MF,FW",1033.0,0.0,3.0,,3.0
Sebastian Langkamp,Werder Bremen,29.0,DF,411.0,0.0,0.0,,2.5
Fabian Johnson,M'Gladbach,29.0,"MF,FW",465.0,1.0,0.0,,4.5
Christoph Kramer,M'Gladbach,26.0,MF,2151.0,3.0,0.0,,12.0
Niklas Moisander,Werder Bremen,31.0,DF,2250.0,2.0,0.0,,2.5
Reece Oxford,M'Gladbach,18.0,"DF,MF",463.0,0.0,0.0,,5.0
Raffael,M'Gladbach,32.0,FW,2071.0,9.0,1.0,,4.0
Tobias Sippel,M'Gladbach,29.0,GK,435.0,0.0,0.0,,0.075
Yann Sommer,M'Gladbach,28.0,GK,2625.0,0.0,0.0,,8.0
Lars Stindl,M'Gladbach,28.0,"FW,MF",2727.0,6.0,3.0,,18.0
Tobias Strobl,M'Gladbach,27.0,MF,115.0,0.0,1.0,,2.0
Ibrahima Traoré,M'Gladbach,29.0,"MF,FW",201.0,0.0,0.0,,3.5
Gianluca Mancini,Atalanta,21.0,DF,684.0,1.0,0.0,,2.0
Julio Villalba,M'Gladbach,18.0,"DF,MF",8.0,0.0,0.0,,0.075
Oscar Wendt,M'Gladbach,31.0,DF,2457.0,1.0,1.0,,2.5
Denis Zakaria,M'Gladbach,20.0,MF,2296.0,2.0,1.0,,20.0
Ignazio Abate,Milan,30.0,DF,1057.0,1.0,0.0,,3.0
Luca Antonelli,Milan,30.0,"DF,MF",144.0,0.0,0.0,,2.0
Lucas Biglia,Milan,31.0,MF,2039.0,1.0,0.0,,15.0
David Zurutuza,Real Sociedad,31.0,MF,2236.0,0.0,2.0,,3.0
Leandro Castán,Cagliari,30.0,DF,1141.0,0.0,1.0,,2.0
Fabio Borini,Milan,26.0,"FW,DF",1610.0,2.0,3.0,,7.0
Davide Calabria,Milan,20.0,DF,1564.0,1.0,2.0,,13.0
Andrea Conti,Milan,23.0,DF,157.0,0.0,0.0,,15.0
Patrick Cutrone,Milan,19.0,FW,1503.0,10.0,1.0,,23.0
Gianluigi Donnarumma,Milan,18.0,GK,3420.0,0.0,0.0,,40.0
Valerio Verre,Sampdoria,23.0,MF,360.0,0.0,1.0,,3.0
Manuel Locatelli,Milan,19.0,MF,684.0,0.0,0.0,,8.0
Jonas Martin,Strasbourg,27.0,"MF,FW",3024.0,4.0,1.0,,3.0
Riccardo Montolivo,Milan,32.0,MF,1087.0,1.0,1.0,,1.5
Luca Ceppitelli,Cagliari,27.0,DF,2227.0,3.0,0.0,,2.0
Ricardo Rodríguez,Milan,24.0,DF,3005.0,1.0,0.0,,15.0
Wesley Lautoa,Dijon,29.0,"DF,MF",621.0,0.0,0.0,,2.0
André Silva,Milan,21.0,FW,940.0,2.0,1.0,,22.0
Suso,Milan,23.0,FW,2830.0,6.0,6.0,,35.0
Emanuele Torrasi,Milan,18.0,MF,6.0,0.0,0.0,,0.005
Anaitz Arbilla,Eibar,30.0,DF,2416.0,2.0,1.0,,2.0
Keita Baldé,Monaco,22.0,"FW,MF",1470.0,8.0,5.0,,30.0
Diego Benaglio,Monaco,33.0,GK,225.0,0.0,0.0,,1.0
Gabriel Boschilia,Monaco,21.0,"FW,MF",85.0,0.0,0.0,,4.5
Guido Carrillo,Monaco,26.0,"FW,MF",426.0,4.0,0.0,,15.0
Adama Diakhaby,Monaco,21.0,"FW,MF",851.0,2.0,2.0,,5.0
Fabinho,Monaco,23.0,MF,3060.0,7.0,3.0,,45.0
Rachid Ghezzal,Monaco,25.0,"FW,MF",987.0,2.0,2.0,,4.0
Alejandro Arribas,La Coruña,28.0,DF,270.0,0.0,0.0,,2.0
Chema,Levante,25.0,DF,2020.0,1.0,0.0,,2.0
Jorge,Monaco,21.0,DF,1919.0,1.0,2.0,,12.0
Sergio Postigo,Levante,28.0,DF,2424.0,1.0,0.0,,2.0
Thomas Lemar,Monaco,21.0,"MF,FW",2377.0,2.0,6.0,,65.0
Rony Lopes,Monaco,21.0,"FW,MF",2532.0,15.0,6.0,,28.0
Kylian Mbappé,Monaco,18.0,"FW,MF",74.0,0.0,0.0,,120.0
Jordi Mboula,Monaco,18.0,"MF,FW",31.0,1.0,0.0,,4.0
Andy King,Swansea City,28.0,MF,715.0,2.0,1.0,,3.0
Yann Bodiger,Toulouse,22.0,"MF,FW",227.0,0.0,0.0,,3.0
Kévin N'Doram,Monaco,21.0,"MF,DF",722.0,0.0,0.0,,6.0
Pietro Pellegri,Monaco,16.0,"FW,MF",25.0,0.0,0.0,,8.0
Júnior Alonso,Lille,24.0,DF,2782.0,2.0,0.0,,2.0
Allan Saint-Maximin,Monaco,20.0,"MF,FW",16.0,0.0,0.0,,20.0
Julien Serrano,Monaco,19.0,DF,280.0,0.0,0.0,,2.0
Djibril Sidibé,Monaco,25.0,DF,2153.0,2.0,4.0,,23.0
Seydou Sy,Monaco,21.0,GK,256.0,0.0,0.0,,0.075
Moussa Sylla,Monaco,17.0,FW,304.0,2.0,1.0,,3.0
Rémi Walter,Troyes,22.0,MF,997.0,0.0,0.0,,3.0
Almamy Touré,Monaco,21.0,DF,1248.0,1.0,0.0,,8.0
Chris Brunt,West Brom,32.0,"MF,DF",1920.0,0.0,7.0,,3.0
Ruben Aguilar,Montpellier,24.0,"DF,MF",2459.0,0.0,3.0,,6.0
Kévin Bérigaud,Montpellier,29.0,"MF,FW",271.0,0.0,0.0,,0.075
Souleymane Camara,Montpellier,34.0,FW,934.0,2.0,1.0,,0.025
Diego González,Málaga,22.0,DF,1427.0,1.0,0.0,,2.0
Leon Balogun,Mainz 05,29.0,DF,1173.0,0.0,0.0,,2.0
Keagan Dolly,Montpellier,24.0,"FW,MF",880.0,1.0,1.0,,1.5
Paul Lasne,Montpellier,28.0,MF,3064.0,1.0,3.0,,2.5
Benjamin Lecomte,Montpellier,26.0,GK,3420.0,0.0,0.0,,6.0
Isaac Mbenza,Montpellier,21.0,"FW,MF",2094.0,8.0,2.0,,3.5
Andrei Girotto,Nantes,25.0,MF,1520.0,1.0,1.0,,2.0
Nordi Mukiele,Montpellier,19.0,DF,2791.0,0.0,1.0,,14.0
Casimir Ninga,Montpellier,24.0,"FW,MF",1286.0,1.0,0.0,,1.5
Ambroise Oyongo,Montpellier,26.0,MF,201.0,0.0,0.0,,0.075
Facundo Píriz,Montpellier,27.0,MF,806.0,0.0,0.0,,1.5
Morgan Poaty,Montpellier,20.0,MF,171.0,0.0,0.0,,0.025
Jérôme Roussillon,Montpellier,24.0,"DF,MF",1882.0,3.0,2.0,,8.0
Junior Sambia,Montpellier,20.0,MF,1542.0,1.0,5.0,,2.5
Stéphane Sessègnon,Montpellier,33.0,MF,985.0,1.0,1.0,,0.07
Giovanni Sio,Montpellier,28.0,FW,2194.0,10.0,3.0,,3.5
Ellyes Skhiri,Montpellier,22.0,MF,3048.0,4.0,0.0,,10.0
David Alcibiade,Nantes,25.0,DF,208.0,0.0,0.0,,0.02
Francesco Vicari,SPAL,22.0,DF,2850.0,0.0,0.0,,2.0
Yacine Bammou,Nantes,25.0,"MF,FW",727.0,3.0,0.0,,1.5
Younès Kaboul,Watford,31.0,DF,150.0,0.0,0.0,,2.0
Kalifa Coulibaly,Nantes,25.0,FW,341.0,1.0,1.0,,3.0
Lamine Sané,Werder Bremen,30.0,DF,786.0,1.0,0.0,,2.0
Maxime Dupé,Nantes,24.0,GK,90.0,0.0,0.0,,0.08
Najib Gandi,Nantes,23.0,"MF,FW",96.0,0.0,0.0,,0.02
Yassine El Ghanassy,Nantes,27.0,"FW,MF",646.0,0.0,0.0,,1.5
Guillaume Gillet,Nantes,33.0,MF,17.0,0.0,0.0,,0.08
José Fonte,West Ham,33.0,DF,688.0,0.0,1.0,,2.0
Jules Iloki,Nantes,25.0,"MF,FW",1415.0,0.0,0.0,,1.25
Joris Kayembe,Nantes,22.0,"FW,MF",89.0,0.0,0.0,,1.0
Augusto Fernández,Atlético Madrid,31.0,"MF,FW",110.0,0.0,0.0,,2.5
Enock Kwateng,Nantes,20.0,DF,90.0,0.0,0.0,,0.06
Lucas Lima,Nantes,25.0,"DF,FW",2657.0,2.0,3.0,,4.5
Andrew Surman,Bournemouth,30.0,MF,1856.0,2.0,5.0,,2.5
Préjuce Nakoulma,Nantes,30.0,FW,1148.0,3.0,0.0,,2.5
Santy Ngom,Nantes,24.0,"FW,MF",466.0,1.0,0.0,,0.05
Víctor Laguardia,Alavés,27.0,DF,1530.0,2.0,0.0,,1.8
Samuel Bastien,Chievo,20.0,"MF,FW",1355.0,1.0,0.0,,2.5
Emiliano Sala,Nantes,26.0,FW,3032.0,12.0,3.0,,12.0
Adrien Thomasson,Nantes,23.0,"MF,FW",2582.0,5.0,3.0,,8.0
Abdoulaye Touré,Nantes,23.0,MF,2809.0,1.0,1.0,,8.0
Thomas Heurtaux,Hellas Verona,29.0,DF,1392.0,0.0,0.0,,1.8
Patric,Lazio,24.0,"DF,MF",592.0,0.0,0.0,,1.8
Ahmad Benali,Crotone,25.0,MF,811.0,1.0,1.0,,2.5
José Callejón,Napoli,30.0,FW,3238.0,10.0,9.0,,24.0
Unai Bustinza,Leganés,25.0,DF,1638.0,2.0,0.0,,1.8
Amadou Diawara,Napoli,20.0,MF,655.0,1.0,0.0,,18.0
Faouzi Ghoulam,Napoli,26.0,DF,985.0,2.0,2.0,,25.0
Emanuele Giaccherini,Napoli,32.0,FW,64.0,0.0,0.0,,1.0
Elseid Hysaj,Napoli,23.0,DF,3125.0,0.0,1.0,,25.0
Lorenzo Insigne,Napoli,26.0,FW,3090.0,8.0,11.0,,60.0
Jorginho,Napoli,25.0,MF,2650.0,2.0,3.0,,50.0
Guillermo Maripán,Alavés,23.0,DF,1531.0,0.0,0.0,,1.5
Christian Maggio,Napoli,35.0,DF,641.0,0.0,0.0,,0.05
Dries Mertens,Napoli,30.0,FW,3002.0,18.0,7.0,,30.0
Arkadiusz Milik,Napoli,23.0,"FW,MF",448.0,5.0,1.0,,20.0
Adam Ounas,Napoli,20.0,"FW,MF",96.0,0.0,0.0,,4.5
Pepe Reina,Napoli,34.0,GK,3330.0,0.0,0.0,,1.0
Gonzalo Escalante,Eibar,24.0,MF,1574.0,1.0,0.0,,2.5
Mário Rui,Napoli,26.0,DF,2087.0,2.0,2.0,,14.0
Luigi Sepe,Napoli,26.0,GK,90.0,0.0,0.0,,1.0
Danilo Avelar,Amiens,28.0,"DF,FW",1727.0,1.0,0.0,,1.5
Rolando Aarons,Newcastle Utd,21.0,"FW,MF",139.0,0.0,0.0,,0.07
Christian Atsu,Newcastle Utd,25.0,"MF,FW",1784.0,2.0,2.0,,6.0
Ismaël Traoré,Angers,30.0,DF,2855.0,3.0,0.0,,1.5
Karl Darlow,Newcastle Utd,26.0,GK,900.0,0.0,0.0,,4.5
Jonathan de Guzmán,Eint Frankfurt,29.0,MF,1092.0,0.0,3.0,,2.5
Paul Dummett,Newcastle Utd,25.0,DF,1602.0,0.0,0.0,,3.5
Rob Elliot,Newcastle Utd,31.0,GK,1440.0,0.0,0.0,,1.5
Jesús Gámez,Newcastle Utd,32.0,DF,98.0,0.0,0.0,,2.0
Dwight Gayle,Newcastle Utd,26.0,FW,1958.0,6.0,3.0,,10.0
Isaac Hayden,Newcastle Utd,22.0,MF,1374.0,1.0,0.0,,7.0
Joselu,Newcastle Utd,27.0,FW,1712.0,4.0,1.0,,4.0
Kenedy,Newcastle Utd,21.0,"MF,FW",1023.0,2.0,2.0,,10.0
Marco Friedl,Bayern Munich,19.0,DF,45.0,0.0,0.0,,1.5
Simone Romagnoli,Bologna,27.0,DF,557.0,0.0,0.0,,1.5
Javier Manquillo,Newcastle Utd,23.0,DF,1758.0,0.0,1.0,,5.0
Nenad Tomović,Chievo,29.0,DF,2301.0,0.0,0.0,,1.5
Fayçal Fajr,Getafe,28.0,"MF,FW",2387.0,1.0,2.0,,2.5
Jacob Murphy,Newcastle Utd,22.0,"FW,MF",1148.0,1.0,1.0,,7.0
Ayoze Pérez,Newcastle Utd,24.0,"MF,FW",2492.0,8.0,5.0,,10.0
Matt Ritchie,Newcastle Utd,27.0,"MF,FW",2804.0,3.0,5.0,,12.0
Henri Saivet,Newcastle Utd,26.0,MF,83.0,1.0,0.0,,2.0
Lewis Holtby,Hamburger SV,26.0,"MF,FW",1196.0,6.0,0.0,,2.5
Islam Slimani,Newcastle Utd,29.0,FW,132.0,0.0,0.0,,18.0
DeAndre Yedlin,Newcastle Utd,24.0,DF,2845.0,0.0,2.0,,8.0
Mario Balotelli,Nice,26.0,FW,2272.0,18.0,1.0,,24.0
Walter Benítez,Nice,24.0,GK,2520.0,0.0,0.0,,3.5
Patrick Burner,Nice,21.0,DF,897.0,0.0,0.0,,2.0
Yoan Cardinale,Nice,23.0,GK,900.0,0.0,0.0,,3.0
Racine Coly,Nice,21.0,DF,617.0,0.0,0.0,,2.5
Philip Billing,Huddersfield,21.0,MF,764.0,0.0,0.0,,2.5
Phil Jagielka,Everton,34.0,DF,2065.0,0.0,0.0,,1.5
Valentin Eysseric,Nice,25.0,"FW,MF",90.0,0.0,0.0,,5.0
Christophe Jallet,Nice,33.0,DF,1173.0,0.0,0.0,,0.05
Yaya Touré,Manchester City,34.0,MF,236.0,0.0,2.0,,2.5
Mickaël Le Bihan,Nice,27.0,"FW,MF",106.0,0.0,0.0,,0.09
Nenad Tomović,Fiorentina,29.0,DF,135.0,0.0,0.0,,1.5
Jean-Victor Makengo,Nice,19.0,"FW,MF",246.0,0.0,0.0,,2.5
Charlie Adam,Stoke City,31.0,MF,411.0,0.0,0.0,,2.5
Vincent Marcel,Nice,20.0,FW,48.0,0.0,0.0,,0.06
Alex Ferrari,Hellas Verona,23.0,DF,2136.0,1.0,0.0,,1.5
Nampalys Mendy,Nice,25.0,MF,964.0,0.0,1.0,,5.0
Romain Perraud,Nice,19.0,MF,1.0,0.0,0.0,,0.015
Ihsan Sacko,Nice,20.0,FW,257.0,0.0,0.0,,2.0
Allan Saint-Maximin,Nice,20.0,"FW,MF",2253.0,3.0,5.0,,20.0
Michael Hefele,Huddersfield,26.0,DF,33.0,0.0,0.0,,1.5
Wesley Sneijder,Nice,33.0,"MF,FW",399.0,0.0,1.0,,4.0
Arnaud Souquet,Nice,25.0,DF,2415.0,0.0,3.0,,4.5
Bassem Srarfi,Nice,20.0,"FW,MF",870.0,3.0,1.0,,3.0
Romain Amalfitano,Dijon,27.0,MF,2703.0,0.0,1.0,,2.0
Dani Alves,Paris S-G,34.0,DF,2065.0,1.0,4.0,,4.0
Alphonse Areola,Paris S-G,24.0,GK,3060.0,0.0,0.0,,15.0
Yuri Berchiche,Paris S-G,27.0,DF,1715.0,2.0,3.0,,17.0
Edinson Cavani,Paris S-G,30.0,FW,2581.0,28.0,5.0,,60.0
Ángel Di María,Paris S-G,29.0,FW,2108.0,11.0,7.0,,40.0
Lassana Diarra,Paris S-G,32.0,MF,606.0,0.0,0.0,,2.5
Julian Draxler,Paris S-G,23.0,"MF,FW",1702.0,4.0,5.0,,35.0
Gonçalo Guedes,Paris S-G,20.0,FW,5.0,0.0,0.0,,40.0
Raúl Albentosa,La Coruña,28.0,DF,1747.0,1.0,0.0,,1.5
Layvin Kurzawa,Paris S-G,24.0,DF,1705.0,2.0,2.0,,20.0
Marc Stendera,Eint Frankfurt,21.0,MF,372.0,0.0,0.0,,2.0
Pedro Bigas,Las Palmas,26.0,DF,893.0,0.0,0.0,,1.5
Stephane Omeonga,Genoa,21.0,"MF,DF",797.0,0.0,0.0,,2.0
Kylian Mbappé,Paris S-G,18.0,FW,2095.0,13.0,9.0,,120.0
Thomas Meunier,Paris S-G,25.0,DF,1577.0,4.0,3.0,,15.0
Thiago Motta,Paris S-G,34.0,MF,1155.0,1.0,1.0,,1.0
Lucas Moura,Paris S-G,24.0,FW,76.0,1.0,1.0,,28.0
Neymar,Paris S-G,25.0,"FW,MF",1797.0,19.0,13.0,,180.0
Christopher Nkunku,Paris S-G,19.0,"FW,MF",633.0,4.0,0.0,,10.0
Javier Pastore,Paris S-G,28.0,"MF,FW",1346.0,4.0,4.0,,15.0
Pedro Mosquera,La Coruña,29.0,MF,1395.0,0.0,2.0,,2.0
Ezequiel Muñoz,Leganés,26.0,DF,1406.0,0.0,1.0,,1.5
Kevin Trapp,Paris S-G,27.0,GK,360.0,0.0,0.0,,8.0
Recio,Málaga,26.0,MF,1835.0,1.0,2.0,,2.0
Timothy Weah,Paris S-G,17.0,FW,124.0,0.0,0.0,,1.0
Jean-Kévin Augustin,RB Leipzig,20.0,FW,1266.0,9.0,5.0,,20.0
Bernardo,RB Leipzig,22.0,DF,1350.0,1.0,1.0,,6.0
Bruma,RB Leipzig,22.0,"MF,FW",1611.0,4.0,2.0,,12.5
Erick Cabaco,Levante,22.0,DF,1039.0,0.0,0.0,,1.5
Diego Demme,RB Leipzig,25.0,MF,2284.0,0.0,3.0,,9.0
Emil Forsberg,RB Leipzig,25.0,"MF,FW",1370.0,2.0,2.0,,25.0
Péter Gulácsi,RB Leipzig,27.0,GK,2970.0,0.0,0.0,,8.0
Marcel Halstenberg,RB Leipzig,25.0,DF,1178.0,2.0,2.0,,8.0
Stefan Ilsanker,RB Leipzig,28.0,"DF,MF",1289.0,0.0,1.0,,4.5
Arnaud Lusamba,Nice,20.0,MF,162.0,0.0,0.0,,2.0
Luca Rizzo,SPAL,25.0,MF,488.0,2.0,0.0,,2.0
Darren Fletcher,Stoke City,33.0,MF,2219.0,1.0,1.0,,2.0
Ignasi Miquel,Málaga,24.0,DF,1772.0,0.0,0.0,,1.5
Dória,Marseille,22.0,DF,77.0,0.0,0.0,,1.5
Dimitri Liénard,Strasbourg,29.0,MF,2601.0,5.0,5.0,,2.0
Ademola Lookman,RB Leipzig,19.0,"MF,FW",574.0,5.0,3.0,,12.0
Yvon Mvogo,RB Leipzig,23.0,GK,90.0,0.0,0.0,,3.0
Fallou Diagne,Metz,27.0,"DF,MF",2240.0,1.0,1.0,,1.5
Yussuf Poulsen,RB Leipzig,23.0,FW,1664.0,4.0,2.0,,10.0
Afriyie Acquah,Torino,25.0,MF,951.0,1.0,0.0,,2.0
Benno Schmitz,RB Leipzig,22.0,DF,82.0,0.0,0.0,,1.0
Dante,Nice,33.0,DF,2920.0,1.0,0.0,,1.5
Timo Werner,RB Leipzig,21.0,FW,2494.0,13.0,7.0,,60.0
Marco Asensio,Real Madrid,21.0,"FW,MF",1845.0,6.0,4.0,,75.0
Gareth Bale,Real Madrid,28.0,"FW,MF",1794.0,16.0,4.0,,90.0
Karim Benzema,Real Madrid,29.0,FW,2149.0,5.0,9.0,,40.0
Casemiro,Real Madrid,25.0,MF,2589.0,5.0,3.0,,60.0
Kiko Casilla,Real Madrid,30.0,GK,900.0,0.0,0.0,,6.0
Somália,Toulouse,28.0,"MF,FW",2001.0,1.0,0.0,,2.0
Achraf Hakimi,Real Madrid,18.0,DF,758.0,2.0,1.0,,5.0
Theo Hernández,Real Madrid,19.0,DF,962.0,0.0,1.0,,15.0
Isco,Real Madrid,25.0,"MF,FW",1766.0,7.0,5.0,,75.0
Álvaro Medrán,Alavés,23.0,"MF,FW",953.0,2.0,0.0,,1.8
Marcos Llorente,Real Madrid,22.0,MF,554.0,0.0,0.0,,12.0
Marcelo,Real Madrid,29.0,DF,2262.0,2.0,6.0,,60.0
Borja Mayoral,Real Madrid,20.0,FW,349.0,3.0,1.0,,7.5
Keylor Navas,Real Madrid,30.0,GK,2430.0,0.0,0.0,,18.0
Florentin Pogba,Saint-Étienne,26.0,DF,321.0,0.0,0.0,,1.5
Cristiano Ronaldo,Real Madrid,32.0,FW,2288.0,26.0,5.0,,100.0
Joachim Andersen,Sampdoria,21.0,DF,546.0,0.0,0.0,,1.5
Matías Silvestre,Sampdoria,32.0,DF,3060.0,1.0,0.0,,1.5
Lucas Vázquez,Real Madrid,26.0,"MF,FW",1688.0,4.0,7.0,,25.0
Luca Zidane,Real Madrid,19.0,GK,90.0,0.0,0.0,,0.03
Imanol Agirretxe,Real Sociedad,30.0,FW,238.0,0.0,0.0,,1.0
Miguel Ángel Moyá,Real Sociedad,33.0,GK,763.0,0.0,0.0,,2.0
Jon Bautista,Real Sociedad,22.0,"FW,MF",188.0,1.0,0.0,,2.0
Sergio Canales,Real Sociedad,26.0,"MF,FW",1934.0,4.0,5.0,,5.0
Bakary Koné,Strasbourg,29.0,DF,2462.0,1.0,0.0,,1.5
Andoni Gorosabel,Real Sociedad,20.0,DF,76.0,0.0,0.0,,1.0
Sebastián Cristóforo,Fiorentina,23.0,MF,268.0,0.0,0.0,,1.8
Asier Illarramendi,Real Sociedad,27.0,MF,3163.0,7.0,5.0,,20.0
Adnan Januzaj,Real Sociedad,22.0,"FW,MF",1566.0,3.0,5.0,,12.0
Willian José,Real Sociedad,25.0,FW,2763.0,15.0,4.0,,25.0
Juanmi,Real Sociedad,24.0,"FW,MF",1489.0,8.0,2.0,,7.5
Alberto de la Bella,Real Sociedad,31.0,DF,1526.0,0.0,1.0,,1.2
Kevin Bonifazi,Torino,21.0,"DF,FW",408.0,0.0,0.0,,1.5
Carlos Martínez,Real Sociedad,31.0,DF,3.0,0.0,0.0,,0.05
Molla Wagué,Udinese,26.0,DF,57.0,0.0,0.0,,1.5
Adrian Mariappa,Watford,30.0,DF,2210.0,0.0,0.0,,1.5
Molla Wagué,Watford,26.0,DF,438.0,1.0,0.0,,1.5
Álvaro Odriozola,Real Sociedad,21.0,DF,2920.0,0.0,4.0,,25.0
Mikel Oyarzabal,Real Sociedad,20.0,"FW,MF",2767.0,12.0,5.0,,35.0
Gaku Shibasaki,Getafe,25.0,"MF,FW",994.0,1.0,0.0,,1.8
Luca Mazzitelli,Sassuolo,21.0,MF,1017.0,0.0,1.0,,1.8
Kévin Rodrigues,Real Sociedad,23.0,DF,1638.0,1.0,2.0,,2.0
Carlos Vela,Real Sociedad,28.0,"FW,MF",393.0,1.0,0.0,,8.5
Igor Zubeldia,Real Sociedad,20.0,MF,1589.0,1.0,2.0,,5.0
Álvaro Medrán,Valencia,23.0,MF,72.0,0.0,0.0,,1.8
Morgan Amalfitano,Rennes,32.0,MF,747.0,0.0,0.0,,0.05
Mehdi Abeid,Dijon,24.0,MF,1176.0,0.0,1.0,,1.75
Ludovic Baal,Rennes,31.0,DF,1159.0,0.0,1.0,,1.0
Ramy Bensebaini,Rennes,22.0,DF,2342.0,0.0,1.0,,8.0
Nicolas Haas,Atalanta,21.0,MF,171.0,0.0,0.0,,1.5
Brandon,Rennes,22.0,"MF,FW",358.0,1.0,0.0,,1.0
Romain Danzé,Rennes,31.0,DF,681.0,0.0,0.0,,0.075
Abdoulaye Diallo,Rennes,25.0,GK,270.0,0.0,0.0,,1.0
Afonso Figueiredo,Rennes,24.0,"DF,FW",223.0,0.0,0.0,,0.08
Marco Friedl,Werder Bremen,19.0,DF,600.0,0.0,0.0,,1.5
Sebastien De Maio,Bologna,30.0,DF,2053.0,2.0,0.0,,1.4
Yoann Gourcuff,Rennes,31.0,"MF,FW",425.0,1.0,1.0,,2.0
Adrien Hunou,Rennes,23.0,"FW,MF",1456.0,5.0,0.0,,3.5
Mikel Rico,Athletic Club,32.0,MF,1173.0,0.0,0.0,,1.5
Wahbi Khazri,Rennes,26.0,"FW,MF",1920.0,9.0,2.0,,10.0
Raïs M'Bolhi,Rennes,31.0,GK,90.0,0.0,0.0,,0.06
Faitout Maouassa,Rennes,19.0,"MF,FW",961.0,0.0,3.0,,4.5
Giancarlo González,Bologna,29.0,DF,1857.0,0.0,0.0,,1.4
Luca Rossettini,Genoa,32.0,DF,2027.0,0.0,0.0,,1.4
Diafra Sakho,Rennes,27.0,FW,779.0,2.0,1.0,,5.0
Jordan Tell,Rennes,20.0,"FW,DF",115.0,1.0,0.0,,0.03
Hamari Traoré,Rennes,25.0,DF,2637.0,0.0,2.0,,6.0
Mehdi Zeffane,Rennes,25.0,"DF,FW",989.0,0.0,1.0,,1.0
Alisson,Roma,24.0,GK,3330.0,0.0,0.0,,60.0
Mirko Antonucci,Roma,18.0,FW,31.0,0.0,1.0,,0.015
Bartosz Salamon,SPAL,26.0,DF,1725.0,0.0,0.0,,1.4
Daniele De Rossi,Roma,34.0,MF,1829.0,1.0,1.0,,3.5
Grégoire Defrel,Roma,26.0,"FW,MF",485.0,1.0,0.0,,10.0
Ádám Lang,Dijon,24.0,DF,233.0,0.0,0.0,,1.25
Alessandro Florenzi,Roma,26.0,DF,2387.0,1.0,3.0,,30.0
Raman Chibsah,Benevento,24.0,MF,1048.0,0.0,0.0,,1.5
Maxime Gonalons,Roma,28.0,MF,1096.0,0.0,1.0,,7.5
Marco Andreolli,Cagliari,31.0,DF,1829.0,0.0,0.0,,1.2
Rick Karsdorp,Roma,22.0,DF,81.0,0.0,0.0,,9.0
Aleksandar Kolarov,Roma,31.0,DF,3060.0,2.0,6.0,,12.0
David Lombán,Eibar,30.0,DF,995.0,1.0,0.0,,1.2
Radja Nainggolan,Roma,29.0,MF,2613.0,4.0,7.0,,45.0
Beram Kayal,Brighton,29.0,MF,745.0,0.0,0.0,,1.5
Bruno Peres,Roma,27.0,DF,1155.0,0.0,0.0,,8.0
Diego Perotti,Roma,29.0,"FW,MF",1609.0,5.0,3.0,,20.0
Patrik Schick,Roma,21.0,FW,992.0,2.0,0.0,,20.0
Stephan El Shaarawy,Roma,24.0,FW,2155.0,7.0,5.0,,20.0
Jonathan Silva,Roma,23.0,DF,112.0,0.0,0.0,,2.8
Marcus Rohdén,Crotone,26.0,MF,1632.0,2.0,0.0,,1.5
Marco Tumminello,Roma,18.0,FW,1.0,0.0,0.0,,1.0
Cengiz Ünder,Roma,20.0,FW,1249.0,7.0,2.0,,27.0
Jonathan Bamba,Saint-Étienne,21.0,"FW,MF",2571.0,7.0,6.0,,8.0
Rémy Cabella,Saint-Étienne,27.0,"MF,FW",2259.0,7.0,5.0,,9.0
Esteban Granero,Espanyol,30.0,"MF,FW",1237.0,1.0,3.0,,1.5
Mathieu Debuchy,Saint-Étienne,32.0,DF,1314.0,4.0,1.0,,4.5
Assane Dioussé,Saint-Étienne,19.0,MF,1345.0,1.0,0.0,,5.0
Romain Hamouma,Saint-Étienne,30.0,"FW,MF",1847.0,5.0,3.0,,2.5
Hernani,Saint-Étienne,23.0,"MF,FW",545.0,3.0,0.0,,4.0
Saidy Janko,Saint-Étienne,21.0,"DF,MF",1422.0,0.0,0.0,,3.0
Davide Biraschi,Genoa,23.0,DF,1796.0,0.0,1.0,,1.2
Cheikh M'Bengue,Saint-Étienne,29.0,DF,488.0,0.0,1.0,,2.0
Yann M'Vila,Saint-Étienne,27.0,MF,1479.0,0.0,0.0,,8.0
Habib Maïga,Saint-Étienne,21.0,"MF,DF",707.0,1.0,0.0,,1.2
Kévin Monnet-Paquet,Saint-Étienne,28.0,"FW,MF",1764.0,2.0,2.0,,2.0
Jessy Moulin,Saint-Étienne,31.0,GK,305.0,0.0,0.0,,0.025
Paul-Georges Ntep,Saint-Étienne,25.0,"FW,MF",512.0,1.0,1.0,,4.0
Vincent Pajot,Saint-Étienne,26.0,MF,1290.0,2.0,2.0,,2.5
Mauro dos Santos,Leganés,28.0,DF,986.0,0.0,0.0,,1.2
Ronaël Pierre-Gabriel,Saint-Étienne,19.0,DF,1171.0,0.0,0.0,,4.0
Per Mertesacker,Arsenal,32.0,DF,366.0,1.0,0.0,,1.0
Stéphane Ruffier,Saint-Étienne,30.0,GK,3113.0,0.0,0.0,,5.0
Gabriel Silva,Saint-Étienne,26.0,DF,2078.0,1.0,1.0,,2.5
Oussama Tannane,Saint-Étienne,23.0,"FW,MF",208.0,0.0,1.0,,1.5
Berat Djimsiti,Benevento,24.0,DF,2700.0,0.0,1.0,,1.0
Igor Lewczuk,Bordeaux,32.0,DF,438.0,0.0,0.0,,1.0
Mike Frantz,Freiburg,30.0,MF,1041.0,0.0,1.0,,1.5
Vid Belec,Sampdoria,27.0,GK,180.0,0.0,0.0,,1.7
Federico Bonazzoli,Sampdoria,20.0,FW,28.0,0.0,0.0,,1.5
Leonardo Capezzi,Sampdoria,22.0,MF,214.0,0.0,1.0,,1.2
Gianluca Caprari,Sampdoria,24.0,"FW,MF",1809.0,5.0,3.0,,7.5
Dawid Kownacki,Sampdoria,20.0,FW,823.0,5.0,2.0,,7.0
Petar Brlek,Genoa,23.0,MF,232.0,0.0,0.0,,1.5
Connor Goldson,Brighton,24.0,DF,200.0,0.0,0.0,,1.0
Nicola Murru,Sampdoria,22.0,DF,1449.0,0.0,1.0,,4.0
Oghenekaro Etebo,Las Palmas,21.0,MF,1215.0,0.0,0.0,,1.5
Christian Puggioni,Sampdoria,36.0,GK,810.0,0.0,0.0,,0.03
Fabio Quagliarella,Sampdoria,34.0,FW,2719.0,19.0,5.0,,2.0
Gastón Ramírez,Sampdoria,26.0,"MF,FW",2214.0,3.0,6.0,,10.0
Vasco Regini,Sampdoria,26.0,DF,1077.0,0.0,0.0,,1.8
Jacopo Sala,Sampdoria,25.0,DF,992.0,0.0,0.0,,1.5
Uwe Hünemeier,Brighton,31.0,DF,18.0,0.0,0.0,,1.0
Lucas Torreira,Sampdoria,21.0,MF,3180.0,4.0,1.0,,30.0
Matty James,Leicester City,26.0,MF,993.0,0.0,0.0,,1.5
Emiliano Viviano,Sampdoria,31.0,GK,2430.0,0.0,0.0,,2.0
Duván Zapata,Sampdoria,26.0,FW,2108.0,11.0,3.0,,20.0
Marco Capuano,Cagliari,25.0,DF,690.0,0.0,0.0,,1.0
Claud Adjapong,Sassuolo,19.0,"DF,MF",1220.0,0.0,0.0,,4.0
Khouma Babacar,Sassuolo,24.0,FW,750.0,2.0,1.0,,8.0
Domenico Berardi,Sassuolo,22.0,FW,2296.0,4.0,2.0,,18.0
Emanuel Cecchini,Málaga,20.0,"MF,DF",30.0,0.0,0.0,,1.5
José Mauri,Milan,21.0,MF,13.0,0.0,0.0,,1.5
Andrea Consigli,Sassuolo,30.0,GK,3316.0,0.0,0.0,,5.0
Cristian Dell'Orco,Sassuolo,23.0,DF,421.0,0.0,0.0,,1.0
Rene Krhin,Nantes,27.0,MF,1313.0,1.0,0.0,,1.5
Diego Falcinelli,Sassuolo,26.0,FW,1314.0,2.0,1.0,,3.8
Marcello Gazzola,Sassuolo,32.0,DF,739.0,0.0,0.0,,0.04
Arlind Ajeti,Crotone,23.0,"DF,MF",1271.0,0.0,1.0,,1.0
Marco Capuano,Crotone,25.0,DF,1407.0,0.0,0.0,,1.0
Damien Delaney,Crystal Palace,36.0,DF,96.0,0.0,0.0,,1.0
Pol Lirola,Sassuolo,19.0,"DF,MF",2025.0,0.0,2.0,,7.5
Francesco Magnanelli,Sassuolo,32.0,MF,2494.0,0.0,0.0,,0.08
Alessandro Matri,Sassuolo,32.0,FW,914.0,3.0,0.0,,0.05
Dominik Kaiser,RB Leipzig,28.0,"MF,DF",277.0,0.0,0.0,,1.5
Simone Missiroli,Sassuolo,31.0,MF,2918.0,1.0,1.0,,2.2
Gianluca Pegolo,Sassuolo,36.0,GK,104.0,0.0,0.0,,0.015
Federico Peluso,Sassuolo,33.0,DF,2594.0,1.0,1.0,,0.08
Nicholas Pierini,Sassuolo,18.0,"FW,MF",43.0,0.0,0.0,,0.04
Matteo Politano,Sassuolo,23.0,FW,2812.0,10.0,4.0,,22.0
Antonino Ragusa,Sassuolo,27.0,"FW,MF",825.0,0.0,1.0,,1.5
Rogério,Sassuolo,19.0,"DF,MF",910.0,0.0,0.0,,2.0
Gianluca Scamacca,Sassuolo,18.0,FW,23.0,0.0,0.0,,0.08
Rubén Pardo,Real Sociedad,24.0,MF,222.0,0.0,1.0,,1.5
Vincent Nogueira,Strasbourg,29.0,MF,65.0,0.0,0.0,,1.5
Guido Burgstaller,Schalke 04,28.0,FW,2324.0,11.0,4.0,,13.0
Daniel Caligiuri,Schalke 04,29.0,"DF,MF",2917.0,6.0,10.0,,7.5
Coke,Schalke 04,30.0,MF,2.0,0.0,0.0,,2.0
Franco Di Santo,Schalke 04,28.0,"FW,MF",1654.0,3.0,1.0,,2.5
Breel Embolo,Schalke 04,20.0,"FW,MF",919.0,3.0,0.0,,18.0
Ralf Fährmann,Schalke 04,28.0,GK,3015.0,0.0,0.0,,13.0
Karim Azamoum,Troyes,27.0,MF,2278.0,1.0,0.0,,1.5
Amine Harit,Schalke 04,20.0,"MF,FW",2043.0,3.0,3.0,,25.0
Marco Russ,Eint Frankfurt,31.0,DF,1145.0,1.0,0.0,,1.0
Óscar Duarte,Espanyol,28.0,DF,990.0,0.0,0.0,,1.0
Jérôme Gondorf,Werder Bremen,29.0,"MF,FW",797.0,1.0,1.0,,1.5
Max Meyer,Schalke 04,21.0,MF,1727.0,0.0,0.0,,18.0
Naldo,Espanyol,28.0,DF,920.0,0.0,0.0,,1.0
Alexander Nübel,Schalke 04,20.0,GK,45.0,0.0,0.0,,0.05
Bastian Oczipka,Schalke 04,28.0,"DF,MF",2320.0,0.0,2.0,,7.0
Marko Pjaca,Schalke 04,22.0,"FW,MF",260.0,2.0,0.0,,15.0
Fabian Reese,Schalke 04,19.0,"FW,MF",75.0,0.0,0.0,,0.075
Alessandro Schöpf,Schalke 04,23.0,"DF,MF",808.0,0.0,0.0,,5.0
Sergio Sánchez,Espanyol,31.0,DF,102.0,0.0,0.0,,1.0
Cedric Teuchert,Schalke 04,20.0,"MF,FW",34.0,0.0,0.0,,1.5
José Alonso Lara,Sevilla,17.0,FW,9.0,0.0,0.0,,0.05
Guilherme Arana,Sevilla,20.0,DF,193.0,0.0,0.0,,5.0
Sam Field,West Brom,19.0,MF,537.0,1.0,0.0,,1.5
Wissam Ben Yedder,Sevilla,26.0,FW,1701.0,9.0,3.0,,28.0
Lionel Carole,Sevilla,26.0,DF,540.0,0.0,1.0,,3.0
Bruno González,Getafe,27.0,DF,1543.0,0.0,2.0,,1.0
Sébastien Corchia,Sevilla,26.0,DF,820.0,0.0,1.0,,4.0
Joaquín Correa,Sevilla,22.0,"FW,MF",1189.0,1.0,2.0,,10.0
Sergio Escudero,Sevilla,27.0,DF,2333.0,0.0,2.0,,7.5
Carlos Fernández,Sevilla,21.0,FW,135.0,1.0,0.0,,1.0
Ganso,Sevilla,27.0,MF,515.0,2.0,1.0,,2.0
Johannes Geis,Sevilla,23.0,"DF,MF",680.0,0.0,1.0,,5.0
Nicolas Viola,Benevento,27.0,MF,1850.0,2.0,6.0,,1.4
Borja Lasso,Sevilla,23.0,MF,53.0,0.0,0.0,,1.0
Miguel Layún,Sevilla,29.0,DF,1187.0,2.0,0.0,,5.0
Andrea Barzagli,Juventus,36.0,DF,1447.0,0.0,1.0,,1.0
Dominic Maroh,Köln,30.0,DF,914.0,0.0,0.0,,1.0
Alessandro Deiola,Cagliari,21.0,MF,449.0,0.0,0.0,,1.3
Walter Montoya,Sevilla,24.0,FW,75.0,0.0,0.0,,4.0
Luis Muriel,Sevilla,26.0,FW,1610.0,7.0,2.0,,12.0
Jesús Navas,Sevilla,31.0,"FW,DF",1765.0,1.0,1.0,,5.0
Nolito,Sevilla,30.0,"FW,MF",1599.0,4.0,5.0,,5.0
Steven Nzonzi,Sevilla,28.0,MF,2216.0,1.0,1.0,,30.0
Maurício,Lazio,28.0,DF,5.0,0.0,0.0,,1.0
Guido Pizarro,Sevilla,27.0,MF,1755.0,1.0,0.0,,7.5
Sandro Ramírez,Sevilla,22.0,"FW,MF",721.0,0.0,1.0,,10.0
Sergio Rico,Sevilla,23.0,GK,2157.0,0.0,0.0,,12.0
Pablo Sarabia,Sevilla,25.0,"FW,MF",2394.0,6.0,5.0,,20.0
David Soria,Sevilla,24.0,GK,1263.0,0.0,0.0,,4.0
Franco Vázquez,Sevilla,28.0,MF,1831.0,4.0,4.0,,7.5
Charlie Austin,Southampton,28.0,FW,1037.0,7.0,0.0,,10.0
Yohan Benalouane,Leicester City,30.0,DF,90.0,0.0,0.0,,1.0
Ryan Bertrand,Southampton,27.0,DF,3135.0,0.0,4.0,,20.0
Sofiane Boufal,Southampton,23.0,"FW,MF",1219.0,2.0,2.0,,12.0
Guido Carrillo,Southampton,26.0,FW,450.0,0.0,1.0,,15.0
Lassana Coulibaly,Angers,21.0,MF,839.0,1.0,1.0,,1.25
Axel Tuanzebe,Manchester Utd,19.0,FW,1.0,0.0,0.0,,1.0
Fraser Forster,Southampton,29.0,GK,1800.0,0.0,0.0,,15.0
Manolo Gabbiadini,Southampton,25.0,"FW,MF",1081.0,5.0,0.0,,12.0
Nicolas Cozza,Montpellier,18.0,"DF,MF",578.0,1.0,2.0,,1.0
Mario Lemina,Southampton,23.0,MF,1720.0,1.0,1.0,,15.0
Shane Long,Southampton,30.0,FW,1582.0,2.0,1.0,,7.0
Alex McCarthy,Southampton,27.0,GK,1620.0,0.0,0.0,,2.5
Sam McQueen,Southampton,22.0,"DF,FW",148.0,0.0,0.0,,1.0
Jérémy Pied,Southampton,28.0,DF,180.0,0.0,1.0,,2.5
Nathan Redmond,Southampton,23.0,"FW,MF",1945.0,1.0,3.0,,18.0
Oriol Romeu,Southampton,25.0,MF,2897.0,1.0,0.0,,12.0
Josh Sims,Southampton,20.0,"FW,MF",163.0,0.0,0.0,,0.075
Cédric Soares,Southampton,25.0,DF,2794.0,0.0,3.0,,15.0
Marvin Compper,RB Leipzig,32.0,DF,90.0,0.0,0.0,,1.0
Matt Targett,Southampton,21.0,DF,166.0,0.0,0.0,,3.0
Jordan Marié,Dijon,25.0,MF,1885.0,1.0,0.0,,1.25
Naldo,Schalke 04,34.0,DF,3060.0,7.0,2.0,,1.0
Mirco Antenucci,SPAL,32.0,FW,2571.0,11.0,4.0,,1.5
Federico Bonazzoli,SPAL,20.0,FW,176.0,0.0,0.0,,1.5
Marco Borriello,SPAL,35.0,FW,773.0,1.0,0.0,,0.04
Daniel Carriço,Sevilla,28.0,DF,461.0,0.0,0.0,,1.0
Filippo Costa,SPAL,22.0,"DF,MF",1473.0,0.0,1.0,,1.0
Steven Fortes,Toulouse,25.0,DF,155.0,0.0,0.0,,1.0
Boukary Dramé,SPAL,32.0,"DF,MF",95.0,0.0,0.0,,0.04
Sergio Floccari,SPAL,35.0,"FW,MF",883.0,3.0,0.0,,0.03
Alfred Gomis,SPAL,23.0,GK,2261.0,0.0,0.0,,3.0
Nicola Rigoni,Chievo,26.0,MF,933.0,0.0,0.0,,1.2
Manuel Lazzari,SPAL,23.0,"DF,MF",3116.0,2.0,1.0,,6.0
Everton Luiz,SPAL,29.0,MF,642.0,0.0,0.0,,2.0
Gabriele Marchegiani,SPAL,21.0,GK,1.0,0.0,0.0,,0.02
Federico Mattiello,SPAL,22.0,DF,2204.0,0.0,0.0,,2.5
Alex Meret,SPAL,20.0,GK,1158.0,0.0,0.0,,12.0
Pasquale Schiattarella,SPAL,30.0,MF,1990.0,1.0,3.0,,1.2
Alberto Paloschi,SPAL,27.0,FW,2184.0,7.0,0.0,,3.5
Emerson Hyndman,Bournemouth,21.0,MF,58.0,0.0,0.0,,1.0
Jimmy Giraudon,Troyes,25.0,DF,2093.0,0.0,0.0,,1.0
Fabrizio Caligara,Cagliari,17.0,MF,18.0,0.0,0.0,,1.0
Vincent Sierro,Freiburg,21.0,"MF,FW",213.0,0.0,0.0,,1.0
Gabriele Angella,Udinese,28.0,DF,893.0,0.0,0.0,,1.0
Rúben Semedo,Villarreal,23.0,"DF,MF",229.0,0.0,0.0,,1.0
Luca Rigoni,Genoa,32.0,"MF,FW",1574.0,2.0,2.0,,1.0
Federico Viviani,SPAL,25.0,MF,2480.0,3.0,3.0,,3.5
Aleix García,Girona,20.0,MF,863.0,1.0,0.0,,1.0
Ibrahim Afellay,Stoke City,31.0,MF,166.0,0.0,0.0,,1.5
Marcel Büchel,Hellas Verona,26.0,MF,1696.0,0.0,0.0,,1.0
Moritz Bauer,Stoke City,25.0,"DF,MF",1306.0,0.0,0.0,,5.0
Saido Berahino,Stoke City,23.0,FW,494.0,0.0,1.0,,8.0
Jack Butland,Stoke City,24.0,GK,3150.0,0.0,0.0,,22.0
Geoff Cameron,Stoke City,32.0,"DF,MF",1525.0,0.0,0.0,,2.5
Peter Crouch,Stoke City,36.0,FW,1567.0,5.0,2.0,,1.0
Tom Edwards,Stoke City,18.0,DF,481.0,0.0,0.0,,1.0
Mattia Valoti,Hellas Verona,23.0,"MF,FW",1577.0,3.0,0.0,,1.0
Lee Grant,Stoke City,34.0,GK,270.0,0.0,0.0,,1.0
Stephen Ireland,Stoke City,30.0,MF,131.0,0.0,0.0,,1.0
Jesé,Stoke City,24.0,"FW,MF",614.0,1.0,1.0,,7.5
Glen Johnson,Stoke City,32.0,DF,547.0,0.0,0.0,,2.5
Luca Caldirola,Werder Bremen,26.0,DF,90.0,0.0,0.0,,1.0
Eric Maxim Choupo-Moting,Stoke City,28.0,"FW,MF",2314.0,5.0,5.0,,8.0
Cafú,Metz,24.0,MF,679.0,0.0,0.0,,1.0
Julien Ngoy,Stoke City,19.0,"FW,MF",20.0,0.0,0.0,,0.025
Erik Pieters,Stoke City,28.0,"DF,MF",2718.0,0.0,1.0,,6.0
Xherdan Shaqiri,Stoke City,25.0,"FW,MF",3039.0,8.0,7.0,,18.0
Gareth McAuley,West Brom,37.0,DF,458.0,0.0,0.0,,1.0
Ramadan Sobhi,Stoke City,20.0,"MF,FW",1238.0,2.0,0.0,,7.0
Josh Tymon,Stoke City,18.0,DF,163.0,0.0,0.0,,2.0
James Collins,West Ham,33.0,DF,1050.0,1.0,0.0,,1.0
Jean-Claude Billong,Benevento,23.0,DF,294.0,0.0,0.0,,0.09
Jean-Eudes Aholou,Strasbourg,23.0,MF,3006.0,5.0,0.0,,3.0
Stéphane Bahoken,Strasbourg,25.0,FW,1663.0,7.0,1.0,,3.0
Jérémy Blayac,Strasbourg,34.0,"FW,MF",916.0,3.0,1.0,,0.025
Landry Bonnefoi,Strasbourg,33.0,GK,272.0,0.0,0.0,,0.025
Benjamin Corgnet,Strasbourg,30.0,"MF,FW",1376.0,0.0,2.0,,1.0
Nuno da Costa,Strasbourg,26.0,"FW,MF",1726.0,5.0,3.0,,2.0
Dimitri Foulquier,Strasbourg,24.0,DF,1241.0,0.0,2.0,,2.0
Renaud Cohade,Metz,32.0,MF,3298.0,1.0,3.0,,1.0
Jérémy Grimm,Strasbourg,30.0,MF,811.0,1.0,0.0,,0.06
Bingourou Kamara,Strasbourg,20.0,GK,1691.0,0.0,0.0,,2.5
Jawad El Yamiq,Genoa,25.0,DF,360.0,0.0,0.0,,0.09
Kenny Lala,Strasbourg,25.0,DF,2724.0,3.0,5.0,,5.0
Édgar Barreto,Sampdoria,33.0,MF,1965.0,1.0,2.0,,1.0
Luca Antei,Benevento,25.0,DF,592.0,0.0,0.0,,0.08
Leon Britton,Swansea City,34.0,MF,302.0,0.0,0.0,,1.0
Pedro Alcalá,Girona,28.0,DF,688.0,1.0,0.0,,0.08
Tristan Dingomé,Troyes,26.0,MF,1167.0,0.0,0.0,,1.0
Alexandre Oukidja,Strasbourg,29.0,GK,1457.0,0.0,0.0,,0.07
Idriss Saadi,Strasbourg,25.0,FW,939.0,4.0,0.0,,2.0
Ihsan Sacko,Strasbourg,20.0,"FW,MF",709.0,0.0,1.0,,2.0
Matteo Bianchetti,Hellas Verona,24.0,DF,124.0,0.0,0.0,,0.08
Antonio Caracciolo,Hellas Verona,27.0,DF,2857.0,2.0,4.0,,0.08
Martin Terrier,Strasbourg,20.0,"FW,MF",1671.0,3.0,2.0,,9.0
Josip Brekalo,Stuttgart,19.0,"MF,FW",726.0,1.0,1.0,,5.5
Jacob Bruun Larsen,Stuttgart,18.0,"MF,DF",107.0,0.0,0.0,,0.05
Mario Gómez,Stuttgart,32.0,FW,1385.0,8.0,0.0,,6.0
Simon Terodde,Stuttgart,29.0,FW,955.0,2.0,1.0,,2.5
Erik Thommy,Stuttgart,22.0,"MF,FW",980.0,2.0,4.0,,5.0
Tammy Abraham,Swansea City,19.0,"FW,MF",1726.0,5.0,1.0,,10.0
André Ayew,Swansea City,27.0,"FW,MF",950.0,0.0,2.0,,15.0
Jordan Ayew,Swansea City,25.0,"FW,MF",2852.0,7.0,2.0,,8.0
Jonathan Rivierez,Metz,28.0,DF,2064.0,0.0,1.0,,0.08
Wilfried Bony,Swansea City,28.0,FW,707.0,2.0,0.0,,10.0
Ben Watson,Watford,32.0,MF,456.0,0.0,0.0,,1.0
Josh Cullen,West Ham,21.0,"FW,MF",8.0,0.0,0.0,,1.0
Loïc Puyo,Angers,28.0,MF,171.0,0.0,0.0,,0.09
Elio Capradossi,Roma,21.0,DF,83.0,0.0,0.0,,0.08
Nathan Dyer,Swansea City,29.0,"MF,FW",1307.0,0.0,0.0,,2.5
Leroy Fer,Swansea City,27.0,MF,1397.0,1.0,1.0,,8.0
Nicolás Pareja,Sevilla,33.0,DF,405.0,0.0,0.0,,0.08
Zinédine Machach,Toulouse,21.0,"FW,MF",192.0,1.0,0.0,,0.09
Svante Ingelsson,Udinese,19.0,MF,325.0,1.0,1.0,,0.09
Thiago Cionek,SPAL,31.0,DF,1350.0,1.0,0.0,,0.08
Oliver McBurnie,Swansea City,21.0,FW,276.0,0.0,1.0,,1.0
Guessouma Fofana,Amiens,24.0,MF,745.0,0.0,0.0,,0.08
Luciano Narsingh,Swansea City,26.0,"FW,MF",625.0,1.0,0.0,,5.0
Kyle Naughton,Swansea City,28.0,DF,3030.0,0.0,2.0,,5.0
Martin Olsson,Swansea City,29.0,"DF,MF",3149.0,0.0,1.0,,5.0
Connor Roberts,Swansea City,21.0,MF,268.0,0.0,0.0,,1.0
Wayne Routledge,Swansea City,32.0,"MF,FW",429.0,0.0,0.0,,1.5
Ledian Memushaj,Benevento,30.0,MF,1258.0,0.0,0.0,,0.08
Michael Krohn-Dehli,La Coruña,34.0,MF,726.0,0.0,0.0,,0.08
Cristian Ansaldi,Torino,30.0,"DF,MF",1872.0,1.0,3.0,,5.0
Antonio Barreca,Torino,22.0,"DF,MF",468.0,0.0,0.0,,3.5
Gabriel Peñalba,Las Palmas,32.0,MF,570.0,0.0,1.0,,0.08
Andrea Belotti,Torino,23.0,FW,2683.0,10.0,5.0,,38.0
Álex Berenguer,Torino,22.0,FW,1043.0,1.0,3.0,,5.0
Pablo Martinez,Strasbourg,28.0,DF,2115.0,0.0,1.0,,0.08
Lucas Boyé,Torino,21.0,"FW,MF",155.0,0.0,0.0,,1.5
Rolando,Marseille,31.0,DF,2511.0,1.0,0.0,,0.075
Daniel Congré,Montpellier,32.0,DF,2635.0,1.0,0.0,,0.075
Lorenzo De Silvestri,Torino,29.0,"DF,MF",2955.0,5.0,2.0,,4.0
Simone Edera,Torino,20.0,FW,327.0,1.0,1.0,,1.5
Iago Falque,Torino,27.0,FW,2821.0,12.0,8.0,,13.0
Michael Krohn-Dehli,Sevilla,34.0,"MF,FW",540.0,1.0,0.0,,0.08
Mehdi Tahrat,Angers,27.0,MF,437.0,0.0,0.0,,0.07
Vanja Milinković-Savić,Torino,20.0,GK,90.0,0.0,0.0,,2.0
Cristian Molinaro,Torino,34.0,DF,1564.0,0.0,1.0,,0.03
Andrea Costa,Benevento,31.0,DF,1375.0,0.0,0.0,,0.07
M'Baye Niang,Torino,22.0,FW,1532.0,4.0,2.0,,10.0
Samuel Gustafson,Torino,22.0,"MF,FW",77.0,0.0,0.0,,0.08
Tomás Rincón,Torino,29.0,MF,2995.0,1.0,0.0,,8.0
Umar Sadiq,Torino,20.0,FW,225.0,0.0,0.0,,1.8
Salvatore Sirigu,Torino,30.0,GK,3330.0,0.0,0.0,,6.0
Mirko Valdifiori,Torino,31.0,MF,618.0,0.0,0.0,,1.0
Davide Zappacosta,Torino,25.0,DF,96.0,0.0,0.0,,20.0
Fabio Pisacane,Cagliari,31.0,DF,1927.0,0.0,0.0,,0.07
Dele Alli,Tottenham,21.0,"MF,FW",2958.0,9.0,10.0,,100.0
Serge Aurier,Tottenham,24.0,DF,1429.0,2.0,2.0,,20.0
Ben Davies,Tottenham,24.0,DF,2324.0,2.0,6.0,,25.0
Jan Morávek,Augsburg,27.0,MF,702.0,0.0,0.0,,0.075
Noë Dussenne,Crotone,25.0,DF,84.0,0.0,0.0,,0.07
Christian Eriksen,Tottenham,25.0,"MF,FW",3218.0,10.0,10.0,,80.0
Paulo Gazzaniga,Tottenham,25.0,GK,90.0,0.0,0.0,,1.0
Vincent Janssen,Tottenham,23.0,DF,1.0,0.0,0.0,,9.0
Harry Kane,Tottenham,24.0,FW,3076.0,30.0,2.0,,150.0
Fernando Llorente,Tottenham,32.0,"FW,DF",238.0,1.0,0.0,,7.0
Hugo Lloris,Tottenham,30.0,GK,3240.0,0.0,0.0,,25.0
Lucas Moura,Tottenham,24.0,FW,210.0,0.0,1.0,,28.0
Danny Rose,Tottenham,27.0,"DF,MF",800.0,0.0,1.0,,30.0
Samuel Souprayen,Hellas Verona,28.0,DF,1582.0,0.0,0.0,,0.07
Daniele Dessena,Cagliari,30.0,"MF,DF",573.0,0.0,0.0,,0.07
Kieran Trippier,Tottenham,26.0,"DF,MF",1914.0,0.0,5.0,,20.0
Aythami Artiles,Las Palmas,31.0,DF,185.0,0.0,0.0,,0.07
Michel Vorm,Tottenham,33.0,GK,90.0,0.0,0.0,,2.5
Kyle Walker-Peters,Tottenham,20.0,DF,189.0,0.0,2.0,,3.0
Victor Wanyama,Tottenham,26.0,MF,846.0,1.0,0.0,,30.0
Harry Winks,Tottenham,21.0,MF,774.0,0.0,1.0,,15.0
Kelvin Amian,Toulouse,19.0,DF,3154.0,1.0,1.0,,5.0
Alexis Blin,Toulouse,20.0,MF,1886.0,1.0,3.0,,6.0
Alberto Aquilani,Las Palmas,33.0,MF,1298.0,0.0,0.0,,0.07
Quentin Boisgard,Toulouse,20.0,"MF,FW",179.0,0.0,0.0,,0.005
Yannick Cahuzac,Toulouse,32.0,MF,1517.0,0.0,0.0,,0.075
Andy Delort,Toulouse,25.0,FW,2334.0,5.0,4.0,,4.0
Lars Lukas Mai,Bayern Munich,17.0,DF,180.0,0.0,0.0,,0.06
Jimmy Durmaz,Toulouse,28.0,"MF,FW",1030.0,3.0,3.0,,2.0
Leandro Cabrera,Crotone,26.0,DF,365.0,0.0,0.0,,0.06
Max Gradel,Toulouse,29.0,"FW,MF",2415.0,8.0,3.0,,7.0
Giannelli Imbula,Toulouse,24.0,MF,2244.0,1.0,0.0,,6.0
Corentin Jean,Toulouse,22.0,"MF,FW",1688.0,1.0,3.0,,2.5
Leandro Cabrera,Getafe,26.0,DF,720.0,0.0,0.0,,0.06
Alban Lafont,Toulouse,18.0,GK,3420.0,0.0,0.0,,18.0
Luca Mora,SPAL,29.0,MF,934.0,0.0,1.0,,0.07
Clément Michelin,Toulouse,20.0,"DF,FW",275.0,0.0,0.0,,1.25
François Moubandje,Toulouse,27.0,DF,1700.0,0.0,0.0,,2.5
Ibrahim Sangaré,Toulouse,19.0,MF,1589.0,1.0,1.0,,5.0
Yaya Sanogo,Toulouse,24.0,FW,1515.0,6.0,1.0,,2.0
Franco Zuculini,Hellas Verona,26.0,MF,329.0,0.0,0.0,,0.06
Issiaga Sylla,Toulouse,23.0,"DF,MF",1602.0,1.0,3.0,,3.0
Ola Toivonen,Toulouse,31.0,"FW,MF",798.0,0.0,1.0,,1.5
Steeve Yago,Toulouse,24.0,DF,1577.0,0.0,0.0,,2.0
Rominigue Kouamé,Lille,20.0,"DF,MF",200.0,0.0,0.0,,0.06
François Bellugou,Troyes,30.0,MF,2177.0,0.0,0.0,,1.5
Chaouki Ben Saada,Troyes,33.0,"FW,MF",341.0,0.0,0.0,,0.05
Jérémy Cordoval,Troyes,27.0,DF,919.0,0.0,1.0,,1.0
Stéphane Darbion,Troyes,33.0,"FW,MF",1705.0,3.0,2.0,,0.05
Mathieu Deplagne,Troyes,25.0,DF,2411.0,0.0,2.0,,1.25
Emil Hallfreðsson,Udinese,33.0,MF,764.0,0.0,0.0,,0.06
Ernest Seka,Strasbourg,30.0,DF,2179.0,1.0,1.0,,0.06
Samuel Grandsir,Troyes,20.0,"FW,MF",2604.0,3.0,4.0,,5.0
Khaled Adénon,Amiens,32.0,DF,2921.0,0.0,1.0,,0.05
Saîf-Eddine Khaoui,Troyes,22.0,"MF,FW",1955.0,5.0,1.0,,5.0
Bryan Mbeumo,Troyes,17.0,"FW,MF",64.0,0.0,0.0,,0.03
Adama Niane,Troyes,24.0,FW,2166.0,8.0,2.0,,3.0
Benjamin Nivet,Troyes,40.0,"MF,FW",1371.0,2.0,2.0,,0.025
Johann Obiang,Troyes,24.0,DF,470.0,0.0,0.0,,0.09
Bryan Pelé,Troyes,25.0,"FW,MF",1616.0,2.0,2.0,,1.0
Mamadou Samassa,Troyes,27.0,GK,1890.0,0.0,0.0,,2.5
Jonathan Tinhan,Troyes,28.0,"FW,MF",72.0,0.0,0.0,,0.09
Iván Ramis,Eibar,32.0,DF,1302.0,3.0,0.0,,0.05
Aiden O'Neill,Burnley,19.0,MF,1.0,0.0,0.0,,0.05
Erwin Zelazny,Troyes,25.0,GK,1530.0,0.0,0.0,,0.05
Felipe,Hannover 96,30.0,DF,457.0,0.0,0.0,,0.05
Riad Bajić,Udinese,23.0,"FW,MF",80.0,0.0,0.0,,4.0
Valon Behrami,Udinese,32.0,MF,1398.0,1.0,0.0,,1.0
Albano Bizzarri,Udinese,39.0,GK,2880.0,0.0,0.0,,0.02
Gianluca Gaudino,Chievo,20.0,MF,18.0,0.0,0.0,,0.05
Giovanni Crociata,Crotone,19.0,"FW,MF",290.0,1.0,0.0,,0.05
Enzo Loiodice,Dijon,16.0,MF,167.0,0.0,0.0,,0.05
Vasilije Janjicic,Hamburger SV,18.0,MF,320.0,0.0,0.0,,0.05
Samuel Moutoussamy,Nantes,20.0,MF,431.0,0.0,0.0,,0.05
Kevin Lasagna,Udinese,24.0,"FW,MF",2130.0,12.0,2.0,,7.5
Maxi López,Udinese,33.0,FW,1684.0,2.0,2.0,,0.05
Ryder Matos,Udinese,24.0,MF,170.0,0.0,0.0,,1.3
Martin Cranie,Huddersfield,30.0,"DF,MF",180.0,0.0,0.0,,0.05
Stipe Perica,Udinese,22.0,"FW,MF",943.0,1.0,0.0,,2.4
Giuseppe Pezzella,Udinese,19.0,DF,903.0,0.0,0.0,,3.0
Simone Pontisso,Udinese,20.0,MF,10.0,0.0,0.0,,0.02
Simone Scuffet,Udinese,21.0,GK,540.0,0.0,0.0,,3.0
Jens Stryger Larsen,Udinese,26.0,DF,2531.0,1.0,1.0,,2.0
Cyril Théréau,Udinese,34.0,FW,180.0,2.0,0.0,,1.0
Martín Mantovani,Leganés,33.0,DF,1021.0,1.0,0.0,,0.05
Silvan Widmer,Udinese,24.0,"DF,MF",1625.0,3.0,2.0,,8.5
Francesco Zampano,Udinese,23.0,"DF,MF",412.0,0.0,1.0,,1.8
João Cancelo,Valencia,23.0,MF,90.0,0.0,0.0,,35.0
Francis Coquelin,Valencia,26.0,"MF,DF",657.0,1.0,0.0,,12.0
Jaume Doménech,Valencia,26.0,GK,450.0,0.0,0.0,,2.5
Kouadio-Yves Dabila,Lille,20.0,DF,944.0,0.0,0.0,,0.05
Nacho Gil,Valencia,21.0,"MF,FW",230.0,0.0,0.0,,0.08
Gonçalo Guedes,Valencia,20.0,"MF,FW",2435.0,5.0,7.0,,40.0
Mattia Vitale,SPAL,19.0,MF,98.0,0.0,0.0,,0.05
Toni Lato,Valencia,19.0,DF,798.0,0.0,1.0,,8.0
Anthony Gonçalves,Strasbourg,31.0,"MF,FW",1758.0,0.0,2.0,,0.05
Santi Mina,Valencia,21.0,FW,1560.0,12.0,2.0,,20.0
Martín Montoya,Valencia,26.0,DF,2152.0,0.0,4.0,,8.0
Andrea Raggi,Monaco,33.0,DF,1606.0,1.0,0.0,,0.05
Neto,Valencia,28.0,GK,2970.0,0.0,0.0,,15.0
Kader Mangane,Strasbourg,34.0,DF,1718.0,1.0,0.0,,0.05
Andreas Pereira,Valencia,21.0,"MF,FW",1083.0,1.0,3.0,,6.0
Rodrigo,Valencia,26.0,FW,2670.0,16.0,4.0,,40.0
Jay Fulton,Swansea City,23.0,MF,19.0,0.0,0.0,,0.05
Oswaldo Vizcarrondo,Troyes,33.0,DF,1716.0,0.0,0.0,,0.05
Nacho Vidal,Valencia,22.0,DF,447.0,1.0,0.0,,1.0
Luciano Vietto,Valencia,23.0,FW,535.0,2.0,1.0,,6.0
Simone Zaza,Valencia,26.0,FW,2074.0,13.0,2.0,,22.0
Sergio Asenjo,Villarreal,28.0,GK,2070.0,0.0,0.0,,8.0
Carlos Bacca,Villarreal,30.0,FW,2477.0,15.0,5.0,,10.0
Cédric Bakambu,Villarreal,26.0,FW,1258.0,9.0,0.0,,22.0
Mariano Barbosa,Villarreal,33.0,GK,1125.0,0.0,0.0,,0.08
Pau Torres,Villarreal,20.0,"DF,MF",53.0,0.0,0.0,,0.05
Samu Castillejo,Villarreal,22.0,"MF,FW",2066.0,6.0,5.0,,15.0
Denis Cheryshev,Villarreal,26.0,"MF,FW",931.0,2.0,1.0,,3.0
Chuca,Villarreal,20.0,MF,90.0,0.0,0.0,,0.05
Jaume Costa,Villarreal,29.0,DF,2544.0,0.0,0.0,,9.0
Salem Al-Dawsari,Villarreal,25.0,MF,33.0,0.0,0.0,,0.08
Andrés Fernández,Villarreal,30.0,GK,225.0,0.0,0.0,,0.08
Pablo Fornals,Villarreal,21.0,"MF,FW",2615.0,3.0,9.0,,25.0
Javi Fuego,Villarreal,33.0,MF,541.0,0.0,0.0,,1.0
Mario Gaspar,Villarreal,26.0,DF,2806.0,2.0,3.0,,18.0
Adrián Diéguez,Alavés,21.0,DF,435.0,0.0,0.0,,0.04
Mario González,Villarreal,21.0,FW,20.0,0.0,0.0,,0.02
Lorenzo Del Pinto,Benevento,27.0,MF,760.0,0.0,0.0,,0.04
Adrián Marín,Villarreal,20.0,DF,233.0,0.0,0.0,,1.0
Roger Martínez,Villarreal,23.0,FW,235.0,1.0,0.0,,2.5
Alfred N'Diaye,Villarreal,27.0,"DF,MF",102.0,0.0,0.0,,5.0
Darío Poveda,Villarreal,20.0,FW,3.0,0.0,0.0,,0.02
Dani Raba,Villarreal,21.0,"MF,FW",1110.0,2.0,4.0,,2.0
Rodri,Villarreal,21.0,MF,3227.0,1.0,3.0,,25.0
Fabio Lucioni,Benevento,29.0,DF,720.0,0.0,0.0,,0.04
Antonio Rukavina,Villarreal,33.0,DF,1275.0,0.0,0.0,,1.0
Nicola Sansone,Villarreal,25.0,"FW,MF",649.0,5.0,1.0,,7.5
Domenico Maietta,Bologna,34.0,DF,468.0,0.0,0.0,,0.04
Niccolò Zanellato,Crotone,19.0,MF,75.0,0.0,0.0,,0.04
Nicolás Spolli,Genoa,34.0,DF,1798.0,0.0,0.0,,0.04
Simone Calvano,Hellas Verona,24.0,MF,644.0,0.0,0.0,,0.04
Enes Ünal,Villarreal,20.0,FW,1134.0,5.0,1.0,,8.0
Nordin Amrabat,Watford,30.0,FW,198.0,0.0,0.0,,3.0
Anthony Walongwa,Nantes,23.0,DF,90.0,0.0,0.0,,0.04
Étienne Capoue,Watford,29.0,MF,1542.0,1.0,0.0,,8.0
André Carrillo,Watford,26.0,"FW,MF",1540.0,1.0,2.0,,6.0
Michele Cremonesi,SPAL,29.0,DF,385.0,0.0,0.0,,0.04
Nathaniel Chalobah,Watford,22.0,MF,447.0,0.0,0.0,,5.0
Toni Moya,Atlético Madrid,19.0,DF,4.0,0.0,0.0,,0.03
Troy Deeney,Watford,29.0,FW,1844.0,5.0,2.0,,10.0
Gerard Deulofeu,Watford,23.0,"FW,MF",435.0,1.0,0.0,,14.0
Mehdi Léris,Chievo,19.0,"MF,FW",42.0,0.0,0.0,,0.03
Kiko Femenía,Watford,26.0,"DF,MF",1713.0,1.0,1.0,,5.0
Heurelho Gomes,Watford,36.0,GK,2128.0,0.0,0.0,,1.0
Andre Gray,Watford,26.0,FW,1498.0,5.0,2.0,,15.0
Imanol Sarriegi,Eibar,22.0,"MF,FW",43.0,0.0,0.0,,0.03
Daryl Janmaat,Watford,28.0,DF,1820.0,3.0,0.0,,6.0
Sauli Väisänen,SPAL,23.0,DF,541.0,0.0,0.0,,0.04
Yoann Salmier,Strasbourg,24.0,DF,1107.0,0.0,1.0,,0.04
Orestis Karnezis,Watford,32.0,GK,1292.0,0.0,0.0,,3.0
Dodi Lukebakio,Watford,19.0,MF,16.0,0.0,0.0,,3.0
Dario Dainelli,Chievo,38.0,DF,1507.0,0.0,0.0,,0.03
Stefano Okaka,Watford,27.0,"FW,MF",453.0,1.0,1.0,,5.0
Roberto Pereyra,Watford,26.0,"MF,FW",1624.0,5.0,2.0,,10.0
Nicolás Burdisso,Torino,36.0,DF,2069.0,0.0,0.0,,0.03
Richarlison,Watford,20.0,"FW,MF",2823.0,5.0,4.0,,25.0
Jerome Sinclair,Watford,20.0,"MF,FW",31.0,0.0,0.0,,1.5
Emiliano Moretti,Torino,36.0,DF,1782.0,0.0,0.0,,0.03
Nikolas Nartey,Köln,17.0,MF,7.0,0.0,0.0,,0.03
Marvin Zeegelaar,Watford,26.0,"DF,MF",994.0,0.0,1.0,,3.0
Ludwig Augustinsson,Werder Bremen,23.0,"DF,MF",2532.0,1.0,1.0,,7.5
Philipp Bargfrede,Werder Bremen,28.0,MF,1859.0,1.0,1.0,,2.0
Fin Bartels,Werder Bremen,30.0,FW,1121.0,2.0,3.0,,2.5
Robert Bauer,Werder Bremen,22.0,DF,956.0,0.0,0.0,,2.5
Ishak Belfodil,Werder Bremen,25.0,FW,1350.0,4.0,1.0,,5.5
Alessandro Gamberini,Chievo,35.0,DF,1815.0,0.0,0.0,,0.025
Edu Expósito,La Coruña,20.0,MF,97.0,0.0,0.0,,0.03
Johannes Eggestein,Werder Bremen,19.0,"FW,MF",99.0,0.0,0.0,,0.05
Sulley Muntari,La Coruña,32.0,MF,402.0,0.0,0.0,,0.03
Cédric Varrault,Dijon,37.0,DF,883.0,1.0,0.0,,0.025
Ulisses Garcia,Werder Bremen,21.0,DF,90.0,0.0,0.0,,0.04
Theodor Gebre Selassie,Werder Bremen,30.0,"DF,MF",2828.0,3.0,0.0,,2.5
Jon Guridi,Real Sociedad,22.0,"MF,FW",55.0,0.0,0.0,,0.03
Aron Jóhannsson,Werder Bremen,26.0,"MF,FW",276.0,1.0,0.0,,1.75
Florian Kainz,Werder Bremen,24.0,"MF,FW",1712.0,3.0,3.0,,4.0
Ole Käuper,Werder Bremen,20.0,MF,73.0,0.0,0.0,,0.045
Max Kruse,Werder Bremen,29.0,FW,2453.0,6.0,6.0,,12.0
Yann Aurel Bisseck,Köln,16.0,"DF,FW",156.0,0.0,0.0,,0.025
Jérémy Morel,Lyon,33.0,DF,2916.0,0.0,0.0,,0.025
Milot Rashica,Werder Bremen,21.0,"FW,MF",384.0,1.0,0.0,,7.0
Santiago Gentiletti,Genoa,32.0,DF,291.0,0.0,0.0,,0.02
Gareth Barry,West Brom,36.0,MF,1923.0,1.0,1.0,,1.0
Nicolas Janvier,Rennes,18.0,"MF,FW",76.0,0.0,0.0,,0.03
Oliver Burke,West Brom,20.0,"FW,MF",367.0,0.0,2.0,,10.0
Nacer Chadli,West Brom,27.0,"FW,MF",260.0,1.0,0.0,,10.0
Stephan Ambrosius,Hamburger SV,18.0,DF,45.0,0.0,0.0,,0.02
Deian Boldor,Hellas Verona,22.0,DF,90.0,0.0,0.0,,0.02
Ramiro Guerra,Villarreal,20.0,MF,74.0,0.0,0.0,,0.03
Ben Foster,West Brom,34.0,GK,3330.0,0.0,0.0,,3.0
Kieran Gibbs,West Brom,27.0,DF,2827.0,0.0,1.0,,8.0
Florent Balmont,Dijon,37.0,MF,860.0,1.0,2.0,,0.025
Grzegorz Krychowiak,West Brom,27.0,MF,1641.0,0.0,2.0,,18.0
Jake Livermore,West Brom,27.0,MF,2674.0,2.0,2.0,,9.0
Gerzino Nyamsi,Rennes,20.0,DF,270.0,0.0,0.0,,0.02
James McClean,West Brom,28.0,"MF,FW",1406.0,1.0,0.0,,3.0
Dean Whitehead,Huddersfield,35.0,MF,71.0,0.0,0.0,,0.025
Boaz Myhill,West Brom,34.0,GK,90.0,0.0,0.0,,1.0
Allan Nyom,West Brom,29.0,DF,2310.0,0.0,1.0,,4.5
Matt Phillips,West Brom,26.0,"MF,FW",2093.0,2.0,2.0,,9.0
Hal Robson-Kanu,West Brom,28.0,"FW,MF",827.0,2.0,0.0,,2.5
Salomón Rondón,West Brom,27.0,FW,2767.0,7.0,3.0,,13.0
Daniel Sturridge,West Brom,27.0,FW,118.0,0.0,0.0,,15.0
Claudio Yacob,West Brom,30.0,MF,903.0,0.0,0.0,,3.5
Adrián,West Ham,30.0,GK,1710.0,0.0,0.0,,5.0
Michail Antonio,West Ham,27.0,"FW,MF",1354.0,3.0,1.0,,15.0
André Ayew,West Ham,27.0,"FW,MF",895.0,3.0,2.0,,15.0
Sam Byram,West Ham,23.0,DF,248.0,0.0,0.0,,4.0
Andy Carroll,West Ham,28.0,"FW,MF",751.0,3.0,0.0,,10.0
Daniele Bonera,Villarreal,36.0,DF,1192.0,0.0,1.0,,0.02
Aaron Cresswell,West Ham,27.0,DF,3069.0,1.0,3.0,,12.0
Davide Biondini,Sassuolo,34.0,"MF,FW",206.0,0.0,0.0,,0.02
Patrice Evra,West Ham,36.0,DF,228.0,0.0,0.0,,1.0
Zaydou Youssouf,Bordeaux,18.0,FW,131.0,0.0,0.0,,0.015
Christoph Janker,Augsburg,32.0,"DF,MF",78.0,0.0,0.0,,0.015
Joe Hart,West Ham,30.0,GK,1710.0,0.0,1.0,,10.0
Jordan Hugill,West Ham,25.0,FW,25.0,0.0,0.0,,8.0
Cheikhou Kouyaté,West Ham,27.0,MF,2799.0,2.0,3.0,,12.0
Manuel Lanzini,West Ham,24.0,"MF,FW",2042.0,5.0,6.0,,20.0
Fabio González,Las Palmas,20.0,MF,63.0,0.0,0.0,,0.015
Arthur Masuaku,West Ham,23.0,"MF,DF",1870.0,0.0,3.0,,7.0
Giovanni Volpicelli,Benevento,17.0,FW,4.0,0.0,0.0,,0.01
Sergio Mora,Getafe,37.0,MF,826.0,0.0,0.0,,0.01
Olivier Verdon,Bordeaux,21.0,DF,11.0,0.0,0.0,,0.015
Reece Oxford,West Ham,18.0,MF,5.0,0.0,0.0,,5.0
David García,Las Palmas,35.0,DF,861.0,1.0,0.0,,0.01
Declan Rice,West Ham,18.0,"DF,MF",1430.0,0.0,0.0,,10.0
Diafra Sakho,West Ham,27.0,"FW,MF",306.0,2.0,0.0,,5.0
Pablo Zabaleta,West Ham,32.0,"DF,MF",3289.0,0.0,1.0,,5.0
Eros Schiavon,SPAL,34.0,"MF,DF",390.0,0.0,0.0,,0.01
Luca Sparandeo,Benevento,17.0,DF,32.0,0.0,0.0,,0.0075
Josip Brekalo,Wolfsburg,19.0,"FW,MF",869.0,3.0,2.0,,5.5
Florian Mayer,M'Gladbach,19.0,DF,19.0,0.0,0.0,,0.0075
Ignacio Camacho,Wolfsburg,27.0,"MF,DF",951.0,0.0,0.0,,10.0
Koen Casteels,Wolfsburg,25.0,GK,3060.0,0.0,0.0,,6.0
Daniel Didavi,Wolfsburg,27.0,"MF,FW",2237.0,9.0,5.0,,7.0
Landry Dimata,Wolfsburg,19.0,"FW,MF",902.0,0.0,1.0,,6.0
Rekeem Harper,West Brom,17.0,MF,21.0,0.0,0.0,,0.01
Mario Gómez,Wolfsburg,32.0,FW,936.0,1.0,2.0,,6.0
Josuha Guilavogui,Wolfsburg,26.0,MF,2404.0,3.0,2.0,,7.0
Kaylen Hinds,Wolfsburg,19.0,"MF,FW",90.0,0.0,0.0,,1.0
Alessandro Buongiorno,Torino,18.0,DF,9.0,0.0,0.0,,0.0075
Sebastian Jung,Wolfsburg,27.0,DF,78.0,0.0,0.0,,0.05
Christian Rutjens,Benevento,0.0,0,1.0,0.0,0.0,,0.005
Admir Mehmedi,Wolfsburg,26.0,"FW,MF",290.0,1.0,0.0,,5.0
Paul-Georges Ntep,Wolfsburg,25.0,"FW,MF",165.0,0.0,0.0,,4.0
Divock Origi,Wolfsburg,22.0,FW,1967.0,6.0,2.0,,10.0
Victor Osimhen,Wolfsburg,18.0,"FW,MF",287.0,0.0,0.0,,1.0
Renato Steffen,Wolfsburg,25.0,"FW,MF",659.0,0.0,0.0,,3.5
Paul Jaeckel,Wolfsburg,19.0,DF,270.0,0.0,0.0,,0.005
Paul Verhaegh,Wolfsburg,33.0,DF,2614.0,2.0,2.0,,1.0
William,Wolfsburg,22.0,DF,1612.0,0.0,2.0,,4.0
Borja Bastón,Alavés,25.0,FW,1439.0,5.0,1.0,,2.0
Burgui,Alavés,24.0,"MF,FW",555.0,1.0,0.0,,1.5
Jonathan Calleri,Alavés,24.0,FW,2869.0,9.0,2.0,,9.0
Rubén Duarte,Alavés,22.0,DF,2772.0,0.0,0.0,,5.0
Rodrigo Ely,Alavés,24.0,DF,430.0,0.0,0.0,,2.0
Manu García,Alavés,32.0,MF,2330.0,2.0,1.0,,2.0
Ibai Gómez,Alavés,28.0,"MF,FW",580.0,0.0,2.0,,4.0
John Guidetti,Alavés,26.0,FW,631.0,2.0,1.0,,3.0
Takashi Inui,Alavés,30.0,"MF,FW",828.0,2.0,0.0,,4.0
Jony,Alavés,27.0,"MF,FW",2971.0,4.0,11.0,,10.0
Víctor Laguardia,Alavés,28.0,DF,3240.0,1.0,2.0,,10.0
Adrián Marín,Alavés,21.0,"DF,MF",290.0,0.0,0.0,,0.8
Guillermo Maripán,Alavés,24.0,DF,2008.0,2.0,2.0,,15.0
Ximo Navarro,Alavés,28.0,DF,2533.0,2.0,2.0,,3.0
Fernando Pacheco,Alavés,26.0,GK,3150.0,0.0,0.0,,15.0
Diego Rolán,Alavés,25.0,"FW,MF",215.0,0.0,0.0,,2.0
Antonio Sivera,Alavés,21.0,GK,270.0,0.0,0.0,,1.5
Rubén Sobrino,Alavés,26.0,"FW,MF",965.0,3.0,1.0,,3.0
Patrick Twumasi,Alavés,24.0,"MF,FW",170.0,0.0,0.0,,1.2
Carlos Vigaray,Alavés,23.0,DF,647.0,0.0,0.0,,0.6
Khaled Adénon,Amiens,33.0,DF,1994.0,0.0,0.0,,0.5
Alexis Blin,Amiens,21.0,MF,1990.0,1.0,1.0,,5.0
Mathieu Bodmer,Amiens,35.0,"MF,FW",1073.0,1.0,0.0,,0.25
Quentin Cornette,Amiens,24.0,"MF,FW",209.0,0.0,0.0,,0.3
Bakaye Dibassy,Amiens,28.0,DF,2942.0,1.0,1.0,,3.0
Juan Ferney Otero,Amiens,23.0,"FW,MF",2175.0,2.0,2.0,,4.0
Guessouma Fofana,Amiens,25.0,MF,186.0,0.0,0.0,,0.8
Ganso,Amiens,28.0,"MF,FW",520.0,0.0,2.0,,2.0
Saman Ghoddos,Amiens,24.0,"FW,MF",1827.0,4.0,4.0,,5.0
Eddy Gnahoré,Amiens,24.0,MF,2243.0,4.0,2.0,,4.0
Régis Gurtner,Amiens,31.0,GK,3420.0,0.0,0.0,,1.75
Oualid El Hajjam,Amiens,27.0,"DF,MF",544.0,0.0,0.0,,1.0
Moussa Konaté,Amiens,25.0,FW,1876.0,7.0,2.0,,7.0
Emil Krafth,Amiens,23.0,DF,2974.0,1.0,1.0,,2.5
Jordan Lefort,Amiens,24.0,"DF,MF",1802.0,0.0,1.0,,3.0
Stiven Mendoza,Amiens,26.0,"FW,MF",1877.0,2.0,2.0,,3.0
Thomas Monconduit,Amiens,27.0,MF,2818.0,0.0,1.0,,3.5
Erik Pieters,Amiens,29.0,DF,1261.0,1.0,1.0,,5.0
Sanasi Sy,Amiens,19.0,MF,1.0,0.0,0.0,,0.15
Cheick Timite,Amiens,20.0,"FW,MF",1456.0,1.0,1.0,,2.0
Gaoussou Traoré,Amiens,18.0,MF,107.0,0.0,0.0,,0.25
Bongani Zungu,Amiens,25.0,MF,230.0,0.0,0.0,,2.5
Rayan Aït Nouri,Angers,17.0,DF,57.0,0.0,0.0,,0.5
Yoann Andreu,Angers,29.0,DF,4.0,0.0,0.0,,1.5
Stéphane Bahoken,Angers,26.0,FW,2469.0,11.0,1.0,,8.0
Abdoulaye Bamba,Angers,28.0,DF,2573.0,0.0,4.0,,3.0
Zacharie Boucher,Angers,26.0,GK,180.0,0.0,0.0,,0.9
Ludovic Butelle,Angers,35.0,GK,3239.0,0.0,0.0,,0.5
Pierrick Capelle,Angers,31.0,"MF,DF",1842.0,3.0,3.0,,2.0
Angelo Fulgini,Angers,21.0,"MF,FW",1635.0,4.0,1.0,,5.0
Wilfried Kanga,Angers,20.0,FW,493.0,2.0,0.0,,1.5
Cristian López,Angers,29.0,FW,372.0,2.0,0.0,,1.5
Vincent Manceau,Angers,29.0,DF,2790.0,1.0,1.0,,2.5
Thomas Mangani,Angers,31.0,MF,1598.0,3.0,0.0,,2.0
Harrison Manzala,Angers,24.0,"MF,FW",74.0,0.0,0.0,,1.0
Farid El Melali,Angers,21.0,"FW,MF",328.0,0.0,1.0,,0.8
Cheikh N'Doye,Angers,32.0,MF,2334.0,0.0,3.0,,2.0
Vincent Pajot,Angers,27.0,MF,713.0,0.0,0.0,,2.5
Elhadji Pape Diaw,Angers,23.0,DF,15.0,0.0,0.0,,0.25
Théo Pellenard,Angers,24.0,DF,495.0,0.0,0.0,,2.0
Jeff Reine-Adélaïde,Angers,20.0,"FW,MF",2556.0,3.0,3.0,,11.0
Baptiste Santamaria,Angers,23.0,MF,3245.0,1.0,0.0,,6.0
Flavien Tait,Angers,25.0,"MF,FW",2985.0,5.0,7.0,,8.0
Romain Thomas,Angers,30.0,DF,2394.0,2.0,1.0,,3.0
Ismaël Traoré,Angers,31.0,DF,2636.0,3.0,1.0,,1.5
Pierre-Emerick Aubameyang,Arsenal,29.0,FW,2726.0,22.0,5.0,,70.0
Héctor Bellerín,Arsenal,23.0,DF,1533.0,0.0,5.0,,40.0
Mohamed Elneny,Arsenal,26.0,MF,380.0,0.0,0.0,,8.0
Mattéo Guendouzi,Arsenal,19.0,MF,2149.0,0.0,0.0,,35.0
Rob Holding,Arsenal,22.0,DF,807.0,0.0,0.0,,12.0
Alex Iwobi,Arsenal,22.0,"FW,MF",1970.0,3.0,6.0,,25.0
Carl Jenkinson,Arsenal,26.0,DF,166.0,0.0,0.0,,2.0
Laurent Koscielny,Arsenal,32.0,DF,1331.0,3.0,0.0,,8.0
Alexandre Lacazette,Arsenal,27.0,FW,2502.0,13.0,8.0,,70.0
Bernd Leno,Arsenal,26.0,GK,2836.0,0.0,0.0,,30.0
Stephan Lichtsteiner,Arsenal,34.0,DF,938.0,0.0,0.0,,1.5
Ainsley Maitland-Niles,Arsenal,20.0,DF,987.0,1.0,1.0,,12.0
Konstantinos Mavropanos,Arsenal,20.0,DF,148.0,0.0,0.0,,3.0
Henrikh Mkhitaryan,Arsenal,29.0,"FW,MF",1641.0,6.0,4.0,,25.0
Nacho Monreal,Arsenal,32.0,DF,1861.0,1.0,3.0,,8.0
Shkodran Mustafi,Arsenal,26.0,DF,2611.0,2.0,0.0,,25.0
Eddie Nketiah,Arsenal,19.0,"MF,FW",67.0,1.0,0.0,,8.0
Mesut Özil,Arsenal,29.0,"MF,FW",1735.0,5.0,2.0,,25.0
Aaron Ramsey,Arsenal,27.0,"MF,FW",1331.0,4.0,6.0,,40.0
Denis Suárez,Arsenal,24.0,FW,71.0,0.0,0.0,,12.0
Lucas Torreira,Arsenal,22.0,MF,2382.0,2.0,2.0,,55.0
Danny Welbeck,Arsenal,27.0,"FW,MF",153.0,1.0,1.0,,12.0
Granit Xhaka,Arsenal,25.0,"MF,DF",2498.0,4.0,2.0,,45.0
Musa Barrow,Atalanta,19.0,"FW,MF",601.0,1.0,2.0,,5.0
Etrit Berisha,Atalanta,29.0,GK,1620.0,0.0,0.0,,3.0
Timothy Castagne,Atalanta,22.0,"DF,MF",2006.0,4.0,3.0,,18.0
Berat Djimsiti,Atalanta,25.0,DF,1807.0,1.0,2.0,,7.5
Remo Freuler,Atalanta,26.0,MF,3022.0,2.0,6.0,,20.0
Pierluigi Gollini,Atalanta,23.0,GK,1799.0,0.0,0.0,,6.0
Papu Gómez,Atalanta,30.0,"MF,FW",2899.0,7.0,11.0,,16.0
Robin Gosens,Atalanta,24.0,"DF,MF",1942.0,3.0,2.0,,8.0
Hans Hateboer,Atalanta,24.0,"DF,MF",2973.0,5.0,5.0,,15.0
Dejan Kulusevski,Atalanta,18.0,"DF,MF",105.0,0.0,0.0,,1.0
José Luis Palomino,Atalanta,28.0,DF,2261.0,1.0,1.0,,10.0
Gianluca Mancini,Atalanta,22.0,DF,2246.0,5.0,2.0,,22.0
Andrea Masiello,Atalanta,32.0,DF,1836.0,0.0,2.0,,1.0
Matteo Pessina,Atalanta,21.0,MF,235.0,0.0,1.0,,1.5
Arkadiusz Reca,Atalanta,23.0,"DF,FW",49.0,0.0,0.0,,3.5
Emiliano Rigoni,Atalanta,25.0,"FW,MF",522.0,3.0,0.0,,8.0
Marten de Roon,Atalanta,27.0,MF,2975.0,2.0,3.0,,24.0
Francesco Rossi,Atalanta,27.0,GK,1.0,0.0,0.0,,0.1
Rafael Tolói,Atalanta,27.0,DF,1746.0,1.0,3.0,,11.0
Marco Tumminello,Atalanta,19.0,"FW,DF",9.0,0.0,0.0,,2.3
Luca Valzania,Atalanta,22.0,"MF,FW",897.0,2.0,1.0,,1.7
Duván Zapata,Atalanta,27.0,FW,2896.0,23.0,7.0,,40.0
Aritz Aduriz,Athletic Club,37.0,FW,943.0,2.0,0.0,,1.0
Yeray Álvarez,Athletic Club,23.0,DF,2613.0,0.0,0.0,,25.0
Mikel Balenziaga,Athletic Club,30.0,DF,523.0,0.0,0.0,,2.0
Yuri Berchiche,Athletic Club,28.0,"DF,FW",3120.0,2.0,2.0,,20.0
Ander Capa,Athletic Club,26.0,DF,1642.0,0.0,0.0,,3.0
Iñigo Córdoba,Athletic Club,21.0,FW,1321.0,0.0,4.0,,4.0
Beñat Etxebarria,Athletic Club,31.0,MF,2031.0,1.0,2.0,,4.0
Cristian Ganea,Athletic Club,26.0,MF,49.0,0.0,0.0,,1.0
Dani García,Athletic Club,28.0,MF,2476.0,0.0,1.0,,4.0
Raúl García,Athletic Club,32.0,"MF,FW",381.0,0.0,0.0,,7.5
Ibai Gómez,Athletic Club,28.0,FW,580.0,0.0,2.0,,4.0
Gorka Guruzeta,Athletic Club,21.0,"FW,MF",50.0,0.0,0.0,,0.5
Iago Herrerín,Athletic Club,30.0,GK,2790.0,0.0,1.0,,4.0
Ander Iturraspe,Athletic Club,29.0,MF,98.0,0.0,0.0,,2.5
Kenan Kodro,Athletic Club,24.0,"FW,MF",161.0,1.0,0.0,,1.0
Iñigo Lekue,Athletic Club,25.0,DF,211.0,0.0,0.0,,2.0
Unai López,Athletic Club,22.0,MF,328.0,0.0,0.0,,1.5
Óscar de Marcos,Athletic Club,29.0,"DF,FW",2421.0,1.0,2.0,,6.0
Iñigo Martínez,Athletic Club,27.0,DF,2902.0,0.0,0.0,,32.0
Iker Muniain,Athletic Club,25.0,"FW,MF",2383.0,7.0,3.0,,15.0
Peru Nolaskoain,Athletic Club,19.0,DF,464.0,2.0,0.0,,5.0
Unai Núñez,Athletic Club,21.0,DF,1064.0,0.0,0.0,,15.0
Mikel Rico,Athletic Club,33.0,MF,242.0,0.0,0.0,,0.8
Mikel San José,Athletic Club,29.0,MF,1733.0,0.0,0.0,,7.5
Unai Simón,Athletic Club,21.0,GK,630.0,0.0,0.0,,6.0
Markel Susaeta,Athletic Club,30.0,FW,1379.0,1.0,2.0,,6.0
Iñaki Williams,Athletic Club,24.0,FW,3025.0,12.0,4.0,,50.0
Antonio Adán,Atlético Madrid,31.0,GK,90.0,0.0,0.0,,1.5
Santiago Arias,Atlético Madrid,26.0,DF,1772.0,1.0,1.0,,18.0
Sergio Camello,Atlético Madrid,17.0,FW,45.0,1.0,0.0,,2.5
Ángel Correa,Atlético Madrid,23.0,"MF,FW",1919.0,3.0,2.0,,35.0
Diego Costa,Atlético Madrid,29.0,FW,1112.0,2.0,2.0,,25.0
Borja Garcés,Atlético Madrid,18.0,"FW,MF",20.0,1.0,0.0,,3.0
Diego Godín,Atlético Madrid,32.0,DF,2509.0,3.0,1.0,,20.0
Antoine Griezmann,Atlético Madrid,27.0,FW,3198.0,15.0,8.0,,130.0
Lucas Hernández,Atlético Madrid,22.0,DF,1117.0,1.0,0.0,,70.0
Carlos Isaac,Atlético Madrid,20.0,DF,90.0,0.0,0.0,,0.2
Juanfran,Atlético Madrid,33.0,DF,1459.0,1.0,1.0,,3.0
Koke,Atlético Madrid,26.0,MF,2586.0,3.0,5.0,,70.0
Thomas Lemar,Atlético Madrid,22.0,"MF,FW",1817.0,2.0,3.0,,40.0
Filipe Luís,Atlético Madrid,32.0,DF,2030.0,2.0,2.0,,3.0
Gelson Martins,Atlético Madrid,23.0,FW,229.0,0.0,0.0,,28.0
Francisco Montero,Atlético Madrid,19.0,DF,404.0,0.0,0.0,,10.0
Álvaro Morata,Atlético Madrid,25.0,FW,941.0,5.0,0.0,,50.0
Toni Moya,Atlético Madrid,20.0,DF,90.0,0.0,0.0,,0.3
Joaquín Muñoz,Atlético Madrid,19.0,MF,1.0,0.0,0.0,,0.3
Saúl Ñíguez,Atlético Madrid,23.0,"MF,DF",2925.0,4.0,1.0,,90.0
Jan Oblak,Atlético Madrid,25.0,GK,3330.0,0.0,0.0,,100.0
Thomas Partey,Atlético Madrid,25.0,MF,2070.0,3.0,4.0,,50.0
Rodri,Atlético Madrid,22.0,MF,2735.0,3.0,1.0,,80.0
Andrés Solano,Atlético Madrid,20.0,DF,45.0,0.0,0.0,,0.2
Vitolo,Atlético Madrid,28.0,"MF,FW",753.0,0.0,1.0,,18.0
Simon Asta,Augsburg,17.0,DF,90.0,0.0,0.0,,0.25
Daniel Baier,Augsburg,34.0,MF,2815.0,0.0,1.0,,0.8
Sergio Córdova,Augsburg,20.0,FW,531.0,3.0,0.0,,2.0
Raphael Framberger,Augsburg,22.0,"DF,MF",548.0,0.0,0.0,,1.0
Fabian Giefer,Augsburg,28.0,GK,360.0,0.0,0.0,,0.3
Felix Götze,Augsburg,20.0,MF,126.0,1.0,0.0,,1.0
Jeffrey Gouweleeuw,Augsburg,27.0,DF,2092.0,0.0,2.0,,12.0
Michael Gregoritsch,Augsburg,24.0,"MF,FW",2487.0,6.0,2.0,,12.0
André Hahn,Augsburg,27.0,"FW,MF",2052.0,4.0,4.0,,3.5
Martin Hinteregger,Augsburg,25.0,DF,1575.0,2.0,0.0,,16.0
Fredrik Jensen,Augsburg,20.0,"FW,MF",207.0,0.0,0.0,,2.5
Rani Khedira,Augsburg,24.0,"DF,MF",2624.0,4.0,1.0,,10.0
Andreas Luthe,Augsburg,31.0,GK,1311.0,0.0,0.0,,0.7
Philipp Max,Augsburg,24.0,"DF,MF",2569.0,4.0,2.0,,17.0
Jan Morávek,Augsburg,28.0,MF,757.0,0.0,2.0,,0.75
Reece Oxford,Augsburg,19.0,DF,505.0,0.0,1.0,,4.0
Marco Richter,Augsburg,20.0,"FW,MF",1426.0,4.0,6.0,,7.0
Julian Schieber,Augsburg,29.0,FW,258.0,1.0,0.0,,0.75
Jonathan Schmid,Augsburg,28.0,DF,2520.0,3.0,7.0,,5.0
Georg Teigl,Augsburg,27.0,"MF,FW",296.0,0.0,0.0,,0.7
Jordi Alba,Barcelona,29.0,DF,2991.0,2.0,8.0,,50.0
Carles Aleñá,Barcelona,20.0,MF,637.0,2.0,0.0,,30.0
Kevin-Prince Boateng,Barcelona,31.0,FW,239.0,0.0,0.0,,7.0
Sergio Busquets,Barcelona,30.0,MF,2715.0,0.0,1.0,,50.0
Jasper Cillessen,Barcelona,29.0,GK,270.0,0.0,0.0,,18.0
Álex Collado,Barcelona,19.0,FW,85.0,0.0,0.0,,1.0
Philippe Coutinho,Barcelona,26.0,"FW,MF",2018.0,5.0,2.0,,90.0
Ousmane Dembélé,Barcelona,21.0,"FW,MF",1661.0,8.0,5.0,,100.0
Munir El Haddadi,Barcelona,22.0,FW,152.0,1.0,1.0,,10.0
Clément Lenglet,Barcelona,23.0,DF,1933.0,1.0,0.0,,60.0
Malcom,Barcelona,21.0,"FW,DF",614.0,1.0,2.0,,40.0
Lionel Messi,Barcelona,31.0,FW,2713.0,36.0,13.0,,150.0
Jeison Murillo,Barcelona,26.0,DF,113.0,0.0,0.0,,10.0
Carles Pérez,Barcelona,20.0,FW,18.0,0.0,0.0,,1.5
Gerard Piqué,Barcelona,31.0,DF,3150.0,4.0,2.0,,35.0
Riqui Puig,Barcelona,18.0,MF,156.0,0.0,0.0,,10.0
Rafinha,Barcelona,25.0,"FW,MF",223.0,0.0,0.0,,15.0
Sergi Roberto,Barcelona,26.0,"DF,MF",2088.0,0.0,7.0,,50.0
Abel Ruiz,Barcelona,18.0,FW,22.0,0.0,0.0,,3.0
Nélson Semedo,Barcelona,24.0,DF,1600.0,1.0,0.0,,40.0
Denis Suárez,Barcelona,24.0,MF,71.0,0.0,0.0,,12.0
Luis Suárez,Barcelona,31.0,FW,2827.0,21.0,6.0,,50.0
Marc-André ter Stegen,Barcelona,26.0,GK,3150.0,0.0,0.0,,90.0
Jean-Clair Todibo,Barcelona,18.0,DF,157.0,0.0,0.0,,8.0
Samuel Umtiti,Barcelona,24.0,DF,1189.0,0.0,1.0,,45.0
Thomas Vermaelen,Barcelona,32.0,DF,587.0,0.0,0.0,,2.5
Arturo Vidal,Barcelona,31.0,MF,1929.0,3.0,7.0,,15.0
Moussa Wagué,Barcelona,19.0,DF,225.0,0.0,0.0,,5.0
David Alaba,Bayern Munich,26.0,DF,2530.0,3.0,3.0,,55.0
Jérôme Boateng,Bayern Munich,29.0,DF,1693.0,0.0,2.0,,20.0
Kingsley Coman,Bayern Munich,22.0,"FW,MF",1378.0,6.0,4.0,,50.0
Alphonso Davies,Bayern Munich,17.0,"FW,MF",80.0,1.0,0.0,,10.0
Serge Gnabry,Bayern Munich,23.0,"FW,MF",1762.0,10.0,5.0,,60.0
Leon Goretzka,Bayern Munich,23.0,MF,2023.0,8.0,4.0,,50.0
Mats Hummels,Bayern Munich,29.0,DF,1775.0,1.0,1.0,,35.0
Joshua Kimmich,Bayern Munich,23.0,"DF,MF",3060.0,2.0,13.0,,70.0
Robert Lewandowski,Bayern Munich,29.0,FW,2957.0,22.0,7.0,,65.0
Javi Martínez,Bayern Munich,29.0,MF,1309.0,3.0,0.0,,27.0
Thomas Müller,Bayern Munich,28.0,"MF,FW",2378.0,6.0,9.0,,35.0
Manuel Neuer,Bayern Munich,32.0,GK,2302.0,0.0,0.0,,18.0
Rafinha,Bayern Munich,32.0,DF,223.0,0.0,0.0,,15.0
James Rodríguez,Bayern Munich,27.0,"MF,FW",1138.0,7.0,3.0,,50.0
Renato Sanches,Bayern Munich,20.0,MF,577.0,1.0,1.0,,18.0
Niklas Süle,Bayern Munich,22.0,DF,2654.0,2.0,0.0,,60.0
Corentin Tolisso,Bayern Munich,23.0,MF,52.0,1.0,0.0,,40.0
Sven Ulreich,Bayern Munich,29.0,GK,758.0,0.0,0.0,,4.5
Antonio Barragán,Betis,31.0,"DF,MF",934.0,0.0,0.0,,2.0
Marc Bartra,Betis,27.0,DF,2928.0,1.0,0.0,,22.0
Ryad Boudebouz,Betis,28.0,"MF,FW",717.0,1.0,2.0,,6.0
Sergio Canales,Betis,27.0,"MF,FW",2655.0,7.0,2.0,,25.0
William Carvalho,Betis,26.0,MF,2385.0,0.0,5.0,,25.0
Emerson,Betis,19.0,DF,317.0,0.0,0.0,,15.0
Zouhair Feddal,Betis,29.0,DF,1702.0,1.0,1.0,,5.0
Javi García,Betis,31.0,"DF,MF",524.0,0.0,0.0,,2.0
Andrés Guardado,Betis,31.0,"MF,DF",2335.0,0.0,4.0,,5.0
Francis Guerrero,Betis,22.0,"DF,MF",1778.0,0.0,1.0,,6.0
Takashi Inui,Betis,30.0,"FW,MF",828.0,2.0,0.0,,4.0
Jesé,Betis,25.0,"FW,MF",779.0,2.0,0.0,,5.0
Joaquín,Betis,37.0,"FW,DF",1696.0,6.0,0.0,,2.0
Wilfrid Kaptoum,Betis,22.0,MF,773.0,0.0,0.0,,4.0
Diego Lainez,Betis,18.0,"MF,FW",353.0,0.0,1.0,,14.0
Sergio León,Betis,29.0,"FW,MF",638.0,0.0,1.0,,3.0
Giovani Lo Celso,Betis,22.0,"MF,FW",11.0,0.0,0.0,,50.0
Pau López,Betis,23.0,GK,2970.0,0.0,0.0,,20.0
Aïssa Mandi,Betis,26.0,DF,3059.0,1.0,1.0,,16.0
Loren Morón,Betis,24.0,FW,1957.0,6.0,0.0,,10.0
Joel Robles,Betis,28.0,GK,450.0,0.0,0.0,,5.0
Antonio Sanabria,Betis,22.0,FW,766.0,3.0,0.0,,9.0
Sidnei,Betis,28.0,DF,1742.0,1.0,0.0,,10.0
Cristian Tello,Betis,26.0,"DF,MF",1573.0,4.0,6.0,,10.0
Arturo Calabresi,Bologna,22.0,DF,1412.0,1.0,0.0,,1.8
Gabriele Corbo,Bologna,18.0,DF,5.0,0.0,0.0,,0.8
Sebastien De Maio,Bologna,31.0,DF,1173.0,1.0,0.0,,1.0
Mattia Destro,Bologna,27.0,"FW,MF",493.0,4.0,1.0,,3.5
Mitchell Dijks,Bologna,25.0,"DF,MF",2023.0,1.0,0.0,,2.0
Godfred Donsah,Bologna,22.0,MF,153.0,0.0,0.0,,7.0
Simone Edera,Bologna,21.0,FW,77.0,0.0,0.0,,1.0
Diego Falcinelli,Bologna,27.0,FW,703.0,0.0,1.0,,3.0
Giancarlo González,Bologna,30.0,DF,746.0,0.0,1.0,,1.0
Filip Helander,Bologna,25.0,DF,1713.0,0.0,0.0,,2.0
Lyanco,Bologna,21.0,DF,90.0,0.0,0.0,,8.0
Juan Manuel Valencia,Bologna,20.0,FW,28.0,0.0,0.0,,0.3
Federico Mattiello,Bologna,23.0,"MF,DF",1333.0,1.0,1.0,,2.5
Ibrahima Mbaye,Bologna,23.0,DF,2010.0,2.0,0.0,,3.0
Ádám Nagy,Bologna,23.0,MF,975.0,0.0,0.0,,2.0
Orji Okwonkwo,Bologna,20.0,FW,257.0,0.0,0.0,,1.0
Riccardo Orsolini,Bologna,21.0,"FW,MF",1964.0,8.0,5.0,,15.0
Rodrigo Palacio,Bologna,36.0,FW,2329.0,3.0,6.0,,0.5
Nehuén Paz,Bologna,25.0,DF,114.0,0.0,0.0,,0.4
Andrea Poli,Bologna,28.0,MF,1932.0,4.0,1.0,,3.0
Erick Pulgar,Bologna,24.0,MF,2357.0,6.0,2.0,,10.0
Nicola Sansone,Bologna,26.0,FW,1139.0,2.0,4.0,,7.5
Federico Santander,Bologna,27.0,FW,2065.0,8.0,3.0,,6.0
Roberto Soriano,Bologna,27.0,MF,468.0,0.0,2.0,,7.0
Mattias Svanberg,Bologna,19.0,MF,1176.0,0.0,3.0,,4.0
Yacine Adli,Bordeaux,18.0,"MF,FW",216.0,0.0,0.0,,5.5
Paul Baysse,Bordeaux,30.0,DF,74.0,0.0,0.0,,2.0
Yassine Benrahou,Bordeaux,19.0,"MF,DF",177.0,0.0,0.0,,0.25
Jimmy Briand,Bordeaux,32.0,FW,2495.0,7.0,3.0,,2.5
Till Cissokho,Bordeaux,18.0,DF,78.0,0.0,0.0,,0.25
Andreas Cornelius,Bordeaux,25.0,FW,792.0,3.0,1.0,,3.0
Benoît Costil,Bordeaux,31.0,GK,3330.0,0.0,0.0,,5.5
Samuel Kalu,Bordeaux,20.0,FW,1281.0,3.0,2.0,,10.0
François Kamano,Bordeaux,22.0,"FW,MF",2561.0,10.0,1.0,,15.0
Yann Karamoh,Bordeaux,20.0,"FW,MF",1224.0,3.0,1.0,,10.0
Jules Koundé,Bordeaux,19.0,DF,3330.0,0.0,1.0,,15.0
Gaëtan Laborde,Bordeaux,24.0,FW,90.0,0.0,0.0,,10.0
Alexandre Lauray,Bordeaux,21.0,DF,257.0,0.0,0.0,,0.25
Lukas Lerager,Bordeaux,25.0,MF,1298.0,0.0,1.0,,6.0
Igor Lewczuk,Bordeaux,33.0,DF,449.0,0.0,0.0,,0.5
Josh Maja,Bordeaux,19.0,"FW,MF",198.0,1.0,0.0,,1.7
Otávio,Bordeaux,24.0,MF,2875.0,0.0,2.0,,7.0
Pablo,Bordeaux,27.0,DF,1936.0,1.0,1.0,,10.0
Sergi Palencia,Bordeaux,22.0,DF,1986.0,0.0,3.0,,6.0
Maxime Poundjé,Bordeaux,25.0,DF,2537.0,0.0,2.0,,5.0
Gaëtan Poussin,Bordeaux,19.0,GK,90.0,0.0,0.0,,0.8
Nicolas de Préville,Bordeaux,27.0,"FW,MF",1271.0,3.0,3.0,,4.0
Youssouf Sabaly,Bordeaux,25.0,DF,1908.0,0.0,1.0,,10.0
Younousse Sankharé,Bordeaux,28.0,MF,1476.0,1.0,3.0,,5.0
Aurélien Tchouaméni,Bordeaux,18.0,MF,704.0,0.0,0.0,,7.0
Valentín Vada,Bordeaux,22.0,MF,36.0,0.0,0.0,,4.0
Zaydou Youssouf,Bordeaux,19.0,"FW,MF",422.0,0.0,0.0,,4.0
Nathan Aké,Bournemouth,23.0,DF,3411.0,4.0,0.0,,30.0
Artur Boruc,Bournemouth,38.0,GK,1080.0,0.0,0.0,,1.0
David Brooks,Bournemouth,21.0,"MF,FW",2261.0,7.0,5.0,,30.0
Nathaniel Clyne,Bournemouth,27.0,DF,1143.0,0.0,1.0,,12.0
Lewis Cook,Bournemouth,21.0,MF,723.0,0.0,0.0,,20.0
Steve Cook,Bournemouth,27.0,DF,2786.0,1.0,1.0,,10.0
Charlie Daniels,Bournemouth,31.0,DF,1585.0,1.0,0.0,,3.0
Jermain Defoe,Bournemouth,35.0,"DF,FW",25.0,0.0,0.0,,2.0
Simon Francis,Bournemouth,33.0,DF,1229.0,0.0,2.0,,2.0
Ryan Fraser,Bournemouth,24.0,"MF,FW",3166.0,7.0,14.0,,30.0
Dan Gosling,Bournemouth,28.0,MF,1739.0,2.0,1.0,,3.5
Emerson Hyndman,Bournemouth,22.0,MF,38.0,0.0,0.0,,1.0
Jordon Ibe,Bournemouth,22.0,"MF,FW",797.0,1.0,1.0,,8.0
Joshua King,Bournemouth,26.0,FW,2961.0,12.0,3.0,,20.0
Jefferson Lerma,Bournemouth,23.0,MF,2506.0,2.0,0.0,,25.0
Chris Mepham,Bournemouth,20.0,DF,850.0,0.0,1.0,,13.0
Tyrone Mings,Bournemouth,25.0,DF,143.0,0.0,0.0,,5.0
Lys Mousset,Bournemouth,22.0,"FW,MF",368.0,1.0,0.0,,3.5
Diego Rico,Bournemouth,25.0,"DF,MF",612.0,0.0,0.0,,9.0
Jack Simpson,Bournemouth,21.0,DF,403.0,0.0,0.0,,1.5
Adam Smith,Bournemouth,27.0,DF,2066.0,1.0,1.0,,7.0
Dominic Solanke,Bournemouth,20.0,FW,347.0,0.0,1.0,,18.0
Junior Stanislas,Bournemouth,28.0,"MF,FW",1031.0,2.0,3.0,,4.5
Andrew Surman,Bournemouth,31.0,MF,1439.0,0.0,0.0,,2.5
Mark Travers,Bournemouth,19.0,GK,180.0,0.0,0.0,,0.25
Callum Wilson,Bournemouth,26.0,FW,2528.0,14.0,9.0,,30.0
Florin Andone,Brighton,25.0,FW,881.0,3.0,0.0,,6.0
Leon Balogun,Brighton,30.0,DF,594.0,1.0,0.0,,2.0
Bernardo,Brighton,23.0,DF,1752.0,0.0,1.0,,9.0
Yves Bissouma,Brighton,21.0,MF,1774.0,0.0,0.0,,15.0
Gaëtan Bong,Brighton,30.0,DF,1808.0,0.0,0.0,,2.0
Bruno,Brighton,37.0,DF,1131.0,0.0,1.0,,0.75
David Button,Brighton,29.0,GK,360.0,0.0,0.0,,1.5
Shane Duffy,Brighton,26.0,DF,3087.0,5.0,1.0,,12.0
Lewis Dunk,Brighton,26.0,DF,3151.0,2.0,1.0,,12.0
Pascal Groß,Brighton,27.0,MF,1864.0,3.0,3.0,,10.0
José Izquierdo,Brighton,26.0,"MF,FW",795.0,0.0,1.0,,10.0
Alireza Jahanbakhsh,Brighton,24.0,"FW,MF",1020.0,0.0,0.0,,15.0
Beram Kayal,Brighton,30.0,MF,940.0,1.0,1.0,,1.5
Anthony Knockaert,Brighton,26.0,"FW,MF",1837.0,2.0,6.0,,8.0
Jürgen Locadia,Brighton,24.0,"FW,MF",1236.0,2.0,0.0,,12.0
Solly March,Brighton,24.0,"FW,MF",2463.0,1.0,5.0,,8.0
Martín Montoya,Brighton,27.0,DF,2167.0,0.0,1.0,,8.0
Glenn Murray,Brighton,34.0,FW,2508.0,13.0,1.0,,3.0
Davy Pröpper,Brighton,26.0,MF,2546.0,1.0,1.0,,15.0
Mathew Ryan,Brighton,26.0,GK,3060.0,0.0,0.0,,10.0
Dale Stephens,Brighton,29.0,MF,2485.0,1.0,1.0,,6.0
Phil Bardsley,Burnley,33.0,DF,1670.0,0.0,0.0,,1.5
Ashley Barnes,Burnley,28.0,FW,2388.0,12.0,2.0,,10.0
Robbie Brady,Burnley,26.0,"MF,FW",720.0,0.0,1.0,,8.0
Jack Cork,Burnley,29.0,MF,3312.0,1.0,2.0,,15.0
Peter Crouch,Burnley,37.0,FW,92.0,0.0,0.0,,1.0
Steven Defour,Burnley,30.0,MF,448.0,0.0,0.0,,5.0
Ben Gibson,Burnley,25.0,DF,62.0,1.0,0.0,,10.0
Joe Hart,Burnley,31.0,GK,1710.0,0.0,0.0,,6.0
Tom Heaton,Burnley,32.0,GK,1710.0,0.0,0.0,,3.0
Jeff Hendrick,Burnley,26.0,"MF,FW",2063.0,3.0,0.0,,10.0
Aaron Lennon,Burnley,31.0,"FW,MF",1215.0,1.0,1.0,,5.0
Kevin Long,Burnley,27.0,DF,514.0,0.0,1.0,,2.5
Matthew Lowton,Burnley,29.0,DF,1750.0,0.0,0.0,,5.0
Dwight McNeil,Burnley,18.0,"MF,FW",1591.0,3.0,5.0,,15.0
Ben Mee,Burnley,28.0,DF,3420.0,0.0,2.0,,10.0
James Tarkowski,Burnley,25.0,DF,3086.0,3.0,1.0,,18.0
Charlie Taylor,Burnley,24.0,DF,3243.0,0.0,1.0,,7.0
Sam Vokes,Burnley,28.0,FW,915.0,3.0,0.0,,5.0
Stephen Ward,Burnley,32.0,DF,228.0,0.0,0.0,,2.0
Ashley Westwood,Burnley,28.0,MF,2824.0,2.0,7.0,,7.0
Chris Wood,Burnley,26.0,FW,2588.0,10.0,2.0,,18.0
Paul Baysse,Caen,30.0,DF,74.0,0.0,0.0,,2.0
Claudio Beauvue,Caen,30.0,FW,1499.0,3.0,0.0,,2.5
Saîf-Eddine Khaoui,Caen,23.0,"MF,FW",1353.0,3.0,1.0,,3.5
Aly Ndom,Caen,22.0,MF,45.0,0.0,0.0,,0.6
Marco Andreolli,Cagliari,32.0,DF,106.0,0.0,0.0,,0.5
Nicolò Barella,Cagliari,21.0,"MF,FW",3107.0,1.0,3.0,,36.0
Valter Birsa,Cagliari,31.0,"MF,FW",353.0,0.0,0.0,,2.0
Fabrizio Cacciatore,Cagliari,31.0,DF,580.0,0.0,2.0,,0.8
Lucas Castro,Cagliari,29.0,"MF,FW",896.0,1.0,3.0,,6.0
Luca Ceppitelli,Cagliari,28.0,DF,2051.0,2.0,1.0,,2.5
Alberto Cerri,Cagliari,22.0,FW,670.0,0.0,0.0,,6.0
Luca Cigarini,Cagliari,32.0,MF,1682.0,0.0,2.0,,0.8
Alessio Cragno,Cagliari,24.0,GK,3420.0,0.0,0.0,,20.0
Alessandro Deiola,Cagliari,22.0,MF,450.0,0.0,0.0,,1.2
Kiril Despodov,Cagliari,21.0,"FW,MF",105.0,0.0,0.0,,3.0
Daniele Dessena,Cagliari,31.0,MF,352.0,0.0,0.0,,0.5
Riccardo Doratiotto,Cagliari,19.0,FW,78.0,0.0,0.0,,0.25
Paolo Faragò,Cagliari,25.0,"MF,DF",1703.0,1.0,1.0,,5.0
Diego Farias,Cagliari,28.0,FW,1193.0,4.0,4.0,,4.5
Ragnar Klavan,Cagliari,32.0,DF,1230.0,0.0,0.0,,1.5
Simone Padoin,Cagliari,34.0,"DF,MF",1915.0,0.0,2.0,,0.5
Leonardo Pavoletti,Cagliari,29.0,FW,2734.0,16.0,1.0,,12.0
João Pedro,Cagliari,26.0,"FW,MF",2555.0,7.0,2.0,,8.0
Luca Pellegrini,Cagliari,19.0,DF,940.0,0.0,1.0,,5.0
Fabio Pisacane,Cagliari,32.0,DF,2266.0,1.0,1.0,,0.7
Filippo Romagna,Cagliari,21.0,DF,1474.0,0.0,0.0,,6.0
Marco Sau,Cagliari,30.0,FW,55.0,0.0,0.0,,0.4
Darijo Srna,Cagliari,36.0,DF,2087.0,0.0,3.0,,0.8
Cyril Théréau,Cagliari,35.0,"FW,MF",30.0,0.0,0.0,,0.5
Francesco Verde,Cagliari,19.0,FW,12.0,0.0,0.0,,0.1
Harry Arter,Cardiff City,28.0,MF,1997.0,0.0,1.0,,7.0
Leandro Bacuna,Cardiff City,26.0,"MF,DF",561.0,0.0,0.0,,3.0
Sol Bamba,Cardiff City,33.0,DF,2474.0,4.0,1.0,,1.0
Joe Bennett,Cardiff City,28.0,DF,2639.0,0.0,1.0,,3.0
Víctor Camarasa,Cardiff City,24.0,MF,2569.0,5.0,4.0,,10.0
Greg Cunningham,Cardiff City,27.0,DF,630.0,0.0,0.0,,3.0
Loïc Damour,Cardiff City,27.0,MF,23.0,0.0,0.0,,0.75
Bruno Ecuele Manga,Cardiff City,30.0,DF,3376.0,0.0,1.0,,3.0
Neil Etheridge,Cardiff City,28.0,GK,3420.0,0.0,0.0,,8.0
Aron Gunnarsson,Cardiff City,29.0,MF,2266.0,1.0,1.0,,2.5
Kadeem Harris,Cardiff City,25.0,"MF,FW",375.0,1.0,0.0,,0.75
Rhys Healey,Cardiff City,23.0,"FW,MF",52.0,0.0,0.0,,0.25
Junior Hoilett,Cardiff City,28.0,"FW,MF",2141.0,3.0,1.0,,4.5
Gary Madine,Cardiff City,27.0,"FW,MF",37.0,0.0,0.0,,4.0
Nathaniel Mendez-Laing,Cardiff City,26.0,"MF,FW",985.0,4.0,1.0,,3.0
Sean Morrison,Cardiff City,27.0,DF,3039.0,1.0,3.0,,5.0
Josh Murphy,Cardiff City,23.0,"FW,MF",1817.0,3.0,2.0,,10.0
Oumar Niasse,Cardiff City,28.0,FW,931.0,0.0,0.0,,6.0
Callum Paterson,Cardiff City,23.0,"FW,MF",1998.0,4.0,1.0,,5.0
Lee Peltier,Cardiff City,31.0,DF,1544.0,0.0,0.0,,1.5
Joe Ralls,Cardiff City,24.0,MF,1959.0,0.0,0.0,,5.0
Bobby Reid,Cardiff City,25.0,"FW,MF",1424.0,5.0,2.0,,10.0
Jazz Richards,Cardiff City,27.0,"DF,MF",132.0,0.0,0.0,,0.75
Danny Ward,Cardiff City,26.0,FW,445.0,1.0,0.0,,8.0
Kenneth Zohore,Cardiff City,24.0,FW,753.0,1.0,1.0,,7.0
Júnior Alonso,Celta Vigo,25.0,"DF,MF",536.0,0.0,0.0,,3.0
Sergio Álvarez,Celta Vigo,31.0,GK,1170.0,0.0,0.0,,2.0
Emmanuel Apeh,Celta Vigo,21.0,MF,14.0,0.0,0.0,,0.3
Iago Aspas,Celta Vigo,30.0,FW,2251.0,20.0,6.0,,25.0
Fran Beltrán,Celta Vigo,19.0,MF,1517.0,1.0,0.0,,18.0
Rubén Blanco,Celta Vigo,23.0,GK,2250.0,0.0,0.0,,3.0
Ryad Boudebouz,Celta Vigo,28.0,MF,717.0,1.0,2.0,,6.0
Sofiane Boufal,Celta Vigo,24.0,"MF,FW",2085.0,3.0,3.0,,12.0
Gustavo Cabral,Celta Vigo,32.0,DF,1897.0,0.0,0.0,,1.5
David Costas,Celta Vigo,23.0,DF,1173.0,0.0,0.0,,3.0
Maxi Gómez,Celta Vigo,21.0,FW,2960.0,13.0,5.0,,40.0
Andrew Hjulsager,Celta Vigo,23.0,"MF,FW",359.0,0.0,3.0,,1.0
Wesley Hoedt,Celta Vigo,24.0,DF,1170.0,0.0,0.0,,12.0
Mathias Jensen,Celta Vigo,22.0,"MF,FW",235.0,0.0,0.0,,2.5
David Juncà,Celta Vigo,24.0,DF,1754.0,0.0,3.0,,1.5
Stanislav Lobotka,Celta Vigo,23.0,MF,2489.0,0.0,1.0,,25.0
Hugo Mallo,Celta Vigo,27.0,DF,3092.0,1.0,4.0,,15.0
Brais Méndez,Celta Vigo,21.0,"MF,FW",2349.0,6.0,7.0,,20.0
Emre Mor,Celta Vigo,21.0,"FW,MF",369.0,0.0,0.0,,2.0
Lucas Olaza,Celta Vigo,24.0,DF,897.0,0.0,2.0,,3.5
Facundo Roncaglia,Celta Vigo,31.0,DF,601.0,0.0,0.0,,2.5
Pione Sisto,Celta Vigo,23.0,"FW,MF",844.0,2.0,1.0,,8.0
Kevin Vázquez,Celta Vigo,25.0,DF,220.0,0.0,0.0,,0.5
Marcos Alonso,Chelsea,27.0,DF,2759.0,2.0,4.0,,40.0
César Azpilicueta,Chelsea,28.0,DF,3402.0,1.0,5.0,,35.0
Ross Barkley,Chelsea,24.0,MF,1245.0,3.0,5.0,,30.0
Willy Caballero,Chelsea,36.0,GK,180.0,0.0,0.0,,1.0
Gary Cahill,Chelsea,32.0,DF,24.0,0.0,0.0,,8.0
Andreas Christensen,Chelsea,22.0,DF,617.0,0.0,0.0,,30.0
Cesc Fàbregas,Chelsea,31.0,MF,180.0,0.0,0.0,,15.0
Olivier Giroud,Chelsea,31.0,FW,847.0,2.0,4.0,,15.0
Eden Hazard,Chelsea,27.0,FW,2923.0,16.0,15.0,,150.0
Gonzalo Higuaín,Chelsea,30.0,FW,1085.0,5.0,0.0,,35.0
Callum Hudson-Odoi,Chelsea,17.0,FW,393.0,0.0,1.0,,35.0
Jorginho,Chelsea,26.0,MF,3156.0,2.0,0.0,,65.0
N'Golo Kanté,Chelsea,27.0,MF,3092.0,4.0,4.0,,100.0
Ruben Loftus-Cheek,Chelsea,22.0,"MF,FW",998.0,6.0,2.0,,30.0
David Luiz,Chelsea,31.0,DF,3238.0,3.0,2.0,,20.0
Álvaro Morata,Chelsea,25.0,FW,941.0,5.0,0.0,,50.0
Victor Moses,Chelsea,27.0,FW,28.0,0.0,0.0,,11.0
Pedro,Chelsea,31.0,FW,1778.0,8.0,2.0,,20.0
Antonio Rüdiger,Chelsea,25.0,DF,2871.0,1.0,0.0,,50.0
Willian,Chelsea,29.0,FW,2097.0,3.0,6.0,,40.0
Davide Zappacosta,Chelsea,26.0,DF,128.0,0.0,0.0,,15.0
Marco Andreolli,Chievo,32.0,DF,106.0,0.0,0.0,,0.5
Mattia Bani,Chievo,24.0,DF,2610.0,0.0,0.0,,2.5
Federico Barba,Chievo,24.0,DF,2483.0,0.0,0.0,,2.0
Valter Birsa,Chievo,31.0,"MF,FW",353.0,0.0,0.0,,2.0
Fabrizio Cacciatore,Chievo,31.0,DF,580.0,0.0,2.0,,0.8
Fabio Depaoli,Chievo,21.0,DF,2468.0,0.0,4.0,,5.0
Assane Dioussé,Chievo,20.0,MF,892.0,0.0,0.0,,4.5
Nicolas Frey,Chievo,34.0,DF,227.0,0.0,0.0,,0.1
Emanuele Giaccherini,Chievo,33.0,"MF,FW",2009.0,3.0,1.0,,0.6
Sergej Grubac,Chievo,18.0,"FW,MF",157.0,0.0,0.0,,0.2
Musa Juwara,Chievo,16.0,FW,12.0,0.0,0.0,,0.5
Sofian Kiyine,Chievo,20.0,"MF,DF",816.0,0.0,1.0,,1.5
Mehdi Léris,Chievo,20.0,"MF,FW",1607.0,0.0,2.0,,2.5
Riccardo Meggiorini,Chievo,32.0,FW,1548.0,3.0,1.0,,0.5
Joel Obi,Chievo,27.0,MF,659.0,1.0,0.0,,2.0
Sergio Pellissier,Chievo,39.0,FW,953.0,4.0,1.0,,0.2
Manuel Pucciarelli,Chievo,27.0,FW,302.0,0.0,0.0,,2.0
Nicola Rigoni,Chievo,27.0,MF,1951.0,0.0,1.0,,0.8
Luca Rossettini,Chievo,33.0,DF,1823.0,0.0,0.0,,0.5
Ezequiel Schelotto,Chievo,29.0,"DF,MF",143.0,0.0,0.0,,3.0
Andrea Seculin,Chievo,28.0,GK,91.0,0.0,0.0,,0.3
Stefano Sorrentino,Chievo,39.0,GK,2789.0,0.0,0.0,,0.5
Nenad Tomović,Chievo,30.0,DF,739.0,1.0,0.0,,0.6
Emanuel Vignato,Chievo,17.0,MF,655.0,1.0,1.0,,2.5
Patrick van Aanholt,Crystal Palace,27.0,DF,3195.0,3.0,2.0,,10.0
Jordan Ayew,Crystal Palace,26.0,FW,1181.0,1.0,2.0,,8.0
Michy Batshuayi,Crystal Palace,24.0,FW,750.0,5.0,0.0,,30.0
Christian Benteke,Crystal Palace,27.0,FW,814.0,1.0,1.0,,15.0
Scott Dann,Crystal Palace,31.0,DF,663.0,0.0,1.0,,4.0
Vicente Guaita,Crystal Palace,31.0,GK,1754.0,0.0,0.0,,5.0
Wayne Hennessey,Crystal Palace,31.0,GK,1576.0,0.0,0.0,,5.0
Martin Kelly,Crystal Palace,28.0,DF,1111.0,0.0,0.0,,3.0
Cheikhou Kouyaté,Crystal Palace,28.0,MF,1899.0,0.0,2.0,,10.0
James McArthur,Crystal Palace,30.0,MF,3058.0,3.0,6.0,,7.0
Max Meyer,Crystal Palace,22.0,"MF,FW",1416.0,1.0,2.0,,15.0
Jason Puncheon,Crystal Palace,32.0,MF,13.0,0.0,0.0,,3.0
Mamadou Sakho,Crystal Palace,28.0,DF,2416.0,0.0,0.0,,15.0
Bakary Sako,Crystal Palace,30.0,"FW,MF",29.0,0.0,0.0,,4.0
Jeffrey Schlupp,Crystal Palace,25.0,"MF,FW",1670.0,4.0,1.0,,10.0
Pape Souaré,Crystal Palace,28.0,DF,1.0,0.0,0.0,,2.0
Julián Speroni,Crystal Palace,39.0,GK,90.0,0.0,0.0,,0.25
James Tomkins,Crystal Palace,29.0,DF,2560.0,1.0,1.0,,8.0
Andros Townsend,Crystal Palace,27.0,"FW,MF",3009.0,6.0,4.0,,15.0
Aaron Wan-Bissaka,Crystal Palace,20.0,DF,3134.0,0.0,3.0,,35.0
Joel Ward,Crystal Palace,28.0,DF,552.0,1.0,0.0,,4.0
Connor Wickham,Crystal Palace,25.0,FW,67.0,0.0,1.0,,3.0
Wilfried Zaha,Crystal Palace,25.0,FW,3036.0,10.0,5.0,,45.0
Kaan Ayhan,Düsseldorf,23.0,DF,2449.0,4.0,1.0,,9.0
Aymen Barkok,Düsseldorf,20.0,MF,510.0,0.0,0.0,,2.0
Adam Bodzek,Düsseldorf,32.0,"MF,DF",1596.0,0.0,1.0,,0.4
Robin Bormuth,Düsseldorf,22.0,DF,616.0,0.0,0.0,,1.75
Oliver Fink,Düsseldorf,36.0,MF,1055.0,3.0,0.0,,0.25
Niko Gießelmann,Düsseldorf,26.0,DF,2593.0,0.0,3.0,,4.0
Rouwen Hennings,Düsseldorf,30.0,FW,1833.0,7.0,4.0,,1.5
Kenan Karaman,Düsseldorf,24.0,"FW,MF",919.0,3.0,1.0,,2.5
Dawid Kownacki,Düsseldorf,21.0,"MF,FW",168.0,1.0,1.0,,9.0
Dodi Lukebakio,Düsseldorf,20.0,"FW,MF",1972.0,10.0,3.0,,18.0
Alfredo Morales,Düsseldorf,28.0,MF,1532.0,1.0,1.0,,2.5
Benito Raman,Düsseldorf,23.0,"MF,FW",1681.0,10.0,4.0,,12.0
Michael Rensing,Düsseldorf,34.0,GK,2880.0,0.0,0.0,,0.5
Marcel Sobottka,Düsseldorf,24.0,MF,942.0,0.0,0.0,,3.5
Kevin Stöger,Düsseldorf,24.0,MF,2118.0,1.0,7.0,,5.0
Markus Suttner,Düsseldorf,31.0,"DF,MF",489.0,1.0,1.0,,1.5
Jean Zimmer,Düsseldorf,24.0,"DF,MF",1435.0,1.0,2.0,,2.75
Matthias Zimmermann,Düsseldorf,26.0,"DF,MF",3049.0,1.0,3.0,,5.0
Mehdi Abeid,Dijon,25.0,MF,2023.0,3.0,0.0,,1.75
Nayef Aguerd,Dijon,22.0,DF,1050.0,3.0,0.0,,1.5
Rúnar Alex Rúnarsson,Dijon,23.0,GK,2250.0,0.0,0.0,,3.0
Bobby Allain,Dijon,26.0,GK,1170.0,0.0,0.0,,0.8
Mickaël Alphonse,Dijon,29.0,DF,571.0,1.0,0.0,,0.9
Romain Amalfitano,Dijon,28.0,"MF,FW",2522.0,0.0,0.0,,2.0
Florent Balmont,Dijon,38.0,MF,1076.0,0.0,1.0,,0.25
Arnold Bouka Moutou,Dijon,29.0,"DF,FW",66.0,0.0,0.0,,0.75
Fouad Chafik,Dijon,31.0,DF,1847.0,0.0,2.0,,0.8
Laurent Ciman,Dijon,32.0,DF,717.0,0.0,0.0,,0.6
Senou Coulibaly,Dijon,23.0,"DF,MF",411.0,1.0,0.0,,1.0
Yoann Gourcuff,Dijon,32.0,"MF,FW",134.0,0.0,0.0,,2.0
Oussama Haddadi,Dijon,26.0,"DF,MF",2674.0,2.0,2.0,,3.5
Benjamin Jeannot,Dijon,26.0,FW,1436.0,2.0,0.0,,2.5
Sory Kaba,Dijon,23.0,"FW,MF",232.0,0.0,0.0,,2.0
Jules Keita,Dijon,20.0,"FW,MF",456.0,2.0,1.0,,2.0
Wesley Lautoa,Dijon,30.0,"DF,MF",3024.0,0.0,0.0,,2.0
Enzo Loiodice,Dijon,17.0,MF,850.0,0.0,1.0,,5.5
Jordan Marié,Dijon,26.0,MF,1803.0,1.0,1.0,,1.5
Valentin Rosier,Dijon,21.0,"DF,MF",1460.0,0.0,4.0,,8.0
Wesley Saïd,Dijon,23.0,"FW,MF",2253.0,4.0,1.0,,6.0
Frédéric Sammaritano,Dijon,32.0,"FW,MF",538.0,0.0,0.0,,0.5
Naïm Sliti,Dijon,26.0,"MF,FW",2286.0,3.0,4.0,,7.0
Manuel Akanji,Dortmund,23.0,DF,2205.0,1.0,0.0,,40.0
Paco Alcácer,Dortmund,24.0,FW,1211.0,18.0,0.0,,37.0
Jacob Bruun Larsen,Dortmund,19.0,"FW,MF",1265.0,2.0,2.0,,15.0
Roman Bürki,Dortmund,27.0,GK,2880.0,0.0,0.0,,14.0
Mahmoud Dahoud,Dortmund,22.0,MF,697.0,1.0,0.0,,14.0
Thomas Delaney,Dortmund,26.0,MF,2283.0,3.0,5.0,,27.0
Mario Götze,Dortmund,26.0,"FW,MF",1674.0,7.0,7.0,,25.0
Raphaël Guerreiro,Dortmund,24.0,"FW,DF",1527.0,2.0,6.0,,25.0
Achraf Hakimi,Dortmund,19.0,DF,1740.0,2.0,4.0,,30.0
Marwin Hitz,Dortmund,30.0,GK,180.0,0.0,0.0,,2.5
Christian Pulisic,Dortmund,19.0,"FW,MF",932.0,4.0,4.0,,60.0
Marco Reus,Dortmund,29.0,"MF,FW",2316.0,17.0,8.0,,50.0
Jadon Sancho,Dortmund,18.0,"FW,MF",2461.0,12.0,14.0,,100.0
Marcel Schmelzer,Dortmund,30.0,DF,566.0,0.0,1.0,,2.5
Ömer Toprak,Dortmund,29.0,DF,236.0,0.0,0.0,,5.0
Julian Weigl,Dortmund,22.0,"DF,MF",1455.0,1.0,0.0,,25.0
Axel Witsel,Dortmund,29.0,MF,2873.0,4.0,1.0,,32.0
Marius Wolf,Dortmund,23.0,"DF,FW",828.0,1.0,0.0,,8.0
Dan-Axel Zagadou,Dortmund,19.0,DF,1267.0,2.0,0.0,,28.0
Sergio Álvarez,Eibar,26.0,"MF,DF",1170.0,0.0,0.0,,2.0
José Ángel,Eibar,28.0,DF,3028.0,1.0,1.0,,5.0
Anaitz Arbilla,Eibar,31.0,DF,1950.0,1.0,2.0,,2.0
Bebé,Eibar,28.0,MF,1302.0,1.0,1.0,,2.0
Pedro Bigas,Eibar,27.0,DF,585.0,0.0,1.0,,3.0
Pablo de Blasis,Eibar,30.0,"DF,MF",90.0,0.0,0.0,,2.0
Jordi Calavera,Eibar,22.0,DF,1.0,0.0,0.0,,0.6
Marc Cardona,Eibar,23.0,"FW,MF",604.0,3.0,1.0,,1.5
Charles,Eibar,34.0,FW,1739.0,14.0,1.0,,2.0
Marc Cucurella,Eibar,20.0,"MF,FW",2354.0,1.0,2.0,,10.0
Sergi Enrich,Eibar,28.0,FW,2582.0,7.0,4.0,,7.5
Gonzalo Escalante,Eibar,25.0,MF,1789.0,4.0,1.0,,4.0
Pablo Hervías,Eibar,25.0,MF,160.0,0.0,0.0,,0.7
Joan Jordán,Eibar,24.0,MF,2875.0,4.0,4.0,,12.0
Pedro León,Eibar,31.0,"MF,FW",425.0,1.0,0.0,,1.8
Miguel Marí,Eibar,21.0,MF,69.0,0.0,0.0,,0.25
Pere Milla,Eibar,25.0,"FW,MF",341.0,0.0,0.0,,0.7
Paulo Oliveira,Eibar,26.0,DF,2245.0,0.0,0.0,,6.0
Fabián Orellana,Eibar,32.0,"MF,FW",2733.0,3.0,5.0,,2.5
Rubén Peña,Eibar,27.0,DF,2674.0,1.0,2.0,,10.0
Iván Ramis,Eibar,33.0,DF,1677.0,0.0,0.0,,1.0
Asier Riesgo,Eibar,34.0,GK,1260.0,0.0,0.0,,0.4
David Abraham,Eint Frankfurt,32.0,DF,1420.0,0.0,0.0,,2.5
Allan,Eint Frankfurt,21.0,"MF,DF",176.0,0.0,0.0,,60.0
Timothy Chandler,Eint Frankfurt,28.0,FW,17.0,0.0,0.0,,4.0
Danny da Costa,Eint Frankfurt,25.0,"DF,MF",3033.0,2.0,4.0,,15.0
Simon Falette,Eint Frankfurt,26.0,DF,600.0,0.0,0.0,,4.0
Gelson Fernandes,Eint Frankfurt,31.0,MF,2225.0,1.0,0.0,,1.5
Jonathan de Guzmán,Eint Frankfurt,30.0,MF,1564.0,3.0,6.0,,2.5
Makoto Hasebe,Eint Frankfurt,34.0,"DF,MF",2520.0,0.0,0.0,,1.0
Martin Hinteregger,Eint Frankfurt,25.0,DF,1575.0,2.0,0.0,,16.0
Gonçalo Paciência,Eint Frankfurt,23.0,FW,390.0,3.0,1.0,,6.0
Sebastian Rode,Eint Frankfurt,27.0,MF,923.0,0.0,0.0,,3.0
Marco Russ,Eint Frankfurt,32.0,DF,380.0,0.0,0.0,,0.75
Lucas Torró,Eint Frankfurt,24.0,MF,560.0,0.0,0.0,,6.0
Almamy Touré,Eint Frankfurt,22.0,DF,519.0,0.0,0.0,,6.5
Kevin Trapp,Eint Frankfurt,28.0,GK,2937.0,0.0,0.0,,10.0
Afriyie Acquah,Empoli,26.0,MF,1510.0,2.0,0.0,,1.8
Luca Antonelli,Empoli,31.0,"DF,MF",755.0,0.0,1.0,,0.5
Ismaël Bennacer,Empoli,20.0,MF,2961.0,0.0,5.0,,12.0
Matteo Brighi,Empoli,37.0,MF,231.0,1.0,0.0,,0.2
Leonardo Capezzi,Empoli,23.0,MF,772.0,0.0,0.0,,0.8
Francesco Caputo,Empoli,30.0,FW,3420.0,16.0,3.0,,4.0
Cristian Dell'Orco,Empoli,24.0,DF,1035.0,1.0,0.0,,1.0
Giovanni Di Lorenzo,Empoli,24.0,DF,3330.0,5.0,3.0,,9.0
Diego Farias,Empoli,28.0,FW,1193.0,4.0,4.0,,4.5
Hamed Junior Traorè,Empoli,18.0,MF,2259.0,2.0,2.0,,14.0
Antonino La Gumina,Empoli,22.0,FW,1090.0,2.0,2.0,,6.0
Domenico Maietta,Empoli,35.0,DF,1714.0,0.0,0.0,,0.3
Levan Mchedlidze,Empoli,28.0,"FW,DF",208.0,0.0,1.0,,0.4
Dimitri Oberlin,Empoli,20.0,FW,139.0,0.0,0.0,,2.8
Manuel Pasqual,Empoli,36.0,"DF,MF",1342.0,1.0,2.0,,0.3
Ivan Provedel,Empoli,24.0,GK,1440.0,0.0,0.0,,0.9
Jacob Rasmussen,Empoli,21.0,"DF,MF",1016.0,0.0,1.0,,4.0
Alejandro Rodríguez,Empoli,27.0,FW,25.0,0.0,0.0,,0.4
Matías Silvestre,Empoli,33.0,DF,3060.0,2.0,0.0,,0.8
Pietro Terracciano,Empoli,28.0,GK,180.0,0.0,0.0,,0.8
Joel Untersee,Empoli,24.0,DF,126.0,0.0,0.0,,0.7
Miha Zajc,Empoli,24.0,"FW,MF",1166.0,3.0,2.0,,5.5
Sergi Darder,Espanyol,24.0,MF,2709.0,5.0,2.0,,14.0
Óscar Duarte,Espanyol,29.0,"DF,MF",660.0,0.0,0.0,,1.0
Facundo Ferreyra,Espanyol,27.0,"FW,MF",211.0,1.0,0.0,,4.0
Sergio García,Espanyol,35.0,"FW,MF",1486.0,2.0,1.0,,1.0
Esteban Granero,Espanyol,31.0,MF,2013.0,3.0,1.0,,3.0
Mario Hermoso,Espanyol,23.0,DF,2806.0,3.0,0.0,,25.0
Borja Iglesias,Espanyol,25.0,FW,3075.0,17.0,3.0,,28.0
David López,Espanyol,28.0,DF,1819.0,0.0,0.0,,9.0
Diego López,Espanyol,36.0,GK,3420.0,0.0,0.0,,1.0
Javi López,Espanyol,32.0,DF,1948.0,0.0,1.0,,1.0
Lluis López,Espanyol,21.0,DF,521.0,0.0,0.0,,0.3
Óscar Melendo,Espanyol,20.0,"MF,FW",1997.0,0.0,5.0,,10.0
Naldo,Espanyol,29.0,DF,630.0,0.0,0.0,,2.0
Hernán Pérez,Espanyol,29.0,"FW,MF",795.0,1.0,2.0,,1.5
Pablo Piatti,Espanyol,29.0,"FW,MF",743.0,1.0,0.0,,4.0
Javi Puado,Espanyol,20.0,"FW,MF",359.0,0.0,0.0,,1.0
Marc Roca,Espanyol,21.0,MF,3112.0,1.0,2.0,,30.0
Roberto Rosales,Espanyol,29.0,DF,1749.0,3.0,1.0,,2.5
Víctor Sánchez,Espanyol,30.0,MF,1265.0,0.0,2.0,,3.0
Alfa Semedo,Espanyol,20.0,MF,45.0,0.0,0.0,,2.0
Dídac Vilà,Espanyol,29.0,DF,2354.0,0.0,2.0,,4.0
Leighton Baines,Everton,33.0,DF,375.0,0.0,0.0,,3.5
Bernard,Everton,25.0,"FW,MF",2116.0,1.0,3.0,,20.0
Dominic Calvert-Lewin,Everton,21.0,FW,1784.0,6.0,2.0,,20.0
Tom Davies,Everton,20.0,MF,980.0,0.0,0.0,,15.0
Lucas Digne,Everton,25.0,DF,2965.0,4.0,4.0,,30.0
André Gomes,Everton,25.0,MF,1980.0,1.0,1.0,,28.0
Mason Holgate,Everton,21.0,DF,408.0,0.0,0.0,,7.0
Phil Jagielka,Everton,35.0,"DF,MF",331.0,1.0,0.0,,1.0
Michael Keane,Everton,25.0,DF,2969.0,1.0,2.0,,30.0
Jonjoe Kenny,Everton,21.0,DF,791.0,0.0,1.0,,5.0
Ademola Lookman,Everton,20.0,"FW,MF",618.0,0.0,2.0,,20.0
James McCarthy,Everton,27.0,MF,15.0,0.0,0.0,,5.0
Yerry Mina,Everton,23.0,DF,892.0,1.0,0.0,,25.0
Oumar Niasse,Everton,28.0,"FW,MF",931.0,0.0,0.0,,6.0
Jordan Pickford,Everton,24.0,GK,3420.0,0.0,0.0,,40.0
Richarlison,Everton,21.0,"FW,MF",2665.0,13.0,1.0,,50.0
Morgan Schneiderlin,Everton,28.0,MF,834.0,0.0,1.0,,15.0
Cenk Tosun,Everton,27.0,FW,1059.0,3.0,3.0,,18.0
Theo Walcott,Everton,29.0,"FW,MF",2119.0,5.0,2.0,,18.0
Kurt Zouma,Everton,23.0,DF,2612.0,2.0,2.0,,25.0
Marco Benassi,Fiorentina,23.0,MF,2282.0,7.0,1.0,,20.0
Cristiano Biraghi,Fiorentina,25.0,DF,3194.0,1.0,4.0,,10.0
Federico Ceccherini,Fiorentina,26.0,DF,994.0,0.0,0.0,,3.5
Federico Chiesa,Fiorentina,20.0,"FW,MF",3034.0,6.0,3.0,,60.0
Bryan Dabo,Fiorentina,26.0,"MF,DF",831.0,1.0,1.0,,3.5
Valentin Eysseric,Fiorentina,26.0,"FW,MF",358.0,0.0,1.0,,3.0
Edimilson Fernandes,Fiorentina,22.0,MF,1970.0,2.0,0.0,,8.0
Gerson,Fiorentina,21.0,"MF,FW",2426.0,3.0,3.0,,13.0
Vitor Hugo,Fiorentina,27.0,DF,2470.0,0.0,2.0,,7.5
Alban Lafont,Fiorentina,19.0,GK,3015.0,0.0,0.0,,17.0
Vincent Laurini,Fiorentina,29.0,DF,920.0,0.0,0.0,,1.5
Kevin Mirallas,Fiorentina,30.0,"FW,MF",1299.0,2.0,1.0,,5.0
Luis Muriel,Fiorentina,27.0,FW,1441.0,6.0,0.0,,13.0
Germán Pezzella,Fiorentina,27.0,DF,2850.0,2.0,1.0,,18.0
Marko Pjaca,Fiorentina,23.0,"FW,MF",750.0,1.0,1.0,,10.0
Giovanni Simeone,Fiorentina,23.0,FW,2454.0,6.0,3.0,,20.0
Riccardo Sottil,Fiorentina,19.0,"FW,MF",20.0,0.0,0.0,,1.5
Pietro Terracciano,Fiorentina,28.0,GK,180.0,0.0,0.0,,0.8
Cyril Théréau,Fiorentina,35.0,FW,30.0,0.0,0.0,,0.5
Jordan Veretout,Fiorentina,25.0,MF,2941.0,5.0,3.0,,20.0
Amir Abrashi,Freiburg,28.0,MF,790.0,0.0,0.0,,2.5
Mark Flekken,Freiburg,25.0,GK,90.0,0.0,0.0,,0.6
Mike Frantz,Freiburg,31.0,"MF,FW",2216.0,2.0,1.0,,1.0
Jérôme Gondorf,Freiburg,30.0,"MF,FW",1296.0,2.0,2.0,,1.5
Vincenzo Grifo,Freiburg,25.0,"MF,FW",335.0,1.0,2.0,,9.0
Manuel Gulde,Freiburg,27.0,DF,1712.0,1.0,0.0,,4.0
Christian Günter,Freiburg,25.0,DF,2879.0,0.0,5.0,,9.0
Janik Haberer,Freiburg,24.0,"MF,FW",2340.0,1.0,3.0,,10.0
Dominique Heintz,Freiburg,24.0,DF,3053.0,1.0,1.0,,7.5
Nicolas Höfler,Freiburg,28.0,MF,1615.0,0.0,0.0,,4.0
Lucas Höler,Freiburg,24.0,"FW,MF",1006.0,4.0,0.0,,3.0
Tim Kleindienst,Freiburg,22.0,FW,200.0,0.0,0.0,,1.5
Robin Koch,Freiburg,22.0,"MF,DF",1901.0,1.0,0.0,,10.0
Lukas Kübler,Freiburg,25.0,DF,1184.0,0.0,2.0,,2.5
Philipp Lienhart,Freiburg,22.0,DF,614.0,0.0,0.0,,4.0
Florian Niederlechner,Freiburg,27.0,"FW,MF",970.0,4.0,1.0,,3.5
Nils Petersen,Freiburg,29.0,FW,1929.0,10.0,3.0,,8.0
Yoric Ravet,Freiburg,28.0,"MF,FW",75.0,0.0,0.0,,1.25
Roland Sallai,Freiburg,21.0,"MF,FW",527.0,2.0,0.0,,4.5
Keven Schlotterbeck,Freiburg,21.0,DF,773.0,0.0,0.0,,1.0
Nico Schlotterbeck,Freiburg,18.0,DF,226.0,0.0,0.0,,0.3
Alexander Schwolow,Freiburg,26.0,GK,2970.0,0.0,1.0,,9.0
Luca Waldschmidt,Freiburg,22.0,"FW,MF",1717.0,9.0,1.0,,12.0
Joaquín Ardaiz,Frosinone,19.0,FW,20.0,0.0,0.0,,1.25
Lorenzo Ariaudo,Frosinone,29.0,DF,1682.0,0.0,0.0,,1.0
Francesco Bardi,Frosinone,26.0,GK,270.0,0.0,0.0,,0.8
Andrea Beghetto,Frosinone,23.0,"DF,MF",2226.0,0.0,3.0,,2.0
Nicolò Brighenti,Frosinone,28.0,DF,990.0,0.0,0.0,,0.5
Joel Campbell,Frosinone,26.0,"FW,MF",891.0,0.0,3.0,,2.5
Marco Capuano,Frosinone,26.0,DF,2307.0,0.0,0.0,,0.7
Francesco Cassata,Frosinone,21.0,"MF,FW",1124.0,2.0,2.0,,3.5
Raman Chibsah,Frosinone,25.0,MF,2622.0,1.0,0.0,,1.5
Camillo Ciano,Frosinone,28.0,"FW,MF",2454.0,7.0,4.0,,3.0
Daniel Ciofani,Frosinone,33.0,FW,1618.0,5.0,2.0,,0.7
Lorenzo Crisetig,Frosinone,25.0,MF,507.0,0.0,0.0,,0.8
Federico Dionisi,Frosinone,31.0,FW,204.0,1.0,0.0,,1.0
Paolo Ghiglione,Frosinone,21.0,"MF,DF",514.0,1.0,0.0,,1.0
Edoardo Goldaniga,Frosinone,24.0,DF,2610.0,1.0,1.0,,2.0
Mirko Gori,Frosinone,25.0,MF,329.0,0.0,0.0,,1.1
Emil Hallfreðsson,Frosinone,34.0,MF,137.0,1.0,0.0,,0.5
Luka Krajnc,Frosinone,23.0,DF,788.0,0.0,0.0,,0.8
Raffaele Maiello,Frosinone,27.0,MF,2043.0,0.0,0.0,,1.2
Luca Matarese,Frosinone,20.0,FW,16.0,0.0,0.0,,0.2
Cristian Molinaro,Frosinone,35.0,"DF,MF",1159.0,0.0,0.0,,0.3
Luca Paganini,Frosinone,25.0,"DF,MF",1123.0,2.0,0.0,,1.5
Stipe Perica,Frosinone,23.0,FW,480.0,0.0,0.0,,1.0
Andrea Pinamonti,Frosinone,19.0,FW,1625.0,5.0,3.0,,10.0
Bartosz Salamon,Frosinone,27.0,DF,1725.0,0.0,0.0,,0.8
Paolo Sammarco,Frosinone,35.0,MF,553.0,1.0,0.0,,0.2
Danilo Soddimo,Frosinone,30.0,MF,252.0,0.0,1.0,,0.4
Marco Sportiello,Frosinone,26.0,GK,3150.0,0.0,0.0,,4.0
Marcello Trotta,Frosinone,25.0,FW,398.0,0.0,0.0,,1.0
Luca Valzania,Frosinone,22.0,MF,897.0,2.0,1.0,,1.7
Federico Viviani,Frosinone,26.0,MF,337.0,0.0,0.0,,3.0
Rai Vloet,Frosinone,23.0,"FW,DF",122.0,0.0,0.0,,0.35
Francesco Zampano,Frosinone,24.0,"DF,MF",2102.0,0.0,1.0,,1.5
Floyd Ayité,Fulham,29.0,"FW,MF",476.0,1.0,0.0,,2.5
Ryan Babel,Fulham,31.0,FW,1251.0,5.0,3.0,,5.0
Marcus Bettinelli,Fulham,26.0,GK,630.0,0.0,0.0,,4.0
Joe Bryan,Fulham,24.0,DF,2345.0,0.0,1.0,,6.0
Tom Cairney,Fulham,27.0,"MF,FW",2194.0,1.0,1.0,,15.0
Calum Chambers,Fulham,23.0,"MF,DF",2588.0,2.0,0.0,,14.0
Cyrus Christie,Fulham,25.0,DF,1948.0,0.0,1.0,,3.5
Ibrahima Cissé,Fulham,24.0,"MF,FW",88.0,0.0,0.0,,1.5
Timothy Fosu-Mensah,Fulham,20.0,DF,793.0,0.0,0.0,,7.0
Stefan Johansen,Fulham,27.0,MF,417.0,0.0,0.0,,4.0
Aboubakar Kamara,Fulham,23.0,"FW,MF",693.0,3.0,0.0,,2.75
Neeskens Kebano,Fulham,26.0,"FW,MF",108.0,0.0,0.0,,3.0
Maxime Le Marchand,Fulham,28.0,DF,2250.0,0.0,1.0,,5.0
Alfie Mawson,Fulham,24.0,DF,1131.0,0.0,0.0,,15.0
Kevin McDonald,Fulham,29.0,MF,841.0,0.0,0.0,,3.0
Denis Odoi,Fulham,30.0,DF,2594.0,0.0,1.0,,2.5
Tim Ream,Fulham,30.0,DF,2047.0,0.0,0.0,,4.0
Sergio Rico,Fulham,24.0,GK,2610.0,0.0,0.0,,12.0
André Schürrle,Fulham,27.0,"FW,MF",1641.0,6.0,0.0,,12.0
Ryan Sessegnon,Fulham,18.0,"FW,DF",2300.0,2.0,6.0,,35.0
Luciano Vietto,Fulham,24.0,"FW,MF",986.0,1.0,4.0,,7.0
Daniel Bessa,Genoa,25.0,MF,2441.0,1.0,3.0,,4.5
Davide Biraschi,Genoa,24.0,DF,2841.0,0.0,0.0,,4.5
Domenico Criscito,Genoa,31.0,DF,3070.0,2.0,4.0,,4.0
Nicola Dalmonte,Genoa,20.0,"MF,FW",44.0,0.0,0.0,,1.0
Andrea Favilli,Genoa,21.0,"FW,MF",170.0,0.0,2.0,,6.0
Koray Günter,Genoa,23.0,DF,835.0,0.0,0.0,,1.0
Oscar Hiljemark,Genoa,26.0,MF,1196.0,1.0,0.0,,3.0
Jandrei,Genoa,25.0,GK,90.0,0.0,0.0,,2.0
Christian Kouamé,Genoa,20.0,"FW,MF",3066.0,4.0,5.0,,15.0
Gianluca Lapadula,Genoa,28.0,"FW,MF",404.0,1.0,0.0,,5.0
Lukas Lerager,Genoa,25.0,MF,1298.0,0.0,1.0,,6.0
Federico Marchetti,Genoa,35.0,GK,360.0,0.0,0.0,,0.3
Luca Mazzitelli,Genoa,22.0,"MF,FW",323.0,0.0,0.0,,3.5
Iuri Medeiros,Genoa,24.0,"MF,FW",106.0,0.0,0.0,,4.5
Stephane Omeonga,Genoa,22.0,MF,57.0,0.0,0.0,,1.8
Goran Pandev,Genoa,35.0,"FW,MF",1122.0,4.0,2.0,,0.4
Pedro Pereira,Genoa,20.0,"DF,MF",1384.0,0.0,0.0,,2.0
Giuseppe Pezzella,Genoa,20.0,DF,184.0,0.0,0.0,,3.0
Ionuț Radu,Genoa,21.0,GK,2970.0,0.0,0.0,,15.0
Esteban Rolón,Genoa,23.0,MF,1046.0,0.0,0.0,,1.0
Cristian Romero,Genoa,20.0,DF,2336.0,2.0,2.0,,15.0
Rômulo,Genoa,31.0,"MF,DF",1351.0,1.0,2.0,,2.5
Antonio Sanabria,Genoa,22.0,FW,766.0,3.0,0.0,,9.0
Sandro,Genoa,29.0,MF,594.0,0.0,0.0,,2.0
Nicolás Spolli,Genoa,35.0,DF,538.0,0.0,0.0,,0.25
Stefano Sturaro,Genoa,25.0,MF,213.0,1.0,0.0,,10.0
Miguel Veloso,Genoa,32.0,MF,1257.0,0.0,1.0,,1.0
Iván Alejo,Getafe,23.0,"MF,FW",146.0,0.0,0.0,,1.2
Vitorino Antunes,Getafe,31.0,DF,2181.0,1.0,3.0,,2.5
Mauro Arambarri,Getafe,22.0,MF,2676.0,1.0,2.0,,15.0
Markel Bergara,Getafe,32.0,MF,53.0,0.0,0.0,,0.8
Leandro Cabrera,Getafe,27.0,DF,2794.0,2.0,0.0,,5.0
Leandro Chichizola,Getafe,28.0,GK,90.0,0.0,0.0,,1.0
Sebastián Cristóforo,Getafe,24.0,"MF,FW",450.0,0.0,2.0,,1.8
Djené,Getafe,26.0,DF,2976.0,0.0,0.0,,25.0
Hugo Duro,Getafe,18.0,"MF,FW",417.0,0.0,0.0,,2.0
Mathieu Flamini,Getafe,34.0,MF,453.0,0.0,0.0,,0.6
Dimitri Foulquier,Getafe,25.0,"MF,FW",1799.0,3.0,2.0,,3.5
Bruno González,Getafe,28.0,DF,1701.0,0.0,1.0,,2.0
Sergi Guardiola,Getafe,27.0,"MF,FW",1514.0,3.0,1.0,,5.0
Jaime Mata,Getafe,29.0,"FW,MF",2432.0,14.0,6.0,,10.0
Ignasi Miquel,Getafe,25.0,DF,316.0,0.0,0.0,,2.0
Jorge Molina,Getafe,36.0,FW,2648.0,14.0,5.0,,2.0
Francisco Portillo,Getafe,28.0,"MF,FW",1994.0,1.0,4.0,,4.0
Ángel Rodríguez,Getafe,31.0,FW,1819.0,8.0,3.0,,3.0
Gaku Shibasaki,Getafe,26.0,"MF,FW",389.0,0.0,0.0,,2.0
David Soria,Getafe,25.0,GK,3330.0,0.0,0.0,,15.0
Damián Suárez,Getafe,30.0,DF,3240.0,0.0,3.0,,3.5
Aday,Girona,30.0,"DF,MF",645.0,0.0,2.0,,1.5
Pedro Alcalá,Girona,29.0,DF,1868.0,1.0,1.0,,0.8
Seydou Doumbia,Girona,30.0,FW,541.0,2.0,0.0,,1.5
Bernardo Espinosa,Girona,29.0,DF,2727.0,1.0,1.0,,6.0
Aleix García,Girona,21.0,MF,1663.0,2.0,1.0,,3.0
Borja García,Girona,27.0,"FW,MF",2629.0,1.0,3.0,,7.0
Raúl García,Girona,29.0,DF,381.0,0.0,0.0,,7.5
Álex Granell,Girona,29.0,"MF,DF",2391.0,0.0,4.0,,5.0
Gorka Iraizoz,Girona,37.0,GK,559.0,0.0,0.0,,0.2
Juanpe,Girona,27.0,DF,2767.0,0.0,0.0,,7.0
Douglas Luiz,Girona,20.0,MF,1490.0,0.0,0.0,,2.5
Johan Mojica,Girona,25.0,"DF,MF",20.0,0.0,0.0,,3.0
Marc Muniesa,Girona,26.0,"DF,MF",1406.0,0.0,0.0,,3.0
Carles Planas,Girona,27.0,"DF,MF",419.0,0.0,1.0,,0.8
Pere Pons,Girona,25.0,MF,2792.0,1.0,2.0,,4.0
Pedro Porro,Girona,18.0,"DF,MF",2211.0,0.0,4.0,,10.0
Portu,Girona,26.0,"FW,MF",2821.0,9.0,2.0,,10.0
Jonás Ramalho,Girona,25.0,DF,1619.0,1.0,0.0,,3.0
Patrick Roberts,Girona,21.0,FW,601.0,0.0,0.0,,5.0
Kévin Soni,Girona,20.0,"FW,DF",82.0,0.0,0.0,,0.3
Cristhian Stuani,Girona,31.0,FW,2729.0,19.0,0.0,,7.0
David Timor,Girona,28.0,"MF,FW",163.0,0.0,0.0,,1.5
Guessouma Fofana,Guingamp,25.0,MF,186.0,0.0,0.0,,0.8
Alexandre Mendy,Guingamp,24.0,FW,767.0,3.0,0.0,,2.25
Yannis Salibur,Guingamp,27.0,FW,885.0,1.0,3.0,,3.5
Kevin Akpoguma,Hannover 96,23.0,DF,499.0,0.0,0.0,,6.5
Takuma Asano,Hannover 96,23.0,"MF,FW",699.0,0.0,0.0,,1.5
Felipe,Hannover 96,31.0,DF,1095.0,2.0,0.0,,0.5
Florian Baak,Hertha BSC,19.0,MF,1.0,0.0,0.0,,0.4
Per Ciljan Skjelbred,Hertha BSC,31.0,MF,997.0,0.0,1.0,,1.75
Javairô Dilrosun,Hertha BSC,20.0,"FW,MF",898.0,2.0,3.0,,12.0
Ondrej Duda,Hertha BSC,23.0,MF,2563.0,11.0,5.0,,17.0
Rune Jarstein,Hertha BSC,33.0,GK,2745.0,0.0,0.0,,2.0
Dennis Jastrzembski,Hertha BSC,18.0,"DF,MF",61.0,0.0,0.0,,0.8
Salomon Kalou,Hertha BSC,32.0,"FW,MF",2317.0,8.0,2.0,,3.0
Lukas Klünter,Hertha BSC,22.0,DF,592.0,0.0,0.0,,3.0
Pascal Köpke,Hertha BSC,22.0,"FW,MF",74.0,0.0,0.0,,1.5
Thomas Kraft,Hertha BSC,30.0,GK,315.0,0.0,0.0,,0.75
Mathew Leckie,Hertha BSC,27.0,"FW,MF",941.0,2.0,0.0,,3.5
Arne Maier,Hertha BSC,19.0,MF,2064.0,0.0,0.0,,24.0
Maximilian Mittelstädt,Hertha BSC,21.0,"DF,MF",1804.0,1.0,1.0,,11.0
Marvin Plattenhardt,Hertha BSC,26.0,DF,1924.0,1.0,2.0,,10.0
Karim Rekik,Hertha BSC,23.0,DF,2068.0,0.0,0.0,,15.0
Davie Selke,Hertha BSC,23.0,"FW,MF",1739.0,3.0,5.0,,18.0
Niklas Stark,Hertha BSC,23.0,DF,1868.0,1.0,0.0,,20.0
Jordan Torunarigha,Hertha BSC,20.0,DF,1158.0,2.0,2.0,,10.0
Kevin Akpoguma,Hoffenheim,23.0,DF,499.0,0.0,0.0,,6.5
Nadiem Amiri,Hoffenheim,21.0,"MF,FW",754.0,3.0,1.0,,17.0
Oliver Baumann,Hoffenheim,28.0,GK,2970.0,0.0,1.0,,8.0
Christoph Baumgartner,Hoffenheim,18.0,MF,85.0,0.0,0.0,,0.5
Ishak Belfodil,Hoffenheim,26.0,FW,1863.0,16.0,3.0,,15.0
Leonardo Bittencourt,Hoffenheim,24.0,MF,1069.0,1.0,3.0,,7.0
Joshua Brenet,Hoffenheim,24.0,"DF,MF",906.0,2.0,1.0,,4.5
Kerem Demirbay,Hoffenheim,25.0,MF,2017.0,4.0,9.0,,32.0
Dennis Geiger,Hoffenheim,20.0,"MF,FW",246.0,0.0,1.0,,8.5
Vincenzo Grifo,Hoffenheim,25.0,"MF,FW",335.0,1.0,2.0,,9.0
Florian Grillitsch,Hoffenheim,22.0,MF,2394.0,0.0,3.0,,22.0
Benjamin Hübner,Hoffenheim,29.0,DF,813.0,0.0,0.0,,7.0
Reiss Nelson,Hoffenheim,18.0,"MF,FW",643.0,7.0,0.0,,17.0
Stefan Posch,Hoffenheim,21.0,DF,1402.0,0.0,0.0,,5.5
Lukas Rupp,Hoffenheim,27.0,MF,25.0,0.0,0.0,,2.5
Nico Schulz,Hoffenheim,25.0,"DF,MF",2537.0,1.0,5.0,,25.0
Ádám Szalai,Hoffenheim,30.0,FW,1627.0,6.0,3.0,,3.0
Kevin Vogt,Hoffenheim,26.0,DF,2391.0,0.0,0.0,,12.0
Steven Zuber,Hoffenheim,26.0,"MF,FW",571.0,0.0,1.0,,7.0
Juninho Bacuna,Huddersfield,20.0,"MF,DF",1412.0,1.0,0.0,,3.5
Philip Billing,Huddersfield,22.0,MF,2188.0,2.0,0.0,,7.0
Joel Coleman,Huddersfield,22.0,GK,90.0,0.0,0.0,,0.5
Laurent Depoitre,Huddersfield,29.0,FW,1068.0,0.0,1.0,,3.5
Adama Diakhaby,Huddersfield,22.0,"FW,MF",552.0,0.0,0.0,,8.0
Erik Durm,Huddersfield,26.0,DF,2055.0,0.0,1.0,,2.0
Karlan Grant,Huddersfield,20.0,"FW,MF",877.0,3.0,0.0,,5.0
Florent Hadergjonaj,Huddersfield,24.0,"DF,MF",1842.0,0.0,0.0,,7.0
Ben Hamer,Huddersfield,30.0,GK,552.0,0.0,0.0,,0.5
Jonathan Hogg,Huddersfield,29.0,MF,2367.0,0.0,1.0,,3.5
Elias Kachunga,Huddersfield,26.0,"FW,MF",1182.0,0.0,0.0,,3.0
Terence Kongolo,Huddersfield,24.0,DF,2716.0,1.0,1.0,,15.0
Rajiv van La Parra,Huddersfield,27.0,"MF,FW",405.0,0.0,0.0,,4.0
Jonas Lössl,Huddersfield,29.0,GK,2778.0,0.0,1.0,,5.0
Chris Löwe,Huddersfield,29.0,"DF,MF",2057.0,0.0,2.0,,2.0
Isaac Mbenza,Huddersfield,22.0,"FW,MF",986.0,1.0,1.0,,5.0
Aaron Mooy,Huddersfield,27.0,"MF,FW",2330.0,3.0,1.0,,14.0
Steve Mounié,Huddersfield,23.0,FW,1778.0,2.0,3.0,,10.0
Alex Pritchard,Huddersfield,25.0,"MF,FW",2081.0,2.0,0.0,,9.0
Jason Puncheon,Huddersfield,32.0,"MF,FW",13.0,0.0,0.0,,3.0
Collin Quaner,Huddersfield,27.0,"FW,MF",39.0,0.0,0.0,,1.5
Abdelhamid Sabiri,Huddersfield,21.0,FW,48.0,0.0,0.0,,1.5
Christopher Schindler,Huddersfield,28.0,DF,3260.0,1.0,0.0,,7.0
Tommy Smith,Huddersfield,26.0,DF,1141.0,0.0,0.0,,3.0
Ramadan Sobhi,Huddersfield,21.0,FW,79.0,0.0,0.0,,5.0
Danny Williams,Huddersfield,29.0,MF,96.0,0.0,0.0,,2.0
Juan Aguilera,Huesca,32.0,MF,344.0,0.0,0.0,,0.3
Carlos Akapo,Huesca,25.0,DF,1023.0,0.0,0.0,,0.8
Juanjo Camacho,Huesca,37.0,MF,37.0,0.0,0.0,,0.1
Adrián Diéguez,Huesca,22.0,DF,749.0,0.0,0.0,,0.3
David Ferreiro,Huesca,30.0,"FW,MF",2280.0,1.0,3.0,,1.8
Javi Galán,Huesca,23.0,"DF,MF",1440.0,0.0,2.0,,1.5
Álex Gallar,Huesca,26.0,"MF,FW",1009.0,4.0,1.0,,1.4
Enric Gallego,Huesca,31.0,FW,1539.0,5.0,1.0,,3.0
Moi Gómez,Huesca,24.0,MF,3055.0,2.0,7.0,,5.0
Serdar Gürler,Huesca,26.0,"FW,MF",482.0,0.0,1.0,,1.5
Yangel Herrera,Huesca,20.0,"MF,DF",1154.0,0.0,0.0,,2.0
Pablo Insua,Huesca,24.0,DF,776.0,0.0,0.0,,1.5
Samuele Longo,Huesca,26.0,"FW,MF",556.0,1.0,2.0,,1.0
Luisinho,Huesca,33.0,DF,507.0,0.0,0.0,,0.5
Martín Mantovani,Huesca,34.0,DF,701.0,2.0,0.0,,0.4
Gonzalo Melero,Huesca,24.0,MF,1345.0,2.0,1.0,,4.0
Jorge Miramón,Huesca,29.0,DF,2492.0,1.0,0.0,,3.0
Damián Musto,Huesca,31.0,MF,1686.0,0.0,0.0,,1.2
Jorge Pulido,Huesca,27.0,DF,2785.0,3.0,3.0,,3.0
Roberto Santamaría,Huesca,33.0,GK,1800.0,0.0,0.0,,0.3
Rúben Semedo,Huesca,24.0,DF,850.0,0.0,0.0,,2.0
Axel Werner,Huesca,22.0,GK,540.0,0.0,0.0,,0.6
Kwadwo Asamoah,Inter,29.0,DF,2671.0,0.0,1.0,,13.0
Keita Baldé,Inter,23.0,"FW,MF",889.0,5.0,2.0,,25.0
Antonio Candreva,Inter,31.0,"FW,MF",502.0,1.0,0.0,,5.0
Danilo D'Ambrosio,Inter,29.0,DF,2579.0,2.0,5.0,,13.0
Roberto Gagliardini,Inter,24.0,MF,1087.0,5.0,0.0,,15.0
Mauro Icardi,Inter,25.0,FW,2267.0,11.0,4.0,,80.0
Yann Karamoh,Inter,20.0,MF,1224.0,3.0,1.0,,10.0
João Mário,Inter,25.0,"MF,FW",1082.0,1.0,2.0,,18.0
Lautaro Martínez,Inter,20.0,FW,1344.0,6.0,2.0,,30.0
Miranda,Inter,33.0,DF,1158.0,0.0,0.0,,3.5
Radja Nainggolan,Inter,30.0,MF,1967.0,6.0,3.0,,28.0
Matteo Politano,Inter,24.0,"FW,MF",2549.0,5.0,6.0,,30.0
Andrea Ranocchia,Inter,30.0,"DF,MF",62.0,0.0,0.0,,3.0
Cédric Soares,Inter,26.0,DF,1495.0,1.0,2.0,,12.0
Borja Valero,Inter,33.0,MF,1231.0,0.0,1.0,,2.5
Matías Vecino,Inter,26.0,MF,2015.0,3.0,1.0,,23.0
Stefan de Vrij,Inter,26.0,DF,2520.0,2.0,0.0,,50.0
Andrea Barzagli,Juventus,37.0,DF,260.0,0.0,0.0,,1.0
Medhi Benatia,Juventus,31.0,DF,450.0,0.0,0.0,,9.0
Rodrigo Bentancur,Juventus,21.0,MF,2003.0,2.0,3.0,,35.0
Federico Bernardeschi,Juventus,24.0,"FW,MF",1473.0,2.0,3.0,,45.0
Leonardo Bonucci,Juventus,31.0,DF,2472.0,3.0,0.0,,28.0
Martín Cáceres,Juventus,31.0,DF,307.0,0.0,0.0,,1.5
Emre Can,Juventus,24.0,MF,1811.0,4.0,1.0,,40.0
João Cancelo,Juventus,24.0,DF,1968.0,1.0,3.0,,55.0
Giorgio Chiellini,Juventus,33.0,DF,1991.0,1.0,1.0,,7.5
Douglas Costa,Juventus,27.0,"FW,MF",621.0,1.0,0.0,,38.0
Juan Cuadrado,Juventus,30.0,"MF,DF",1220.0,1.0,2.0,,18.0
Mattia De Sciglio,Juventus,25.0,DF,1743.0,0.0,1.0,,14.0
Paulo Dybala,Juventus,24.0,"FW,MF",2137.0,5.0,4.0,,85.0
Grigoris Kastanos,Juventus,20.0,MF,60.0,0.0,0.0,,0.4
Moise Kean,Juventus,18.0,FW,541.0,6.0,0.0,,40.0
Sami Khedira,Juventus,31.0,MF,706.0,2.0,1.0,,7.0
Blaise Matuidi,Juventus,31.0,MF,2418.0,3.0,2.0,,22.0
Stephy Mavididi,Juventus,20.0,FW,22.0,0.0,0.0,,0.55
Hans Nicolussi Caviglia,Juventus,18.0,"MF,FW",57.0,0.0,0.0,,0.5
Mattia Perin,Juventus,25.0,GK,810.0,0.0,0.0,,13.0
Carlo Pinsoglio,Juventus,28.0,GK,90.0,0.0,0.0,,0.5
Manolo Portanova,Juventus,18.0,MF,33.0,0.0,0.0,,0.8
Cristiano Ronaldo,Juventus,33.0,FW,2688.0,21.0,8.0,,90.0
Daniele Rugani,Juventus,24.0,DF,1350.0,2.0,0.0,,22.0
Alex Sandro,Juventus,27.0,DF,2387.0,1.0,2.0,,45.0
Leonardo Spinazzola,Juventus,25.0,DF,601.0,0.0,1.0,,15.0
Francesco Acerbi,Lazio,30.0,DF,3309.0,3.0,1.0,,12.0
Luis Alberto,Lazio,25.0,"MF,FW",1990.0,4.0,5.0,,28.0
Milan Badelj,Lazio,29.0,MF,1141.0,1.0,0.0,,9.0
Bastos,Lazio,27.0,DF,1139.0,1.0,0.0,,4.0
Valon Berisha,Lazio,25.0,MF,198.0,0.0,0.0,,7.0
Martín Cáceres,Lazio,31.0,"DF,FW",307.0,0.0,0.0,,1.5
Felipe Caicedo,Lazio,29.0,FW,1371.0,8.0,2.0,,3.0
Luan Capanni,Lazio,18.0,FW,9.0,0.0,0.0,,0.1
Danilo Cataldi,Lazio,23.0,"MF,FW",578.0,2.0,1.0,,4.0
Joaquín Correa,Lazio,23.0,"FW,MF",1927.0,5.0,6.0,,20.0
Riza Durmisi,Lazio,24.0,"DF,MF",326.0,0.0,1.0,,4.0
Luiz Felipe,Lazio,21.0,DF,1289.0,1.0,1.0,,10.0
Guido Guerrieri,Lazio,22.0,GK,90.0,0.0,0.0,,0.3
Ciro Immobile,Lazio,28.0,FW,2859.0,15.0,6.0,,40.0
Bruno Jordão,Lazio,19.0,MF,88.0,0.0,0.0,,1.0
Lucas Leiva,Lazio,31.0,MF,1987.0,0.0,2.0,,9.0
Jordan Lukaku,Lazio,24.0,"MF,DF",175.0,0.0,0.0,,6.0
Alessandro Murgia,Lazio,21.0,MF,1072.0,0.0,3.0,,5.0
Pedro Neto,Lazio,18.0,FW,46.0,0.0,0.0,,2.5
Marco Parolo,Lazio,33.0,MF,2563.0,4.0,3.0,,3.0
Patric,Lazio,25.0,"DF,MF",1085.0,0.0,0.0,,1.8
Silvio Proto,Lazio,35.0,GK,180.0,0.0,0.0,,0.4
Rômulo,Lazio,31.0,"DF,MF",1351.0,1.0,2.0,,2.5
Thomas Strakosha,Lazio,23.0,GK,3150.0,0.0,0.0,,20.0
Wallace,Lazio,23.0,DF,1233.0,0.0,0.0,,6.5
Martin Braithwaite,Leganés,27.0,FW,1402.0,4.0,5.0,,8.0
Unai Bustinza,Leganés,26.0,DF,2023.0,0.0,1.0,,4.0
Guido Carrillo,Leganés,27.0,FW,1992.0,6.0,1.0,,7.5
Iván Cuéllar,Leganés,34.0,GK,3055.0,0.0,0.0,,0.8
Youssef En-Nesyri,Leganés,21.0,FW,2106.0,9.0,2.0,,12.0
Raúl García,Leganés,29.0,DF,381.0,0.0,0.0,,7.5
Gerard Gumbau,Leganés,23.0,MF,1199.0,1.0,1.0,,2.5
Juanfran,Leganés,29.0,DF,1459.0,1.0,1.0,,3.0
Vasyl Kravets,Leganés,20.0,DF,481.0,0.0,0.0,,3.0
Andriy Lunin,Leganés,19.0,GK,365.0,0.0,0.0,,7.5
Sabin Merino,Leganés,26.0,"FW,MF",295.0,0.0,0.0,,1.0
Ezequiel Muñoz,Leganés,27.0,DF,211.0,0.0,0.0,,1.0
Allan Nyom,Leganés,30.0,DF,1708.0,1.0,1.0,,3.0
Dani Ojeda,Leganés,23.0,"MF,DF",193.0,0.0,0.0,,0.4
Kenneth Omeruo,Leganés,24.0,DF,2433.0,0.0,0.0,,5.0
Rubén Pérez,Leganés,29.0,MF,2474.0,0.0,0.0,,7.5
Recio,Leganés,27.0,MF,1285.0,0.0,0.0,,3.0
Diego Reyes,Leganés,25.0,DF,320.0,0.0,0.0,,2.0
Diego Rolán,Leganés,25.0,"MF,DF",215.0,0.0,0.0,,2.0
Michael Santos,Leganés,25.0,"FW,MF",557.0,1.0,3.0,,2.0
Jonathan Silva,Leganés,24.0,DF,2700.0,3.0,6.0,,3.0
Mikel Vesga,Leganés,25.0,MF,2070.0,1.0,1.0,,4.0
Nabil El Zhar,Leganés,31.0,"MF,FW",966.0,4.0,0.0,,2.0
Marc Albrighton,Leicester City,28.0,"FW,MF",1625.0,2.0,2.0,,10.0
Daniel Amartey,Leicester City,23.0,DF,641.0,0.0,0.0,,7.0
Harvey Barnes,Leicester City,20.0,"FW,MF",1004.0,1.0,2.0,,12.0
Ben Chilwell,Leicester City,21.0,DF,3240.0,0.0,4.0,,35.0
Hamza Choudhury,Leicester City,20.0,MF,595.0,0.0,0.0,,5.0
Fousseni Diabaté,Leicester City,22.0,FW,54.0,0.0,0.0,,3.0
Jonny Evans,Leicester City,30.0,DF,1996.0,1.0,0.0,,10.0
Christian Fuchs,Leicester City,32.0,DF,207.0,0.0,0.0,,3.0
Rachid Ghezzal,Leicester City,26.0,"FW,MF",743.0,1.0,0.0,,8.0
Demarai Gray,Leicester City,22.0,"FW,MF",1985.0,4.0,1.0,,20.0
Vicente Iborra,Leicester City,30.0,MF,1665.0,3.0,1.0,,9.0
Kelechi Iheanacho,Leicester City,21.0,"FW,MF",941.0,1.0,3.0,,12.0
James Maddison,Leicester City,21.0,"MF,FW",2831.0,7.0,7.0,,40.0
Harry Maguire,Leicester City,25.0,DF,2596.0,3.0,0.0,,50.0
Nampalys Mendy,Leicester City,26.0,MF,2092.0,0.0,0.0,,8.0
Wes Morgan,Leicester City,34.0,DF,1925.0,3.0,0.0,,2.0
Wilfred Ndidi,Leicester City,21.0,MF,3296.0,2.0,0.0,,35.0
Shinji Okazaki,Leicester City,32.0,"FW,MF",288.0,0.0,1.0,,4.0
Ricardo Pereira,Leicester City,24.0,"DF,FW",3123.0,2.0,6.0,,25.0
Kasper Schmeichel,Leicester City,31.0,GK,3420.0,0.0,0.0,,12.0
Adrien Silva,Leicester City,29.0,MF,88.0,0.0,0.0,,13.0
Danny Simpson,Leicester City,31.0,DF,292.0,0.0,0.0,,3.5
Youri Tielemans,Leicester City,21.0,MF,1086.0,3.0,4.0,,38.0
Jamie Vardy,Leicester City,31.0,FW,2726.0,18.0,4.0,,20.0
Enis Bardhi,Levante,23.0,MF,2836.0,3.0,4.0,,15.0
Emmanuel Boateng,Levante,22.0,FW,699.0,1.0,0.0,,2.5
Erick Cabaco,Levante,23.0,DF,1632.0,2.0,0.0,,4.0
José Campaña,Levante,25.0,MF,3210.0,4.0,9.0,,15.0
Chema,Levante,26.0,DF,1254.0,2.0,0.0,,2.5
Coke,Levante,31.0,DF,1817.0,4.0,0.0,,2.0
Cheick Doukouré,Levante,25.0,MF,318.0,0.0,0.0,,1.0
Raphael Dwamena,Levante,22.0,FW,222.0,0.0,1.0,,2.5
Aitor Fernández,Levante,27.0,GK,1440.0,0.0,0.0,,2.5
Jason,Levante,24.0,"MF,DF",2330.0,2.0,5.0,,5.0
José Luis Morales,Levante,31.0,"FW,MF",3195.0,12.0,5.0,,10.0
Antonio Luna,Levante,27.0,DF,1258.0,0.0,2.0,,1.5
Roger Martí,Levante,27.0,FW,1887.0,13.0,0.0,,10.0
Borja Mayoral,Levante,21.0,FW,1621.0,3.0,2.0,,4.0
Oier Olazábal,Levante,28.0,GK,1890.0,0.0,0.0,,2.5
Sergio Postigo,Levante,29.0,DF,1449.0,1.0,1.0,,2.5
Rubén Rochina,Levante,27.0,MF,1800.0,4.0,5.0,,4.0
Moses Simon,Levante,23.0,"DF,MF",785.0,0.0,1.0,,3.0
Toño,Levante,28.0,"DF,MF",1763.0,2.0,2.0,,1.0
Koke Vegas,Levante,22.0,GK,90.0,0.0,0.0,,0.8
Rúben Vezo,Levante,24.0,DF,1339.0,2.0,1.0,,6.0
Lucas Alario,Leverkusen,25.0,FW,1265.0,9.0,3.0,,17.0
Charles Aránguiz,Leverkusen,29.0,MF,1891.0,2.0,7.0,,15.0
Leon Bailey,Leverkusen,20.0,"FW,MF",1914.0,5.0,1.0,,40.0
Julian Baumgartlinger,Leverkusen,30.0,MF,1559.0,0.0,1.0,,3.5
Karim Bellarabi,Leverkusen,28.0,"FW,MF",1057.0,5.0,4.0,,15.0
Lars Bender,Leverkusen,29.0,"DF,MF",1361.0,1.0,4.0,,9.0
Sven Bender,Leverkusen,29.0,DF,1991.0,0.0,0.0,,9.0
Julian Brandt,Leverkusen,22.0,"MF,FW",2666.0,7.0,11.0,,50.0
Kai Havertz,Leverkusen,19.0,"MF,FW",2894.0,17.0,3.0,,90.0
Benjamin Henrichs,Leverkusen,21.0,DF,63.0,0.0,0.0,,15.0
Tin Jedvaj,Leverkusen,22.0,DF,1121.0,0.0,0.0,,7.5
Dominik Kohr,Leverkusen,24.0,MF,973.0,0.0,2.0,,4.0
Ramazan Özcan,Leverkusen,34.0,GK,180.0,0.0,0.0,,0.3
Paulinho,Leverkusen,18.0,"FW,MF",180.0,0.0,0.0,,15.0
Jonathan Tah,Leverkusen,22.0,DF,2937.0,3.0,1.0,,40.0
Kevin Volland,Leverkusen,26.0,FW,2814.0,14.0,9.0,,30.0
Mitchell Weiser,Leverkusen,24.0,DF,2111.0,1.0,3.0,,14.0
Wendell,Leverkusen,25.0,DF,2277.0,2.0,2.0,,20.0
Luiz Araújo,Lille,22.0,"FW,MF",781.0,3.0,2.0,,7.0
Fodé Ballo-Touré,Lille,21.0,DF,1593.0,0.0,1.0,,12.0
Jonathan Bamba,Lille,22.0,"FW,MF",3004.0,13.0,3.0,,17.0
Yassine Benzia,Lille,23.0,MF,160.0,0.0,1.0,,1.5
Kouadio-Yves Dabila,Lille,21.0,DF,782.0,0.0,0.0,,4.0
José Fonte,Lille,34.0,DF,3110.0,3.0,1.0,,2.0
Rui Fonte,Lille,28.0,FW,627.0,1.0,0.0,,2.5
Edgar Ié,Lille,24.0,DF,239.0,0.0,0.0,,3.5
Youssouf Koné,Lille,23.0,DF,1709.0,0.0,1.0,,5.0
Rafael Leão,Lille,19.0,FW,1287.0,8.0,3.0,,15.0
Thiago Maia,Lille,21.0,MF,1021.0,0.0,1.0,,4.0
Mike Maignan,Lille,22.0,GK,3420.0,0.0,0.0,,17.5
Reinildo Mandava,Lille,24.0,DF,97.0,0.0,0.0,,0.6
Thiago Mendes,Lille,26.0,MF,3074.0,0.0,5.0,,25.0
Lebo Mothiba,Lille,22.0,FW,1771.0,9.0,2.0,,7.0
Nicolas Pépé,Lille,23.0,"FW,MF",3324.0,22.0,11.0,,65.0
Jérémy Pied,Lille,29.0,DF,469.0,0.0,2.0,,2.5
Loïc Rémy,Lille,31.0,FW,1204.0,7.0,2.0,,3.0
Adama Soumaoro,Lille,26.0,DF,1723.0,0.0,1.0,,10.0
Boubakary Soumaré,Lille,19.0,MF,564.0,1.0,1.0,,7.5
Xeka,Lille,23.0,MF,2260.0,2.0,0.0,,10.0
Arton Zekaj,Lille,18.0,FW,1.0,0.0,0.0,,0.25
Trent Alexander-Arnold,Liverpool,19.0,DF,2462.0,1.0,12.0,,80.0
Alisson,Liverpool,25.0,GK,3420.0,0.0,0.0,,80.0
Nathaniel Clyne,Liverpool,27.0,DF,1143.0,0.0,1.0,,12.0
Virgil van Dijk,Liverpool,27.0,DF,3384.0,4.0,2.0,,90.0
Fabinho,Liverpool,24.0,MF,2017.0,1.0,2.0,,50.0
Roberto Firmino,Liverpool,26.0,"FW,MF",2607.0,12.0,6.0,,80.0
Joe Gomez,Liverpool,21.0,DF,1063.0,0.0,0.0,,35.0
Jordan Henderson,Liverpool,28.0,MF,1987.0,1.0,3.0,,35.0
Naby Keïta,Liverpool,23.0,MF,1390.0,2.0,1.0,,60.0
Adam Lallana,Liverpool,30.0,"MF,FW",468.0,0.0,0.0,,15.0
Dejan Lovren,Liverpool,29.0,DF,986.0,1.0,0.0,,20.0
Sadio Mané,Liverpool,26.0,FW,3077.0,22.0,1.0,,120.0
James Milner,Liverpool,32.0,"MF,DF",1789.0,5.0,4.0,,15.0
Alberto Moreno,Liverpool,26.0,DF,154.0,0.0,0.0,,9.0
Divock Origi,Liverpool,23.0,FW,371.0,3.0,1.0,,20.0
Alex Oxlade-Chamberlain,Liverpool,24.0,"MF,FW",21.0,0.0,0.0,,35.0
Andrew Robertson,Liverpool,24.0,DF,3216.0,0.0,11.0,,60.0
Mohamed Salah,Liverpool,26.0,FW,3250.0,22.0,8.0,,150.0
Xherdan Shaqiri,Liverpool,26.0,"FW,MF",1064.0,6.0,3.0,,25.0
Daniel Sturridge,Liverpool,28.0,"FW,MF",509.0,2.0,1.0,,15.0
Georginio Wijnaldum,Liverpool,27.0,MF,2725.0,3.0,0.0,,50.0
Houssem Aouar,Lyon,20.0,MF,3061.0,7.0,7.0,,45.0
Maxwel Cornet,Lyon,21.0,FW,1281.0,7.0,5.0,,15.0
Moussa Dembélé,Lyon,22.0,FW,2016.0,15.0,4.0,,27.0
Jason Denayer,Lyon,23.0,DF,2754.0,2.0,0.0,,12.5
Memphis Depay,Lyon,24.0,"FW,MF",2737.0,10.0,10.0,,45.0
Nabil Fekir,Lyon,25.0,MF,1988.0,9.0,7.0,,60.0
Jordan Ferri,Lyon,26.0,MF,1874.0,2.0,1.0,,4.0
Mathieu Gorgelin,Lyon,27.0,GK,360.0,0.0,0.0,,1.0
Anthony Lopes,Lyon,27.0,GK,3060.0,0.0,0.0,,25.0
Marcelo,Lyon,31.0,DF,1853.0,2.0,2.0,,25.0
Ferland Mendy,Lyon,23.0,DF,2531.0,2.0,1.0,,30.0
Jérémy Morel,Lyon,34.0,DF,1064.0,0.0,0.0,,0.25
Lenny Pintor,Lyon,17.0,FW,1.0,0.0,0.0,,5.0
Rafael,Lyon,28.0,DF,1023.0,0.0,1.0,,0.2
Oumar Solet,Lyon,18.0,DF,59.0,0.0,0.0,,1.0
Martin Terrier,Lyon,21.0,FW,1486.0,9.0,0.0,,15.0
Kenny Tete,Lyon,22.0,DF,1048.0,0.0,3.0,,8.0
Lucas Tousart,Lyon,21.0,MF,1727.0,0.0,0.0,,20.0
Bertrand Traoré,Lyon,22.0,FW,2117.0,7.0,2.0,,15.0
Ridle Baku,Mainz 05,20.0,MF,937.0,0.0,0.0,,3.5
Stefan Bell,Mainz 05,26.0,DF,2250.0,0.0,0.0,,3.5
Pablo de Blasis,Mainz 05,30.0,FW,90.0,0.0,0.0,,2.0
Jean-Paul Boëtius,Mainz 05,24.0,"MF,FW",2127.0,4.0,7.0,,6.0
Daniel Brosinski,Mainz 05,30.0,DF,2203.0,3.0,5.0,,2.5
Jonathan Burkardt,Mainz 05,18.0,"FW,MF",259.0,0.0,0.0,,1.75
Ahmet Gürleyen,Mainz 05,19.0,DF,13.0,0.0,0.0,,0.4
Alexander Hack,Mainz 05,24.0,DF,1020.0,1.0,1.0,,2.5
Gerrit Holtmann,Mainz 05,23.0,"FW,MF",145.0,0.0,0.0,,1.5
Danny Latza,Mainz 05,28.0,MF,1863.0,0.0,3.0,,4.0
Aarón Martín,Mainz 05,21.0,DF,2878.0,0.0,3.0,,20.0
Jean-Philippe Mateta,Mainz 05,21.0,FW,2483.0,14.0,2.0,,22.0
Alexandru Maxim,Mainz 05,28.0,MF,579.0,1.0,0.0,,2.0
Florian Müller,Mainz 05,20.0,GK,2160.0,0.0,0.0,,10.0
Phillipp Mwene,Mainz 05,24.0,DF,274.0,0.0,0.0,,1.5
Karim Onisiwo,Mainz 05,26.0,"FW,MF",1161.0,7.0,3.0,,3.5
Robin Quaison,Mainz 05,24.0,"FW,MF",2194.0,7.0,3.0,,8.0
Anthony Ujah,Mainz 05,27.0,FW,735.0,4.0,0.0,,1.5
Robin Zentner,Mainz 05,23.0,GK,900.0,0.0,0.0,,1.0
Sergio Agüero,Manchester City,30.0,FW,2459.0,21.0,8.0,,65.0
Danilo,Manchester City,27.0,DF,807.0,1.0,0.0,,20.0
Kevin De Bruyne,Manchester City,27.0,MF,975.0,2.0,2.0,,130.0
Fabian Delph,Manchester City,28.0,DF,725.0,0.0,1.0,,15.0
Ederson,Manchester City,24.0,GK,3420.0,0.0,1.0,,70.0
Fernandinho,Manchester City,33.0,MF,2377.0,1.0,3.0,,12.0
Phil Foden,Manchester City,18.0,MF,335.0,1.0,0.0,,25.0
Gabriel Jesus,Manchester City,21.0,FW,1036.0,7.0,3.0,,70.0
Vincent Kompany,Manchester City,32.0,DF,1224.0,1.0,0.0,,8.0
Aymeric Laporte,Manchester City,24.0,DF,3057.0,3.0,3.0,,75.0
Riyad Mahrez,Manchester City,27.0,"FW,MF",1343.0,7.0,4.0,,60.0
Benjamin Mendy,Manchester City,24.0,DF,900.0,0.0,5.0,,35.0
Nicolás Otamendi,Manchester City,30.0,DF,1236.0,0.0,0.0,,25.0
Leroy Sané,Manchester City,22.0,FW,1867.0,10.0,10.0,,100.0
Bernardo Silva,Manchester City,23.0,"MF,FW",2854.0,7.0,7.0,,100.0
David Silva,Manchester City,32.0,MF,2401.0,6.0,8.0,,20.0
Raheem Sterling,Manchester City,23.0,FW,2771.0,17.0,9.0,,140.0
John Stones,Manchester City,24.0,DF,1764.0,0.0,0.0,,60.0
Kyle Walker,Manchester City,28.0,DF,2779.0,1.0,1.0,,50.0
Oleksandr Zinchenko,Manchester City,21.0,DF,1151.0,0.0,3.0,,20.0
Eric Bailly,Manchester Utd,24.0,DF,638.0,0.0,0.0,,25.0
Diogo Dalot,Manchester Utd,19.0,"DF,MF",1013.0,0.0,2.0,,20.0
Matteo Darmian,Manchester Utd,28.0,DF,443.0,0.0,0.0,,10.0
Marouane Fellaini,Manchester Utd,30.0,MF,752.0,0.0,1.0,,12.0
Fred,Manchester Utd,25.0,MF,1041.0,1.0,1.0,,30.0
David de Gea,Manchester Utd,27.0,GK,3420.0,0.0,0.0,,65.0
Ander Herrera,Manchester Utd,28.0,MF,1403.0,2.0,3.0,,25.0
Phil Jones,Manchester Utd,26.0,DF,1263.0,0.0,1.0,,20.0
Victor Lindelöf,Manchester Utd,24.0,DF,2601.0,1.0,1.0,,35.0
Jesse Lingard,Manchester Utd,25.0,"FW,MF",1663.0,4.0,2.0,,40.0
Romelu Lukaku,Manchester Utd,25.0,FW,2136.0,12.0,0.0,,75.0
Anthony Martial,Manchester Utd,22.0,FW,1621.0,10.0,2.0,,60.0
Juan Mata,Manchester Utd,30.0,"FW,MF",1289.0,3.0,2.0,,20.0
Scott McTominay,Manchester Utd,21.0,"MF,DF",867.0,2.0,0.0,,12.0
Andreas Pereira,Manchester Utd,22.0,MF,599.0,1.0,1.0,,10.0
Paul Pogba,Manchester Utd,25.0,MF,3006.0,13.0,9.0,,100.0
Marcus Rashford,Manchester Utd,20.0,FW,2334.0,10.0,6.0,,80.0
Marcos Rojo,Manchester Utd,28.0,DF,212.0,0.0,0.0,,12.0
Alexis Sánchez,Manchester Utd,29.0,"FW,MF",880.0,1.0,3.0,,35.0
Luke Shaw,Manchester Utd,23.0,DF,2591.0,1.0,4.0,,30.0
Chris Smalling,Manchester Utd,28.0,DF,2127.0,1.0,0.0,,20.0
Antonio Valencia,Manchester Utd,32.0,"DF,MF",466.0,0.0,0.0,,5.0
Ashley Young,Manchester Utd,33.0,DF,2569.0,2.0,2.0,,5.0
Jordan Amavi,Marseille,24.0,DF,2177.0,0.0,2.0,,8.0
Mario Balotelli,Marseille,27.0,FW,752.0,0.0,1.0,,20.0
Valère Germain,Marseille,28.0,FW,2170.0,8.0,2.0,,7.0
Luiz Gustavo,Marseille,31.0,"MF,DF",2436.0,2.0,0.0,,10.0
Boubacar Kamara,Marseille,18.0,DF,2411.0,1.0,0.0,,18.0
Steve Mandanda,Marseille,33.0,GK,2735.0,0.0,0.0,,2.5
Clinton N'Jie,Marseille,24.0,"FW,MF",364.0,3.0,2.0,,3.5
Lucas Ocampos,Marseille,24.0,"FW,MF",2708.0,4.0,8.0,,15.0
Dimitri Payet,Marseille,31.0,"MF,FW",1904.0,4.0,6.0,,12.5
Yohann Pelé,Marseille,35.0,GK,682.0,0.0,0.0,,0.5
Adil Rami,Marseille,32.0,DF,1412.0,1.0,1.0,,3.0
Christopher Rocchia,Marseille,20.0,DF,3.0,0.0,0.0,,0.2
Rolando,Marseille,32.0,DF,804.0,0.0,0.0,,0.75
Hiroki Sakai,Marseille,28.0,DF,2374.0,1.0,4.0,,8.0
Morgan Sanson,Marseille,23.0,MF,2403.0,5.0,3.0,,28.0
Bouna Sarr,Marseille,26.0,"DF,FW",2242.0,1.0,1.0,,6.0
Grégory Sertic,Marseille,28.0,MF,108.0,0.0,0.0,,1.0
Kevin Strootman,Marseille,28.0,MF,1942.0,1.0,5.0,,20.0
Florian Thauvin,Marseille,25.0,"FW,MF",2613.0,16.0,8.0,,45.0
Nico Elvedi,M'Gladbach,21.0,DF,2623.0,2.0,1.0,,30.0
Matthias Ginter,M'Gladbach,24.0,DF,2379.0,2.0,0.0,,35.0
Thorgan Hazard,M'Gladbach,25.0,"FW,DF",2873.0,10.0,11.0,,38.0
Patrick Herrmann,M'Gladbach,27.0,"FW,DF",1079.0,3.0,2.0,,4.5
Jonas Hofmann,M'Gladbach,26.0,MF,1911.0,5.0,5.0,,9.0
Tony Jantschke,M'Gladbach,28.0,DF,933.0,0.0,1.0,,3.0
Fabian Johnson,M'Gladbach,30.0,"DF,FW",1012.0,1.0,0.0,,3.0
Christoph Kramer,M'Gladbach,27.0,MF,1136.0,2.0,1.0,,10.0
Michael Lang,M'Gladbach,27.0,DF,1255.0,1.0,0.0,,4.5
Florian Neuhaus,M'Gladbach,21.0,MF,2062.0,3.0,8.0,,22.0
Raffael,M'Gladbach,33.0,FW,543.0,2.0,1.0,,2.5
Yann Sommer,M'Gladbach,29.0,GK,3060.0,0.0,0.0,,12.0
Lars Stindl,M'Gladbach,29.0,"FW,MF",1508.0,3.0,1.0,,10.0
Tobias Strobl,M'Gladbach,28.0,"MF,DF",2293.0,0.0,4.0,,7.0
Ibrahima Traoré,M'Gladbach,30.0,"FW,MF",552.0,0.0,2.0,,2.0
Oscar Wendt,M'Gladbach,32.0,DF,2731.0,1.0,1.0,,2.0
Denis Zakaria,M'Gladbach,21.0,MF,1959.0,4.0,0.0,,20.0
Ignazio Abate,Milan,31.0,DF,1302.0,0.0,0.0,,2.0
Tiemoué Bakayoko,Milan,23.0,MF,2301.0,1.0,1.0,,35.0
Lucas Biglia,Milan,32.0,MF,1114.0,1.0,0.0,,6.0
Giacomo Bonaventura,Milan,28.0,MF,646.0,3.0,1.0,,20.0
Fabio Borini,Milan,27.0,"FW,MF",1054.0,2.0,2.0,,7.0
Davide Calabria,Milan,21.0,DF,1950.0,1.0,2.0,,20.0
Samu Castillejo,Milan,23.0,"FW,MF",1023.0,4.0,2.0,,18.0
Andrea Conti,Milan,24.0,DF,500.0,0.0,2.0,,15.0
Patrick Cutrone,Milan,20.0,FW,1457.0,3.0,2.0,,28.0
Gianluigi Donnarumma,Milan,19.0,GK,3090.0,0.0,0.0,,55.0
Gonzalo Higuaín,Milan,30.0,FW,1085.0,5.0,0.0,,35.0
Franck Kessié,Milan,21.0,MF,3018.0,8.0,2.0,,33.0
Diego Laxalt,Milan,25.0,"DF,MF",651.0,0.0,0.0,,12.0
José Mauri,Milan,22.0,MF,208.0,0.0,0.0,,1.0
Mateo Musacchio,Milan,27.0,DF,2610.0,1.0,0.0,,15.0
Lucas Paquetá,Milan,20.0,MF,842.0,1.0,1.0,,35.0
Pepe Reina,Milan,35.0,GK,330.0,0.0,0.0,,1.0
Ricardo Rodríguez,Milan,25.0,DF,3047.0,0.0,3.0,,17.0
Alessio Romagnoli,Milan,23.0,DF,2847.0,2.0,0.0,,50.0
Suso,Milan,24.0,"FW,MF",3018.0,7.0,10.0,,40.0
Cristián Zapata,Milan,31.0,DF,1026.0,0.0,0.0,,2.0
Jean-Eudes Aholou,Monaco,24.0,MF,1075.0,0.0,1.0,,7.0
Youssef Aït Bennasser,Monaco,22.0,MF,936.0,0.0,0.0,,10.0
Fodé Ballo-Touré,Monaco,21.0,DF,1593.0,0.0,1.0,,12.0
Antonio Barreca,Monaco,23.0,DF,5.0,0.0,0.0,,7.0
Diego Benaglio,Monaco,34.0,GK,2058.0,0.0,0.0,,0.5
Giulian Biancone,Monaco,18.0,DF,90.0,0.0,0.0,,0.5
Nacer Chadli,Monaco,28.0,"MF,FW",691.0,0.0,0.0,,8.0
Sofiane Diop,Monaco,18.0,"MF,FW",741.0,0.0,0.0,,5.0
Cesc Fàbregas,Monaco,31.0,MF,180.0,0.0,0.0,,15.0
Romain Faivre,Monaco,20.0,"MF,FW",90.0,0.0,0.0,,0.5
Willem Geubbels,Monaco,16.0,MF,8.0,0.0,0.0,,10.0
Kamil Glik,Monaco,30.0,DF,2970.0,1.0,0.0,,8.0
Aleksandr Golovin,Monaco,22.0,"MF,FW",2290.0,3.0,3.0,,25.0
Samuel Grandsir,Monaco,21.0,"FW,MF",237.0,0.0,0.0,,3.0
Benjamin Henrichs,Monaco,21.0,"DF,MF",63.0,0.0,0.0,,15.0
Wilson Isidor,Monaco,17.0,FW,42.0,0.0,0.0,,0.15
Jemerson,Monaco,25.0,"DF,MF",2224.0,0.0,1.0,,10.0
Rony Lopes,Monaco,22.0,"FW,MF",1849.0,2.0,2.0,,25.0
Gelson Martins,Monaco,23.0,"FW,MF",229.0,0.0,0.0,,28.0
Han-Noah Massengo,Monaco,17.0,"FW,MF",61.0,0.0,0.0,,2.5
Jordi Mboula,Monaco,19.0,FW,276.0,0.0,0.0,,3.0
Kévin N'Doram,Monaco,22.0,"DF,MF",195.0,0.0,0.0,,4.0
Naldo,Monaco,35.0,DF,630.0,0.0,0.0,,2.0
Pelé,Monaco,26.0,MF,469.0,0.0,0.0,,4.5
Pietro Pellegri,Monaco,17.0,"FW,MF",82.0,1.0,0.0,,7.0
Ronaël Pierre-Gabriel,Monaco,20.0,DF,355.0,0.0,0.0,,4.0
Andrea Raggi,Monaco,34.0,"DF,MF",494.0,0.0,0.0,,0.25
Julien Serrano,Monaco,20.0,"MF,DF",119.0,0.0,0.0,,1.5
Djibril Sidibé,Monaco,26.0,"DF,MF",2076.0,0.0,2.0,,15.0
Adrien Silva,Monaco,29.0,MF,88.0,0.0,0.0,,13.0
Seydou Sy,Monaco,22.0,GK,226.0,0.0,0.0,,0.75
Moussa Sylla,Monaco,18.0,"FW,MF",769.0,0.0,0.0,,4.0
Youri Tielemans,Monaco,21.0,MF,1086.0,3.0,4.0,,38.0
Almamy Touré,Monaco,22.0,DF,519.0,0.0,0.0,,6.5
Adama Traoré,Monaco,23.0,"MF,FW",240.0,0.0,1.0,,15.0
William Vainqueur,Monaco,29.0,MF,80.0,0.0,0.0,,1.25
Carlos Vinícius,Monaco,23.0,"FW,MF",523.0,2.0,1.0,,7.0
Ruben Aguilar,Montpellier,25.0,"DF,MF",2528.0,1.0,4.0,,8.0
Yanis Ammour,Montpellier,19.0,MF,2.0,0.0,0.0,,0.15
Dimitry Bertaud,Montpellier,20.0,GK,90.0,0.0,0.0,,0.5
Bilal Boutobba,Montpellier,19.0,MF,32.0,0.0,0.0,,0.5
Souleymane Camara,Montpellier,35.0,"FW,MF",137.0,3.0,0.0,,0.25
Daniel Congré,Montpellier,33.0,DF,3292.0,2.0,2.0,,0.75
Nicolas Cozza,Montpellier,19.0,DF,984.0,0.0,1.0,,4.0
Andy Delort,Montpellier,26.0,FW,3115.0,14.0,7.0,,12.5
Keagan Dolly,Montpellier,25.0,FW,88.0,0.0,0.0,,1.3
Gaëtan Laborde,Montpellier,24.0,"FW,MF",90.0,0.0,0.0,,10.0
Paul Lasne,Montpellier,29.0,"MF,DF",1789.0,2.0,0.0,,2.5
Damien Le Tallec,Montpellier,28.0,MF,2805.0,3.0,0.0,,4.0
Benjamin Lecomte,Montpellier,27.0,GK,3330.0,0.0,0.0,,17.0
Pedro Mendes,Montpellier,27.0,DF,2667.0,1.0,0.0,,6.0
Florent Mollet,Montpellier,26.0,"MF,FW",2564.0,6.0,4.0,,9.0
Ambroise Oyongo,Montpellier,27.0,"DF,MF",2136.0,2.0,0.0,,4.0
Facundo Píriz,Montpellier,28.0,MF,116.0,0.0,0.0,,1.0
Morgan Poaty,Montpellier,21.0,MF,90.0,0.0,0.0,,1.0
Junior Sambia,Montpellier,21.0,"MF,FW",926.0,0.0,1.0,,4.0
Giovanni Sio,Montpellier,29.0,FW,63.0,0.0,0.0,,2.0
Ellyes Skhiri,Montpellier,23.0,MF,3090.0,3.0,2.0,,12.0
Mathías Suárez,Montpellier,22.0,DF,550.0,0.0,0.0,,1.5
Sofiane Alakouch,Nîmes,20.0,DF,1895.0,1.0,0.0,,5.0
Rachid Alioui,Nîmes,26.0,FW,1252.0,5.0,0.0,,4.0
Paul Bernardoni,Nîmes,21.0,GK,3420.0,0.0,0.0,,9.0
Antonin Bobichon,Nîmes,22.0,MF,2153.0,7.0,2.0,,5.0
Denis Bouanga,Nîmes,23.0,"FW,MF",2633.0,8.0,2.0,,6.0
Umut Bozok,Nîmes,21.0,FW,1235.0,2.0,3.0,,4.0
Clément Depres,Nîmes,23.0,FW,441.0,4.0,0.0,,1.5
Jordan Ferri,Nîmes,26.0,MF,1874.0,2.0,1.0,,4.0
Baptiste Guillaume,Nîmes,23.0,FW,1183.0,2.0,1.0,,3.0
Féthi Harek,Nîmes,35.0,DF,177.0,0.0,0.0,,0.25
Loïck Landre,Nîmes,26.0,DF,1591.0,3.0,0.0,,3.5
Hervé Lybohy,Nîmes,35.0,DF,1480.0,2.0,0.0,,0.15
Faitout Maouassa,Nîmes,20.0,DF,2137.0,0.0,1.0,,8.0
Florian Miguel,Nîmes,21.0,DF,1117.0,0.0,1.0,,1.5
Gaëtan Paquiez,Nîmes,24.0,DF,1329.0,0.0,0.0,,1.0
Renaud Ripart,Nîmes,25.0,"FW,DF",3006.0,8.0,4.0,,4.0
Téji Savanier,Nîmes,26.0,MF,2864.0,6.0,14.0,,12.0
Sada Thioub,Nîmes,23.0,"FW,MF",2476.0,3.0,5.0,,5.5
Pierrick Valdivia,Nîmes,30.0,MF,31.0,0.0,0.0,,0.6
Matheus Pereira,Nürnberg,22.0,"MF,FW",1232.0,3.0,2.0,,0.45
Thomas Basila,Nantes,19.0,DF,92.0,0.0,0.0,,0.5
Gabriel Boschilia,Nantes,22.0,"FW,MF",1319.0,4.0,4.0,,7.5
Diego Carlos,Nantes,25.0,DF,3148.0,2.0,0.0,,13.0
Kalifa Coulibaly,Nantes,26.0,FW,1751.0,8.0,2.0,,5.0
Abdoulaye Dabo,Nantes,17.0,FW,116.0,0.0,0.0,,1.0
Koffi Djidji,Nantes,25.0,DF,1387.0,0.0,0.0,,5.0
Maxime Dupé,Nantes,25.0,GK,940.0,0.0,0.0,,1.0
Lucas Evangelista,Nantes,23.0,"FW,MF",720.0,1.0,0.0,,4.0
Valentin Eysseric,Nantes,26.0,"MF,FW",358.0,0.0,1.0,,3.0
Fábio,Nantes,28.0,DF,1276.0,0.0,2.0,,2.5
Andrei Girotto,Nantes,26.0,MF,1475.0,2.0,0.0,,3.0
Edgar Ié,Nantes,24.0,DF,239.0,0.0,0.0,,3.5
Randal Kolo Muani,Nantes,19.0,"FW,MF",122.0,0.0,0.0,,0.3
Rene Krhin,Nantes,28.0,MF,1057.0,0.0,0.0,,2.0
Enock Kwateng,Nantes,21.0,DF,2040.0,0.0,1.0,,4.0
Lucas Lima,Nantes,26.0,"DF,FW",2496.0,0.0,4.0,,6.5
Anthony Limbombe,Nantes,24.0,FW,1237.0,1.0,1.0,,6.0
Antonio Mance,Nantes,22.0,"FW,MF",50.0,0.0,0.0,,0.5
Matt Miazga,Nantes,23.0,DF,720.0,0.0,0.0,,3.0
Samuel Moutoussamy,Nantes,21.0,"MF,FW",1648.0,2.0,3.0,,5.0
Alexandre Olliero,Nantes,22.0,GK,90.0,0.0,0.0,,0.4
Nicolas Pallois,Nantes,30.0,DF,2160.0,2.0,0.0,,2.5
Valentin Rongier,Nantes,23.0,MF,3226.0,4.0,5.0,,15.0
Abdoulaye Touré,Nantes,24.0,MF,2749.0,3.0,1.0,,10.0
Anthony Walongwa,Nantes,24.0,DF,90.0,0.0,0.0,,0.4
Raúl Albiol,Napoli,32.0,DF,1713.0,1.0,0.0,,5.0
Allan,Napoli,27.0,MF,176.0,0.0,0.0,,60.0
José Callejón,Napoli,31.0,"MF,FW",2650.0,3.0,10.0,,20.0
Vlad Chiricheș,Napoli,28.0,DF,147.0,0.0,0.0,,4.5
Amadou Diawara,Napoli,21.0,MF,661.0,0.0,0.0,,15.0
Gianluca Gaetano,Napoli,18.0,FW,8.0,0.0,0.0,,0.8
Faouzi Ghoulam,Napoli,27.0,DF,1154.0,1.0,3.0,,23.0
Elseid Hysaj,Napoli,24.0,DF,2107.0,0.0,2.0,,23.0
Lorenzo Insigne,Napoli,27.0,"FW,MF",2073.0,10.0,6.0,,65.0
Orestis Karnezis,Napoli,33.0,GK,810.0,0.0,0.0,,1.5
Kalidou Koulibaly,Napoli,27.0,DF,3132.0,2.0,2.0,,75.0
Sebastiano Luperto,Napoli,21.0,DF,728.0,0.0,0.0,,4.0
Kévin Malcuit,Napoli,27.0,DF,1805.0,0.0,2.0,,16.0
Alex Meret,Napoli,21.0,GK,1151.0,0.0,0.0,,25.0
Dries Mertens,Napoli,31.0,FW,2252.0,16.0,11.0,,25.0
Arkadiusz Milik,Napoli,24.0,FW,2396.0,17.0,3.0,,40.0
David Ospina,Napoli,29.0,GK,1457.0,0.0,0.0,,4.0
Adam Ounas,Napoli,21.0,"MF,FW",538.0,3.0,0.0,,10.0
Marko Rog,Napoli,23.0,MF,357.0,0.0,0.0,,6.0
Mário Rui,Napoli,27.0,DF,1417.0,1.0,1.0,,12.0
Simone Verdi,Napoli,26.0,"MF,FW",704.0,3.0,3.0,,23.0
Amin Younes,Napoli,24.0,"FW,MF",498.0,3.0,2.0,,8.0
Miguel Almirón,Newcastle Utd,24.0,"FW,MF",759.0,0.0,0.0,,20.0
Christian Atsu,Newcastle Utd,26.0,"MF,FW",1493.0,1.0,0.0,,6.0
Antonio Barreca,Newcastle Utd,23.0,DF,5.0,0.0,0.0,,7.0
Ciaran Clark,Newcastle Utd,28.0,DF,858.0,3.0,0.0,,6.0
Mohamed Diamé,Newcastle Utd,31.0,MF,2166.0,0.0,0.0,,5.0
Paul Dummett,Newcastle Utd,26.0,DF,1990.0,0.0,0.0,,5.0
Federico Fernández,Newcastle Utd,29.0,DF,1484.0,0.0,1.0,,7.0
Isaac Hayden,Newcastle Utd,23.0,MF,1859.0,1.0,4.0,,8.0
Joselu,Newcastle Utd,28.0,FW,596.0,2.0,0.0,,4.0
Kenedy,Newcastle Utd,22.0,"MF,FW",1348.0,1.0,1.0,,10.0
Jamaal Lascelles,Newcastle Utd,24.0,DF,2745.0,0.0,1.0,,15.0
Florian Lejeune,Newcastle Utd,27.0,DF,1054.0,0.0,0.0,,8.0
Sean Longstaff,Newcastle Utd,20.0,MF,687.0,1.0,0.0,,7.0
Javier Manquillo,Newcastle Utd,24.0,DF,1101.0,0.0,3.0,,5.0
Jacob Murphy,Newcastle Utd,23.0,"MF,FW",302.0,0.0,1.0,,6.0
Ayoze Pérez,Newcastle Utd,25.0,"FW,MF",2917.0,12.0,2.0,,20.0
Matt Ritchie,Newcastle Utd,28.0,"DF,MF",2928.0,2.0,8.0,,12.0
Salomón Rondón,Newcastle Utd,28.0,FW,2603.0,11.0,7.0,,15.0
Fabian Schär,Newcastle Utd,26.0,DF,1999.0,4.0,1.0,,8.0
Jonjo Shelvey,Newcastle Utd,26.0,MF,948.0,1.0,1.0,,15.0
DeAndre Yedlin,Newcastle Utd,25.0,DF,2473.0,1.0,2.0,,8.0
Mario Balotelli,Nice,27.0,FW,752.0,0.0,1.0,,20.0
Walter Benítez,Nice,25.0,GK,3150.0,0.0,0.0,,10.0
Olivier Boscagli,Nice,20.0,"DF,MF",863.0,0.0,1.0,,3.0
Patrick Burner,Nice,22.0,DF,1352.0,0.0,0.0,,3.5
Yoan Cardinale,Nice,24.0,GK,270.0,0.0,0.0,,2.0
Racine Coly,Nice,22.0,"DF,MF",503.0,0.0,1.0,,2.5
Wylan Cyprien,Nice,23.0,MF,2360.0,4.0,1.0,,14.0
Dante,Nice,34.0,DF,3226.0,1.0,1.0,,1.5
Ignatius Ganago,Nice,19.0,FW,1036.0,2.0,0.0,,3.0
Christophe Hérelle,Nice,25.0,DF,2937.0,0.0,0.0,,9.0
Christophe Jallet,Nice,34.0,"DF,MF",885.0,1.0,0.0,,0.5
Mickaël Le Bihan,Nice,28.0,FW,204.0,1.0,0.0,,0.9
Jean-Victor Makengo,Nice,20.0,"FW,MF",1029.0,1.0,0.0,,4.0
Myziane Maolida,Nice,19.0,"FW,MF",952.0,0.0,3.0,,8.0
Ihsan Sacko,Nice,21.0,FW,442.0,0.0,1.0,,2.0
Allan Saint-Maximin,Nice,21.0,"FW,MF",2900.0,5.0,3.0,,25.0
Malang Sarr,Nice,19.0,DF,2994.0,1.0,1.0,,18.0
Bassem Srarfi,Nice,21.0,"FW,MF",817.0,1.0,0.0,,3.0
Rémi Walter,Nice,23.0,"MF,FW",833.0,2.0,0.0,,3.5
Dani Alves,Paris S-G,35.0,"MF,DF",1622.0,1.0,7.0,,2.5
Alphonse Areola,Paris S-G,25.0,GK,1890.0,0.0,0.0,,17.5
Juan Bernat,Paris S-G,25.0,"DF,MF",1836.0,1.0,2.0,,15.0
Antoine Bernede,Paris S-G,19.0,MF,169.0,0.0,0.0,,3.0
Gianluigi Buffon,Paris S-G,40.0,GK,1530.0,0.0,0.0,,1.0
Edinson Cavani,Paris S-G,31.0,FW,1671.0,18.0,5.0,,40.0
Colin Dagba,Paris S-G,19.0,DF,918.0,0.0,2.0,,12.0
Ángel Di María,Paris S-G,30.0,"FW,MF",2324.0,12.0,11.0,,40.0
Moussa Diaby,Paris S-G,19.0,"MF,FW",1141.0,2.0,6.0,,12.0
Julian Draxler,Paris S-G,24.0,"MF,FW",2046.0,3.0,7.0,,35.0
Thilo Kehrer,Paris S-G,21.0,DF,1902.0,1.0,2.0,,35.0
Presnel Kimpembe,Paris S-G,22.0,DF,2005.0,0.0,1.0,,30.0
Layvin Kurzawa,Paris S-G,25.0,"DF,MF",1010.0,1.0,2.0,,17.5
Giovani Lo Celso,Paris S-G,22.0,MF,11.0,0.0,0.0,,50.0
Marquinhos,Paris S-G,24.0,"DF,MF",2693.0,3.0,2.0,,65.0
Eric Maxim Choupo-Moting,Paris S-G,29.0,"FW,MF",802.0,3.0,0.0,,5.0
Kylian Mbappé,Paris S-G,19.0,FW,2343.0,33.0,7.0,,200.0
Loïc Mbe Soh,Paris S-G,17.0,DF,180.0,0.0,0.0,,3.0
Thomas Meunier,Paris S-G,26.0,"DF,MF",1610.0,3.0,3.0,,30.0
Neymar,Paris S-G,26.0,"MF,FW",1439.0,15.0,7.0,,180.0
Christopher Nkunku,Paris S-G,20.0,"MF,FW",1156.0,3.0,2.0,,12.0
Leandro Paredes,Paris S-G,24.0,MF,1249.0,0.0,2.0,,35.0
Adrien Rabiot,Paris S-G,23.0,MF,1063.0,2.0,1.0,,35.0
Kévin Rimane,Paris S-G,27.0,MF,5.0,0.0,0.0,,0.25
Thiago Silva,Paris S-G,33.0,DF,2077.0,0.0,1.0,,10.0
Marco Verratti,Paris S-G,25.0,MF,1879.0,0.0,2.0,,75.0
Timothy Weah,Paris S-G,18.0,FW,54.0,1.0,0.0,,6.0
Bruno Alves,Parma,36.0,DF,2922.0,4.0,1.0,,1.0
Antonino Barillà,Parma,30.0,MF,2618.0,3.0,2.0,,1.0
Alessandro Bastoni,Parma,19.0,DF,1690.0,1.0,0.0,,15.0
Jonathan Biabiany,Parma,30.0,"FW,MF",1069.0,0.0,0.0,,1.5
Fabio Ceravolo,Parma,31.0,FW,1185.0,2.0,0.0,,1.5
Amato Ciciretti,Parma,24.0,"FW,MF",139.0,0.0,0.0,,1.5
Alessio da Cruz,Parma,21.0,"FW,MF",144.0,0.0,0.0,,1.5
Alessandro Deiola,Parma,22.0,MF,450.0,0.0,0.0,,1.2
Jacopo Dezi,Parma,26.0,MF,90.0,0.0,0.0,,1.0
Antonio Di Gaudio,Parma,28.0,"FW,MF",699.0,0.0,1.0,,1.4
Federico Dimarco,Parma,20.0,DF,892.0,1.0,0.0,,5.0
Pierluigi Frattali,Parma,32.0,GK,90.0,0.0,0.0,,0.3
Riccardo Gagliolo,Parma,28.0,DF,3045.0,0.0,2.0,,3.0
Marcello Gazzola,Parma,33.0,"DF,MF",921.0,1.0,0.0,,0.3
Gervinho,Parma,31.0,FW,2304.0,11.0,2.0,,9.0
Massimo Gobbi,Parma,37.0,DF,1183.0,0.0,1.0,,0.3
Alberto Grassi,Parma,23.0,MF,462.0,0.0,0.0,,7.0
Simone Iacoponi,Parma,31.0,DF,3346.0,0.0,0.0,,1.0
Roberto Inglese,Parma,26.0,FW,1965.0,9.0,0.0,,15.0
Juraj Kucka,Parma,31.0,MF,1535.0,4.0,3.0,,5.0
Gianni Munari,Parma,35.0,MF,3.0,0.0,0.0,,0.1
Luca Rigoni,Parma,33.0,MF,1761.0,2.0,1.0,,0.5
Nicolás Schiappacasse,Parma,19.0,FW,81.0,0.0,0.0,,1.0
Matteo Scozzarella,Parma,30.0,MF,1459.0,0.0,3.0,,0.8
Luigi Sepe,Parma,27.0,GK,3330.0,0.0,0.0,,5.0
Francisco Sierralta,Parma,21.0,DF,269.0,0.0,0.0,,0.4
Luca Siligardi,Parma,30.0,FW,1639.0,1.0,2.0,,0.8
Mattia Sprocati,Parma,25.0,"FW,MF",644.0,1.0,0.0,,1.5
Luis Advíncula,Rayo Vallecano,28.0,DF,2389.0,1.0,3.0,,3.0
Sergio Akieme,Rayo Vallecano,20.0,DF,180.0,0.0,1.0,,0.3
Jordi Amat,Rayo Vallecano,26.0,DF,2763.0,0.0,0.0,,3.0
Abdoulaye Ba,Rayo Vallecano,27.0,DF,2110.0,1.0,0.0,,2.5
Bebé,Rayo Vallecano,28.0,"FW,MF",1302.0,1.0,1.0,,2.0
Santi Comesaña,Rayo Vallecano,21.0,MF,2032.0,1.0,1.0,,4.0
Franco Di Santo,Rayo Vallecano,29.0,FW,172.0,0.0,0.0,,2.0
Stole Dimitrievski,Rayo Vallecano,24.0,GK,1890.0,0.0,0.0,,3.0
Gorka Elustondo,Rayo Vallecano,31.0,MF,285.0,0.0,0.0,,0.4
Alberto García,Rayo Vallecano,33.0,GK,1530.0,0.0,0.0,,0.5
Álvaro García,Rayo Vallecano,25.0,"FW,MF",1766.0,4.0,2.0,,5.0
Javi Guerra,Rayo Vallecano,36.0,"FW,MF",236.0,0.0,1.0,,0.2
Giannelli Imbula,Rayo Vallecano,25.0,MF,1732.0,1.0,1.0,,5.0
Gaël Kakuta,Rayo Vallecano,27.0,"MF,FW",717.0,1.0,0.0,,2.0
Álvaro Medrán,Rayo Vallecano,24.0,MF,1149.0,3.0,0.0,,1.8
Álex Moreno,Rayo Vallecano,25.0,DF,3136.0,1.0,1.0,,12.0
José Pozo,Rayo Vallecano,22.0,"MF,FW",1617.0,3.0,0.0,,3.0
Mario Suárez,Rayo Vallecano,31.0,MF,1026.0,2.0,0.0,,2.0
Tito,Rayo Vallecano,33.0,DF,1098.0,0.0,0.0,,0.5
Raúl de Tomás,Rayo Vallecano,23.0,FW,2813.0,14.0,1.0,,20.0
Óscar Trejo,Rayo Vallecano,30.0,"MF,FW",1764.0,1.0,4.0,,2.0
Emiliano Velázquez,Rayo Vallecano,24.0,DF,1277.0,0.0,2.0,,1.5
Tyler Adams,RB Leipzig,19.0,MF,721.0,0.0,2.0,,13.0
Jean-Kévin Augustin,RB Leipzig,21.0,FW,461.0,3.0,0.0,,16.0
Matheus Cunha,RB Leipzig,19.0,"FW,MF",853.0,2.0,0.0,,15.0
Diego Demme,RB Leipzig,26.0,MF,2055.0,0.0,2.0,,17.0
Emil Forsberg,RB Leipzig,26.0,"MF,FW",1249.0,4.0,7.0,,25.0
Péter Gulácsi,RB Leipzig,28.0,GK,2925.0,0.0,0.0,,12.0
Amadou Haidara,RB Leipzig,20.0,MF,378.0,1.0,0.0,,20.0
Marcel Halstenberg,RB Leipzig,26.0,DF,2414.0,3.0,6.0,,22.0
Stefan Ilsanker,RB Leipzig,29.0,"DF,MF",933.0,0.0,0.0,,4.5
Kevin Kampl,RB Leipzig,27.0,MF,2113.0,2.0,5.0,,22.0
Lukas Klostermann,RB Leipzig,22.0,DF,2003.0,5.0,1.0,,30.0
Ibrahima Konaté,RB Leipzig,19.0,DF,2431.0,1.0,1.0,,45.0
Konrad Laimer,RB Leipzig,21.0,"MF,DF",1874.0,1.0,1.0,,17.0
Nordi Mukiele,RB Leipzig,20.0,DF,1225.0,1.0,1.0,,15.0
Yvon Mvogo,RB Leipzig,24.0,GK,135.0,0.0,0.0,,3.0
Willi Orban,RB Leipzig,25.0,DF,2049.0,4.0,0.0,,20.0
Yussuf Poulsen,RB Leipzig,24.0,FW,2451.0,15.0,3.0,,35.0
Marcel Sabitzer,RB Leipzig,24.0,"MF,FW",2352.0,4.0,3.0,,25.0
Marcelo Saracchi,RB Leipzig,20.0,DF,653.0,0.0,1.0,,10.0
Dayot Upamecano,RB Leipzig,19.0,DF,1293.0,0.0,0.0,,30.0
Timo Werner,RB Leipzig,22.0,FW,2509.0,16.0,7.0,,65.0
Marco Asensio,Real Madrid,22.0,FW,1779.0,1.0,4.0,,60.0
Gareth Bale,Real Madrid,29.0,FW,1786.0,8.0,3.0,,60.0
Karim Benzema,Real Madrid,30.0,FW,2953.0,21.0,6.0,,40.0
Casemiro,Real Madrid,26.0,MF,2312.0,3.0,0.0,,60.0
Dani Ceballos,Real Madrid,21.0,"MF,FW",1248.0,3.0,0.0,,30.0
Thibaut Courtois,Real Madrid,26.0,GK,2430.0,0.0,0.0,,55.0
Brahim Díaz,Real Madrid,18.0,FW,376.0,1.0,1.0,,17.0
Isco,Real Madrid,26.0,"MF,FW",1192.0,3.0,2.0,,60.0
Toni Kroos,Real Madrid,28.0,MF,2221.0,0.0,4.0,,60.0
Marcos Llorente,Real Madrid,23.0,MF,540.0,0.0,0.0,,20.0
Marcelo,Real Madrid,30.0,DF,1853.0,2.0,2.0,,25.0
Keylor Navas,Real Madrid,31.0,GK,900.0,0.0,0.0,,10.0
Álvaro Odriozola,Real Madrid,22.0,DF,1178.0,0.0,2.0,,25.0
Sergio Ramos,Real Madrid,32.0,DF,2474.0,6.0,1.0,,25.0
Sergio Reguilón,Real Madrid,21.0,DF,1119.0,0.0,2.0,,15.0
Javi Sánchez,Real Madrid,21.0,DF,46.0,0.0,0.0,,2.0
Jesús Vallejo,Real Madrid,21.0,"DF,MF",311.0,1.0,0.0,,10.0
Federico Valverde,Real Madrid,20.0,MF,656.0,0.0,0.0,,20.0
Raphaël Varane,Real Madrid,25.0,DF,2754.0,2.0,0.0,,70.0
Lucas Vázquez,Real Madrid,27.0,FW,1510.0,1.0,3.0,,25.0
Luca Zidane,Real Madrid,20.0,GK,90.0,0.0,0.0,,1.0
Miguel Ángel Moyá,Real Sociedad,34.0,GK,990.0,0.0,0.0,,1.5
Ander Barrenetxea,Real Sociedad,16.0,"FW,MF",399.0,1.0,0.0,,10.0
Jon Bautista,Real Sociedad,23.0,FW,597.0,1.0,0.0,,2.0
Aritz Elustondo,Real Sociedad,24.0,DF,2254.0,1.0,0.0,,10.0
Andoni Gorosabel,Real Sociedad,21.0,DF,455.0,0.0,0.0,,1.5
Ander Guevara,Real Sociedad,21.0,MF,90.0,0.0,0.0,,2.5
Theo Hernández,Real Sociedad,20.0,DF,1976.0,1.0,2.0,,15.0
Asier Illarramendi,Real Sociedad,28.0,MF,1821.0,1.0,1.0,,25.0
Adnan Januzaj,Real Sociedad,23.0,"FW,MF",1254.0,1.0,3.0,,15.0
Willian José,Real Sociedad,26.0,FW,2367.0,11.0,5.0,,30.0
Juanmi,Real Sociedad,25.0,"FW,MF",1523.0,5.0,2.0,,8.0
Robin Le Normand,Real Sociedad,21.0,DF,284.0,0.0,1.0,,4.0
Diego Llorente,Real Sociedad,24.0,DF,1752.0,0.0,0.0,,25.0
Roberto López,Real Sociedad,18.0,MF,29.0,0.0,0.0,,1.0
Mikel Merino,Real Sociedad,22.0,MF,2055.0,3.0,3.0,,15.0
Martín Merquelanz,Real Sociedad,23.0,MF,6.0,0.0,0.0,,0.4
Héctor Moreno,Real Sociedad,30.0,DF,1933.0,1.0,0.0,,6.0
Aihen Muñoz,Real Sociedad,20.0,DF,951.0,0.0,0.0,,7.5
Raúl Navas,Real Sociedad,30.0,DF,1310.0,0.0,0.0,,3.0
Mikel Oyarzabal,Real Sociedad,21.0,"FW,MF",3153.0,13.0,2.0,,50.0
Rubén Pardo,Real Sociedad,25.0,"MF,FW",1368.0,1.0,2.0,,4.0
Sandro Ramírez,Real Sociedad,23.0,"FW,MF",1055.0,0.0,0.0,,4.0
Kévin Rodrigues,Real Sociedad,24.0,DF,484.0,0.0,0.0,,3.0
Luca Sangalli,Real Sociedad,23.0,"MF,FW",999.0,1.0,3.0,,4.0
Alex Sola,Real Sociedad,19.0,DF,90.0,0.0,0.0,,0.2
Igor Zubeldia,Real Sociedad,21.0,MF,2549.0,0.0,1.0,,30.0
Martín Zubimendi,Real Sociedad,19.0,MF,7.0,0.0,0.0,,0.1
David Zurutuza,Real Sociedad,32.0,"MF,FW",1222.0,2.0,0.0,,2.5
Yunis Abdelhamid,Reims,30.0,DF,3420.0,0.0,0.0,,2.5
Mathieu Cafaro,Reims,21.0,"FW,MF",2095.0,7.0,3.0,,7.5
Xavier Chavalerin,Reims,27.0,MF,3240.0,2.0,2.0,,4.0
Pablo Chavarría,Reims,30.0,FW,1973.0,5.0,3.0,,2.5
Boulaye Dia,Reims,21.0,FW,747.0,3.0,0.0,,2.0
Tristan Dingomé,Reims,27.0,MF,1344.0,1.0,3.0,,2.5
Axel Disasi,Reims,20.0,DF,159.0,0.0,0.0,,0.4
Moussa Doumbia,Reims,23.0,"FW,MF",1600.0,3.0,1.0,,2.0
Björn Engels,Reims,23.0,DF,2970.0,1.0,1.0,,6.0
Thomas Foket,Reims,23.0,DF,2880.0,0.0,0.0,,6.0
Thomas Fontaine,Reims,27.0,"DF,MF",420.0,0.0,1.0,,1.0
Hassane Kamara,Reims,23.0,"DF,FW",926.0,0.0,0.0,,0.7
Ghislain Konan,Reims,22.0,DF,1800.0,0.0,1.0,,5.0
Grejohn Kyei,Reims,22.0,FW,2.0,0.0,0.0,,0.6
Marvin Martin,Reims,30.0,"MF,FW",623.0,0.0,1.0,,0.7
Nolan Mbemba,Reims,23.0,"MF,DF",357.0,0.0,0.0,,0.75
Edouard Mendy,Reims,26.0,GK,3420.0,0.0,0.0,,9.0
Romain Métanire,Reims,28.0,"DF,MF",313.0,0.0,0.0,,1.75
Aly Ndom,Reims,22.0,MF,45.0,0.0,0.0,,0.6
Sheyi Ojo,Reims,21.0,"FW,MF",468.0,0.0,0.0,,2.0
Alaixys Romao,Reims,34.0,MF,3160.0,0.0,3.0,,0.5
Benjamin André,Rennes,27.0,MF,2495.0,3.0,1.0,,10.0
Ludovic Baal,Rennes,32.0,DF,126.0,0.0,0.0,,0.5
Hatem Ben Arfa,Rennes,31.0,"MF,FW",2033.0,7.0,2.0,,6.0
Ramy Bensebaini,Rennes,23.0,DF,2152.0,1.0,0.0,,8.0
Sacha Boey,Rennes,17.0,"DF,MF",14.0,0.0,0.0,,0.25
Benjamin Bourigeaud,Rennes,24.0,"MF,FW",2425.0,6.0,5.0,,12.0
Eduardo Camavinga,Rennes,15.0,MF,364.0,0.0,0.0,,4.0
Damien Da Silva,Rennes,30.0,DF,2874.0,2.0,1.0,,5.0
Romain Del Castillo,Rennes,22.0,"FW,MF",1343.0,0.0,3.0,,3.5
Abdoulaye Diallo,Rennes,26.0,GK,495.0,0.0,0.0,,1.0
Souleyman Doumbia,Rennes,21.0,DF,605.0,0.0,0.0,,3.0
Jérémy Gélin,Rennes,21.0,"DF,MF",1278.0,0.0,0.0,,6.0
Clément Grenier,Rennes,27.0,MF,2668.0,2.0,5.0,,7.5
Adrien Hunou,Rennes,24.0,"FW,MF",1240.0,8.0,1.0,,6.0
Nicolas Janvier,Rennes,19.0,MF,3.0,0.0,0.0,,0.3
Jakob Johansson,Rennes,28.0,MF,712.0,1.0,0.0,,2.5
Mexer,Rennes,29.0,DF,2469.0,0.0,0.0,,4.0
M'Baye Niang,Rennes,23.0,FW,1793.0,11.0,4.0,,12.0
Gerzino Nyamsi,Rennes,21.0,DF,539.0,0.0,0.0,,0.8
Diafra Sakho,Rennes,28.0,FW,144.0,0.0,0.0,,2.0
Hamari Traoré,Rennes,26.0,DF,2972.0,0.0,2.0,,6.0
Mehdi Zeffane,Rennes,26.0,DF,1214.0,1.0,0.0,,2.0
Bryan Cristante,Roma,23.0,MF,2425.0,4.0,3.0,,25.0
Daniele De Rossi,Roma,35.0,MF,1270.0,1.0,1.0,,1.5
Federico Fazio,Roma,31.0,DF,2806.0,5.0,0.0,,6.0
Alessandro Florenzi,Roma,27.0,"DF,FW",2180.0,3.0,2.0,,25.0
Juan Jesus,Roma,27.0,DF,1403.0,1.0,0.0,,9.0
Rick Karsdorp,Roma,23.0,DF,593.0,0.0,1.0,,7.0
Justin Kluivert,Roma,19.0,FW,1341.0,1.0,6.0,,20.0
Aleksandar Kolarov,Roma,32.0,DF,2906.0,8.0,2.0,,8.0
Iván Marcano,Roma,31.0,DF,810.0,0.0,0.0,,4.0
Antonio Mirante,Roma,35.0,GK,990.0,0.0,0.0,,0.8
Steven Nzonzi,Roma,29.0,MF,2617.0,1.0,2.0,,23.0
Robin Olsen,Roma,28.0,GK,2430.0,0.0,0.0,,7.5
Javier Pastore,Roma,29.0,MF,597.0,3.0,0.0,,15.0
Lorenzo Pellegrini,Roma,22.0,MF,1821.0,3.0,3.0,,35.0
Luca Pellegrini,Roma,19.0,DF,940.0,0.0,1.0,,5.0
Diego Perotti,Roma,30.0,"FW,MF",668.0,5.0,0.0,,12.0
Davide Santon,Roma,27.0,DF,1009.0,0.0,1.0,,5.0
Patrik Schick,Roma,22.0,FW,1314.0,3.0,0.0,,15.0
Stephan El Shaarawy,Roma,25.0,FW,2104.0,11.0,3.0,,30.0
Kevin Strootman,Roma,28.0,MF,1942.0,1.0,5.0,,20.0
Cengiz Ünder,Roma,21.0,FW,1375.0,3.0,7.0,,35.0
Nicolò Zaniolo,Roma,19.0,"MF,FW",1766.0,4.0,2.0,,40.0
Charles Abi,Saint-Étienne,18.0,"FW,MF",32.0,0.0,0.0,,0.5
Youssef Aït Bennasser,Saint-Étienne,22.0,MF,936.0,0.0,0.0,,10.0
Rémy Cabella,Saint-Étienne,28.0,"MF,FW",2997.0,8.0,4.0,,14.0
Mahdi Camara,Saint-Étienne,20.0,FW,10.0,0.0,0.0,,0.3
Mathieu Debuchy,Saint-Étienne,33.0,DF,1941.0,4.0,3.0,,3.0
Assane Dioussé,Saint-Étienne,20.0,MF,892.0,0.0,0.0,,4.5
Lamine Ghezali,Saint-Étienne,19.0,"FW,MF",44.0,1.0,0.0,,0.5
Makhtar Gueye,Saint-Étienne,20.0,"FW,MF",50.0,1.0,1.0,,0.35
Romain Hamouma,Saint-Étienne,31.0,"FW,MF",1586.0,4.0,4.0,,2.5
Wahbi Khazri,Saint-Étienne,27.0,"FW,MF",2817.0,13.0,6.0,,16.0
Timothée Kolodziejczak,Saint-Étienne,26.0,DF,3184.0,3.0,3.0,,6.0
Yann M'Vila,Saint-Étienne,28.0,MF,3258.0,0.0,1.0,,10.0
Kévin Monnet-Paquet,Saint-Étienne,29.0,"MF,DF",1482.0,1.0,1.0,,2.0
Jessy Moulin,Saint-Étienne,32.0,GK,90.0,0.0,0.0,,0.25
Arnaud Nordin,Saint-Étienne,20.0,"FW,MF",1050.0,3.0,1.0,,3.5
Mickaël Panos,Saint-Étienne,21.0,DF,25.0,0.0,0.0,,0.25
Loïc Perrin,Saint-Étienne,32.0,DF,2700.0,1.0,1.0,,2.0
Pierre-Yves Polomat,Saint-Étienne,24.0,"DF,MF",950.0,0.0,2.0,,1.5
Kenny Rocha Santos,Saint-Étienne,18.0,DF,1.0,0.0,0.0,,0.15
Stéphane Ruffier,Saint-Étienne,31.0,GK,3330.0,0.0,0.0,,3.5
William Saliba,Saint-Étienne,17.0,DF,1277.0,0.0,0.0,,12.0
Yannis Salibur,Saint-Étienne,27.0,"FW,MF",885.0,1.0,3.0,,3.5
Gabriel Silva,Saint-Étienne,27.0,"DF,MF",1429.0,0.0,2.0,,2.5
Valentín Vada,Saint-Étienne,22.0,MF,36.0,0.0,0.0,,4.0
Joachim Andersen,Sampdoria,22.0,DF,2880.0,0.0,1.0,,25.0
Emil Audero,Sampdoria,21.0,GK,3240.0,0.0,0.0,,15.0
Édgar Barreto,Sampdoria,34.0,MF,785.0,0.0,2.0,,1.0
Gianluca Caprari,Sampdoria,25.0,"FW,MF",1031.0,6.0,2.0,,10.0
Omar Colley,Sampdoria,25.0,DF,1762.0,0.0,0.0,,8.0
Grégoire Defrel,Sampdoria,27.0,"FW,MF",2339.0,11.0,3.0,,12.0
Albin Ekdal,Sampdoria,29.0,MF,2646.0,0.0,0.0,,5.0
Alex Ferrari,Sampdoria,24.0,DF,540.0,0.0,0.0,,1.5
Manolo Gabbiadini,Sampdoria,26.0,FW,476.0,1.0,0.0,,12.0
Jakub Jankto,Sampdoria,22.0,MF,963.0,0.0,0.0,,12.0
Dawid Kownacki,Sampdoria,21.0,FW,168.0,1.0,1.0,,9.0
Karol Linetty,Sampdoria,23.0,MF,2507.0,3.0,3.0,,15.0
Nicola Murru,Sampdoria,23.0,DF,2934.0,0.0,5.0,,7.0
Dennis Praet,Sampdoria,24.0,MF,2890.0,2.0,3.0,,24.0
Fabio Quagliarella,Sampdoria,35.0,FW,3199.0,26.0,8.0,,2.5
Gastón Ramírez,Sampdoria,27.0,"MF,FW",1578.0,4.0,4.0,,10.0
Jacopo Sala,Sampdoria,26.0,DF,1518.0,0.0,1.0,,1.6
Riccardo Saponara,Sampdoria,26.0,"MF,FW",905.0,2.0,4.0,,8.5
Marco Sau,Sampdoria,30.0,"MF,FW",55.0,0.0,0.0,,0.4
Júnior Tavares,Sampdoria,21.0,DF,184.0,0.0,0.0,,1.0
Lorenzo Tonelli,Sampdoria,28.0,DF,1655.0,1.0,0.0,,7.0
Ronaldo Vieira,Sampdoria,20.0,MF,599.0,0.0,0.0,,5.0
Claud Adjapong,Sassuolo,20.0,"MF,DF",270.0,1.0,0.0,,3.5
Khouma Babacar,Sassuolo,25.0,FW,1488.0,7.0,2.0,,8.0
Domenico Berardi,Sassuolo,23.0,"FW,MF",2875.0,8.0,4.0,,20.0
Kevin-Prince Boateng,Sassuolo,31.0,FW,239.0,0.0,0.0,,7.0
Mehdi Bourabia,Sassuolo,26.0,MF,2010.0,1.0,0.0,,4.0
Enrico Brignola,Sassuolo,19.0,FW,175.0,1.0,0.0,,3.5
Andrea Consigli,Sassuolo,31.0,GK,3213.0,0.0,0.0,,4.0
Cristian Dell'Orco,Sassuolo,24.0,DF,1035.0,1.0,0.0,,1.0
Merih Demiral,Sassuolo,20.0,DF,1260.0,2.0,0.0,,15.0
Federico Di Francesco,Sassuolo,24.0,"FW,MF",1074.0,2.0,2.0,,4.5
Alfred Duncan,Sassuolo,25.0,MF,1848.0,4.0,4.0,,17.0
Mauricio Lemos,Sassuolo,22.0,DF,179.0,0.0,0.0,,3.5
Pol Lirola,Sassuolo,20.0,"DF,MF",2975.0,2.0,6.0,,13.0
Manuel Locatelli,Sassuolo,20.0,MF,1847.0,2.0,4.0,,12.0
Francesco Magnanelli,Sassuolo,33.0,MF,1859.0,0.0,0.0,,0.8
Giangiacomo Magnani,Sassuolo,22.0,DF,1516.0,0.0,1.0,,5.0
Gian Marco Ferrari,Sassuolo,26.0,DF,2790.0,4.0,0.0,,14.0
Marlon,Sassuolo,22.0,DF,1508.0,1.0,0.0,,10.0
Alessandro Matri,Sassuolo,33.0,FW,603.0,2.0,0.0,,0.3
Jens Odgaard,Sassuolo,19.0,FW,16.0,0.0,0.0,,1.8
Gianluca Pegolo,Sassuolo,37.0,GK,203.0,0.0,0.0,,0.15
Federico Peluso,Sassuolo,34.0,DF,1356.0,1.0,0.0,,0.5
Giacomo Raspadori,Sassuolo,18.0,DF,1.0,0.0,0.0,,0.5
Rogério,Sassuolo,20.0,"DF,MF",2672.0,1.0,2.0,,10.0
Stefano Sensi,Sassuolo,22.0,MF,1972.0,2.0,4.0,,18.0
Leonardo Sernicola,Sassuolo,21.0,FW,6.0,0.0,0.0,,0.2
Marcello Trotta,Sassuolo,25.0,FW,398.0,0.0,0.0,,1.0
Nassim Boujellab,Schalke 04,19.0,MF,378.0,0.0,1.0,,1.5
Jeffrey Bruma,Schalke 04,26.0,DF,624.0,0.0,0.0,,2.5
Guido Burgstaller,Schalke 04,29.0,FW,1526.0,4.0,0.0,,5.5
Daniel Caligiuri,Schalke 04,30.0,DF,2756.0,7.0,3.0,,6.5
Jonas Carls,Schalke 04,21.0,DF,90.0,0.0,0.0,,0.2
Franco Di Santo,Schalke 04,29.0,"FW,MF",172.0,0.0,0.0,,2.0
Breel Embolo,Schalke 04,21.0,FW,1345.0,5.0,1.0,,14.0
Amine Harit,Schalke 04,21.0,"MF,FW",1082.0,1.0,1.0,,10.0
Ahmed Kutucu,Schalke 04,18.0,"FW,MF",425.0,2.0,0.0,,4.5
Omar Mascarell,Schalke 04,25.0,MF,993.0,0.0,2.0,,8.0
Rabbi Matondo,Schalke 04,17.0,"FW,MF",189.0,0.0,0.0,,9.0
Weston McKennie,Schalke 04,19.0,"MF,DF",1746.0,1.0,4.0,,20.0
Naldo,Schalke 04,35.0,DF,630.0,0.0,0.0,,2.0
Alexander Nübel,Schalke 04,21.0,GK,1588.0,0.0,0.0,,12.0
Bastian Oczipka,Schalke 04,29.0,DF,1875.0,1.0,5.0,,4.0
Sebastian Rudy,Schalke 04,28.0,MF,1356.0,0.0,0.0,,9.0
Salif Sané,Schalke 04,27.0,DF,2614.0,2.0,0.0,,12.0
Alessandro Schöpf,Schalke 04,24.0,"MF,DF",1004.0,1.0,0.0,,5.0
Suat Serdar,Schalke 04,21.0,MF,1729.0,2.0,1.0,,13.0
Steven Skrzybski,Schalke 04,25.0,"FW,MF",664.0,3.0,1.0,,3.5
Benjamin Stambouli,Schalke 04,27.0,"DF,MF",1763.0,0.0,2.0,,10.0
Mark Uth,Schalke 04,26.0,"FW,MF",1407.0,2.0,1.0,,12.0
Ibrahim Amadou,Sevilla,25.0,"MF,DF",762.0,0.0,0.0,,7.0
Guilherme Arana,Sevilla,21.0,"MF,DF",629.0,0.0,0.0,,3.0
Éver Banega,Sevilla,30.0,MF,2667.0,3.0,5.0,,15.0
Wissam Ben Yedder,Sevilla,27.0,FW,2812.0,18.0,9.0,,40.0
Daniel Carriço,Sevilla,29.0,DF,2130.0,1.0,1.0,,3.0
Sergio Escudero,Sevilla,28.0,"DF,MF",1545.0,0.0,1.0,,7.5
Joris Gnagnon,Sevilla,21.0,"DF,MF",446.0,0.0,0.0,,6.0
Sergi Gómez,Sevilla,26.0,DF,2765.0,0.0,0.0,,9.0
Maxime Gonalons,Sevilla,29.0,MF,540.0,0.0,0.0,,4.0
Munir El Haddadi,Sevilla,22.0,"FW,MF",152.0,1.0,1.0,,10.0
Gabriel Mercado,Sevilla,31.0,DF,1738.0,2.0,1.0,,2.5
Roque Mesa,Sevilla,29.0,MF,1746.0,2.0,2.0,,7.0
Luis Muriel,Sevilla,27.0,"MF,FW",1441.0,6.0,0.0,,13.0
Jesús Navas,Sevilla,32.0,"DF,MF",2712.0,1.0,5.0,,4.0
Nolito,Sevilla,31.0,FW,76.0,0.0,0.0,,2.0
Quincy Promes,Sevilla,26.0,"DF,MF",1583.0,2.0,3.0,,18.0
Marko Rog,Sevilla,23.0,MF,357.0,0.0,0.0,,6.0
Pablo Sarabia,Sevilla,26.0,"MF,FW",2724.0,13.0,13.0,,40.0
André Silva,Sevilla,22.0,FW,2159.0,9.0,0.0,,22.0
Juan Soriano,Sevilla,20.0,GK,359.0,0.0,0.0,,2.5
Franco Vázquez,Sevilla,29.0,"MF,FW",2280.0,3.0,4.0,,15.0
Aleix Vidal,Sevilla,28.0,"DF,MF",528.0,0.0,0.0,,4.0
Maximilian Wöber,Sevilla,20.0,DF,536.0,0.0,0.0,,10.0
Stuart Armstrong,Southampton,26.0,"MF,FW",1432.0,3.0,2.0,,8.0
Charlie Austin,Southampton,29.0,FW,983.0,2.0,2.0,,8.0
Jan Bednarek,Southampton,22.0,DF,2151.0,0.0,1.0,,15.0
Ryan Bertrand,Southampton,28.0,DF,2160.0,1.0,0.0,,15.0
Steven Davis,Southampton,33.0,MF,98.0,0.0,1.0,,2.0
Mohamed Elyounoussi,Southampton,23.0,"MF,FW",793.0,0.0,0.0,,15.0
Fraser Forster,Southampton,30.0,GK,90.0,0.0,0.0,,8.0
Manolo Gabbiadini,Southampton,26.0,"FW,MF",476.0,1.0,0.0,,12.0
Sam Gallagher,Southampton,22.0,FW,34.0,0.0,0.0,,3.0
Angus Gunn,Southampton,22.0,GK,1080.0,0.0,0.0,,10.0
Wesley Hoedt,Southampton,24.0,DF,1170.0,0.0,0.0,,12.0
Danny Ings,Southampton,26.0,FW,1651.0,7.0,3.0,,15.0
Mario Lemina,Southampton,24.0,MF,1613.0,1.0,1.0,,15.0
Shane Long,Southampton,31.0,"FW,MF",1272.0,5.0,1.0,,7.0
Alex McCarthy,Southampton,28.0,GK,2250.0,0.0,0.0,,5.0
Michael Obafemi,Southampton,18.0,FW,137.0,1.0,1.0,,1.0
Nathan Redmond,Southampton,24.0,"FW,MF",3270.0,6.0,4.0,,20.0
Oriol Romeu,Southampton,26.0,MF,2136.0,1.0,0.0,,10.0
Josh Sims,Southampton,21.0,"FW,MF",212.0,0.0,1.0,,2.0
Cédric Soares,Southampton,26.0,DF,1495.0,1.0,2.0,,12.0
Jack Stephens,Southampton,24.0,DF,1700.0,1.0,0.0,,8.0
Matt Targett,Southampton,22.0,"DF,MF",1186.0,1.0,3.0,,7.0
Yan Valery,Southampton,19.0,"DF,MF",1712.0,2.0,1.0,,7.0
Jannik Vestergaard,Southampton,25.0,DF,2027.0,0.0,0.0,,20.0
James Ward-Prowse,Southampton,23.0,"MF,DF",1945.0,7.0,0.0,,18.0
Maya Yoshida,Southampton,29.0,DF,1518.0,0.0,1.0,,7.0
Mirco Antenucci,SPAL,33.0,FW,2133.0,5.0,0.0,,0.8
Kevin Bonifazi,SPAL,22.0,DF,2301.0,2.0,1.0,,5.5
Thiago Cionek,SPAL,32.0,DF,2542.0,0.0,3.0,,0.8
Filippo Costa,SPAL,23.0,"MF,DF",564.0,0.0,0.0,,0.8
Lorenzo Dickmann,SPAL,21.0,"DF,MF",175.0,0.0,0.0,,1.6
Johan Djourou,SPAL,31.0,DF,279.0,0.0,0.0,,0.8
Mohamed Fares,SPAL,22.0,"DF,MF",2949.0,3.0,0.0,,6.0
Sergio Floccari,SPAL,36.0,FW,976.0,3.0,1.0,,0.3
Alfred Gomis,SPAL,24.0,GK,1724.0,0.0,0.0,,2.0
Manuel Lazzari,SPAL,24.0,"MF,DF",2835.0,0.0,8.0,,18.0
Everton Luiz,SPAL,30.0,MF,317.0,0.0,0.0,,1.0
Vanja Milinković-Savić,SPAL,21.0,GK,164.0,0.0,0.0,,1.2
Simone Missiroli,SPAL,32.0,MF,2741.0,0.0,0.0,,2.0
Gabriele Moncini,SPAL,22.0,MF,8.0,0.0,0.0,,2.0
Alessandro Murgia,SPAL,21.0,MF,1072.0,0.0,3.0,,5.0
Alberto Paloschi,SPAL,28.0,FW,863.0,2.0,0.0,,2.0
Andrea Petagna,SPAL,23.0,FW,3031.0,16.0,1.0,,20.0
Giacomo Poluzzi,SPAL,30.0,GK,6.0,0.0,0.0,,0.1
Vasco Regini,SPAL,27.0,DF,81.0,0.0,0.0,,1.4
Pasquale Schiattarella,SPAL,31.0,MF,1841.0,0.0,4.0,,1.0
Mirko Valdifiori,SPAL,32.0,MF,668.0,0.0,1.0,,0.5
Mattia Valoti,SPAL,24.0,MF,1222.0,2.0,0.0,,1.0
Francesco Vicari,SPAL,23.0,DF,2335.0,2.0,1.0,,5.0
Emiliano Viviano,SPAL,32.0,GK,1524.0,0.0,0.0,,1.0
Ludovic Ajorque,Strasbourg,24.0,FW,1531.0,9.0,1.0,,4.0
Anthony Caci,Strasbourg,21.0,DF,2298.0,0.0,1.0,,3.0
Lionel Carole,Strasbourg,27.0,"DF,MF",1727.0,0.0,3.0,,3.0
Benjamin Corgnet,Strasbourg,31.0,"MF,FW",671.0,1.0,2.0,,0.8
Nuno da Costa,Strasbourg,27.0,FW,2052.0,8.0,5.0,,5.0
Youssouf Fofana,Strasbourg,19.0,MF,912.0,2.0,1.0,,5.0
Anthony Gonçalves,Strasbourg,32.0,"MF,FW",1058.0,5.0,2.0,,0.5
Samuel Grandsir,Strasbourg,21.0,"FW,MF",237.0,0.0,0.0,,3.0
Jérémy Grimm,Strasbourg,31.0,MF,168.0,0.0,0.0,,0.5
Eiji Kawashima,Strasbourg,35.0,GK,90.0,0.0,0.0,,0.25
Lamine Koné,Strasbourg,29.0,DF,2152.0,1.0,1.0,,3.0
Kenny Lala,Strasbourg,26.0,"DF,MF",3060.0,5.0,9.0,,14.0
Dimitri Liénard,Strasbourg,30.0,"MF,DF",1291.0,0.0,2.0,,2.0
Jonas Martin,Strasbourg,28.0,MF,2059.0,3.0,1.0,,5.0
Pablo Martinez,Strasbourg,29.0,DF,2815.0,3.0,1.0,,3.5
Lebo Mothiba,Strasbourg,22.0,FW,1771.0,9.0,2.0,,7.0
Idriss Saadi,Strasbourg,26.0,MF,10.0,0.0,0.0,,1.3
Matz Sels,Strasbourg,26.0,GK,3330.0,0.0,0.0,,7.0
Ibrahima Sissoko,Strasbourg,20.0,MF,2665.0,3.0,2.0,,6.5
Adrien Thomasson,Strasbourg,24.0,"MF,FW",2479.0,5.0,8.0,,8.0
Kévin Zohi,Strasbourg,21.0,"FW,MF",627.0,1.0,1.0,,2.0
Alexander Esswein,Stuttgart,28.0,"FW,MF",1251.0,0.0,0.0,,1.0
Steven Zuber,Stuttgart,26.0,"FW,MF",571.0,0.0,1.0,,7.0
Ola Aina,Torino,21.0,"DF,MF",2160.0,1.0,3.0,,10.0
Cristian Ansaldi,Torino,31.0,"DF,MF",1807.0,3.0,2.0,,5.0
Daniele Baselli,Torino,26.0,MF,2379.0,4.0,1.0,,10.0
Andrea Belotti,Torino,24.0,FW,3299.0,15.0,3.0,,35.0
Álex Berenguer,Torino,23.0,"MF,FW",1486.0,2.0,3.0,,6.0
Lorenzo De Silvestri,Torino,30.0,"DF,MF",2415.0,2.0,4.0,,4.0
Koffi Djidji,Torino,25.0,DF,1387.0,0.0,0.0,,5.0
Simone Edera,Torino,21.0,"FW,MF",77.0,0.0,0.0,,1.0
Iago Falque,Torino,28.0,"FW,MF",1612.0,6.0,4.0,,17.5
Salvador Ichazo,Torino,26.0,GK,251.0,0.0,0.0,,0.4
Armando Izzo,Torino,26.0,DF,3271.0,4.0,1.0,,20.0
Lyanco,Torino,21.0,DF,90.0,0.0,0.0,,8.0
Soualiho Meïté,Torino,24.0,MF,2659.0,2.0,4.0,,13.0
Vincenzo Millico,Torino,17.0,MF,1.0,0.0,0.0,,1.0
Emiliano Moretti,Torino,37.0,DF,2010.0,0.0,0.0,,0.5
Vittorio Parigini,Torino,22.0,"MF,FW",377.0,0.0,0.0,,2.0
Tomás Rincón,Torino,30.0,MF,2799.0,3.0,1.0,,8.0
Salvatore Sirigu,Torino,31.0,GK,3169.0,0.0,0.0,,7.5
Roberto Soriano,Torino,27.0,"MF,FW",468.0,0.0,2.0,,7.0
Simone Zaza,Torino,27.0,FW,1437.0,4.0,3.0,,10.0
Toby Alderweireld,Tottenham,29.0,DF,2922.0,0.0,0.0,,40.0
Dele Alli,Tottenham,22.0,"MF,FW",1825.0,5.0,3.0,,90.0
Luke Amos,Tottenham,21.0,MF,3.0,0.0,0.0,,0.1
Serge Aurier,Tottenham,25.0,"DF,MF",564.0,0.0,2.0,,18.0
Ben Davies,Tottenham,25.0,DF,1844.0,0.0,0.0,,25.0
Mousa Dembélé,Tottenham,31.0,MF,515.0,0.0,0.0,,12.0
Eric Dier,Tottenham,24.0,MF,1506.0,3.0,0.0,,40.0
Christian Eriksen,Tottenham,26.0,"MF,FW",2774.0,8.0,12.0,,100.0
Juan Foyth,Tottenham,20.0,DF,888.0,1.0,0.0,,15.0
Paulo Gazzaniga,Tottenham,26.0,GK,270.0,0.0,0.0,,2.0
Vincent Janssen,Tottenham,24.0,FW,39.0,0.0,0.0,,8.0
Harry Kane,Tottenham,25.0,FW,2424.0,17.0,4.0,,150.0
Fernando Llorente,Tottenham,33.0,FW,694.0,1.0,4.0,,3.5
Hugo Lloris,Tottenham,31.0,GK,2970.0,0.0,0.0,,25.0
Lucas Moura,Tottenham,25.0,"FW,MF",2121.0,10.0,0.0,,40.0
Danny Rose,Tottenham,28.0,"DF,MF",1798.0,0.0,3.0,,25.0
Davinson Sánchez,Tottenham,22.0,DF,1942.0,1.0,1.0,,55.0
Moussa Sissoko,Tottenham,28.0,MF,2330.0,0.0,3.0,,25.0
Oliver Skipp,Tottenham,17.0,"MF,FW",220.0,0.0,0.0,,5.0
Kieran Trippier,Tottenham,27.0,DF,2276.0,1.0,3.0,,35.0
Jan Vertonghen,Tottenham,31.0,DF,1911.0,1.0,0.0,,28.0
Michel Vorm,Tottenham,34.0,GK,180.0,0.0,0.0,,1.0
Kyle Walker-Peters,Tottenham,21.0,DF,376.0,0.0,3.0,,3.5
Victor Wanyama,Tottenham,27.0,MF,516.0,1.0,0.0,,20.0
Harry Winks,Tottenham,22.0,MF,1597.0,1.0,0.0,,25.0
Kelvin Amian,Toulouse,20.0,DF,2880.0,0.0,1.0,,5.0
Yann Bodiger,Toulouse,23.0,MF,13.0,0.0,0.0,,2.0
John Bostock,Toulouse,26.0,MF,984.0,0.0,0.0,,1.0
Yannick Cahuzac,Toulouse,33.0,"MF,DF",1431.0,1.0,0.0,,0.5
Bafodé Diakité,Toulouse,17.0,DF,633.0,1.0,0.0,,2.0
Mathieu Dossevi,Toulouse,30.0,"FW,MF",2469.0,4.0,2.0,,2.5
Jimmy Durmaz,Toulouse,29.0,"MF,FW",1899.0,4.0,1.0,,2.0
Steven Fortes,Toulouse,26.0,DF,136.0,0.0,0.0,,1.0
Manu García,Toulouse,20.0,MF,2330.0,2.0,1.0,,2.0
Mauro Goicoechea,Toulouse,30.0,GK,713.0,0.0,0.0,,0.8
Max Gradel,Toulouse,30.0,"FW,MF",3240.0,11.0,5.0,,8.0
Corentin Jean,Toulouse,23.0,"FW,MF",629.0,0.0,0.0,,2.5
Christopher Jullien,Toulouse,25.0,DF,3015.0,1.0,0.0,,6.0
Aaron Leya Iseka,Toulouse,20.0,FW,1444.0,4.0,0.0,,3.0
Stéphane Mbia,Toulouse,32.0,"DF,MF",446.0,0.0,0.0,,2.0
Clément Michelin,Toulouse,21.0,DF,90.0,0.0,0.0,,0.7
Hakim El Mokeddem,Toulouse,19.0,"FW,MF",25.0,0.0,0.0,,0.3
Steven Moreira,Toulouse,23.0,"DF,MF",863.0,0.0,0.0,,1.25
François Moubandje,Toulouse,28.0,DF,1935.0,0.0,0.0,,2.5
Baptiste Reynet,Toulouse,27.0,GK,2704.0,0.0,0.0,,5.0
Ibrahim Sangaré,Toulouse,20.0,MF,2467.0,1.0,3.0,,15.0
Yaya Sanogo,Toulouse,25.0,FW,1243.0,3.0,0.0,,2.5
Gen Shoji,Toulouse,25.0,DF,1620.0,0.0,0.0,,3.5
Kalidou Sidibé,Toulouse,19.0,MF,1259.0,1.0,0.0,,3.5
Issiaga Sylla,Toulouse,24.0,"DF,MF",1994.0,2.0,0.0,,3.5
Jean-Clair Todibo,Toulouse,18.0,DF,157.0,0.0,0.0,,8.0
Valon Behrami,Udinese,33.0,MF,1361.0,1.0,0.0,,1.0
Álex Centelles,Udinese,20.0,DF,583.0,0.0,0.0,,1.0
Marco D'Alessandro,Udinese,27.0,"DF,MF",1495.0,0.0,2.0,,2.0
Sebastien De Maio,Udinese,31.0,DF,1173.0,1.0,0.0,,1.0
Rodrigo De Paul,Udinese,24.0,"MF,FW",3189.0,9.0,9.0,,25.0
Seko Fofana,Udinese,23.0,MF,2639.0,2.0,4.0,,13.0
Emil Hallfreðsson,Udinese,34.0,MF,137.0,1.0,0.0,,0.5
Svante Ingelsson,Udinese,20.0,"MF,DF",97.0,0.0,0.0,,0.9
Kevin Lasagna,Udinese,25.0,FW,2453.0,6.0,2.0,,7.5
Darwin Machís,Udinese,25.0,"FW,MF",463.0,0.0,1.0,,3.0
Rolando Mandragora,Udinese,21.0,MF,2918.0,3.0,2.0,,15.0
Juan Musso,Udinese,24.0,GK,2610.0,0.0,0.0,,10.0
Bram Nuytinck,Udinese,28.0,DF,2127.0,1.0,0.0,,3.5
Stefano Okaka,Udinese,28.0,FW,970.0,6.0,1.0,,5.0
Nicholas Opoku,Udinese,20.0,DF,327.0,0.0,0.0,,1.0
Giuseppe Pezzella,Udinese,20.0,"DF,MF",184.0,0.0,0.0,,3.0
Ignacio Pussetto,Udinese,22.0,"FW,MF",2178.0,4.0,4.0,,10.0
Sandro,Udinese,29.0,MF,594.0,0.0,0.0,,2.0
Simone Scuffet,Udinese,22.0,GK,810.0,0.0,0.0,,1.75
Jens Stryger Larsen,Udinese,27.0,"DF,MF",3234.0,1.0,4.0,,4.0
Hidde ter Avest,Udinese,21.0,"DF,MF",973.0,0.0,1.0,,2.0
William Troost-Ekong,Udinese,24.0,DF,3064.0,0.0,0.0,,4.0
Felipe Vizeu,Udinese,21.0,"FW,DF",32.0,0.0,0.0,,1.5
Molla Wagué,Udinese,27.0,DF,95.0,0.0,0.0,,1.0
Ben Wilmot,Udinese,18.0,"DF,MF",199.0,0.0,0.0,,1.5
Marvin Zeegelaar,Udinese,27.0,DF,956.0,0.0,0.0,,2.5
Michy Batshuayi,Valencia,24.0,FW,750.0,5.0,0.0,,30.0
Denis Cheryshev,Valencia,27.0,"MF,FW",1706.0,2.0,2.0,,6.0
Francis Coquelin,Valencia,27.0,MF,1761.0,0.0,1.0,,17.5
Mouctar Diakhaby,Valencia,21.0,DF,1580.0,2.0,0.0,,20.0
Jaume Doménech,Valencia,27.0,GK,360.0,0.0,0.0,,2.5
Kévin Gameiro,Valencia,31.0,FW,1612.0,6.0,1.0,,9.0
Ezequiel Garay,Valencia,31.0,DF,2136.0,2.0,0.0,,8.0
Gonçalo Guedes,Valencia,21.0,"MF,FW",1465.0,5.0,3.0,,40.0
Geoffrey Kondogbia,Valencia,25.0,MF,1245.0,1.0,1.0,,30.0
Toni Lato,Valencia,20.0,DF,270.0,0.0,0.0,,5.0
Santi Mina,Valencia,22.0,FW,1852.0,7.0,5.0,,30.0
Jeison Murillo,Valencia,26.0,DF,113.0,0.0,0.0,,10.0
Neto,Valencia,29.0,GK,3060.0,0.0,0.0,,18.0
Gabriel Paulista,Valencia,27.0,DF,2623.0,0.0,1.0,,20.0
Cristiano Piccini,Valencia,25.0,DF,1868.0,1.0,0.0,,10.0
Rodrigo,Valencia,27.0,FW,2528.0,8.0,6.0,,50.0
Facundo Roncaglia,Valencia,31.0,DF,601.0,0.0,0.0,,2.5
Rubén Sobrino,Valencia,26.0,"FW,MF",965.0,3.0,1.0,,3.0
Carlos Soler,Valencia,21.0,MF,2460.0,2.0,6.0,,50.0
Rúben Vezo,Valencia,24.0,DF,1339.0,2.0,1.0,,6.0
Daniel Wass,Valencia,29.0,"DF,MF",2354.0,1.0,3.0,,14.0
Rubén Alcaraz,Valladolid,27.0,MF,2976.0,3.0,2.0,,10.0
Antoñito,Valladolid,30.0,"DF,MF",1863.0,2.0,1.0,,2.0
Anuar,Valladolid,23.0,MF,1081.0,1.0,0.0,,1.5
Fernando Calero,Valladolid,22.0,DF,3130.0,1.0,0.0,,10.0
Borja Fernández,Valladolid,37.0,"MF,DF",841.0,0.0,0.0,,0.1
Joaquín Fernández,Valladolid,22.0,"DF,MF",839.0,1.0,0.0,,3.0
Sergi Guardiola,Valladolid,27.0,FW,1514.0,3.0,1.0,,5.0
Pablo Hervías,Valladolid,25.0,"FW,MF",160.0,0.0,0.0,,0.7
Jordi Masip,Valladolid,29.0,GK,3150.0,0.0,0.0,,6.0
Javi Moyano,Valladolid,32.0,DF,2098.0,0.0,0.0,,0.8
Kiko Olivas,Valladolid,29.0,DF,3100.0,0.0,0.0,,2.0
Óscar Plano,Valladolid,27.0,"MF,FW",2693.0,3.0,4.0,,4.0
Stiven Plaza,Valladolid,19.0,"FW,MF",38.0,0.0,0.0,,1.5
Chris Ramos,Valladolid,21.0,FW,63.0,0.0,0.0,,0.25
Waldo Rubio,Valladolid,22.0,"MF,FW",492.0,1.0,0.0,,1.0
Enes Ünal,Valladolid,21.0,FW,2148.0,6.0,3.0,,5.0
Daniele Verde,Valladolid,22.0,"FW,MF",657.0,2.0,0.0,,2.5
Toni Villa,Valladolid,23.0,"MF,FW",1762.0,2.0,2.0,,4.0
Sergio Asenjo,Villarreal,29.0,GK,2880.0,0.0,0.0,,12.0
Carlos Bacca,Villarreal,31.0,FW,1270.0,6.0,1.0,,5.0
Daniele Bonera,Villarreal,37.0,DF,230.0,0.0,0.0,,0.2
Santiago Cáseres,Villarreal,21.0,MF,1588.0,0.0,1.0,,10.0
Santi Cazorla,Villarreal,33.0,"MF,FW",2647.0,4.0,10.0,,4.0
Jaume Costa,Villarreal,30.0,DF,1495.0,1.0,0.0,,4.0
Andrés Fernández,Villarreal,31.0,GK,540.0,0.0,0.0,,1.5
Pablo Fornals,Villarreal,22.0,"MF,FW",2479.0,2.0,3.0,,25.0
Javi Fuego,Villarreal,34.0,MF,233.0,0.0,0.0,,0.8
Ramiro Funes Mori,Villarreal,27.0,"DF,MF",2627.0,2.0,1.0,,8.0
Mario Gaspar,Villarreal,27.0,DF,2599.0,1.0,2.0,,10.0
Álvaro González,Villarreal,28.0,DF,2964.0,1.0,2.0,,8.0
Vicente Iborra,Villarreal,30.0,"MF,FW",1665.0,3.0,1.0,,9.0
Manuel Iturra,Villarreal,34.0,MF,74.0,0.0,0.0,,0.4
Miguel Layún,Villarreal,30.0,"MF,DF",506.0,0.0,1.0,,3.0
Gerard Moreno,Villarreal,26.0,FW,2315.0,8.0,1.0,,17.5
Manu Morlanes,Villarreal,19.0,MF,610.0,0.0,3.0,,2.5
Alfonso Pedraza,Villarreal,22.0,"DF,FW",2095.0,3.0,3.0,,22.0
Xavi Quintillà,Villarreal,21.0,DF,627.0,0.0,0.0,,1.0
Dani Raba,Villarreal,22.0,MF,191.0,0.0,1.0,,2.0
Víctor Ruiz,Villarreal,29.0,DF,1975.0,0.0,0.0,,7.0
Nicola Sansone,Villarreal,26.0,"FW,MF",1139.0,2.0,4.0,,7.5
Karl Toko Ekambi,Villarreal,25.0,FW,2144.0,10.0,1.0,,17.5
Manu Trigueros,Villarreal,26.0,MF,1547.0,0.0,0.0,,15.0
Miguel Britos,Watford,33.0,DF,185.0,0.0,0.0,,2.0
Étienne Capoue,Watford,30.0,MF,2944.0,1.0,3.0,,8.0
Craig Cathcart,Watford,29.0,DF,3096.0,3.0,0.0,,5.0
Nathaniel Chalobah,Watford,23.0,"MF,FW",270.0,0.0,0.0,,7.0
Tom Cleverley,Watford,28.0,"MF,FW",478.0,1.0,0.0,,7.0
Troy Deeney,Watford,30.0,FW,2545.0,9.0,5.0,,10.0
Gerard Deulofeu,Watford,24.0,FW,2066.0,10.0,5.0,,25.0
Abdoulaye Doucouré,Watford,25.0,MF,3062.0,5.0,6.0,,25.0
Kiko Femenía,Watford,27.0,DF,2049.0,1.0,1.0,,5.0
Ben Foster,Watford,35.0,GK,3420.0,0.0,0.0,,3.0
Andre Gray,Watford,27.0,FW,1366.0,7.0,2.0,,15.0
Will Hughes,Watford,23.0,"MF,FW",2418.0,2.0,4.0,,18.0
Daryl Janmaat,Watford,29.0,DF,1520.0,0.0,2.0,,6.0
Christian Kabasele,Watford,27.0,DF,1586.0,0.0,0.0,,8.0
Adrian Mariappa,Watford,31.0,DF,1927.0,0.0,0.0,,3.0
Adam Masina,Watford,24.0,DF,1004.0,0.0,1.0,,7.0
Marc Navarro,Watford,23.0,DF,84.0,0.0,0.0,,2.0
Stefano Okaka,Watford,28.0,FW,970.0,6.0,1.0,,5.0
Roberto Pereyra,Watford,27.0,"FW,MF",2815.0,6.0,1.0,,13.0
Sebastian Prödl,Watford,31.0,DF,13.0,0.0,0.0,,3.5
Domingos Quina,Watford,18.0,MF,338.0,1.0,0.0,,5.0
Ken Sema,Watford,24.0,"FW,MF",754.0,1.0,2.0,,3.5
Isaac Success,Watford,22.0,"FW,MF",1052.0,1.0,1.0,,5.0
Ben Wilmot,Watford,18.0,MF,199.0,0.0,0.0,,1.5
Ludwig Augustinsson,Werder Bremen,24.0,DF,3026.0,1.0,4.0,,12.0
Philipp Bargfrede,Werder Bremen,29.0,"MF,DF",1079.0,0.0,0.0,,2.5
Fin Bartels,Werder Bremen,31.0,FW,23.0,0.0,0.0,,1.5
Johannes Eggestein,Werder Bremen,20.0,"FW,MF",1113.0,4.0,1.0,,10.0
Maximilian Eggestein,Werder Bremen,21.0,MF,3052.0,5.0,4.0,,30.0
Marco Friedl,Werder Bremen,20.0,DF,474.0,0.0,0.0,,2.5
Theodor Gebre Selassie,Werder Bremen,31.0,DF,2814.0,3.0,2.0,,2.5
Martin Harnik,Werder Bremen,31.0,"FW,MF",828.0,4.0,2.0,,2.0
Florian Kainz,Werder Bremen,25.0,FW,373.0,0.0,1.0,,3.0
Stefanos Kapino,Werder Bremen,24.0,GK,45.0,0.0,0.0,,1.0
Davy Klaassen,Werder Bremen,25.0,MF,2816.0,5.0,4.0,,22.0
Sebastian Langkamp,Werder Bremen,30.0,DF,1414.0,0.0,0.0,,2.0
Kevin Möhwald,Werder Bremen,25.0,"MF,FW",873.0,3.0,1.0,,4.0
Niklas Moisander,Werder Bremen,32.0,DF,2637.0,0.0,0.0,,2.0
Yuya Osako,Werder Bremen,28.0,"FW,MF",1346.0,3.0,2.0,,5.0
Claudio Pizarro,Werder Bremen,39.0,FW,692.0,5.0,2.0,,0.5
Luca Plogmann,Werder Bremen,18.0,GK,38.0,0.0,0.0,,0.5
Milot Rashica,Werder Bremen,22.0,"FW,MF",1550.0,9.0,5.0,,20.0
Josh Sargent,Werder Bremen,18.0,FW,212.0,2.0,0.0,,4.0
Felipe Anderson,West Ham,25.0,"FW,MF",3043.0,9.0,4.0,,40.0
Michail Antonio,West Ham,28.0,"FW,MF",2103.0,6.0,4.0,,15.0
Fabián Balbuena,West Ham,26.0,DF,2013.0,1.0,0.0,,12.0
Andy Carroll,West Ham,29.0,FW,461.0,0.0,0.0,,8.0
Aaron Cresswell,West Ham,28.0,DF,1589.0,0.0,1.0,,10.0
Grady Diangana,West Ham,20.0,"FW,MF",609.0,0.0,1.0,,5.0
Issa Diop,West Ham,21.0,DF,2970.0,1.0,0.0,,35.0
Ryan Fredericks,West Ham,25.0,DF,1086.0,1.0,0.0,,5.0
Manuel Lanzini,West Ham,25.0,MF,686.0,1.0,1.0,,20.0
Arthur Masuaku,West Ham,24.0,DF,1759.0,0.0,1.0,,7.0
Samir Nasri,West Ham,31.0,MF,245.0,0.0,2.0,,5.0
Mark Noble,West Ham,31.0,MF,2291.0,5.0,5.0,,7.0
Pedro Obiang,West Ham,26.0,MF,1128.0,0.0,1.0,,7.0
Angelo Ogbonna,West Ham,30.0,DF,1874.0,1.0,1.0,,8.0
Lucas Pérez,West Ham,29.0,FW,475.0,3.0,0.0,,4.0
Declan Rice,West Ham,19.0,MF,3003.0,2.0,0.0,,45.0
Carlos Sánchez,West Ham,32.0,MF,245.0,0.0,0.0,,1.5
Xande Silva,West Ham,21.0,FW,18.0,0.0,0.0,,1.0
Robert Snodgrass,West Ham,30.0,"MF,FW",2220.0,2.0,5.0,,7.0
Jack Wilshere,West Ham,26.0,MF,392.0,0.0,1.0,,10.0
Andriy Yarmolenko,West Ham,28.0,"FW,MF",459.0,2.0,0.0,,20.0
Pablo Zabaleta,West Ham,33.0,DF,2092.0,0.0,1.0,,3.5
Maximilian Arnold,Wolfsburg,24.0,MF,2872.0,2.0,6.0,,15.0
Josip Brekalo,Wolfsburg,20.0,"FW,MF",1415.0,3.0,3.0,,10.0
Ignacio Camacho,Wolfsburg,28.0,MF,540.0,0.0,0.0,,13.0
Koen Casteels,Wolfsburg,26.0,GK,2295.0,0.0,0.0,,13.0
Yannick Gerhardt,Wolfsburg,24.0,MF,2455.0,2.0,2.0,,10.0
Daniel Ginczek,Wolfsburg,27.0,FW,1276.0,6.0,2.0,,12.0
Josuha Guilavogui,Wolfsburg,27.0,MF,1570.0,2.0,1.0,,12.0
Felix Klaus,Wolfsburg,25.0,"FW,MF",443.0,1.0,1.0,,3.0
Robin Knoche,Wolfsburg,26.0,DF,2790.0,3.0,0.0,,8.0
Admir Mehmedi,Wolfsburg,27.0,"FW,MF",1692.0,6.0,5.0,,10.0
Pavao Pervan,Wolfsburg,30.0,GK,765.0,0.0,0.0,,0.8
Jérôme Roussillon,Wolfsburg,25.0,DF,2461.0,3.0,4.0,,20.0
Renato Steffen,Wolfsburg,26.0,"FW,DF",1503.0,5.0,1.0,,5.0
Marcel Tisserand,Wolfsburg,25.0,DF,886.0,1.0,0.0,,4.5
Wout Weghorst,Wolfsburg,25.0,FW,2925.0,17.0,7.0,,20.0
William,Wolfsburg,23.0,DF,2675.0,2.0,1.0,,7.0
Ryan Bennett,Wolves,28.0,DF,3060.0,1.0,0.0,,7.0
Willy Boly,Wolves,27.0,DF,3167.0,4.0,0.0,,12.0
Léo Bonatini,Wolves,24.0,FW,135.0,0.0,1.0,,4.0
Ivan Cavaleiro,Wolves,24.0,"FW,MF",693.0,3.0,1.0,,10.0
Conor Coady,Wolves,25.0,DF,3420.0,0.0,0.0,,10.0
Hélder Costa,Wolves,24.0,"FW,MF",1341.0,1.0,2.0,,15.0
Leander Dendoncker,Wolves,23.0,MF,1467.0,2.0,0.0,,18.0
Matt Doherty,Wolves,26.0,"DF,MF",3144.0,4.0,5.0,,15.0
Morgan Gibbs-White,Wolves,18.0,"MF,FW",663.0,0.0,1.0,,8.0
Raúl Jiménez,Wolves,27.0,FW,3111.0,13.0,7.0,,35.0
Diogo Jota,Wolves,21.0,"FW,MF",2355.0,9.0,5.0,,35.0
João Moutinho,Wolves,31.0,MF,3032.0,1.0,8.0,,10.0
Rúben Neves,Wolves,21.0,MF,3007.0,4.0,3.0,,45.0
Will Norris,Wolves,24.0,GK,1.0,0.0,0.0,,0.25
Rui Patrício,Wolves,30.0,GK,3329.0,0.0,0.0,,20.0
John Ruddy,Wolves,31.0,GK,90.0,0.0,0.0,,3.0
Romain Saïss,Wolves,28.0,"MF,DF",1149.0,2.0,0.0,,5.0
Adama Traoré,Wolves,22.0,"FW,DF",240.0,0.0,1.0,,15.0
Rúben Vinagre,Wolves,19.0,"DF,MF",710.0,0.0,0.0,,7.0
,,,,,,,,
,,,,,,,,
,,,,,,,,
,,,,,,,,
,,,,,,,,
,,,,,,,,
,,,,,,,,
,,,,,,,,
,,,,,,,,
,,,,,,,,
,,,,,,,,
,,,,,,,,
,,,,,,,,
,,,,,,,,
,,,,,,,,
,,,,,,,,
,,,,,,,,
,,,,,,,,
,,,,,,,,
,,,,,,,,
,,,,,,,,
,,,,,,,,
,,,,,,,,
,,,,,,,,
,,,,,,,,
,,,,,,,,
,,,,,,,,
,,,,,,,,
,,,,,,,,
,,,,,,,,
,,,,,,,,
,,,,,,,,
,,,,,,,,
,,,,,,,,
,,,,,,,,
,,,,,,,,
,,,,,,,,
,,,,,,,,
,,,,,,,,
,,,,,,,,
,,,,,,,,
,,,,,,,,
,,,,,,,,
,,,,,,,,
,,,,,,,,
,,,,,,,,
,,,,,,,,
,,,,,,,,
,,,,,,,,
,,,,,,,,
,,,,,,,,
,,,,,,,,
,,,,,,,,
,,,,,,,,
,,,,,,,,
,,,,,,,,
,,,,,,,,
,,,,,,,,
,,,,,,,,
,,,,,,,,
,,,,,,,,
,,,,,,,,
,,,,,,,,
,,,,,,,,
,,,,,,,,
,,,,,,,,
,,,,,,,,
,,,,,,,,
,,,,,,,,
,,,,,,,,
,,,,,,,,
,,,,,,,,
,,,,,,,,
,,,,,,,,
,,,,,,,,
,,,,,,,,
,,,,,,,,
,,,,,,,,
,,,,,,,,
,,,,,,,,
,,,,,,,,
,,,,,,,,
,,,,,,,,
,,,,,,,,
,,,,,,,,
,,,,,,,,
,,,,,,,,
,,,,,,,,
,,,,,,,,
,,,,,,,,
,,,,,,,,
,,,,,,,,
,,,,,,,,
,,,,,,,,
,,,,,,,,
,,,,,,,,
,,,,,,,,
,,,,,,,,
,,,,,,,,
,,,,,,,,
,,,,,,,,
,,,,,,,,
,,,,,,,,
,,,,,,,,
,,,,,,,,
,,,,,,,,
,,,,,,,,
,,,,,,,,
,,,,,,,,
,,,,,,,,
,,,,,,,,
,,,,,,,,
,,,,,,,,
,,,,,,,,
,,,,,,,,
,,,,,,,,
,,,,,,,,
,,,,,,,,
,,,,,,,,
,,,,,,,,
,,,,,,,,
,,,,,,,,
,,,,,,,,
,,,,,,,,
,,,,,,,,
,,,,,,,,
,,,,,,,,
,,,,,,,,
,,,,,,,,
,,,,,,,,
,,,,,,,,
,,,,,,,,
Martin Aguirregabiria,AlavĂ©s,23.0,DF,2099.0,1.0,1.0,,4.0
Oliver Burke,AlavĂ©s,22.0,"MF,FW",1429.0,1.0,2.0,,4.0
VĂ­ctor Camarasa,AlavĂ©s,25.0,MF,1293.0,0.0,1.0,,4.0
RubĂ©n Duarte,AlavĂ©s,23.0,DF,2663.0,0.0,1.0,,4.0
Rodrigo Ely,AlavĂ©s,25.0,DF,2121.0,2.0,0.0,,1.0
Ljubomir Fejsa,AlavĂ©s,30.0,MF,786.0,0.0,0.0,,2.0
Manu GarcĂ­a,AlavĂ©s,33.0,MF,1967.0,0.0,0.0,,1.0
John Guidetti,AlavĂ©s,27.0,FW,96.0,0.0,0.0,,1.0
Joselu,AlavĂ©s,29.0,FW,2782.0,11.0,2.0,,5.0
VĂ­ctor Laguardia,AlavĂ©s,29.0,DF,2654.0,1.0,2.0,,7.0
Javi LĂłpez,AlavĂ©s,17.0,DF,90.0,0.0,0.0,,0.08
JosĂ© Luis RodrĂ­guez,AlavĂ©s,21.0,FW,22.0,0.0,0.0,,0.045
Lisandro MagallĂˇn,AlavĂ©s,25.0,DF,1197.0,1.0,1.0,,4.0
Abdallahi Mahmoud,AlavĂ©s,19.0,MF,152.0,0.0,0.0,,0.01
AdriĂˇn MarĂ­n,AlavĂ©s,22.0,DF,852.0,0.0,0.0,,0.065
Guillermo MaripĂˇn,AlavĂ©s,25.0,DF,90.0,0.0,0.0,,11.0
Ă‰dgar MĂ©ndez,AlavĂ©s,29.0,"MF,FW",864.0,1.0,0.0,,1.6
Ximo Navarro,AlavĂ©s,29.0,DF,1903.0,0.0,0.0,,2.0
Fernando Pacheco,AlavĂ©s,27.0,GK,2358.0,0.0,0.0,,14.0
Lucas PĂ©rez,AlavĂ©s,30.0,FW,2496.0,11.0,5.0,,12.0
TomĂˇs Pina Isla,AlavĂ©s,31.0,MF,1344.0,1.0,0.0,,1.5
Pere Pons,AlavĂ©s,26.0,MF,1088.0,1.0,1.0,,3.5
Luis Rioja,AlavĂ©s,25.0,MF,1634.0,0.0,0.0,,2.0
Roberto,AlavĂ©s,33.0,GK,790.0,0.0,0.0,,0.0008
Borja Sainz,AlavĂ©s,18.0,"MF,FW",573.0,1.0,0.0,,0.03
Antonio Sivera,AlavĂ©s,22.0,GK,270.0,0.0,0.0,,1.0
Tachi,AlavĂ©s,21.0,DF,238.0,0.0,0.0,,0.0008
Aleix Vidal,AlavĂ©s,29.0,MF,2165.0,2.0,4.0,,3.0
Wakaso,AlavĂ©s,29.0,MF,1283.0,0.0,0.0,,2.0
Chadrac Akolo,Amiens,24.0,"FW,MF",544.0,2.0,1.0,,1.0
Haitam Aleesami,Amiens,28.0,DF,1916.0,1.0,1.0,,1.0
Alexis Blin,Amiens,22.0,MF,1841.0,0.0,1.0,,4.0
Mathieu Bodmer,Amiens,36.0,MF,88.0,1.0,0.0,,0.025
Arturo Calabresi,Amiens,23.0,DF,1878.0,1.0,1.0,,2.0
AurĂ©lien Chedjou,Amiens,34.0,DF,1971.0,0.0,0.0,,0.000325
Quentin Cornette,Amiens,25.0,"FW,MF",349.0,0.0,2.0,,0.03
Fousseni DiabatĂ©,Amiens,23.0,"FW,MF",1190.0,1.0,3.0,,2.0
Bakaye Dibassy,Amiens,29.0,DF,1868.0,2.0,0.0,,2.0
Juan Ferney Otero,Amiens,24.0,"FW,MF",1202.0,1.0,2.0,,2.0
Saman Ghoddos,Amiens,25.0,FW,231.0,1.0,0.0,,3.0
Eddy GnahorĂ©,Amiens,25.0,MF,1133.0,0.0,0.0,,2.0
Sehrou Guirassy,Amiens,23.0,FW,1921.0,9.0,2.0,,15.0
RĂ©gis Gurtner,Amiens,32.0,GK,2520.0,0.0,0.0,,1.0
Christophe Jallet,Amiens,35.0,DF,855.0,1.0,1.0,,0.025
GaĂ«l Kakuta,Amiens,28.0,"MF,FW",2001.0,2.0,5.0,,2.0
Moussa KonatĂ©,Amiens,26.0,FW,614.0,2.0,0.0,,4.0
Jack Lahne,Amiens,17.0,FW,9.0,1.0,0.0,,0.09
Jordan Lefort,Amiens,25.0,DF,842.0,0.0,1.0,,1.0
Isaac Mbenza,Amiens,23.0,FW,84.0,0.0,0.0,,5.0
Stiven Mendoza,Amiens,27.0,"FW,MF",1101.0,5.0,0.0,,3.0
Thomas Monconduit,Amiens,28.0,MF,1364.0,0.0,0.0,,2.0
Nicholas Opoku,Amiens,21.0,DF,630.0,0.0,0.0,,0.08
Cheick Timite,Amiens,21.0,"MF,FW",115.0,0.0,0.0,,1.0
Bongani Zungu,Amiens,26.0,MF,992.0,1.0,0.0,,1.0
Rayan AĂŻt Nouri,Angers,18.0,DF,1282.0,0.0,2.0,,15.0
Rachid Alioui,Angers,27.0,FW,1563.0,6.0,1.0,,4.0
StĂ©phane Bahoken,Angers,27.0,FW,907.0,4.0,0.0,,4.0
Abdoulaye Bamba,Angers,29.0,DF,554.0,0.0,0.0,,2.0
Antonin Bobichon,Angers,23.0,MF,649.0,2.0,1.0,,2.0
Ludovic Butelle,Angers,36.0,GK,2340.0,0.0,0.0,,0.025
Pierrick Capelle,Angers,32.0,"MF,DF",1747.0,1.0,2.0,,1.0
Ibrahim CissĂ©,Angers,23.0,DF,60.0,0.0,0.0,,0.045
Souleyman Doumbia,Angers,22.0,DF,450.0,0.0,1.0,,1.0
Angelo Fulgini,Angers,22.0,MF,1579.0,1.0,1.0,,4.0
Wilfried Kanga,Angers,21.0,FW,68.0,0.0,0.0,,0.09
Vincent Manceau,Angers,30.0,DF,1980.0,0.0,0.0,,1.0
Thomas Mangani,Angers,32.0,MF,1871.0,2.0,2.0,,1.0
Farid El Melali,Angers,22.0,"MF,FW",306.0,3.0,0.0,,1.0
Casimir Ninga,Angers,26.0,"MF,FW",683.0,3.0,1.0,,2.0
ZinĂ©dine Ould Khaled,Angers,19.0,MF,59.0,0.0,0.0,,0.015
Vincent Pajot,Angers,28.0,MF,113.0,0.0,1.0,,1.0
Mateo PavloviÄ‡,Angers,29.0,DF,812.0,0.0,0.0,,1.0
ThĂ©o Pellenard,Angers,25.0,DF,455.0,0.0,0.0,,1.0
Mathias Pereira Lage,Angers,22.0,MF,1542.0,1.0,3.0,,2.0
Jeff Reine-AdĂ©laĂŻde,Angers,21.0,MF,79.0,1.0,1.0,,22.0
Baptiste Santamaria,Angers,24.0,MF,2505.0,1.0,1.0,,7.0
Sada Thioub,Angers,24.0,"MF,FW",1508.0,1.0,2.0,,2.0
Romain Thomas,Angers,31.0,DF,2340.0,1.0,2.0,,2.0
IsmaĂ«l TraorĂ©,Angers,32.0,DF,2052.0,0.0,0.0,,1.0
Pierre-Emerick Aubameyang,Arsenal,30.0,FW,3136.0,22.0,3.0,,56.0
HĂ©ctor BellerĂ­n,Arsenal,24.0,DF,1158.0,1.0,0.0,,32.0
Dani Ceballos,Arsenal,22.0,MF,1692.0,0.0,2.0,,32.0
Calum Chambers,Arsenal,24.0,DF,1102.0,1.0,1.0,,14.0
MattĂ©o Guendouzi,Arsenal,20.0,MF,1748.0,0.0,1.0,,40.0
Rob Holding,Arsenal,23.0,DF,581.0,0.0,0.0,,9.0
Sead KolaĹˇinac,Arsenal,26.0,DF,1701.0,0.0,2.0,,10.0
Alexandre Lacazette,Arsenal,28.0,FW,1874.0,10.0,4.0,,48.0
Bernd Leno,Arsenal,27.0,GK,2649.0,0.0,0.0,,28.0
David Luiz,Arsenal,32.0,DF,2809.0,2.0,1.0,,6.0
Ainsley Maitland-Niles,Arsenal,21.0,DF,1386.0,0.0,2.0,,14.0
Pablo MarĂ­,Arsenal,25.0,DF,113.0,0.0,0.0,,4.0
Martinelli,Arsenal,18.0,FW,663.0,3.0,0.0,,25.0
Emiliano MartĂ­nez,Arsenal,26.0,GK,771.0,0.0,0.0,,2.0
Henrikh Mkhitaryan,Arsenal,30.0,FW,112.0,0.0,0.0,,20.0
Nacho Monreal,Arsenal,33.0,DF,270.0,0.0,0.0,,3.0
Shkodran Mustafi,Arsenal,27.0,DF,1207.0,0.0,1.0,,12.0
Reiss Nelson,Arsenal,19.0,FW,631.0,1.0,0.0,,12.0
Eddie Nketiah,Arsenal,20.0,FW,633.0,2.0,0.0,,11.0
Mesut Ă–zil,Arsenal,30.0,MF,1438.0,1.0,2.0,,17.0
Sokratis Papastathopoulos,Arsenal,31.0,DF,1696.0,2.0,0.0,,6.0
Nicolas PĂ©pĂ©,Arsenal,24.0,FW,2010.0,5.0,6.0,,52.0
Bukayo Saka,Arsenal,17.0,"DF,FW",1753.0,1.0,5.0,,20.0
CĂ©dric Soares,Arsenal,27.0,DF,249.0,1.0,0.0,,8.0
Kieran Tierney,Arsenal,22.0,DF,989.0,1.0,1.0,,20.0
Lucas Torreira,Arsenal,23.0,MF,1512.0,1.0,1.0,,36.0
Joe Willock,Arsenal,19.0,"MF,FW",857.0,1.0,1.0,,16.0
Granit Xhaka,Arsenal,26.0,MF,2586.0,1.0,2.0,,24.0
Borja BastĂłn,Aston Villa,26.0,"MF,FW",18.0,0.0,0.0,,3.0
Keinan Davis,Aston Villa,21.0,FW,548.0,0.0,0.0,,2.0
Danny Drinkwater,Aston Villa,29.0,MF,259.0,0.0,0.0,,4.0
Ahmed Elmohamady,Aston Villa,31.0,DF,1031.0,1.0,1.0,,2.0
BjĂ¶rn Engels,Aston Villa,24.0,DF,1447.0,1.0,0.0,,9.0
Anwar El Ghazi,Aston Villa,24.0,"FW,MF",2051.0,4.0,4.0,,8.0
Jack Grealish,Aston Villa,23.0,"FW,MF",3233.0,8.0,6.0,,30.0
Frederic Guilbert,Aston Villa,24.0,DF,2041.0,0.0,2.0,,7.0
Kortney Hause,Aston Villa,24.0,DF,1545.0,1.0,0.0,,6.0
Tom Heaton,Aston Villa,33.0,GK,1794.0,0.0,0.0,,4.0
Conor Hourihane,Aston Villa,28.0,MF,1534.0,3.0,5.0,,6.0
Jota,Aston Villa,28.0,"FW,MF",335.0,0.0,1.0,,2.5
Jonathan Kodjia,Aston Villa,29.0,"FW,MF",117.0,0.0,0.0,,3.0
Ezri Konsa,Aston Villa,21.0,DF,2039.0,1.0,2.0,,6.0
Henri Lansbury,Aston Villa,28.0,MF,195.0,0.0,0.0,,1.0
Douglas Luiz,Aston Villa,21.0,MF,2612.0,3.0,2.0,,27.0
John McGinn,Aston Villa,24.0,MF,2312.0,3.0,3.0,,16.0
Tyrone Mings,Aston Villa,26.0,DF,2902.0,2.0,2.0,,22.0
Wesley Moraes,Aston Villa,22.0,FW,1782.0,5.0,1.0,,20.0
Marvelous Nakamba,Aston Villa,25.0,MF,1836.0,0.0,0.0,,8.0
Ărjan Nyland,Aston Villa,28.0,GK,539.0,0.0,0.0,,1.2
Pepe Reina,Aston Villa,36.0,GK,1080.0,0.0,0.0,,0.065
Mbwana Samatta,Aston Villa,26.0,FW,943.0,1.0,0.0,,9.0
Matt Targett,Aston Villa,23.0,DF,2291.0,1.0,2.0,,10.0
Neil Taylor,Aston Villa,30.0,DF,1091.0,0.0,0.0,,2.0
TrĂ©zĂ©guet,Aston Villa,24.0,"FW,MF",1950.0,6.0,1.0,,8.0
Indiana Vassilev,Aston Villa,18.0,"FW,MF",51.0,0.0,0.0,,0.025
Guilherme Arana,Atalanta,22.0,DF,80.0,0.0,0.0,,2.0
Musa Barrow,Atalanta,20.0,"FW,MF",190.0,0.0,2.0,,11.0
Raoul Bellanova,Atalanta,19.0,DF,18.0,0.0,0.0,,0.09
Mattia Caldara,Atalanta,25.0,DF,959.0,0.0,1.0,,11.0
Timothy Castagne,Atalanta,23.0,DF,1769.0,1.0,2.0,,16.0
Ebrima Colley,Atalanta,19.0,FW,82.0,0.0,1.0,,0.08
Jacopo Da Riva,Atalanta,18.0,FW,1.0,0.0,0.0,,0.02
Berat Djimsiti,Atalanta,26.0,DF,2783.0,2.0,1.0,,12.0
Remo Freuler,Atalanta,27.0,MF,2337.0,2.0,2.0,,20.0
Pierluigi Gollini,Atalanta,24.0,GK,2884.0,0.0,0.0,,13.0
Papu GĂłmez,Atalanta,31.0,"MF,FW",2842.0,7.0,16.0,,15.0
Robin Gosens,Atalanta,25.0,DF,2617.0,9.0,7.0,,20.0
Hans Hateboer,Atalanta,25.0,DF,2356.0,0.0,4.0,,12.0
Josip Ilicic,Atalanta,31.0,FW,1663.0,15.0,5.0,,15.0
Simon KjĂ¦r,Atalanta,30.0,DF,292.0,0.0,0.0,,7.0
JosĂ© Luis Palomino,Atalanta,29.0,DF,2480.0,2.0,1.0,,8.0
Ruslan Malinovskyi,Atalanta,26.0,"MF,FW",1535.0,8.0,3.0,,11.0
Andrea Masiello,Atalanta,33.0,DF,543.0,0.0,0.0,,1.0
Luis Muriel,Atalanta,28.0,FW,1260.0,18.0,1.0,,15.0
Mario PaĹˇaliÄ‡,Atalanta,24.0,"MF,FW",2417.0,9.0,5.0,,25.0
Roberto Piccoli,Atalanta,18.0,FW,17.0,0.0,0.0,,1.0
Marten de Roon,Atalanta,28.0,MF,2721.0,2.0,5.0,,19.0
Francesco Rossi,Atalanta,28.0,GK,11.0,0.0,0.0,,0.01
Marco Sportiello,Atalanta,27.0,GK,525.0,0.0,0.0,,2.0
Bosko Sutalo,Atalanta,19.0,DF,280.0,0.0,0.0,,3.0
Adrien Tameze,Atalanta,25.0,MF,211.0,0.0,0.0,,4.5
Rafael TolĂłi,Atalanta,28.0,DF,2608.0,2.0,6.0,,12.0
Amad TraorĂ©,Atalanta,17.0,FW,27.0,1.0,0.0,,12.0
DuvĂˇn Zapata,Atalanta,28.0,FW,2026.0,18.0,6.0,,36.0
Aritz Aduriz,Athletic Club,38.0,FW,208.0,1.0,0.0,,0.0008
Yeray Ălvarez,Athletic Club,24.0,DF,2810.0,0.0,0.0,,24.0
Mikel Balenziaga,Athletic Club,31.0,DF,563.0,0.0,0.0,,1.0
Yuri Berchiche,Athletic Club,29.0,DF,2850.0,2.0,1.0,,16.0
Ander Capa,Athletic Club,27.0,DF,2872.0,3.0,4.0,,6.0
IĂ±igo CĂłrdoba,Athletic Club,22.0,FW,1442.0,1.0,4.0,,3.0
BeĂ±at Etxebarria,Athletic Club,32.0,MF,394.0,0.0,0.0,,2.0
Dani GarcĂ­a,Athletic Club,29.0,MF,3029.0,0.0,1.0,,4.0
RaĂşl GarcĂ­a,Athletic Club,33.0,"MF,FW",2869.0,15.0,1.0,,4.5
Ibai GĂłmez,Athletic Club,29.0,FW,695.0,0.0,0.0,,3.0
Iago HerrerĂ­n,Athletic Club,31.0,GK,425.0,0.0,0.0,,2.0
Kenan Kodro,Athletic Club,25.0,"FW,MF",364.0,1.0,0.0,,0.08
Larra,Athletic Club,21.0,"FW,MF",250.0,0.0,0.0,,2.0
IĂ±igo Lekue,Athletic Club,26.0,"FW,DF",623.0,0.0,1.0,,1.0
Unai LĂłpez,Athletic Club,23.0,MF,1787.0,1.0,4.0,,2.0
Ă“scar de Marcos,Athletic Club,30.0,"DF,FW",541.0,0.0,1.0,,3.0
IĂ±igo MartĂ­nez,Athletic Club,28.0,DF,2970.0,1.0,1.0,,25.0
Iker Muniain,Athletic Club,26.0,"FW,MF",2382.0,5.0,2.0,,14.0
Unai NĂşĂ±ez,Athletic Club,22.0,DF,1572.0,0.0,0.0,,16.0
Mikel San JosĂ©,Athletic Club,30.0,MF,359.0,0.0,0.0,,4.0
Oihan Sancet,Athletic Club,19.0,MF,741.0,1.0,1.0,,2.0
Unai SimĂłn,Athletic Club,22.0,GK,2991.0,0.0,0.0,,16.0
Mikel Vesga,Athletic Club,26.0,MF,1269.0,0.0,1.0,,2.0
Asier Villalibre,Athletic Club,21.0,FW,531.0,3.0,0.0,,3.0
IĂ±aki Williams,Athletic Club,25.0,FW,2939.0,6.0,1.0,,40.0
Antonio AdĂˇn,AtlĂ©tico Madrid,32.0,GK,25.0,0.0,0.0,,0.08
Santiago Arias,AtlĂ©tico Madrid,27.0,DF,1076.0,0.0,1.0,,12.0
Sergio Camello,AtlĂ©tico Madrid,18.0,FW,25.0,0.0,0.0,,2.0
Yannick Carrasco,AtlĂ©tico Madrid,25.0,"MF,FW",631.0,1.0,2.0,,22.0
Ă“scar Clemente,AtlĂ©tico Madrid,20.0,MF,4.0,0.0,0.0,,0.09
Ăngel Correa,AtlĂ©tico Madrid,24.0,"MF,FW",2061.0,5.0,6.0,,32.0
Diego Costa,AtlĂ©tico Madrid,30.0,FW,1350.0,5.0,4.0,,14.0
Felipe,AtlĂ©tico Madrid,30.0,DF,2102.0,1.0,0.0,,25.0
JoĂŁo FĂ©lix,AtlĂ©tico Madrid,19.0,"FW,MF",1745.0,6.0,1.0,,81.0
Mario Hermoso,AtlĂ©tico Madrid,24.0,DF,1217.0,0.0,0.0,,20.0
HĂ©ctor Herrera,AtlĂ©tico Madrid,29.0,MF,1123.0,0.0,2.0,,16.0
Koke,AtlĂ©tico Madrid,27.0,MF,2698.0,4.0,5.0,,60.0
Thomas Lemar,AtlĂ©tico Madrid,23.0,MF,925.0,0.0,0.0,,24.0
Marcos Llorente,AtlĂ©tico Madrid,24.0,"MF,FW",1368.0,3.0,3.0,,16.0
Renan Lodi,AtlĂ©tico Madrid,21.0,DF,2396.0,1.0,2.0,,31.0
JosĂ© MarĂ­a GimĂ©nez,AtlĂ©tico Madrid,24.0,DF,1755.0,0.0,0.0,,70.0
Ălvaro Morata,AtlĂ©tico Madrid,26.0,FW,2098.0,12.0,2.0,,36.0
SaĂşl Ă‘Ă­guez,AtlĂ©tico Madrid,24.0,"MF,DF",3072.0,6.0,0.0,,72.0
Jan Oblak,AtlĂ©tico Madrid,26.0,GK,3395.0,0.0,0.0,,90.0
Thomas Partey,AtlĂ©tico Madrid,26.0,MF,2549.0,3.0,0.0,,40.0
DarĂ­o Poveda,AtlĂ©tico Madrid,22.0,FW,8.0,0.0,0.0,,0.025
Rodrigo Riquelme,AtlĂ©tico Madrid,19.0,MF,13.0,0.0,0.0,,2.0
Manuel SĂˇnchez,AtlĂ©tico Madrid,18.0,DF,325.0,0.0,0.0,,8.0
Stefan SaviÄ‡,AtlĂ©tico Madrid,28.0,DF,1980.0,0.0,0.0,,20.0
Kieran Trippier,AtlĂ©tico Madrid,28.0,DF,1979.0,0.0,4.0,,28.0
GermĂˇn Valera,AtlĂ©tico Madrid,17.0,FW,4.0,0.0,0.0,,1.0
Vitolo,AtlĂ©tico Madrid,29.0,"MF,FW",1227.0,3.0,2.0,,10.0
Ĺ ime Vrsaljko,AtlĂ©tico Madrid,27.0,DF,362.0,0.0,1.0,,10.0
Daniel Baier,Augsburg,35.0,MF,1941.0,1.0,0.0,,0.04
Noah Joel Sarenren Bazee,Augsburg,22.0,FW,381.0,1.0,0.0,,1.5
Sergio CĂłrdova,Augsburg,21.0,"FW,MF",367.0,2.0,1.0,,1.0
Ohis Felix Uduokhai,Augsburg,21.0,DF,1966.0,0.0,0.0,,12.0
AlfreĂ° Finnbogason,Augsburg,30.0,FW,966.0,3.0,1.0,,2.5
Raphael Framberger,Augsburg,23.0,DF,1175.0,0.0,2.0,,1.0
Jeffrey Gouweleeuw,Augsburg,28.0,DF,1645.0,0.0,1.0,,9.0
Michael Gregoritsch,Augsburg,25.0,"MF,FW",303.0,0.0,0.0,,5.0
Carlos Gruezo,Augsburg,24.0,MF,886.0,0.0,1.0,,1.0
AndrĂ© Hahn,Augsburg,28.0,"FW,MF",702.0,1.0,0.0,,1.0
Iago,Augsburg,22.0,"DF,MF",674.0,1.0,1.0,,6.5
Tin Jedvaj,Augsburg,23.0,DF,2638.0,2.0,0.0,,7.0
Fredrik Jensen,Augsburg,21.0,"FW,MF",457.0,1.0,0.0,,2.0
Rani Khedira,Augsburg,25.0,MF,2649.0,0.0,2.0,,8.0
TomĂˇĹˇ Koubek,Augsburg,26.0,GK,2160.0,0.0,0.0,,2.5
Stephan Lichtsteiner,Augsburg,35.0,DF,1343.0,0.0,1.0,,0.08
Eduard LĂ¶wen,Augsburg,22.0,"MF,FW",671.0,2.0,1.0,,5.0
Andreas Luthe,Augsburg,32.0,GK,900.0,0.0,0.0,,0.04
Philipp Max,Augsburg,25.0,DF,2706.0,8.0,6.0,,13.0
Jan MorĂˇvek,Augsburg,29.0,MF,474.0,0.0,1.0,,0.06
Florian Niederlechner,Augsburg,28.0,"FW,MF",2720.0,13.0,6.0,,8.0
Reece Oxford,Augsburg,20.0,MF,375.0,0.0,0.0,,2.0
Mads Pedersen,Augsburg,22.0,DF,96.0,0.0,1.0,,0.0725
Marco Richter,Augsburg,21.0,"MF,FW",2280.0,4.0,3.0,,8.0
Julian Schieber,Augsburg,30.0,FW,43.0,0.0,0.0,,0.06
Marek SuchĂ˝,Augsburg,31.0,DF,397.0,0.0,0.0,,1.0
Georg Teigl,Augsburg,28.0,"DF,MF",111.0,0.0,0.0,,0.055
Ruben Vargas,Augsburg,20.0,"FW,MF",2530.0,6.0,1.0,,9.0
Jordi Alba,Barcelona,30.0,DF,2187.0,2.0,5.0,,40.0
Carles AleĂ±Ăˇ,Barcelona,21.0,MF,172.0,0.0,0.0,,18.0
Ronald AraĂşjo,Barcelona,20.0,DF,238.0,0.0,0.0,,4.0
Martin Braithwaite,Barcelona,28.0,"FW,MF",407.0,1.0,0.0,,9.0
Sergio Busquets,Barcelona,31.0,MF,2483.0,2.0,2.0,,28.0
Ălex Collado,Barcelona,20.0,DF,6.0,0.0,0.0,,4.0
Ousmane DembĂ©lĂ©,Barcelona,22.0,FW,357.0,1.0,0.0,,56.0
Ansu Fati,Barcelona,16.0,"FW,DF",1027.0,7.0,1.0,,80.0
Junior Firpo,Barcelona,22.0,DF,1014.0,1.0,1.0,,14.0
Antoine Griezmann,Barcelona,28.0,FW,2549.0,9.0,4.0,,96.0
Frenkie de Jong,Barcelona,22.0,MF,2115.0,2.0,2.0,,72.0
ClĂ©ment Lenglet,Barcelona,24.0,DF,2424.0,2.0,1.0,,48.0
Arthur Melo,Barcelona,22.0,MF,1182.0,3.0,3.0,,60.0
Lionel Messi,Barcelona,32.0,"FW,MF",2880.0,25.0,21.0,,112.0
Carles PĂ©rez,Barcelona,21.0,FW,476.0,1.0,2.0,,9.0
Gerard PiquĂ©,Barcelona,32.0,DF,3092.0,1.0,0.0,,20.0
Riqui Puig,Barcelona,19.0,MF,510.0,0.0,2.0,,9.0
Rafinha,Barcelona,26.0,"FW,MF",186.0,0.0,0.0,,9.5
Ivan Rakitic,Barcelona,31.0,MF,1589.0,1.0,3.0,,10.0
Sergi Roberto,Barcelona,27.0,"DF,MF",2339.0,1.0,2.0,,40.0
NĂ©lson Semedo,Barcelona,25.0,DF,2097.0,1.0,2.0,,32.0
Luis SuĂˇrez,Barcelona,32.0,FW,1998.0,16.0,8.0,,28.0
Marc-AndrĂ© ter Stegen,Barcelona,27.0,GK,3240.0,0.0,2.0,,72.0
Jean-Clair Todibo,Barcelona,19.0,DF,77.0,0.0,0.0,,9.0
Samuel Umtiti,Barcelona,25.0,DF,949.0,0.0,0.0,,32.0
Arturo Vidal,Barcelona,32.0,MF,1671.0,8.0,2.0,,11.0
Moussa WaguĂ©,Barcelona,20.0,DF,90.0,0.0,0.0,,6.0
David Alaba,Bayern Munich,27.0,DF,2498.0,1.0,1.0,,52.0
Thiago AlcĂˇntara,Bayern Munich,28.0,MF,1771.0,3.0,0.0,,48.0
JĂ©rĂ´me Boateng,Bayern Munich,30.0,DF,1796.0,0.0,2.0,,12.0
Kingsley Coman,Bayern Munich,23.0,"FW,MF",1505.0,4.0,3.0,,40.0
Philippe Coutinho,Bayern Munich,27.0,"MF,FW",1411.0,8.0,6.0,,56.0
MickaĂ«l Cuisance,Bayern Munich,19.0,"MF,FW",307.0,1.0,0.0,,10.0
Leon Dajaku,Bayern Munich,18.0,DF,12.0,0.0,0.0,,2.0
Alphonso Davies,Bayern Munich,18.0,DF,2234.0,3.0,5.0,,45.0
Serge Gnabry,Bayern Munich,24.0,"FW,MF",2193.0,12.0,10.0,,72.0
Leon Goretzka,Bayern Munich,24.0,MF,1512.0,6.0,5.0,,40.0
Lucas HernĂˇndez,Bayern Munich,23.0,DF,920.0,0.0,1.0,,56.0
Joshua Kimmich,Bayern Munich,24.0,"MF,DF",2818.0,4.0,7.0,,64.0
Robert Lewandowski,Bayern Munich,30.0,FW,2759.0,34.0,4.0,,56.0
Javi MartĂ­nez,Bayern Munich,30.0,"DF,MF",675.0,0.0,0.0,,0.02
Thomas MĂĽller,Bayern Munich,29.0,"MF,FW",2255.0,8.0,21.0,,25.0
Manuel Neuer,Bayern Munich,33.0,GK,2970.0,0.0,0.0,,14.0
Ălvaro Odriozola,Bayern Munich,23.0,DF,152.0,0.0,0.0,,16.0
Kwasi Okyere Wriedt,Bayern Munich,25.0,FW,14.0,0.0,0.0,,0.08
Benjamin Pavard,Bayern Munich,23.0,DF,2790.0,4.0,4.0,,28.0
Ivan PeriĹˇiÄ‡,Bayern Munich,30.0,"FW,MF",1206.0,4.0,3.0,,15.0
Chris Richards,Bayern Munich,19.0,DF,7.0,0.0,0.0,,1.0
Renato Sanches,Bayern Munich,21.0,MF,6.0,0.0,0.0,,16.0
Sarpreet Singh,Bayern Munich,20.0,"FW,MF",72.0,0.0,0.0,,0.09
Niklas SĂĽle,Bayern Munich,23.0,DF,641.0,0.0,1.0,,48.0
Corentin Tolisso,Bayern Munich,24.0,MF,638.0,1.0,2.0,,25.0
Sven Ulreich,Bayern Munich,30.0,GK,90.0,0.0,0.0,,3.0
Joshua Zirkzee,Bayern Munich,18.0,FW,297.0,4.0,0.0,,6.0
Carles AleĂ±Ăˇ,Betis,21.0,"MF,FW",735.0,1.0,0.0,,18.0
Antonio BarragĂˇn,Betis,32.0,DF,641.0,0.0,1.0,,1.0
Marc Bartra,Betis,28.0,"DF,MF",2524.0,3.0,1.0,,17.0
Sergio Canales,Betis,28.0,"MF,FW",3163.0,6.0,6.0,,20.0
William Carvalho,Betis,27.0,MF,892.0,0.0,0.0,,16.0
Emerson,Betis,20.0,DF,2839.0,3.0,6.0,,25.0
Zouhair Feddal,Betis,30.0,DF,1431.0,1.0,2.0,,4.0
Nabil Fekir,Betis,26.0,"MF,FW",2638.0,7.0,4.0,,32.0
Javi GarcĂ­a,Betis,32.0,MF,377.0,0.0,0.0,,1.0
Ă‰dgar GonzĂˇlez,Betis,22.0,MF,681.0,0.0,0.0,,1.0
AndrĂ©s Guardado,Betis,32.0,MF,2046.0,0.0,3.0,,3.0
Ismael GutiĂ©rrez,Betis,18.0,MF,83.0,0.0,0.0,,0.09
Borja Iglesias,Betis,26.0,FW,1922.0,3.0,2.0,,14.0
JoaquĂ­n,Betis,38.0,"MF,FW",2060.0,8.0,3.0,,1.5
Juanmi,Betis,26.0,"FW,MF",264.0,1.0,0.0,,3.0
Wilfrid Kaptoum,Betis,23.0,MF,194.0,0.0,0.0,,2.0
Diego Lainez,Betis,19.0,"MF,FW",348.0,0.0,0.0,,9.0
AĂŻssa Mandi,Betis,27.0,DF,2576.0,0.0,0.0,,16.0
Daniel MartĂ­n,Betis,21.0,GK,531.0,0.0,0.0,,3.5
Ălex Moreno,Betis,26.0,DF,2265.0,0.0,4.0,,5.0
Loren MorĂłn,Betis,25.0,FW,2031.0,10.0,3.0,,16.0
Alfonso Pedraza,Betis,23.0,DF,1349.0,1.0,0.0,,9.0
Joel Robles,Betis,29.0,GK,2887.0,0.0,0.0,,6.0
Guido RodrĂ­guez,Betis,25.0,MF,936.0,1.0,0.0,,8.0
Sidnei,Betis,29.0,DF,1175.0,1.0,0.0,,5.0
Cristian Tello,Betis,27.0,"MF,FW",787.0,2.0,0.0,,4.0
Mattia Bani,Bologna,25.0,DF,2207.0,4.0,0.0,,2.0
Musa Barrow,Bologna,20.0,FW,1354.0,9.0,2.0,,11.0
Federico Bonini,Bologna,17.0,DF,7.0,0.0,0.0,,0.025
Gianmarco Cangiano,Bologna,17.0,"FW,MF",21.0,0.0,0.0,,0.05
Gabriele Corbo,Bologna,19.0,DF,122.0,0.0,0.0,,0.0725
Stefano Denswil,Bologna,26.0,DF,2240.0,0.0,1.0,,4.0
Mattia Destro,Bologna,28.0,FW,185.0,0.0,0.0,,2.0
Mitchell Dijks,Bologna,26.0,DF,1006.0,0.0,0.0,,4.0
NicolĂˇs DomĂ­nguez,Bologna,21.0,MF,699.0,0.0,1.0,,15.0
Blerim DĹľemaili,Bologna,33.0,MF,698.0,1.0,1.0,,0.0007
Andri Fannar Baldursson,Bologna,17.0,MF,143.0,0.0,0.0,,0.8
Musa Juwara,Bologna,17.0,"FW,MF",153.0,1.0,0.0,,0.08
Ladislav KrejÄŤĂ­,Bologna,27.0,DF,1051.0,1.0,0.0,,1.8
Danilo Larangeira,Bologna,35.0,DF,2638.0,2.0,0.0,,0.0006
Ibrahima Mbaye,Bologna,24.0,DF,1507.0,0.0,3.0,,2.0
Gary Medel,Bologna,31.0,MF,1784.0,0.0,0.0,,2.0
Kingsley Michael,Bologna,19.0,MF,76.0,0.0,0.0,,0.09
Riccardo Orsolini,Bologna,22.0,"FW,MF",2681.0,8.0,6.0,,20.0
Rodrigo Palacio,Bologna,37.0,FW,2517.0,7.0,3.0,,0.04
NehuĂ©n Paz,Bologna,26.0,DF,119.0,0.0,1.0,,0.0325
Andrea Poli,Bologna,29.0,MF,1919.0,2.0,0.0,,2.0
Dion Ruffo Luci,Bologna,18.0,MF,1.0,0.0,0.0,,0.01
Nicola Sansone,Bologna,27.0,"FW,MF",2269.0,4.0,3.0,,6.0
Federico Santander,Bologna,28.0,FW,770.0,1.0,0.0,,4.0
Jerdy Schouten,Bologna,22.0,MF,1082.0,0.0,0.0,,3.0
Ĺukasz Skorupski,Bologna,28.0,GK,3330.0,0.0,0.0,,5.0
Andreas Skov Olsen,Bologna,19.0,"FW,MF",760.0,1.0,0.0,,6.0
Roberto Soriano,Bologna,28.0,MF,2469.0,5.0,5.0,,6.0
Mattias Svanberg,Bologna,20.0,MF,1051.0,1.0,2.0,,5.0
Takehiro Tomiyasu,Bologna,20.0,DF,2528.0,1.0,3.0,,13.0
Yacine Adli,Bordeaux,19.0,"MF,FW",1020.0,3.0,3.0,,6.0
Youssef AĂŻt Bennasser,Bordeaux,23.0,MF,536.0,0.0,1.0,,4.0
Toma BaĹˇiÄ‡,Bordeaux,22.0,MF,991.0,1.0,3.0,,7.0
Raoul Bellanova,Bordeaux,19.0,DF,62.0,0.0,0.0,,0.09
Loris Benito,Bordeaux,27.0,DF,1896.0,1.0,0.0,,3.0
Yassine Benrahou,Bordeaux,20.0,"FW,MF",168.0,0.0,2.0,,2.0
Jimmy Briand,Bordeaux,33.0,FW,1525.0,7.0,1.0,,1.0
BenoĂ®t Costil,Bordeaux,32.0,GK,2520.0,0.0,0.0,,4.0
VukaĹˇin JovanoviÄ‡,Bordeaux,23.0,DF,573.0,0.0,1.0,,2.0
Samuel Kalu,Bordeaux,21.0,"FW,DF",1357.0,1.0,1.0,,6.0
FranĂ§ois Kamano,Bordeaux,23.0,"DF,MF",648.0,1.0,0.0,,8.0
Laurent Koscielny,Bordeaux,33.0,DF,2183.0,0.0,0.0,,4.0
Enock Kwateng,Bordeaux,22.0,DF,983.0,0.0,1.0,,3.0
Albert Lottin,Bordeaux,17.0,MF,45.0,0.0,0.0,,0.045
Josh Maja,Bordeaux,20.0,FW,735.0,6.0,2.0,,6.5
Mexer,Bordeaux,30.0,DF,1488.0,0.0,2.0,,2.0
OtĂˇvio,Bordeaux,25.0,MF,2211.0,2.0,3.0,,7.0
Remi Oudin,Bordeaux,22.0,FW,562.0,1.0,1.0,,7.0
Pablo,Bordeaux,28.0,DF,2173.0,4.0,0.0,,8.0
RubĂ©n Pardo,Bordeaux,26.0,MF,188.0,1.0,0.0,,2.0
Maxime PoundjĂ©,Bordeaux,26.0,DF,4.0,0.0,0.0,,2.0
Nicolas de PrĂ©ville,Bordeaux,28.0,"MF,FW",1995.0,6.0,4.0,,5.0
Youssouf Sabaly,Bordeaux,26.0,DF,913.0,0.0,1.0,,8.0
AurĂ©lien TchouamĂ©ni,Bordeaux,19.0,MF,1110.0,0.0,1.0,,15.0
Hwang Ui-jo,Bordeaux,26.0,"FW,MF",1633.0,6.0,2.0,,2.5
Nathan AkĂ©,Bournemouth,24.0,DF,2503.0,2.0,2.0,,28.0
Philip Billing,Bournemouth,23.0,MF,2530.0,1.0,1.0,,14.0
David Brooks,Bournemouth,22.0,MF,506.0,1.0,0.0,,24.0
Lewis Cook,Bournemouth,22.0,MF,1352.0,0.0,0.0,,16.0
Steve Cook,Bournemouth,28.0,DF,2428.0,1.0,0.0,,9.0
Charlie Daniels,Bournemouth,32.0,DF,126.0,0.0,0.0,,1.0
Simon Francis,Bournemouth,34.0,DF,969.0,0.0,0.0,,0.08
Ryan Fraser,Bournemouth,25.0,"MF,FW",2067.0,1.0,4.0,,17.0
Dan Gosling,Bournemouth,29.0,MF,1264.0,3.0,1.0,,2.0
Arnaut Groeneveld,Bournemouth,22.0,MF,630.0,0.0,0.0,,10.0
Jordon Ibe,Bournemouth,23.0,DF,50.0,0.0,0.0,,4.0
Lloyd Kelly,Bournemouth,20.0,DF,639.0,0.0,0.0,,8.0
Joshua King,Bournemouth,27.0,"FW,MF",2011.0,6.0,4.0,,16.0
Jefferson Lerma,Bournemouth,24.0,MF,2703.0,1.0,2.0,,20.0
Chris Mepham,Bournemouth,21.0,DF,912.0,1.0,0.0,,8.0
Aaron Ramsdale,Bournemouth,21.0,GK,3330.0,0.0,1.0,,12.0
Diego Rico,Bournemouth,26.0,DF,2332.0,0.0,4.0,,8.0
Jack Simpson,Bournemouth,22.0,DF,241.0,0.0,0.0,,1.0
Adam Smith,Bournemouth,28.0,DF,2055.0,0.0,1.0,,7.0
Dominic Solanke,Bournemouth,21.0,"FW,MF",1651.0,3.0,1.0,,12.0
Jack Stacey,Bournemouth,23.0,DF,1549.0,0.0,2.0,,3.0
Junior Stanislas,Bournemouth,29.0,"MF,DF",712.0,3.0,0.0,,2.0
Andrew Surman,Bournemouth,32.0,MF,235.0,0.0,0.0,,1.0
Sam Surridge,Bournemouth,21.0,FW,27.0,0.0,0.0,,0.045
Mark Travers,Bournemouth,20.0,GK,90.0,0.0,0.0,,0.025
Callum Wilson,Bournemouth,27.0,FW,2908.0,8.0,1.0,,24.0
Harry Wilson,Bournemouth,22.0,"MF,FW",1646.0,7.0,0.0,,17.0
Enrico Alfonso,Brescia,31.0,GK,279.0,0.0,0.0,,0.0475
Lorenzo Andrenacci,Brescia,24.0,GK,531.0,0.0,0.0,,0.01
Florian AyĂ©,Brescia,22.0,"FW,MF",1380.0,0.0,0.0,,1.0
Mario Balotelli,Brescia,28.0,FW,1404.0,5.0,0.0,,5.0
Dimitri Bisoli,Brescia,25.0,MF,2152.0,1.0,1.0,,2.0
Birkir Bjarnason,Brescia,31.0,"MF,FW",798.0,0.0,1.0,,0.08
Jhon Chancellor,Brescia,27.0,DF,2244.0,3.0,0.0,,1.0
Andrea Cistana,Brescia,22.0,DF,1838.0,1.0,0.0,,6.0
Felipe Curcio,Brescia,26.0,DF,5.0,0.0,0.0,,0.03
Daniele Dessena,Brescia,32.0,MF,1869.0,2.0,0.0,,0.04
Alfredo Donnarumma,Brescia,28.0,FW,1684.0,7.0,2.0,,4.0
Daniele Gastaldello,Brescia,36.0,DF,389.0,0.0,0.0,,0.03
Andrea Ghezzi,Brescia,0.0,"DF,MF",37.0,0.0,0.0,,0.015
Jesse Joronen,Brescia,26.0,GK,2610.0,0.0,0.0,,4.0
Giangiacomo Magnani,Brescia,23.0,"DF,MF",115.0,0.0,0.0,,3.0
Massimiliano Mangraviti,Brescia,21.0,DF,972.0,0.0,0.0,,0.02
Bruno Martella,Brescia,26.0,"DF,MF",1270.0,0.0,0.0,,1.0
Ales Mateju,Brescia,23.0,DF,2548.0,0.0,1.0,,1.5
Alessandro Matri,Brescia,34.0,"FW,MF",89.0,0.0,0.0,,0.0003
Leonardo Morosini,Brescia,23.0,"FW,MF",26.0,0.0,0.0,,0.08
Emanuele Ndoj,Brescia,22.0,MF,555.0,0.0,0.0,,2.0
Andrea Papetti,Brescia,17.0,DF,917.0,1.0,0.0,,0.05
RĂ´mulo,Brescia,32.0,MF,1723.0,1.0,3.0,,1.0
Stefano Sabelli,Brescia,26.0,DF,3168.0,0.0,3.0,,1.0
Alessandro Semprini,Brescia,21.0,DF,629.0,1.0,0.0,,0.02
Simon Skrabb,Brescia,24.0,"MF,FW",257.0,0.0,0.0,,2.0
Nikolas Ĺ palek,Brescia,22.0,"MF,FW",1579.0,2.0,1.0,,2.0
Sandro Tonali,Brescia,19.0,MF,3014.0,1.0,7.0,,31.0
Ernesto Torregrossa,Brescia,27.0,FW,1844.0,7.0,3.0,,2.0
Luca Tremolada,Brescia,27.0,MF,15.0,0.0,0.0,,0.0725
Mattia Viviani,Brescia,18.0,MF,344.0,0.0,0.0,,0.035
JaromĂ­r Zmrhal,Brescia,25.0,MF,1125.0,2.0,0.0,,2.5
Mathias Autret,Brest,28.0,"MF,FW",1222.0,2.0,3.0,,2.0
Ludovic Baal,Brest,33.0,DF,827.0,0.0,0.0,,0.0325
DĂ©nys Bain,Brest,26.0,DF,1268.0,1.0,0.0,,2.0
Cristian Battocchio,Brest,27.0,MF,1392.0,3.0,1.0,,1.0
GaĂ«tan Belaud,Brest,32.0,DF,580.0,0.0,0.0,,0.04
Haris Belkebla,Brest,25.0,MF,1816.0,0.0,0.0,,1.0
Irvin Cardona,Brest,21.0,"FW,MF",1450.0,6.0,3.0,,4.0
Jean-Charles Castelletto,Brest,24.0,DF,1838.0,1.0,0.0,,2.0
GaĂ«tan Charbonnier,Brest,30.0,"FW,MF",2065.0,4.0,5.0,,2.0
Brendan Chardonnet,Brest,24.0,DF,823.0,0.0,0.0,,0.065
Yoann Court,Brest,29.0,"FW,MF",1465.0,3.0,7.0,,1.0
Ibrahima Diallo,Brest,20.0,MF,1561.0,0.0,1.0,,9.0
Jean-Kevin Duverne,Brest,22.0,DF,1178.0,0.0,0.0,,1.0
Julien Faussurier,Brest,32.0,DF,1980.0,2.0,3.0,,0.08
Samuel Grandsir,Brest,22.0,"FW,MF",1492.0,3.0,1.0,,2.0
Gautier Larsonneur,Brest,22.0,GK,2397.0,0.0,0.0,,5.0
Paul Lasne,Brest,30.0,"MF,FW",1224.0,2.0,1.0,,1.0
Donovan LĂ©on,Brest,26.0,GK,123.0,0.0,0.0,,0.0325
Hugo Magnetti,Brest,21.0,MF,236.0,0.0,0.0,,0.0525
Alexandre Mendy,Brest,25.0,"FW,MF",899.0,3.0,1.0,,1.0
Ferris N'Goma,Brest,26.0,"FW,MF",25.0,1.0,0.0,,0.055
Romain Perraud,Brest,21.0,DF,1670.0,0.0,1.0,,2.0
Steven Alzate,Brighton,20.0,"MF,DF",1188.0,0.0,0.0,,2.0
Florin Andone,Brighton,26.0,"MF,FW",73.0,1.0,0.0,,3.0
Bernardo,Brighton,24.0,DF,679.0,0.0,0.0,,4.8
Yves Bissouma,Brighton,22.0,MF,1259.0,1.0,0.0,,9.0
GaĂ«tan Bong,Brighton,31.0,"MF,DF",59.0,0.0,0.0,,0.08
Dan Burn,Brighton,27.0,DF,2880.0,0.0,0.0,,5.0
Aaron Connolly,Brighton,19.0,FW,1258.0,3.0,1.0,,4.0
Shane Duffy,Brighton,27.0,DF,1238.0,1.0,0.0,,9.0
Lewis Dunk,Brighton,27.0,DF,3230.0,3.0,3.0,,16.0
Pascal GroĂź,Brighton,28.0,"FW,MF",1796.0,2.0,4.0,,9.0
Alireza Jahanbakhsh,Brighton,25.0,"FW,MF",311.0,2.0,0.0,,6.0
Tariq Lamptey,Brighton,18.0,DF,588.0,0.0,1.0,,3.0
JĂĽrgen Locadia,Brighton,25.0,"MF,FW",86.0,0.0,0.0,,8.0
Alexis Mac Allister,Brighton,20.0,"MF,FW",352.0,0.0,0.0,,11.0
Solly March,Brighton,25.0,"DF,FW",1143.0,0.0,1.0,,6.0
Neal Maupay,Brighton,22.0,FW,2766.0,10.0,3.0,,17.0
MartĂ­n Montoya,Brighton,28.0,DF,1896.0,0.0,1.0,,6.0
Aaron Mooy,Brighton,28.0,"MF,FW",2085.0,2.0,2.0,,9.0
Glenn Murray,Brighton,35.0,FW,797.0,1.0,1.0,,1.0
Davy PrĂ¶pper,Brighton,27.0,MF,2829.0,1.0,2.0,,13.0
Mathew Ryan,Brighton,27.0,GK,3420.0,0.0,0.0,,8.0
Ezequiel Schelotto,Brighton,30.0,DF,361.0,0.0,0.0,,1.0
Dale Stephens,Brighton,30.0,MF,2530.0,0.0,1.0,,4.0
Leandro Trossard,Brighton,24.0,"FW,MF",2011.0,5.0,3.0,,13.0
Adam Webster,Brighton,24.0,DF,2668.0,3.0,1.0,,12.0
Phil Bardsley,Burnley,34.0,DF,1890.0,0.0,1.0,,0.08
Ashley Barnes,Burnley,29.0,FW,1352.0,6.0,0.0,,8.0
JĂłhann Berg GuĂ°mundsson,Burnley,28.0,MF,621.0,1.0,1.0,,6.5
Robbie Brady,Burnley,27.0,MF,454.0,1.0,2.0,,4.0
Josh Brownhill,Burnley,23.0,MF,805.0,0.0,0.0,,5.0
Jack Cork,Burnley,30.0,MF,2613.0,0.0,0.0,,8.0
Danny Drinkwater,Burnley,29.0,MF,58.0,0.0,0.0,,4.0
Jeff Hendrick,Burnley,27.0,MF,1931.0,2.0,2.0,,9.0
Aaron Lennon,Burnley,32.0,MF,496.0,0.0,0.0,,2.0
Kevin Long,Burnley,28.0,DF,564.0,0.0,0.0,,1.0
Matthew Lowton,Burnley,30.0,DF,1530.0,0.0,1.0,,4.0
Dwight McNeil,Burnley,19.0,MF,3338.0,2.0,6.0,,18.0
Ben Mee,Burnley,29.0,DF,2880.0,1.0,1.0,,8.0
Erik Pieters,Burnley,30.0,"DF,MF",1878.0,0.0,4.0,,4.0
Nick Pope,Burnley,27.0,GK,3420.0,0.0,0.0,,12.0
Jay Rodriguez,Burnley,30.0,FW,2016.0,8.0,1.0,,6.0
James Tarkowski,Burnley,26.0,DF,3420.0,2.0,2.0,,20.0
Charlie Taylor,Burnley,25.0,DF,1945.0,0.0,1.0,,4.0
MatÄ›j Vydra,Burnley,27.0,FW,819.0,2.0,1.0,,4.0
Ashley Westwood,Burnley,29.0,MF,3150.0,2.0,6.0,,5.0
Chris Wood,Burnley,27.0,FW,2437.0,14.0,1.0,,14.0
Valter Birsa,Cagliari,32.0,MF,430.0,0.0,0.0,,1.0
Fabrizio Cacciatore,Cagliari,32.0,DF,1153.0,0.0,0.0,,0.08
Andrea Carboni,Cagliari,18.0,"DF,MF",368.0,0.0,0.0,,0.03
Lucas Castro,Cagliari,30.0,MF,606.0,2.0,0.0,,3.0
Luca Ceppitelli,Cagliari,29.0,DF,1246.0,2.0,0.0,,2.0
Alberto Cerri,Cagliari,23.0,FW,244.0,1.0,0.0,,3.0
Luca Cigarini,Cagliari,33.0,MF,1598.0,0.0,4.0,,0.08
Alessio Cragno,Cagliari,25.0,GK,1440.0,0.0,0.0,,16.0
Alessandro Deiola,Cagliari,23.0,MF,1.0,0.0,0.0,,0.095
Paolo FaragĂ˛,Cagliari,26.0,DF,1343.0,1.0,1.0,,4.0
Luca Gagliano,Cagliari,19.0,FW,52.0,1.0,1.0,,0.02
Artur IoniČ›Ä,Cagliari,28.0,MF,1897.0,0.0,2.0,,2.5
Ragnar Klavan,Cagliari,33.0,DF,2354.0,0.0,0.0,,1.0
Riccardo Ladinetti,Cagliari,18.0,MF,127.0,0.0,0.0,,0.035
Charalambos Lykogiannis,Cagliari,25.0,DF,1338.0,0.0,1.0,,1.4
Federico Marigosu,Cagliari,18.0,MF,24.0,0.0,0.0,,0.025
Federico Mattiello,Cagliari,24.0,DF,930.0,0.0,1.0,,1.0
Radja Nainggolan,Cagliari,31.0,"MF,FW",2071.0,6.0,7.0,,16.0
Nahitan NĂˇndez,Cagliari,23.0,"MF,DF",2898.0,2.0,3.0,,21.0
Christian Oliva,Cagliari,23.0,MF,469.0,1.0,1.0,,4.0
Robin Olsen,Cagliari,29.0,GK,1524.0,0.0,0.0,,6.0
Alberto Paloschi,Cagliari,29.0,"FW,MF",204.0,0.0,0.0,,1.0
Leonardo Pavoletti,Cagliari,30.0,FW,45.0,0.0,0.0,,4.0
JoĂŁo Pedro,Cagliari,27.0,"FW,MF",3151.0,18.0,4.0,,14.0
Luca Pellegrini,Cagliari,20.0,DF,1908.0,0.0,5.0,,13.0
GastĂłn Pereiro,Cagliari,24.0,"MF,FW",348.0,1.0,0.0,,8.0
Simone Pinna,Cagliari,21.0,DF,90.0,0.0,0.0,,0.02
Fabio Pisacane,Cagliari,33.0,DF,2442.0,1.0,0.0,,1.0
Rafael,Cagliari,37.0,GK,454.0,0.0,0.0,,0.0002
Daniele Ragatzu,Cagliari,27.0,"MF,FW",313.0,1.0,0.0,,0.0325
Marko Rog,Cagliari,24.0,MF,2317.0,1.0,1.0,,13.0
Giovanni Simeone,Cagliari,24.0,FW,2924.0,12.0,3.0,,13.0
Sebastian Walukiewicz,Cagliari,19.0,DF,1165.0,0.0,0.0,,3.0
Joseph Aidoo,Celta Vigo,23.0,DF,2502.0,0.0,1.0,,6.0
Sergio Ălvarez,Celta Vigo,32.0,GK,180.0,0.0,0.0,,1.0
NĂ©stor Araujo,Celta Vigo,27.0,DF,2888.0,1.0,2.0,,7.0
Iago Aspas,Celta Vigo,31.0,FW,3262.0,14.0,3.0,,16.0
Fran BeltrĂˇn,Celta Vigo,20.0,MF,1830.0,1.0,0.0,,13.0
Sergio Bermejo,Celta Vigo,21.0,FW,5.0,0.0,0.0,,0.02
RubĂ©n Blanco,Celta Vigo,24.0,GK,2960.0,0.0,0.0,,8.0
Filip BradariÄ‡,Celta Vigo,27.0,MF,706.0,0.0,0.0,,3.2
Pape Cheikh Diop,Celta Vigo,21.0,MF,599.0,0.0,1.0,,4.0
David Costas,Celta Vigo,24.0,DF,338.0,0.0,0.0,,1.0
Gabriel FernĂˇndez,Celta Vigo,25.0,"FW,MF",561.0,1.0,1.0,,2.0
Juan HernĂˇndez,Celta Vigo,24.0,"FW,MF",87.0,0.0,0.0,,0.065
David JuncĂ ,Celta Vigo,25.0,DF,258.0,0.0,0.0,,1.0
Stanislav Lobotka,Celta Vigo,24.0,MF,1383.0,0.0,0.0,,16.0
Iker Losada,Celta Vigo,17.0,"MF,FW",13.0,1.0,0.0,,0.03
Hugo Mallo,Celta Vigo,28.0,DF,1965.0,0.0,1.0,,7.0
Brais MĂ©ndez,Celta Vigo,22.0,"MF,FW",1477.0,0.0,2.0,,12.0
Santi Mina,Celta Vigo,23.0,"FW,MF",1944.0,6.0,3.0,,14.0
Jeison Murillo,Celta Vigo,27.0,DF,1529.0,1.0,0.0,,6.0
Nolito,Celta Vigo,32.0,"FW,MF",324.0,2.0,1.0,,1.5
Lucas Olaza,Celta Vigo,25.0,DF,3144.0,1.0,3.0,,3.0
Rafinha,Celta Vigo,26.0,MF,2111.0,4.0,1.0,,9.5
Jorge SĂˇenz,Celta Vigo,22.0,"DF,FW",371.0,0.0,0.0,,1.0
Pione Sisto,Celta Vigo,24.0,"FW,MF",891.0,2.0,0.0,,4.0
Fyodor Smolov,Celta Vigo,29.0,FW,743.0,2.0,0.0,,6.0
Denis SuĂˇrez,Celta Vigo,25.0,"MF,FW",1630.0,1.0,5.0,,9.0
Kevin VĂˇzquez,Celta Vigo,26.0,DF,1325.0,0.0,0.0,,0.08
IvĂˇn Villar,Celta Vigo,22.0,GK,280.0,0.0,0.0,,0.03
Okay YokuĹźlu,Celta Vigo,25.0,MF,1973.0,0.0,2.0,,6.0
Tammy Abraham,Chelsea,21.0,FW,2215.0,15.0,3.0,,40.0
Marcos Alonso,Chelsea,28.0,DF,1430.0,4.0,2.0,,20.0
Faustino Anjorin,Chelsea,17.0,FW,20.0,0.0,0.0,,2.0
Kepa Arrizabalaga,Chelsea,24.0,GK,2970.0,0.0,0.0,,36.0
CĂ©sar Azpilicueta,Chelsea,29.0,DF,3229.0,2.0,6.0,,24.0
Ross Barkley,Chelsea,25.0,MF,1103.0,1.0,4.0,,21.0
Michy Batshuayi,Chelsea,25.0,FW,239.0,1.0,1.0,,17.0
Willy Caballero,Chelsea,37.0,GK,450.0,0.0,0.0,,0.06
Andreas Christensen,Chelsea,23.0,DF,1751.0,0.0,0.0,,24.0
Billy Gilmour,Chelsea,18.0,MF,194.0,0.0,0.0,,5.0
Olivier Giroud,Chelsea,32.0,FW,993.0,8.0,0.0,,7.0
Callum Hudson-Odoi,Chelsea,18.0,FW,863.0,1.0,5.0,,31.0
Reece James,Chelsea,19.0,DF,1515.0,0.0,2.0,,22.0
Jorginho,Chelsea,27.0,MF,2379.0,4.0,2.0,,50.0
N'Golo KantĂ©,Chelsea,28.0,MF,1732.0,3.0,0.0,,80.0
Mateo Kovacic,Chelsea,25.0,MF,2073.0,1.0,3.0,,45.0
Tariq Lamptey,Chelsea,18.0,DF,32.0,0.0,0.0,,3.0
Ruben Loftus-Cheek,Chelsea,23.0,"MF,FW",208.0,0.0,1.0,,24.0
Mason Mount,Chelsea,20.0,"MF,FW",2867.0,7.0,5.0,,40.0
Emerson Palmieri,Chelsea,24.0,DF,1024.0,0.0,0.0,,18.0
Pedro,Chelsea,32.0,FW,661.0,1.0,1.0,,7.5
Christian Pulisic,Chelsea,20.0,FW,1722.0,9.0,4.0,,54.0
Antonio RĂĽdiger,Chelsea,26.0,DF,1710.0,2.0,0.0,,40.0
Fikayo Tomori,Chelsea,21.0,DF,1291.0,1.0,0.0,,16.0
Willian,Chelsea,30.0,FW,2600.0,9.0,7.0,,19.0
Kurt Zouma,Chelsea,24.0,DF,2344.0,0.0,0.0,,28.0
Patrick van Aanholt,Crystal Palace,28.0,DF,2507.0,3.0,2.0,,9.0
Jordan Ayew,Crystal Palace,27.0,"FW,MF",3148.0,9.0,2.0,,6.0
Christian Benteke,Crystal Palace,28.0,FW,1261.0,2.0,1.0,,10.0
Gary Cahill,Crystal Palace,33.0,DF,2167.0,0.0,1.0,,4.0
VĂ­ctor Camarasa,Crystal Palace,25.0,MF,6.0,0.0,0.0,,4.0
Scott Dann,Crystal Palace,32.0,DF,1266.0,0.0,1.0,,2.0
Vicente Guaita,Crystal Palace,32.0,GK,3150.0,0.0,0.0,,4.0
Wayne Hennessey,Crystal Palace,32.0,GK,270.0,0.0,0.0,,2.0
Martin Kelly,Crystal Palace,29.0,DF,1549.0,0.0,1.0,,2.0
Cheikhou KouyatĂ©,Crystal Palace,29.0,"MF,DF",2528.0,1.0,1.0,,8.0
James McArthur,Crystal Palace,31.0,MF,3090.0,0.0,3.0,,4.0
James McCarthy,Crystal Palace,28.0,MF,1680.0,0.0,0.0,,2.0
Max Meyer,Crystal Palace,23.0,"MF,FW",655.0,0.0,0.0,,7.0
Luka MilivojeviÄ‡,Crystal Palace,28.0,MF,2513.0,3.0,1.0,,16.0
Tyrick Mitchell,Crystal Palace,19.0,DF,195.0,0.0,0.0,,5.0
Brandon Pierrick,Crystal Palace,17.0,"DF,FW",15.0,0.0,0.0,,0.00025
JaĂŻro Riedewald,Crystal Palace,22.0,"DF,MF",769.0,0.0,0.0,,4.5
Mamadou Sakho,Crystal Palace,29.0,DF,931.0,0.0,0.0,,9.0
Jeffrey Schlupp,Crystal Palace,26.0,"MF,DF",1036.0,3.0,1.0,,9.0
James Tomkins,Crystal Palace,30.0,DF,1582.0,1.0,1.0,,4.0
Cenk Tosun,Crystal Palace,28.0,FW,177.0,1.0,0.0,,12.0
Andros Townsend,Crystal Palace,28.0,MF,1294.0,1.0,1.0,,12.0
Joel Ward,Crystal Palace,29.0,DF,2382.0,0.0,0.0,,3.2
Connor Wickham,Crystal Palace,26.0,"FW,MF",96.0,1.0,1.0,,1.0
Wilfried Zaha,Crystal Palace,26.0,"MF,FW",3280.0,4.0,3.0,,44.0
Opoku Ampomah,DĂĽsseldorf,23.0,FW,500.0,0.0,0.0,,1.3
Kaan Ayhan,DĂĽsseldorf,24.0,DF,2731.0,2.0,3.0,,7.0
Lewis Baker,DĂĽsseldorf,24.0,MF,545.0,0.0,0.0,,2.0
Aymen Barkok,DĂĽsseldorf,21.0,"FW,MF",79.0,0.0,0.0,,1.0
Valon Berisha,DĂĽsseldorf,26.0,"MF,FW",941.0,0.0,1.0,,4.0
Adam Bodzek,DĂĽsseldorf,33.0,MF,2015.0,0.0,0.0,,0.0325
Robin Bormuth,DĂĽsseldorf,23.0,DF,181.0,0.0,0.0,,1.0
Oliver Fink,DĂĽsseldorf,37.0,"MF,FW",675.0,0.0,1.0,,0.025
Niko GieĂźelmann,DĂĽsseldorf,27.0,DF,2057.0,1.0,1.0,,2.0
Rouwen Hennings,DĂĽsseldorf,31.0,FW,2459.0,15.0,0.0,,2.0
AndrĂ© Hoffmann,DĂĽsseldorf,26.0,DF,2428.0,2.0,1.0,,2.5
Mathias JĂ¸rgensen,DĂĽsseldorf,29.0,DF,498.0,0.0,1.0,,2.0
Kenan Karaman,DĂĽsseldorf,25.0,FW,1354.0,6.0,1.0,,2.0
Florian Kastenmeier,DĂĽsseldorf,22.0,GK,1530.0,0.0,0.0,,0.065
Dawid Kownacki,DĂĽsseldorf,22.0,"FW,MF",1093.0,0.0,0.0,,4.0
Alfredo Morales,DĂĽsseldorf,29.0,MF,1730.0,1.0,2.0,,2.0
Kasim Nuhu,DĂĽsseldorf,24.0,DF,999.0,1.0,0.0,,2.5
Kelvin Ofori,DĂĽsseldorf,18.0,"MF,FW",37.0,0.0,0.0,,0.03
Thomas Pledl,DĂĽsseldorf,25.0,"DF,MF",91.0,0.0,0.0,,0.08
Steven Skrzybski,DĂĽsseldorf,26.0,"FW,MF",530.0,1.0,2.0,,1.0
Marcel Sobottka,DĂĽsseldorf,25.0,MF,701.0,0.0,1.0,,2.0
Zack Steffen,DĂĽsseldorf,24.0,GK,1530.0,0.0,0.0,,6.0
Kevin StĂ¶ger,DĂĽsseldorf,25.0,MF,1268.0,0.0,4.0,,4.0
Markus Suttner,DĂĽsseldorf,32.0,"DF,MF",1339.0,0.0,1.0,,0.08
Bernard Tekpetey,DĂĽsseldorf,21.0,"FW,MF",448.0,0.0,1.0,,1.0
Erik Thommy,DĂĽsseldorf,24.0,"DF,FW",2259.0,6.0,4.0,,4.0
Jean Zimmer,DĂĽsseldorf,25.0,"DF,MF",719.0,0.0,0.0,,1.0
Matthias Zimmermann,DĂĽsseldorf,27.0,"DF,MF",2923.0,1.0,2.0,,4.0
Nayef Aguerd,Dijon,23.0,DF,957.0,1.0,0.0,,2.0
RĂşnar Alex RĂşnarsson,Dijon,24.0,GK,901.0,0.0,0.0,,1.0
MickaĂ«l Alphonse,Dijon,30.0,DF,1378.0,0.0,1.0,,0.0725
Romain Amalfitano,Dijon,29.0,MF,1695.0,1.0,1.0,,1.0
Florent Balmont,Dijon,39.0,MF,401.0,0.0,0.0,,0.025
Yassine Benzia,Dijon,24.0,MF,173.0,0.0,0.0,,1.0
Jhonder CĂˇdiz,Dijon,24.0,"FW,MF",799.0,2.0,2.0,,2.0
Fouad Chafik,Dijon,32.0,DF,1528.0,0.0,2.0,,0.065
Mounir Chouiar,Dijon,20.0,"MF,FW",1506.0,4.0,0.0,,7.0
Senou Coulibaly,Dijon,24.0,DF,666.0,0.0,0.0,,0.08
Bruno Ecuele Manga,Dijon,31.0,DF,2520.0,0.0,0.0,,2.0
Alfred Gomis,Dijon,25.0,GK,1619.0,0.0,0.0,,2.0
Didier Ibrahim Ndong,Dijon,25.0,MF,2386.0,0.0,3.0,,3.5
Benjamin Jeannot,Dijon,27.0,MF,167.0,0.0,0.0,,1.0
Jules Keita,Dijon,21.0,"MF,FW",158.0,0.0,0.0,,1.0
Wesley Lautoa,Dijon,31.0,"MF,DF",1869.0,0.0,1.0,,1.0
Enzo Loiodice,Dijon,18.0,MF,192.0,0.0,0.0,,4.0
Jordan MariĂ©,Dijon,27.0,MF,201.0,0.0,0.0,,0.08
Stephy Mavididi,Dijon,21.0,"FW,MF",1391.0,5.0,1.0,,3.0
Hamza Mendyl,Dijon,21.0,DF,1441.0,1.0,0.0,,2.0
Muzinga Ngonda,Dijon,25.0,DF,540.0,0.0,0.0,,0.0004
Rayan Philippe,Dijon,18.0,"DF,FW",30.0,0.0,0.0,,0.0007
Mama Samba BaldĂ©,Dijon,23.0,"FW,MF",1676.0,6.0,2.0,,3.5
FrĂ©dĂ©ric Sammaritano,Dijon,33.0,"MF,FW",518.0,1.0,2.0,,0.0325
Matheus Pereira da Silva,Dijon,21.0,"MF,FW",465.0,0.0,0.0,,1.0
Bryan SoumarĂ©,Dijon,20.0,"MF,FW",384.0,0.0,0.0,,0.0725
JĂşlio Tavares,Dijon,30.0,FW,1997.0,5.0,2.0,,2.2
Manuel Akanji,Dortmund,24.0,DF,2309.0,0.0,1.0,,20.0
Paco AlcĂˇcer,Dortmund,25.0,FW,530.0,5.0,1.0,,28.0
Leonardo Balerdi,Dortmund,20.0,"DF,MF",133.0,0.0,0.0,,7.0
Julian Brandt,Dortmund,23.0,"MF,FW",2203.0,3.0,7.0,,40.0
Jacob Bruun Larsen,Dortmund,20.0,FW,68.0,0.0,1.0,,11.0
Roman BĂĽrki,Dortmund,28.0,GK,2770.0,0.0,0.0,,11.0
Emre Can,Dortmund,25.0,"MF,DF",955.0,2.0,0.0,,26.0
Mahmoud Dahoud,Dortmund,23.0,MF,558.0,0.0,1.0,,6.0
Thomas Delaney,Dortmund,27.0,MF,830.0,0.0,0.0,,17.0
Mario GĂ¶tze,Dortmund,27.0,FW,521.0,3.0,0.0,,10.0
RaphaĂ«l Guerreiro,Dortmund,25.0,DF,2335.0,8.0,2.0,,28.0
Achraf Hakimi,Dortmund,20.0,"DF,FW",2715.0,5.0,10.0,,54.0
Erling HĂĄland,Dortmund,19.0,FW,1063.0,13.0,2.0,,72.0
Thorgan Hazard,Dortmund,26.0,"FW,MF",2380.0,7.0,13.0,,32.0
Marwin Hitz,Dortmund,31.0,GK,290.0,0.0,0.0,,2.0
Mats Hummels,Dortmund,30.0,DF,2581.0,1.0,3.0,,24.0
Mateu Morey,Dortmund,19.0,"DF,FW",197.0,0.0,1.0,,3.0
Lukasz Piszczek,Dortmund,34.0,DF,2106.0,1.0,3.0,,2.0
Tobias Raschl,Dortmund,19.0,MF,26.0,0.0,0.0,,0.09
Marco Reus,Dortmund,30.0,"MF,FW",1495.0,11.0,5.0,,32.0
Gio Reyna,Dortmund,16.0,"MF,FW",355.0,0.0,1.0,,30.0
Jadon Sancho,Dortmund,19.0,"FW,MF",2287.0,17.0,16.0,,117.0
Marcel Schmelzer,Dortmund,31.0,DF,66.0,1.0,1.0,,1.0
Nico Schulz,Dortmund,26.0,DF,594.0,1.0,0.0,,16.0
Julian Weigl,Dortmund,23.0,"MF,DF",1019.0,1.0,0.0,,18.0
Axel Witsel,Dortmund,30.0,MF,2245.0,4.0,5.0,,21.0
Dan-Axel Zagadou,Dortmund,20.0,DF,983.0,1.0,1.0,,31.0
Sergio Ălvarez,Eibar,27.0,"MF,DF",1147.0,0.0,0.0,,1.0
JosĂ© Ăngel,Eibar,29.0,DF,2360.0,1.0,1.0,,3.0
Anaitz Arbilla,Eibar,32.0,DF,2007.0,1.0,0.0,,1.0
Miguel Atienza,Eibar,0.0,MF,30.0,0.0,0.0,,0.015
Pedro Bigas,Eibar,28.0,DF,1777.0,3.0,0.0,,1.0
Pablo de Blasis,Eibar,31.0,"DF,MF",1604.0,2.0,3.0,,1.0
Esteban Burgos,Eibar,27.0,DF,1119.0,1.0,0.0,,0.0725
Charles,Eibar,35.0,FW,1301.0,6.0,0.0,,0.0005
Rober Correa,Eibar,26.0,DF,929.0,0.0,0.0,,0.0006
SebastiĂˇn CristĂłforo,Eibar,25.0,MF,877.0,0.0,0.0,,1.0
Papakouli Diop,Eibar,33.0,MF,2253.0,1.0,0.0,,0.0008
Marko DmitroviÄ‡,Eibar,27.0,GK,3150.0,0.0,0.0,,10.0
Sergi Enrich,Eibar,29.0,FW,1865.0,1.0,4.0,,2.0
Gonzalo Escalante,Eibar,26.0,MF,1674.0,0.0,1.0,,3.0
Edu ExpĂłsito,Eibar,22.0,MF,2316.0,4.0,1.0,,3.0
Takashi Inui,Eibar,31.0,"MF,FW",1960.0,2.0,3.0,,2.0
Kike,Eibar,29.0,FW,1767.0,5.0,1.0,,2.4
Pedro LeĂłn,Eibar,32.0,"MF,FW",1896.0,1.0,2.0,,1.0
Miguel MarĂ­,Eibar,22.0,MF,6.0,0.0,0.0,,0.025
Paulo Oliveira,Eibar,27.0,DF,2090.0,1.0,0.0,,4.0
FabiĂˇn Orellana,Eibar,33.0,"MF,FW",2390.0,8.0,7.0,,1.0
Quique,Eibar,29.0,FW,490.0,0.0,1.0,,0.0008
IvĂˇn Ramis,Eibar,34.0,DF,457.0,1.0,0.0,,0.065
Rafa Soares,Eibar,24.0,"DF,MF",435.0,0.0,0.0,,2.0
Ălvaro Tejero,Eibar,23.0,DF,1447.0,0.0,0.0,,2.0
David Abraham,Eint Frankfurt,33.0,DF,1688.0,2.0,0.0,,1.0
Timothy Chandler,Eint Frankfurt,29.0,"DF,MF",1220.0,5.0,1.0,,2.0
Danny da Costa,Eint Frankfurt,26.0,"DF,MF",1389.0,1.0,4.0,,8.0
Bas Dost,Eint Frankfurt,30.0,FW,1475.0,8.0,2.0,,5.5
Erik Durm,Eint Frankfurt,27.0,DF,511.0,0.0,0.0,,1.5
Simon Falette,Eint Frankfurt,27.0,DF,90.0,0.0,0.0,,2.0
Gelson Fernandes,Eint Frankfurt,32.0,MF,775.0,0.0,0.0,,1.0
Mijat GaÄ‡inoviÄ‡,Eint Frankfurt,24.0,"MF,FW",1048.0,0.0,1.0,,6.0
Jonathan de GuzmĂˇn,Eint Frankfurt,31.0,"MF,FW",87.0,0.0,1.0,,1.0
Makoto Hasebe,Eint Frankfurt,35.0,"DF,MF",1968.0,0.0,0.0,,0.08
Martin Hinteregger,Eint Frankfurt,26.0,DF,2721.0,8.0,1.0,,14.0
Stefan Ilsanker,Eint Frankfurt,30.0,"DF,MF",838.0,2.0,1.0,,2.0
Dejan JoveljiÄ‡,Eint Frankfurt,19.0,FW,150.0,0.0,0.0,,3.6
Daichi Kamada,Eint Frankfurt,22.0,"MF,FW",1969.0,2.0,4.0,,8.0
Dominik Kohr,Eint Frankfurt,25.0,MF,1445.0,0.0,3.0,,6.0
Filip KostiÄ‡,Eint Frankfurt,26.0,"DF,MF",2958.0,4.0,11.0,,32.0
Obite N'Dicka,Eint Frankfurt,19.0,DF,1721.0,1.0,1.0,,22.5
GonĂ§alo PaciĂŞncia,Eint Frankfurt,24.0,FW,1283.0,7.0,3.0,,12.0
Sebastian Rode,Eint Frankfurt,28.0,MF,1936.0,3.0,3.0,,4.0
Frederik RĂ¸nnow,Eint Frankfurt,26.0,GK,810.0,0.0,0.0,,3.5
AndrĂ© Silva,Eint Frankfurt,23.0,FW,1575.0,12.0,3.0,,16.0
Djibril Sow,Eint Frankfurt,22.0,MF,1746.0,1.0,3.0,,9.0
Lucas TorrĂł,Eint Frankfurt,25.0,"MF,FW",331.0,0.0,0.0,,2.0
Almamy TourĂ©,Eint Frankfurt,23.0,DF,1491.0,1.0,3.0,,6.0
Kevin Trapp,Eint Frankfurt,29.0,GK,1980.0,0.0,0.0,,8.0
Felix Wiedwald,Eint Frankfurt,29.0,GK,270.0,0.0,0.0,,0.0475
Leandro Cabrera,Espanyol,28.0,DF,1530.0,0.0,1.0,,8.0
Fernando Calero,Espanyol,23.0,DF,1043.0,0.0,0.0,,4.0
Jonathan Calleri,Espanyol,25.0,FW,1811.0,1.0,3.0,,6.0
VĂ­ctor Campuzano,Espanyol,22.0,FW,870.0,0.0,0.0,,2.0
SĂ©bastien Corchia,Espanyol,28.0,DF,269.0,0.0,0.0,,1.0
Sergi Darder,Espanyol,25.0,"MF,FW",2658.0,2.0,1.0,,11.0
Adri Embarba,Espanyol,27.0,"MF,FW",1371.0,2.0,4.0,,7.0
Bernardo Espinosa,Espanyol,30.0,DF,2259.0,3.0,0.0,,4.0
Facundo Ferreyra,Espanyol,28.0,FW,574.0,1.0,0.0,,3.0
Esteban Granero,Espanyol,32.0,MF,473.0,1.0,0.0,,2.0
Ander Iturraspe,Espanyol,30.0,MF,242.0,0.0,0.0,,2.0
Wu Lei,Espanyol,27.0,"FW,MF",1719.0,4.0,0.0,,6.0
David LĂłpez,Espanyol,29.0,"DF,MF",2455.0,4.0,2.0,,6.0
Diego LĂłpez,Espanyol,37.0,GK,3232.0,0.0,0.0,,0.08
Javi LĂłpez,Espanyol,33.0,DF,1384.0,0.0,0.0,,0.08
Lluis LĂłpez,Espanyol,22.0,DF,300.0,0.0,0.0,,1.0
Pol Lozano,Espanyol,19.0,"MF,FW",173.0,0.0,0.0,,1.0
Ă“scar Melendo,Espanyol,21.0,"MF,FW",1115.0,0.0,0.0,,6.0
Naldo,Espanyol,30.0,DF,1332.0,0.0,1.0,,1.5
Oier OlazĂˇbal,Espanyol,29.0,GK,180.0,0.0,0.0,,1.0
Pedrosa,Espanyol,21.0,"DF,MF",1087.0,1.0,0.0,,5.0
Victor Perea,Espanyol,19.0,DF,1270.0,0.0,0.0,,2.3
Pablo Piatti,Espanyol,30.0,"DF,MF",56.0,0.0,0.0,,2.0
Pipa,Espanyol,21.0,DF,473.0,0.0,0.0,,0.0007
Nico Ribaudo,Espanyol,18.0,"FW,MF",182.0,0.0,0.0,,3.0
Marc Roca,Espanyol,22.0,MF,3008.0,2.0,1.0,,16.0
VĂ­ctor SĂˇnchez,Espanyol,31.0,"MF,DF",1688.0,0.0,1.0,,2.0
KĂ©vin Soni,Espanyol,21.0,FW,4.0,0.0,0.0,,0.02
RaĂşl de TomĂˇs,Espanyol,24.0,FW,1075.0,4.0,0.0,,16.0
MatĂ­as Vargas,Espanyol,22.0,"FW,MF",1024.0,0.0,3.0,,9.0
DĂ­dac VilĂ ,Espanyol,30.0,DF,2492.0,0.0,0.0,,3.0
Leighton Baines,Everton,34.0,DF,404.0,0.0,0.0,,1.0
Bernard,Everton,26.0,"MF,FW",1280.0,3.0,2.0,,15.0
Jarrad Branthwaite,Everton,17.0,DF,300.0,0.0,0.0,,2.0
Dominic Calvert-Lewin,Everton,22.0,FW,2626.0,13.0,1.0,,24.0
SĂ©amus Coleman,Everton,30.0,DF,1839.0,0.0,1.0,,9.5
Tom Davies,Everton,21.0,MF,2027.0,1.0,0.0,,16.0
Fabian Delph,Everton,29.0,MF,1190.0,0.0,0.0,,12.0
Lucas Digne,Everton,26.0,DF,3030.0,0.0,7.0,,28.0
Jean-Philippe Gbamin,Everton,23.0,MF,136.0,0.0,0.0,,22.0
AndrĂ© Gomes,Everton,26.0,MF,1458.0,0.0,1.0,,22.0
Anthony Gordon,Everton,18.0,"MF,FW",440.0,0.0,1.0,,1.0
Mason Holgate,Everton,22.0,DF,2054.0,0.0,3.0,,13.0
Alex Iwobi,Everton,23.0,"MF,FW",1596.0,1.0,0.0,,25.0
Moise Kean,Everton,19.0,FW,852.0,2.0,2.0,,25.0
Michael Keane,Everton,26.0,DF,2559.0,2.0,0.0,,20.0
Yerry Mina,Everton,24.0,DF,2284.0,2.0,1.0,,20.0
Oumar Niasse,Everton,29.0,FW,22.0,0.0,0.0,,3.0
Jordan Pickford,Everton,25.0,GK,3420.0,0.0,0.0,,28.0
Richarlison,Everton,22.0,FW,3070.0,13.0,3.0,,60.0
Morgan Schneiderlin,Everton,29.0,MF,1001.0,0.0,0.0,,9.0
Djibril SidibĂ©,Everton,27.0,DF,1824.0,0.0,4.0,,9.0
Gylfi SigurĂ°sson,Everton,29.0,MF,2560.0,2.0,3.0,,18.0
Cenk Tosun,Everton,28.0,FW,291.0,1.0,0.0,,12.0
Theo Walcott,Everton,30.0,"MF,FW",1287.0,2.0,3.0,,12.0
Kevin Agudelo,Fiorentina,20.0,"MF,FW",64.0,0.0,0.0,,2.0
Milan Badelj,Fiorentina,30.0,MF,1585.0,1.0,0.0,,2.0
Marco Benassi,Fiorentina,24.0,MF,980.0,1.0,1.0,,11.0
Kevin-Prince Boateng,Fiorentina,32.0,FW,599.0,1.0,0.0,,3.0
Federico Brancolini,Fiorentina,18.0,GK,6.0,0.0,0.0,,0.03
MartĂ­n CĂˇceres,Fiorentina,32.0,DF,2356.0,1.0,0.0,,1.0
Gaetano Castrovilli,Fiorentina,22.0,MF,2673.0,3.0,2.0,,20.0
Federico Ceccherini,Fiorentina,27.0,DF,835.0,0.0,0.0,,2.0
Federico Chiesa,Fiorentina,21.0,"FW,DF",2637.0,11.0,6.0,,48.0
SebastiĂˇn CristĂłforo,Fiorentina,25.0,MF,90.0,0.0,0.0,,1.0
Patrick Cutrone,Fiorentina,21.0,FW,838.0,4.0,1.0,,15.0
Bartłomiej Drągowski,Fiorentina,21.0,GK,2790.0,0.0,0.0,,15.0
Alfred Duncan,Fiorentina,26.0,MF,887.0,1.0,1.0,,13.0
Valentin Eysseric,Fiorentina,27.0,MF,42.0,0.0,0.0,,1.0
Rachid Ghezzal,Fiorentina,27.0,"MF,FW",828.0,1.0,0.0,,5.0
Dalbert Henrique,Fiorentina,25.0,DF,2484.0,0.0,5.0,,9.0
Igor,Fiorentina,21.0,DF,611.0,0.0,0.0,,5.0
Christian KouamĂ©,Fiorentina,21.0,FW,301.0,1.0,1.0,,17.0
Pol Lirola,Fiorentina,21.0,DF,2648.0,0.0,2.0,,9.0
Nikola MilenkoviÄ‡,Fiorentina,21.0,DF,3258.0,5.0,0.0,,24.0
Maximiliano Olivera,Fiorentina,27.0,DF,9.0,0.0,0.0,,0.08
Pedro,Fiorentina,22.0,FW,63.0,0.0,0.0,,12.0
GermĂˇn Pezzella,Fiorentina,28.0,DF,2830.0,3.0,1.0,,14.0
Erick Pulgar,Fiorentina,25.0,MF,2950.0,7.0,6.0,,12.0
Luca Ranieri,Fiorentina,20.0,DF,232.0,0.0,0.0,,1.0
Franck RibĂ©ry,Fiorentina,36.0,FW,1409.0,3.0,3.0,,3.0
Riccardo Sottil,Fiorentina,20.0,"FW,DF",514.0,0.0,0.0,,3.0
Pietro Terracciano,Fiorentina,29.0,GK,624.0,0.0,0.0,,0.04
Lorenzo Venuti,Fiorentina,24.0,DF,858.0,0.0,1.0,,1.0
DuĹˇan VlahoviÄ‡,Fiorentina,19.0,FW,1499.0,6.0,0.0,,16.0
Szymon Ĺ»urkowski,Fiorentina,21.0,MF,12.0,0.0,0.0,,2.6
Amir Abrashi,Freiburg,29.0,MF,663.0,0.0,0.0,,1.0
Brandon Borrello,Freiburg,24.0,"MF,FW",298.0,0.0,0.0,,0.095
Kwon Chang-hoon,Freiburg,25.0,"MF,FW",676.0,2.0,0.0,,2.8
Mark Flekken,Freiburg,26.0,GK,900.0,0.0,0.0,,0.095
Mike Frantz,Freiburg,32.0,"MF,DF",350.0,0.0,1.0,,0.065
JĂ©rĂ´me Gondorf,Freiburg,31.0,MF,120.0,0.0,0.0,,0.06
Vincenzo Grifo,Freiburg,26.0,"MF,FW",1618.0,4.0,8.0,,5.0
Manuel Gulde,Freiburg,28.0,DF,1371.0,1.0,0.0,,2.0
Christian GĂĽnter,Freiburg,26.0,DF,3029.0,2.0,8.0,,9.0
Janik Haberer,Freiburg,25.0,"MF,FW",1721.0,2.0,2.0,,8.0
Dominique Heintz,Freiburg,25.0,DF,2434.0,0.0,1.0,,8.0
Nicolas HĂ¶fler,Freiburg,29.0,MF,2783.0,1.0,0.0,,3.0
Lucas HĂ¶ler,Freiburg,25.0,"FW,MF",2485.0,8.0,2.0,,3.0
Yannik Keitel,Freiburg,19.0,MF,174.0,0.0,0.0,,0.045
Robin Koch,Freiburg,23.0,"DF,MF",2705.0,1.0,0.0,,14.0
Lukas KĂĽbler,Freiburg,26.0,DF,209.0,0.0,0.0,,2.0
Philipp Lienhart,Freiburg,23.0,DF,1817.0,0.0,1.0,,9.0
Nils Petersen,Freiburg,30.0,"FW,MF",2436.0,11.0,2.0,,6.0
Roland Sallai,Freiburg,22.0,"MF,FW",1162.0,2.0,0.0,,3.0
Nico Schlotterbeck,Freiburg,19.0,DF,373.0,0.0,0.0,,4.0
Jonathan Schmid,Freiburg,29.0,DF,2836.0,5.0,1.0,,4.0
Alexander Schwolow,Freiburg,27.0,GK,2091.0,0.0,0.0,,7.0
Lino Tempelmann,Freiburg,20.0,MF,33.0,0.0,0.0,,0.0525
Niclas Thiede,Freiburg,20.0,GK,69.0,0.0,0.0,,0.02
Luca Waldschmidt,Freiburg,23.0,"FW,MF",1268.0,7.0,1.0,,16.0
Kevin Agudelo,Genoa,20.0,"MF,FW",666.0,1.0,1.0,,2.0
Peter Ankersen,Genoa,28.0,DF,1063.0,0.0,1.0,,2.0
Antonio Barreca,Genoa,24.0,"DF,MF",1095.0,0.0,1.0,,3.0
Valon Behrami,Genoa,34.0,MF,1107.0,0.0,0.0,,0.0475
Davide Biraschi,Genoa,25.0,DF,1971.0,0.0,1.0,,3.0
Francesco Cassata,Genoa,22.0,MF,1458.0,2.0,0.0,,2.0
Denilho Cleonise,Genoa,17.0,FW,47.0,0.0,0.0,,1.0
Domenico Criscito,Genoa,32.0,DF,2053.0,8.0,0.0,,2.0
Mattia Destro,Genoa,28.0,"FW,MF",150.0,0.0,0.0,,2.0
Iago Falque,Genoa,29.0,MF,519.0,2.0,1.0,,6.0
Andrea Favilli,Genoa,22.0,FW,658.0,0.0,0.0,,4.0
Paolo Ghiglione,Genoa,22.0,DF,1717.0,0.0,5.0,,3.0
Edoardo Goldaniga,Genoa,25.0,DF,784.0,1.0,0.0,,1.0
Filip JagieĹ‚Ĺ‚o,Genoa,21.0,MF,553.0,0.0,2.0,,1.4
Christian KouamĂ©,Genoa,21.0,FW,915.0,5.0,2.0,,17.0
Lukas Lerager,Genoa,26.0,MF,1387.0,1.0,1.0,,4.0
Andrea Masiello,Genoa,33.0,DF,1324.0,0.0,1.0,,1.0
Marko PajaÄŤ,Genoa,26.0,DF,759.0,0.0,0.0,,1.1
Goran Pandev,Genoa,36.0,"FW,MF",1685.0,9.0,1.0,,0.0325
Mattia Perin,Genoa,26.0,GK,1890.0,0.0,0.0,,8.0
Andrea Pinamonti,Genoa,20.0,FW,2236.0,5.0,1.0,,13.0
Ivan RadovanoviÄ‡,Genoa,30.0,MF,1318.0,0.0,1.0,,1.9
IonuČ› Radu,Genoa,22.0,GK,1530.0,0.0,1.0,,9.0
Cristian Romero,Genoa,21.0,DF,2577.0,1.0,1.0,,13.0
NicolĂ˛ Rovella,Genoa,17.0,MF,105.0,0.0,0.0,,0.08
Antonio Sanabria,Genoa,23.0,FW,1387.0,6.0,2.0,,6.0
Riccardo Saponara,Genoa,27.0,"MF,FW",168.0,0.0,0.0,,2.0
Lasse SchĂ¶ne,Genoa,33.0,MF,2427.0,2.0,3.0,,2.0
Adama Soumaoro,Genoa,27.0,DF,637.0,1.0,0.0,,8.0
Stefano Sturaro,Genoa,26.0,MF,1252.0,1.0,2.0,,8.0
Jawad El Yamiq,Genoa,27.0,DF,197.0,0.0,0.0,,0.065
CristiĂˇn Zapata,Genoa,32.0,DF,1718.0,1.0,0.0,,1.0
Amath,Getafe,23.0,MF,66.0,0.0,0.0,,2.0
Vitorino Antunes,Getafe,32.0,MF,6.0,0.0,0.0,,1.0
Mauro Arambarri,Getafe,23.0,MF,3069.0,1.0,1.0,,20.0
Erick Cabaco,Getafe,24.0,DF,267.0,0.0,0.0,,4.0
Leandro Cabrera,Getafe,28.0,DF,1530.0,2.0,0.0,,8.0
Chema,Getafe,27.0,DF,309.0,0.0,0.0,,1.0
Marc Cucurella,Getafe,21.0,"MF,DF",3237.0,1.0,5.0,,18.0
Deyverson,Getafe,28.0,FW,204.0,0.0,1.0,,3.0
DjenĂ©,Getafe,27.0,DF,3060.0,0.0,0.0,,25.0
Hugo Duro,Getafe,19.0,"FW,MF",378.0,1.0,1.0,,1.8
Oghenekaro Etebo,Getafe,23.0,MF,572.0,1.0,0.0,,4.0
Xabier Etxeita,Getafe,31.0,DF,1446.0,0.0,0.0,,1.0
FayĂ§al Fajr,Getafe,30.0,MF,403.0,0.0,0.0,,3.0
Enric Gallego,Getafe,32.0,FW,164.0,0.0,0.0,,1.0
Bruno GonzĂˇlez,Getafe,29.0,DF,180.0,0.0,0.0,,1.0
Jason,Getafe,25.0,MF,1175.0,1.0,4.0,,3.0
Kenedy,Getafe,23.0,"MF,DF",586.0,1.0,3.0,,10.0
Nemanja MaksimoviÄ‡,Getafe,24.0,MF,2895.0,2.0,0.0,,20.0
Jaime Mata,Getafe,30.0,FW,2747.0,11.0,3.0,,8.0
Jorge Molina,Getafe,37.0,FW,1886.0,5.0,3.0,,1.0
Allan Nyom,Getafe,31.0,"DF,MF",2422.0,2.0,0.0,,3.0
MathĂ­as Olivera,Getafe,21.0,DF,1870.0,0.0,1.0,,8.0
Francisco Portillo,Getafe,29.0,MF,376.0,0.0,2.0,,2.0
Florent Poulolo,Getafe,22.0,"MF,DF",1.0,0.0,0.0,,0.015
Ăngel RodrĂ­guez,Getafe,32.0,FW,1407.0,10.0,3.0,,6.0
David Soria,Getafe,26.0,GK,3420.0,0.0,0.0,,14.0
DamiĂˇn SuĂˇrez,Getafe,31.0,DF,2592.0,1.0,4.0,,3.0
David Timor,Getafe,29.0,"MF,DF",943.0,3.0,0.0,,1.0
Ramon Azeez,Granada,26.0,MF,1361.0,2.0,0.0,,0.08
Gil BastiĂŁo Dias,Granada,22.0,"DF,MF",356.0,0.0,1.0,,3.2
Yan Brice Eteki,Granada,21.0,MF,1499.0,0.0,0.0,,1.5
Antonio CortĂ©s,Granada,19.0,"FW,MF",181.0,1.0,0.0,,1.3
VĂ­ctor DĂ­az,Granada,31.0,DF,2884.0,1.0,5.0,,1.0
Domingos Duarte,Granada,24.0,DF,3087.0,3.0,1.0,,4.0
AarĂłn Escandell,Granada,23.0,GK,270.0,0.0,0.0,,0.03
Carlos FernĂˇndez,Granada,23.0,"FW,MF",2201.0,10.0,3.0,,3.0
Dimitri Foulquier,Granada,26.0,DF,1119.0,1.0,0.0,,2.0
JosĂ© Antonio MartĂ­nez Gil,Granada,26.0,DF,1191.0,0.0,1.0,,1.2
Maxime Gonalons,Granada,30.0,MF,1506.0,0.0,0.0,,2.0
Yangel Herrera,Granada,21.0,MF,2368.0,2.0,3.0,,9.0
Darwin MachĂ­s,Granada,26.0,"FW,MF",2129.0,7.0,5.0,,3.0
Ălex MartĂ­nez,Granada,28.0,DF,15.0,0.0,0.0,,0.0725
Ăngel Montoro,Granada,31.0,MF,973.0,2.0,5.0,,1.0
Carlos Neva,Granada,23.0,DF,2205.0,0.0,1.0,,0.08
Antonio Puertas,Granada,27.0,"FW,MF",2563.0,7.0,3.0,,2.0
Quini,Granada,29.0,DF,718.0,0.0,0.0,,0.0004
AdriĂˇn Ramos,Granada,33.0,FW,226.0,0.0,0.0,,0.08
GermĂˇn SĂˇnchez,Granada,32.0,DF,2293.0,2.0,0.0,,0.065
Rui Silva,Granada,25.0,GK,3150.0,0.0,0.0,,10.0
Roberto Soldado,Granada,34.0,FW,2347.0,7.0,4.0,,0.08
Ălvaro Vadillo,Granada,24.0,"FW,MF",1218.0,3.0,1.0,,2.0
JesĂşs Vallejo,Granada,22.0,DF,629.0,0.0,0.0,,6.0
Fede Vico,Granada,25.0,"MF,FW",876.0,2.0,1.0,,1.0
Claud Adjapong,Hellas Verona,21.0,DF,231.0,0.0,0.0,,2.0
Emmanuel Agyemang-Badu,Hellas Verona,28.0,"MF,FW",230.0,0.0,0.0,,0.00085
Sofyan Amrabat,Hellas Verona,22.0,MF,2919.0,1.0,1.0,,14.0
Salvatore Bocchetti,Hellas Verona,32.0,DF,303.0,0.0,0.0,,0.08
Fabio Borini,Hellas Verona,28.0,"FW,MF",808.0,3.0,0.0,,4.0
Andrea Danzi,Hellas Verona,20.0,MF,1.0,0.0,0.0,,0.045
PaweĹ‚ Dawidowicz,Hellas Verona,24.0,DF,693.0,1.0,0.0,,1.6
Samuel Di Carmine,Hellas Verona,30.0,FW,1293.0,8.0,0.0,,1.0
Federico Dimarco,Hellas Verona,21.0,DF,521.0,0.0,3.0,,4.0
Alan Empereur,Hellas Verona,25.0,DF,855.0,0.0,0.0,,0.04
Valentin Eysseric,Hellas Verona,27.0,"MF,FW",353.0,0.0,0.0,,1.0
Davide Faraoni,Hellas Verona,27.0,DF,3228.0,5.0,3.0,,3.0
Lucas Felippe,Hellas Verona,19.0,"MF,DF",28.0,0.0,0.0,,0.0075
Koray GĂĽnter,Hellas Verona,24.0,DF,2733.0,0.0,0.0,,2.0
Liam Henderson,Hellas Verona,23.0,MF,196.0,0.0,0.0,,1.0
Marash Kumbulla,Hellas Verona,19.0,DF,1950.0,1.0,0.0,,22.0
Darko LazoviÄ‡,Hellas Verona,28.0,DF,3239.0,3.0,7.0,,4.0
Matteo Lovato,Hellas Verona,19.0,DF,9.0,0.0,0.0,,0.015
Giampaolo Pazzini,Hellas Verona,34.0,FW,307.0,4.0,0.0,,0.0325
Matteo Pessina,Hellas Verona,22.0,"MF,FW",2489.0,7.0,0.0,,6.0
Boris RadunoviÄ‡,Hellas Verona,23.0,GK,270.0,0.0,0.0,,0.0475
Amir Rrahmani,Hellas Verona,25.0,DF,3228.0,0.0,1.0,,9.0
Eddy Salcedo,Hellas Verona,17.0,"FW,MF",680.0,1.0,0.0,,10.0
Marco Silvestri,Hellas Verona,28.0,GK,3150.0,0.0,0.0,,4.0
Mariusz StÄ™piĹ„ski,Hellas Verona,24.0,FW,706.0,3.0,1.0,,3.0
Gennaro Tutino,Hellas Verona,22.0,FW,225.0,0.0,0.0,,2.0
Miguel Veloso,Hellas Verona,33.0,MF,2811.0,3.0,4.0,,0.08
Valerio Verre,Hellas Verona,25.0,"FW,MF",1774.0,3.0,2.0,,3.0
Luigi Vitale,Hellas Verona,31.0,DF,41.0,0.0,0.0,,0.0325
Mattia Zaccagni,Hellas Verona,24.0,"FW,MF",2114.0,2.0,5.0,,5.0
Santiago AscacĂ­bar,Hertha BSC,22.0,MF,634.0,0.0,1.0,,8.0
Dedryck Boyata,Hertha BSC,28.0,DF,2436.0,4.0,1.0,,8.0
Per Ciljan Skjelbred,Hertha BSC,32.0,MF,1628.0,0.0,0.0,,1.0
Matheus Cunha,Hertha BSC,20.0,"FW,MF",744.0,6.0,0.0,,13.0
VladimĂ­r Darida,Hertha BSC,28.0,MF,2256.0,3.0,4.0,,5.5
JavairĂ´ Dilrosun,Hertha BSC,21.0,"MF,FW",1309.0,4.0,2.0,,14.0
Ondrej Duda,Hertha BSC,24.0,"MF,FW",447.0,0.0,1.0,,10.0
Alexander Esswein,Hertha BSC,29.0,"FW,MF",213.0,0.0,0.0,,0.08
Marko GrujiÄ‡,Hertha BSC,23.0,MF,2415.0,4.0,1.0,,14.5
Vedad IbiĹˇeviÄ‡,Hertha BSC,34.0,FW,1257.0,7.0,2.0,,0.00075
Rune Jarstein,Hertha BSC,34.0,GK,2547.0,0.0,0.0,,0.08
Salomon Kalou,Hertha BSC,33.0,"FW,MF",146.0,1.0,0.0,,1.0
Lukas KlĂĽnter,Hertha BSC,23.0,DF,1878.0,0.0,2.0,,4.0
Pascal KĂ¶pke,Hertha BSC,23.0,FW,121.0,0.0,0.0,,0.065
Thomas Kraft,Hertha BSC,31.0,GK,360.0,0.0,0.0,,0.06
Mathew Leckie,Hertha BSC,28.0,"DF,FW",195.0,0.0,0.0,,2.0
Eduard LĂ¶wen,Hertha BSC,22.0,MF,314.0,0.0,0.0,,5.0
Dodi Lukebakio,Hertha BSC,21.0,"FW,MF",2031.0,7.0,6.0,,17.0
Arne Maier,Hertha BSC,20.0,MF,535.0,0.0,0.0,,15.0
Maximilian MittelstĂ¤dt,Hertha BSC,22.0,"DF,FW",1887.0,1.0,3.0,,11.0
Jessic Ngankam,Hertha BSC,19.0,"FW,MF",85.0,0.0,1.0,,0.03
Peter PekarĂ­k,Hertha BSC,32.0,DF,769.0,0.0,0.0,,0.0008
Krzysztof PiÄ…tek,Hertha BSC,24.0,"FW,MF",909.0,4.0,1.0,,21.5
Marvin Plattenhardt,Hertha BSC,27.0,DF,1396.0,0.0,5.0,,5.0
Daishawn Redan,Hertha BSC,18.0,FW,21.0,0.0,0.0,,3.0
Karim Rekik,Hertha BSC,24.0,DF,1260.0,1.0,0.0,,9.0
Lazar Samardzic,Hertha BSC,17.0,MF,34.0,0.0,0.0,,0.05
Davie Selke,Hertha BSC,24.0,FW,960.0,1.0,1.0,,8.0
Dennis Smarsch,Hertha BSC,20.0,GK,151.0,0.0,0.0,,0.035
Niklas Stark,Hertha BSC,24.0,DF,1731.0,1.0,0.0,,16.0
Jordan Torunarigha,Hertha BSC,21.0,DF,1462.0,1.0,1.0,,6.0
Marius Wolf,Hertha BSC,24.0,"FW,MF",1410.0,1.0,3.0,,6.0
Sargis Adamyan,Hoffenheim,26.0,"FW,MF",746.0,5.0,1.0,,4.0
Kevin Akpoguma,Hoffenheim,24.0,DF,1142.0,0.0,0.0,,4.0
Oliver Baumann,Hoffenheim,29.0,GK,2700.0,0.0,0.0,,5.0
Christoph Baumgartner,Hoffenheim,19.0,"MF,FW",1493.0,7.0,2.0,,5.0
Ihlas Bebou,Hoffenheim,25.0,"FW,MF",2102.0,6.0,1.0,,8.0
Maximilian Beier,Hoffenheim,16.0,FW,109.0,0.0,0.0,,0.03
Ishak Belfodil,Hoffenheim,27.0,"FW,MF",269.0,0.0,0.0,,12.0
Ermin BiÄŤakÄŤiÄ‡,Hoffenheim,29.0,DF,1176.0,2.0,0.0,,2.4
Leonardo Bittencourt,Hoffenheim,25.0,FW,3.0,0.0,0.0,,4.0
Melayro Bogarde,Hoffenheim,17.0,DF,51.0,0.0,0.0,,2.0
Jacob Bruun Larsen,Hoffenheim,20.0,"FW,MF",391.0,0.0,1.0,,11.0
Moanes Dabour,Hoffenheim,27.0,FW,766.0,4.0,0.0,,8.0
Ilay Elmkies,Hoffenheim,19.0,MF,1.0,0.0,0.0,,0.0525
Dennis Geiger,Hoffenheim,21.0,MF,1136.0,0.0,3.0,,11.0
Vincenzo Grifo,Hoffenheim,26.0,MF,15.0,0.0,0.0,,5.0
Florian Grillitsch,Hoffenheim,23.0,"MF,DF",2408.0,0.0,3.0,,20.0
Benjamin HĂĽbner,Hoffenheim,30.0,DF,2070.0,1.0,4.0,,4.0
Pavel KadeĹ™Ăˇbek,Hoffenheim,27.0,"DF,MF",2474.0,2.0,7.0,,10.0
Andrej KramariÄ‡,Hoffenheim,28.0,"FW,MF",1422.0,12.0,2.0,,32.0
JĂĽrgen Locadia,Hoffenheim,25.0,FW,530.0,4.0,0.0,,8.0
HĂĄvard Nordtveit,Hoffenheim,29.0,DF,701.0,0.0,1.0,,1.6
Philipp Pentke,Hoffenheim,34.0,GK,360.0,0.0,0.0,,0.03
Stefan Posch,Hoffenheim,22.0,DF,2308.0,0.0,0.0,,11.0
Sebastian Rudy,Hoffenheim,29.0,MF,2734.0,1.0,3.0,,5.0
Lukas Rupp,Hoffenheim,28.0,"MF,FW",340.0,0.0,0.0,,2.0
Diadie SamassĂ©kou,Hoffenheim,23.0,MF,1310.0,0.0,1.0,,14.0
Robert Skov,Hoffenheim,23.0,"DF,FW",2608.0,4.0,7.0,,10.0
Kostas Stafylidis,Hoffenheim,25.0,DF,398.0,1.0,0.0,,2.0
Kevin Vogt,Hoffenheim,27.0,DF,960.0,0.0,0.0,,8.0
Steven Zuber,Hoffenheim,27.0,"DF,FW",749.0,2.0,0.0,,4.0
Lucien Agoume,Inter,17.0,MF,68.0,0.0,0.0,,3.0
Kwadwo Asamoah,Inter,30.0,DF,639.0,0.0,1.0,,6.0
NicolĂ˛ Barella,Inter,22.0,MF,2013.0,1.0,4.0,,36.0
Alessandro Bastoni,Inter,20.0,DF,1921.0,2.0,0.0,,31.0
Cristiano Biraghi,Inter,26.0,"DF,MF",1576.0,2.0,6.0,,9.0
Marcelo Brozovic,Inter,26.0,MF,2701.0,3.0,6.0,,40.0
Antonio Candreva,Inter,32.0,DF,1993.0,5.0,7.0,,5.0
Danilo D'Ambrosio,Inter,30.0,DF,1402.0,4.0,0.0,,10.0
Federico Dimarco,Inter,21.0,"DF,MF",27.0,0.0,0.0,,4.0
Christian Eriksen,Inter,27.0,MF,703.0,1.0,2.0,,68.0
Sebastiano Esposito,Inter,17.0,FW,199.0,1.0,0.0,,9.0
Roberto Gagliardini,Inter,25.0,MF,1797.0,4.0,2.0,,12.0
Diego GodĂ­n,Inter,33.0,DF,1628.0,1.0,1.0,,8.0
Samir HandanoviÄ‡,Inter,35.0,GK,3150.0,0.0,0.0,,4.0
Valentino Lazaro,Inter,23.0,"DF,MF",323.0,0.0,1.0,,15.0
Romelu Lukaku,Inter,26.0,FW,2979.0,23.0,2.0,,68.0
Lautaro MartĂ­nez,Inter,21.0,FW,2452.0,14.0,3.0,,64.0
Victor Moses,Inter,28.0,DF,420.0,0.0,3.0,,6.0
Daniele Padelli,Inter,33.0,GK,270.0,0.0,0.0,,0.065
Lorenzo Pirola,Inter,17.0,DF,12.0,0.0,0.0,,0.09
Matteo Politano,Inter,25.0,FW,259.0,0.0,0.0,,22.0
Andrea Ranocchia,Inter,31.0,DF,526.0,0.0,0.0,,2.0
Alexis SĂˇnchez,Inter,30.0,FW,923.0,4.0,8.0,,16.0
Stefano Sensi,Inter,23.0,"MF,FW",723.0,3.0,2.0,,24.0
Milan Skriniar,Inter,24.0,DF,2627.0,0.0,0.0,,50.0
Borja Valero,Inter,34.0,MF,931.0,2.0,0.0,,1.0
MatĂ­as Vecino,Inter,27.0,MF,1282.0,2.0,2.0,,18.0
Stefan de Vrij,Inter,27.0,DF,2830.0,4.0,3.0,,48.0
Ashley Young,Inter,34.0,DF,1185.0,4.0,4.0,,3.0
Rodrigo Bentancur,Juventus,22.0,MF,2196.0,0.0,7.0,,40.0
Federico Bernardeschi,Juventus,25.0,"MF,FW",1571.0,1.0,1.0,,28.0
Leonardo Bonucci,Juventus,32.0,DF,3082.0,3.0,0.0,,20.0
Gianluigi Buffon,Juventus,41.0,GK,810.0,0.0,0.0,,1.0
Emre Can,Juventus,25.0,MF,284.0,0.0,0.0,,26.0
Giorgio Chiellini,Juventus,34.0,DF,202.0,1.0,0.0,,4.0
Douglas Costa,Juventus,28.0,"FW,MF",802.0,1.0,4.0,,24.0
Juan Cuadrado,Juventus,31.0,DF,2654.0,2.0,5.0,,14.0
Danilo,Juventus,28.0,DF,1440.0,2.0,0.0,,15.0
Mattia De Sciglio,Juventus,26.0,DF,471.0,0.0,0.0,,9.0
Merih Demiral,Juventus,21.0,DF,418.0,1.0,1.0,,27.0
Paulo Dybala,Juventus,25.0,"FW,MF",2155.0,11.0,6.0,,72.0
Gianluca Frabotta,Juventus,20.0,DF,90.0,0.0,0.0,,0.0075
Gonzalo HiguaĂ­n,Juventus,31.0,FW,1866.0,8.0,4.0,,25.0
Sami Khedira,Juventus,32.0,MF,681.0,0.0,1.0,,5.0
Matthijs de Ligt,Juventus,19.0,DF,2450.0,4.0,0.0,,67.0
Blaise Matuidi,Juventus,32.0,MF,2237.0,0.0,2.0,,10.0
Simone Muratore,Juventus,21.0,MF,165.0,0.0,0.0,,0.0125
Marco Olivieri,Juventus,20.0,FW,30.0,0.0,0.0,,0.02
Daouda Peeters,Juventus,20.0,MF,15.0,0.0,0.0,,0.01
Carlo Pinsoglio,Juventus,29.0,GK,19.0,0.0,0.0,,0.04
Miralem PjaniÄ‡,Juventus,29.0,MF,2277.0,3.0,6.0,,50.0
Adrien Rabiot,Juventus,24.0,MF,1912.0,1.0,1.0,,25.0
Aaron Ramsey,Juventus,28.0,MF,1051.0,3.0,1.0,,28.0
Cristiano Ronaldo,Juventus,34.0,FW,2917.0,31.0,5.0,,60.0
Daniele Rugani,Juventus,25.0,DF,690.0,0.0,0.0,,12.0
Alex Sandro,Juventus,28.0,DF,2385.0,1.0,3.0,,35.0
Wojciech SzczÄ™sny,Juventus,29.0,GK,2591.0,0.0,0.0,,35.0
Giacomo Vrioni,Juventus,20.0,FW,12.0,0.0,0.0,,0.045
Luca Zanimacchia,Juventus,21.0,FW,120.0,0.0,0.0,,0.025
Matthias Bader,KĂ¶ln,22.0,DF,12.0,0.0,0.0,,0.04
Sebastiaan Bornauw,KĂ¶ln,20.0,DF,2447.0,6.0,0.0,,11.0
Darko Churlinov,KĂ¶ln,19.0,FW,21.0,0.0,0.0,,0.0675
Christian Clemens,KĂ¶ln,27.0,"MF,FW",16.0,0.0,0.0,,1.0
Jhon CĂłrdoba,KĂ¶ln,26.0,FW,1998.0,13.0,2.0,,9.0
Rafael Czichos,KĂ¶ln,29.0,DF,2207.0,1.0,1.0,,1.0
Dominick Drexler,KĂ¶ln,29.0,"MF,FW",1587.0,3.0,4.0,,3.0
Kingsley Ehizibue,KĂ¶ln,24.0,DF,2329.0,1.0,1.0,,2.0
Jonas Hector,KĂ¶ln,29.0,"MF,DF",2433.0,4.0,2.0,,6.0
Marco HĂ¶ger,KĂ¶ln,29.0,MF,676.0,0.0,0.0,,1.0
Timo Horn,KĂ¶ln,26.0,GK,3060.0,0.0,0.0,,4.0
Ismail Jakobs,KĂ¶ln,19.0,"FW,DF",1672.0,2.0,2.0,,2.0
Florian Kainz,KĂ¶ln,26.0,"FW,MF",1561.0,5.0,6.0,,2.0
Noah Katterbach,KĂ¶ln,18.0,DF,1316.0,0.0,0.0,,6.0
Toni Leistner,KĂ¶ln,28.0,DF,1012.0,0.0,0.0,,2.0
Jorge MerĂ©,KĂ¶ln,22.0,DF,619.0,1.0,0.0,,4.0
Anthony Modeste,KĂ¶ln,31.0,"FW,MF",1138.0,4.0,1.0,,3.0
Elvis RexhbeĂ§aj,KĂ¶ln,21.0,MF,623.0,0.0,3.0,,4.0
Marcel Risse,KĂ¶ln,29.0,"MF,FW",132.0,0.0,2.0,,1.0
Louis Schaub,KĂ¶ln,24.0,MF,623.0,1.0,1.0,,3.0
Kingsley Schindler,KĂ¶ln,26.0,"FW,MF",849.0,0.0,2.0,,1.0
Benno Schmitz,KĂ¶ln,24.0,DF,1158.0,0.0,0.0,,0.08
Ellyes Skhiri,KĂ¶ln,24.0,MF,2672.0,1.0,3.0,,6.0
Lasse Sobiech,KĂ¶ln,28.0,DF,90.0,0.0,0.0,,0.095
Simon Terodde,KĂ¶ln,31.0,"FW,MF",813.0,3.0,1.0,,2.0
Jan Thielmann,KĂ¶ln,17.0,"FW,MF",554.0,0.0,1.0,,2.0
Mark Uth,KĂ¶ln,27.0,"MF,FW",1162.0,5.0,5.0,,7.5
Birger Verstraete,KĂ¶ln,25.0,MF,665.0,0.0,1.0,,3.0
Francesco Acerbi,Lazio,31.0,DF,3162.0,2.0,2.0,,12.0
Bobby Adekanye,Lazio,20.0,FW,188.0,1.0,0.0,,0.0525
Luis Alberto,Lazio,26.0,MF,3113.0,6.0,15.0,,50.0
Djavan Anderson,Lazio,24.0,"DF,MF",167.0,0.0,0.0,,0.03
NicolĂ˛ Armini,Lazio,18.0,DF,3.0,0.0,0.0,,0.02
Bastos,Lazio,28.0,DF,765.0,1.0,0.0,,2.7
Valon Berisha,Lazio,26.0,"MF,FW",33.0,0.0,0.0,,4.0
Felipe Caicedo,Lazio,30.0,FW,1406.0,9.0,2.0,,4.0
Danilo Cataldi,Lazio,24.0,MF,592.0,1.0,0.0,,3.0
JoaquĂ­n Correa,Lazio,24.0,"FW,MF",2002.0,9.0,2.0,,30.0
Luca Falbo,Lazio,19.0,DF,2.0,0.0,0.0,,0.01
Luiz Felipe,Lazio,22.0,DF,2024.0,1.0,1.0,,22.0
Ciro Immobile,Lazio,29.0,FW,3170.0,36.0,9.0,,40.0
Jony,Lazio,28.0,DF,1177.0,0.0,1.0,,5.0
Manuel Lazzari,Lazio,25.0,DF,2548.0,0.0,3.0,,14.0
Lucas Leiva,Lazio,32.0,MF,1808.0,0.0,1.0,,6.0
Anderson Lima,Lazio,19.0,MF,62.0,0.0,0.0,,0.0008
Jordan Lukaku,Lazio,25.0,DF,396.0,0.0,2.0,,4.0
Senad LuliÄ‡,Lazio,33.0,DF,1573.0,0.0,2.0,,2.5
Adam MaruĹˇiÄ‡,Lazio,26.0,DF,942.0,2.0,1.0,,5.5
Sergej MilinkoviÄ‡-SaviÄ‡,Lazio,24.0,MF,3029.0,7.0,4.0,,64.0
Marco Parolo,Lazio,34.0,MF,1700.0,1.0,0.0,,1.0
Patric,Lazio,26.0,DF,1670.0,0.0,0.0,,9.0
Čtefan Radu,Lazio,32.0,DF,2306.0,1.0,0.0,,4.0
Thomas Strakosha,Lazio,24.0,GK,3420.0,0.0,0.0,,20.0
Denis Vavro,Lazio,23.0,DF,328.0,0.0,0.0,,6.0
Khouma Babacar,Lecce,26.0,FW,1422.0,3.0,0.0,,5.0
AntonĂ­n BarĂˇk,Lecce,24.0,MF,1369.0,2.0,1.0,,8.0
Romario Benzar,Lecce,27.0,DF,97.0,0.0,0.0,,1.0
Marco Calderoni,Lecce,30.0,DF,2064.0,3.0,2.0,,0.08
Alessandro Deiola,Lecce,23.0,MF,717.0,1.0,1.0,,0.095
Cristian Dell'Orco,Lecce,25.0,DF,1007.0,0.0,1.0,,0.065
Giulio Donati,Lecce,29.0,DF,1760.0,1.0,0.0,,0.08
Edgaras Dubickas,Lecce,21.0,DF,3.0,0.0,0.0,,0.0075
Filippo Falco,Lecce,27.0,"FW,MF",2014.0,4.0,6.0,,3.0
Diego Farias,Lecce,29.0,"FW,MF",824.0,2.0,0.0,,3.0
Gabriel,Lecce,26.0,GK,2997.0,0.0,0.0,,0.0009
Giannelli Imbula,Lecce,26.0,MF,130.0,0.0,0.0,,2.0
Andrea La Mantia,Lecce,28.0,FW,553.0,2.0,0.0,,2.0
Gianluca Lapadula,Lecce,29.0,FW,1784.0,11.0,0.0,,4.0
Fabio Lucioni,Lecce,31.0,DF,3132.0,3.0,0.0,,0.0725
Ĺ˝an Majer,Lecce,27.0,MF,1664.0,1.0,1.0,,1.6
Marco Mancosu,Lecce,30.0,"MF,FW",2440.0,14.0,2.0,,2.0
Biagio Meccariello,Lecce,28.0,DF,768.0,1.0,0.0,,0.055
Ilario Monterisi,Lecce,17.0,DF,3.0,0.0,0.0,,0.0075
NehuĂ©n Paz,Lecce,26.0,DF,844.0,0.0,0.0,,0.0325
Jacopo Petriccione,Lecce,24.0,MF,2138.0,0.0,5.0,,2.0
Davide Riccardi,Lecce,23.0,DF,20.0,0.0,0.0,,0.015
Andrea Rispoli,Lecce,30.0,DF,1909.0,0.0,0.0,,0.08
Luca Rossettini,Lecce,34.0,DF,2261.0,0.0,2.0,,0.04
Riccardo Saponara,Lecce,27.0,"MF,FW",947.0,2.0,4.0,,2.0
Yevgen Shakhov,Lecce,28.0,"MF,FW",1085.0,1.0,2.0,,1.5
Andrea Tabanelli,Lecce,29.0,MF,964.0,1.0,0.0,,0.0725
Panagiotis Tachtsidis,Lecce,28.0,MF,2003.0,0.0,2.0,,0.095
Brayan Vera,Lecce,20.0,"DF,MF",155.0,0.0,1.0,,0.045
Mauro Vigorito,Lecce,29.0,GK,423.0,0.0,0.0,,0.065
Ibrahim Amadou,LeganĂ©s,26.0,MF,770.0,0.0,0.0,,5.0
Miguel Ăngel Guerrero,LeganĂ©s,29.0,FW,790.0,1.0,0.0,,1.0
JosĂ© Arnaiz,LeganĂ©s,24.0,"MF,FW",337.0,0.0,0.0,,2.0
Roger AssalĂ©,LeganĂ©s,25.0,"FW,MF",531.0,2.0,1.0,,6.0
Javier AvilĂ©s,LeganĂ©s,21.0,"MF,FW",184.0,1.0,1.0,,0.3
Chidozie Awaziem,LeganĂ©s,22.0,DF,1997.0,0.0,0.0,,4.0
Martin Braithwaite,LeganĂ©s,28.0,"FW,MF",1934.0,6.0,1.0,,9.0
Bryan,LeganĂ©s,18.0,"MF,FW",558.0,1.0,0.0,,9.0
Unai Bustinza,LeganĂ©s,27.0,DF,2684.0,0.0,1.0,,3.0
Guido Carrillo,LeganĂ©s,28.0,FW,1213.0,1.0,2.0,,4.0
IvĂˇn CuĂ©llar,LeganĂ©s,35.0,GK,2429.0,0.0,0.0,,0.065
Youssef En-Nesyri,LeganĂ©s,22.0,FW,1385.0,4.0,2.0,,12.0
Javier Eraso,LeganĂ©s,29.0,"MF,FW",815.0,0.0,0.0,,0.0008
Manuel Garrido,LeganĂ©s,18.0,FW,115.0,0.0,0.0,,5e-05
Sabin Merino,LeganĂ©s,27.0,FW,78.0,0.0,0.0,,0.08
Roque Mesa,LeganĂ©s,30.0,MF,2012.0,1.0,3.0,,5.0
Marc Navarro,LeganĂ©s,24.0,DF,219.0,0.0,0.0,,1.0
Kenneth Omeruo,LeganĂ©s,25.0,DF,1874.0,1.0,0.0,,2.0
RubĂ©n PĂ©rez,LeganĂ©s,30.0,MF,2194.0,1.0,1.0,,6.0
Recio,LeganĂ©s,28.0,MF,1570.0,0.0,0.0,,2.0
Cristian Rivera,LeganĂ©s,22.0,MF,311.0,0.0,0.0,,1.0
KĂ©vin Rodrigues,LeganĂ©s,25.0,"DF,MF",1931.0,1.0,2.0,,2.0
Ă“scar RodrĂ­guez Arnaiz,LeganĂ©s,21.0,"MF,FW",1914.0,9.0,2.0,,15.0
Roberto Rosales,LeganĂ©s,30.0,DF,1871.0,0.0,1.0,,1.0
Aitor Ruibal,LeganĂ©s,23.0,"DF,FW",1220.0,0.0,0.0,,0.095
Jonathan Silva,LeganĂ©s,25.0,DF,2785.0,1.0,2.0,,3.0
Dimitris Siovas,LeganĂ©s,30.0,DF,1918.0,0.0,0.0,,3.0
Juan Soriano,LeganĂ©s,21.0,GK,990.0,0.0,0.0,,1.0
Rodrigo TarĂ­n,LeganĂ©s,23.0,DF,951.0,0.0,0.0,,1.2
Marc Albrighton,Leicester City,29.0,"MF,DF",867.0,0.0,3.0,,8.0
Harvey Barnes,Leicester City,21.0,"MF,FW",2083.0,6.0,8.0,,17.0
Ryan Bennett,Leicester City,29.0,DF,331.0,0.0,0.0,,4.0
Ben Chilwell,Leicester City,22.0,DF,2373.0,3.0,3.0,,40.0
Hamza Choudhury,Leicester City,21.0,MF,893.0,1.0,1.0,,8.0
Jonny Evans,Leicester City,31.0,DF,3383.0,1.0,1.0,,12.0
Christian Fuchs,Leicester City,33.0,DF,772.0,0.0,0.0,,1.0
Demarai Gray,Leicester City,23.0,"MF,FW",622.0,2.0,3.0,,14.0
George Hirst,Leicester City,20.0,FW,11.0,0.0,0.0,,0.045
Kelechi Iheanacho,Leicester City,22.0,FW,960.0,5.0,3.0,,12.0
Matty James,Leicester City,28.0,MF,6.0,0.0,0.0,,1.0
James Justin,Leicester City,21.0,DF,1012.0,0.0,1.0,,3.0
James Maddison,Leicester City,22.0,MF,2624.0,6.0,3.0,,48.0
Nampalys Mendy,Leicester City,27.0,MF,291.0,0.0,0.0,,5.0
Wes Morgan,Leicester City,35.0,DF,436.0,0.0,0.0,,1.0
Wilfred Ndidi,Leicester City,22.0,MF,2674.0,2.0,1.0,,36.0
Ricardo Pereira,Leicester City,25.0,DF,2520.0,3.0,2.0,,32.0
Ayoze PĂ©rez,Leicester City,26.0,"MF,FW",2004.0,8.0,4.0,,24.0
Dennis Praet,Leicester City,25.0,MF,1134.0,1.0,2.0,,19.0
Kasper Schmeichel,Leicester City,32.0,GK,3420.0,0.0,0.0,,9.0
Ă‡aÄźlar SĂ¶yĂĽncĂĽ,Leicester City,23.0,DF,3036.0,1.0,1.0,,40.0
Luke Thomas,Leicester City,19.0,DF,267.0,0.0,1.0,,1.0
Youri Tielemans,Leicester City,22.0,MF,2828.0,3.0,6.0,,44.0
Jamie Vardy,Leicester City,32.0,FW,3033.0,23.0,5.0,,16.0
Enis Bardhi,Levante,24.0,MF,2114.0,7.0,2.0,,12.0
Erick Cabaco,Levante,24.0,DF,809.0,0.0,0.0,,4.0
JosĂ© CampaĂ±a,Levante,26.0,MF,3156.0,2.0,7.0,,12.0
Carlos Clerc,Levante,27.0,DF,1848.0,0.0,2.0,,2.0
Coke,Levante,32.0,DF,989.0,1.0,0.0,,1.0
Ă“scar Duarte,Levante,30.0,DF,485.0,0.0,0.0,,0.0725
Aitor FernĂˇndez,Levante,28.0,GK,3240.0,0.0,0.0,,8.0
HernĂ˘ni Fortes,Levante,27.0,"MF,FW",654.0,2.0,0.0,,2.0
Bruno GonzĂˇlez,Levante,29.0,DF,456.0,0.0,0.0,,1.0
Giorgi Kochorashvili,Levante,20.0,MF,2.0,0.0,0.0,,0.01
Sergio LeĂłn,Levante,30.0,FW,672.0,1.0,0.0,,2.0
JosĂ© Luis Morales,Levante,32.0,"FW,MF",2519.0,4.0,2.0,,6.0
Roger MartĂ­,Levante,28.0,FW,2267.0,11.0,1.0,,8.0
Pablo MartĂ­nez,Levante,21.0,"MF,FW",33.0,0.0,0.0,,0.025
Borja Mayoral,Levante,22.0,FW,2140.0,8.0,2.0,,3.0
Gonzalo Melero,Levante,25.0,MF,1236.0,2.0,1.0,,3.0
Jorge MiramĂłn,Levante,30.0,DF,2432.0,0.0,3.0,,2.0
Sergio Postigo,Levante,30.0,DF,2374.0,1.0,1.0,,1.0
Nemanja Radoja,Levante,26.0,MF,1993.0,1.0,0.0,,3.0
RubĂ©n Rochina,Levante,28.0,MF,1875.0,5.0,3.0,,3.0
ToĂ±o,Levante,29.0,DF,1589.0,0.0,2.0,,0.0008
RĂşben Vezo,Levante,25.0,DF,2610.0,0.0,0.0,,4.0
Nikola Vukcevic,Levante,27.0,MF,1569.0,0.0,2.0,,3.0
Lucas Alario,Leverkusen,26.0,FW,1174.0,7.0,1.0,,13.0
Nadiem Amiri,Leverkusen,22.0,"MF,FW",1857.0,1.0,2.0,,16.0
Charles ArĂˇnguiz,Leverkusen,30.0,MF,2118.0,1.0,3.0,,12.0
Leon Bailey,Leverkusen,21.0,"FW,MF",1090.0,5.0,3.0,,29.0
Julian Baumgartlinger,Leverkusen,31.0,MF,1791.0,2.0,2.0,,2.0
Karim Bellarabi,Leverkusen,29.0,"FW,DF",1424.0,4.0,6.0,,12.0
Lars Bender,Leverkusen,30.0,"DF,MF",1373.0,2.0,1.0,,7.0
Sven Bender,Leverkusen,30.0,DF,2726.0,2.0,1.0,,7.0
Kerem Demirbay,Leverkusen,26.0,MF,1573.0,1.0,5.0,,24.0
Moussa Diaby,Leverkusen,20.0,"FW,MF",1771.0,5.0,5.0,,27.0
Aleksandar DragoviÄ‡,Leverkusen,28.0,DF,1029.0,0.0,0.0,,5.2
Kai Havertz,Leverkusen,20.0,"MF,FW",2454.0,12.0,6.0,,81.0
LukĂˇĹˇ HrĂˇdeckĂ˝,Leverkusen,29.0,GK,3060.0,0.0,0.0,,8.0
Exequiel Palacios,Leverkusen,20.0,MF,177.0,0.0,0.0,,22.0
Paulinho,Leverkusen,19.0,"MF,FW",304.0,3.0,2.0,,13.5
Joel Pohjanpalo,Leverkusen,24.0,MF,2.0,0.0,0.0,,0.08
Panagiotis Retsos,Leverkusen,20.0,DF,114.0,0.0,0.0,,8.0
Daley Sinkgraven,Leverkusen,24.0,DF,909.0,0.0,1.0,,4.0
Jonathan Tah,Leverkusen,23.0,DF,2092.0,0.0,1.0,,29.0
Edmond Tapsoba,Leverkusen,20.0,DF,1058.0,0.0,0.0,,18.0
Kevin Volland,Leverkusen,27.0,FW,2047.0,10.0,7.0,,28.0
Mitchell Weiser,Leverkusen,25.0,DF,1172.0,1.0,0.0,,8.0
Wendell,Leverkusen,26.0,DF,1903.0,0.0,2.0,,7.5
Florian Wirtz,Leverkusen,16.0,"FW,MF",367.0,1.0,0.0,,24.0
Benjamin AndrĂ©,Lille,28.0,MF,2054.0,2.0,1.0,,8.0
Luiz AraĂşjo,Lille,23.0,"FW,MF",828.0,2.0,1.0,,5.0
Jonathan Bamba,Lille,23.0,"FW,MF",1937.0,1.0,4.0,,16.0
Domagoj BradariÄ‡,Lille,19.0,DF,1419.0,0.0,1.0,,6.0
Zeki Ă‡elik,Lille,22.0,DF,2070.0,0.0,2.0,,20.0
Tiago DjalĂł,Lille,19.0,DF,661.0,0.0,0.0,,4.0
Gabriel Dos Santos,Lille,21.0,DF,2087.0,1.0,0.0,,28.0
JosĂ© Fonte,Lille,35.0,DF,2205.0,1.0,1.0,,1.0
NicolĂˇs GaitĂˇn,Lille,31.0,"MF,FW",54.0,0.0,0.0,,3.0
Jonathan Ikone,Lille,21.0,"MF,FW",2057.0,3.0,6.0,,36.0
Thiago Maia,Lille,22.0,MF,48.0,0.0,0.0,,3.0
Mike Maignan,Lille,23.0,GK,2520.0,0.0,0.0,,17.0
Reinildo Mandava,Lille,25.0,DF,1110.0,0.0,0.0,,2.0
Cheikh Niasse,Lille,19.0,MF,15.0,0.0,0.0,,0.015
Jean Onana,Lille,19.0,MF,79.0,0.0,0.0,,0.005
Victor Osimhen,Lille,20.0,FW,2287.0,13.0,4.0,,27.0
Abou Ouattara,Lille,19.0,MF,9.0,0.0,0.0,,0.01
JĂ©rĂ©my Pied,Lille,30.0,DF,450.0,0.0,0.0,,2.0
LoĂŻc RĂ©my,Lille,32.0,FW,963.0,7.0,0.0,,2.0
Renato Sanches,Lille,21.0,"MF,FW",1483.0,3.0,1.0,,16.0
Adama Soumaoro,Lille,27.0,DF,415.0,1.0,0.0,,8.0
Boubakary SoumarĂ©,Lille,20.0,MF,1213.0,0.0,0.0,,24.0
Timothy Weah,Lille,19.0,MF,85.0,0.0,0.0,,7.0
Xeka,Lille,24.0,MF,709.0,0.0,0.0,,7.0
Yusuf YazÄ±cÄ±,Lille,22.0,"MF,FW",848.0,1.0,4.0,,13.0
AdriĂˇn,Liverpool,32.0,GK,875.0,0.0,0.0,,4.0
Trent Alexander-Arnold,Liverpool,20.0,DF,3175.0,4.0,13.0,,99.0
Alisson,Liverpool,26.0,GK,2543.0,0.0,1.0,,72.0
Virgil van Dijk,Liverpool,28.0,DF,3420.0,5.0,1.0,,80.0
Harvey Elliot,Liverpool,16.0,DF,8.0,0.0,0.0,,4.0
Fabinho,Liverpool,25.0,MF,2079.0,2.0,3.0,,56.0
Roberto Firmino,Liverpool,27.0,FW,2988.0,9.0,8.0,,72.0
Joe Gomez,Liverpool,22.0,DF,2004.0,0.0,0.0,,33.0
Jordan Henderson,Liverpool,29.0,MF,2238.0,4.0,5.0,,28.0
Curtis Jones,Liverpool,18.0,MF,126.0,1.0,0.0,,1.0
Naby KeĂŻta,Liverpool,24.0,MF,815.0,2.0,3.0,,33.0
Adam Lallana,Liverpool,31.0,"MF,FW",382.0,1.0,1.0,,9.0
Dejan Lovren,Liverpool,30.0,DF,777.0,0.0,1.0,,16.0
Sadio ManĂ©,Liverpool,27.0,FW,2747.0,18.0,7.0,,120.0
JoĂ«l Matip,Liverpool,27.0,DF,703.0,1.0,0.0,,32.0
James Milner,Liverpool,33.0,"MF,DF",937.0,2.0,2.0,,6.0
Takumi Minamino,Liverpool,24.0,"FW,MF",249.0,0.0,0.0,,10.0
Divock Origi,Liverpool,24.0,FW,717.0,4.0,1.0,,16.0
Alex Oxlade-Chamberlain,Liverpool,25.0,"MF,FW",1485.0,4.0,1.0,,28.0
Andrew Robertson,Liverpool,25.0,DF,3111.0,2.0,12.0,,64.0
Mohamed Salah,Liverpool,27.0,FW,2876.0,19.0,10.0,,120.0
Xherdan Shaqiri,Liverpool,27.0,FW,185.0,1.0,0.0,,16.0
Georginio Wijnaldum,Liverpool,28.0,MF,2935.0,4.0,0.0,,40.0
Neco Williams,Liverpool,18.0,DF,230.0,0.0,0.0,,4.0
Joachim Andersen,Lyon,23.0,DF,1531.0,1.0,0.0,,16.0
Houssem Aouar,Lyon,21.0,MF,1956.0,3.0,4.0,,49.0
Melvin Bard,Lyon,18.0,DF,45.0,0.0,0.0,,4.5
Maxence Caqueret,Lyon,19.0,MF,568.0,0.0,0.0,,7.0
Rayan Cherki,Lyon,15.0,"MF,FW",143.0,0.0,0.0,,18.0
Maxwel Cornet,Lyon,22.0,"FW,DF",1330.0,4.0,3.0,,10.0
Moussa DembĂ©lĂ©,Lyon,23.0,FW,2188.0,16.0,2.0,,40.0
Jason Denayer,Lyon,24.0,DF,2131.0,0.0,1.0,,12.0
Memphis Depay,Lyon,25.0,"FW,MF",1018.0,9.0,2.0,,44.0
Leo Dubois,Lyon,24.0,DF,1346.0,0.0,0.0,,14.0
Amine Gouiri,Lyon,19.0,FW,1.0,0.0,0.0,,4.0
Youssouf KonĂ©,Lyon,24.0,DF,818.0,0.0,0.0,,6.0
Anthony Lopes,Lyon,28.0,GK,2340.0,0.0,0.0,,17.0
Jean Lucas,Lyon,21.0,MF,200.0,1.0,0.0,,4.5
Fernando Marcal,Lyon,30.0,DF,829.0,0.0,1.0,,2.4
Marcelo,Lyon,32.0,DF,1503.0,0.0,0.0,,3.0
Thiago Mendes,Lyon,27.0,MF,1812.0,0.0,6.0,,16.0
Rafael,Lyon,29.0,DF,700.0,0.0,0.0,,5.0
Jeff Reine-AdĂ©laĂŻde,Lyon,21.0,"MF,FW",783.0,2.0,1.0,,22.0
Oumar Solet,Lyon,19.0,DF,9.0,0.0,0.0,,0.09
Ciprian TÄtÄruČ™anu,Lyon,33.0,GK,180.0,0.0,0.0,,0.7
Martin Terrier,Lyon,22.0,"FW,MF",1198.0,1.0,2.0,,10.0
Kenny Tete,Lyon,23.0,DF,1072.0,0.0,1.0,,5.0
Karl Toko Ekambi,Lyon,26.0,FW,538.0,2.0,1.0,,14.0
Lucas Tousart,Lyon,22.0,MF,1763.0,2.0,2.0,,16.0
Bertrand TraorĂ©,Lyon,23.0,"FW,MF",1253.0,1.0,3.0,,9.0
Taiwo Awoniyi,Mainz 05,21.0,FW,483.0,1.0,0.0,,3.0
Ridle Baku,Mainz 05,21.0,"DF,MF",2351.0,1.0,3.0,,5.0
Leandro Barreiro Martins,Mainz 05,19.0,MF,938.0,0.0,2.0,,4.0
Jean-Paul BoĂ«tius,Mainz 05,25.0,MF,2266.0,4.0,5.0,,4.0
Daniel Brosinski,Mainz 05,31.0,DF,1709.0,2.0,4.0,,2.0
Jeffrey Bruma,Mainz 05,27.0,DF,675.0,0.0,0.0,,3.0
Jonathan Burkardt,Mainz 05,19.0,FW,253.0,1.0,0.0,,1.0
Ji Dong-won,Mainz 05,28.0,FW,102.0,0.0,0.0,,1.0
Edimilson Fernandes,Mainz 05,23.0,"MF,DF",1484.0,1.0,0.0,,5.0
Alexander Hack,Mainz 05,25.0,DF,805.0,0.0,0.0,,1.0
Pierre Kunde,Mainz 05,24.0,MF,1866.0,4.0,0.0,,6.0
Danny Latza,Mainz 05,29.0,MF,1373.0,0.0,2.0,,2.0
AarĂłn MartĂ­n,Mainz 05,22.0,DF,1792.0,0.0,0.0,,10.0
Jean-Philippe Mateta,Mainz 05,22.0,FW,1053.0,3.0,1.0,,17.0
Alexandru Maxim,Mainz 05,29.0,MF,117.0,0.0,0.0,,1.0
Florian MĂĽller,Mainz 05,21.0,GK,1125.0,0.0,0.0,,2.0
Phillipp Mwene,Mainz 05,25.0,DF,315.0,0.0,0.0,,0.08
Moussa Niakhate,Mainz 05,23.0,DF,2970.0,1.0,2.0,,9.0
Karim Onisiwo,Mainz 05,27.0,FW,1728.0,4.0,6.0,,3.0
Levin Ă–ztunalÄ±,Mainz 05,23.0,"MF,FW",1778.0,4.0,3.0,,2.8
RonaĂ«l Pierre-Gabriel,Mainz 05,21.0,DF,574.0,0.0,1.0,,3.0
Robin Quaison,Mainz 05,25.0,"FW,MF",2602.0,13.0,2.0,,10.0
Jerry St. Juste,Mainz 05,22.0,DF,2113.0,2.0,2.0,,7.0
ĂdĂˇm Szalai,Mainz 05,31.0,FW,1147.0,1.0,1.0,,1.0
Robin Zentner,Mainz 05,24.0,GK,1935.0,0.0,0.0,,3.0
Lumor Agbenyenu,Mallorca,22.0,DF,1805.0,1.0,0.0,,1.5
Ălex AlegrĂ­a,Mallorca,26.0,FW,109.0,0.0,0.0,,0.0006
Iddrisu Baba,Mallorca,23.0,MF,2903.0,0.0,0.0,,2.0
Ante Budimir,Mallorca,28.0,FW,2765.0,13.0,2.0,,6.0
Ariday Cabrera,Mallorca,30.0,"MF,FW",37.0,0.0,0.0,,0.0325
Xisco Campos,Mallorca,37.0,DF,473.0,0.0,1.0,,0.01
Pablo ChavarrĂ­a,Mallorca,31.0,"FW,MF",209.0,0.0,0.0,,1.0
Cucho,Mallorca,20.0,"FW,MF",1487.0,5.0,1.0,,8.0
Aleix Febas,Mallorca,23.0,MF,1690.0,0.0,3.0,,2.0
Fran GĂˇmez,Mallorca,28.0,DF,1768.0,0.0,1.0,,0.065
Lago Junior,Mallorca,28.0,"MF,FW",2188.0,4.0,0.0,,2.5
Leonardo Koutris,Mallorca,24.0,DF,93.0,0.0,0.0,,3.0
Takefusa Kubo,Mallorca,18.0,"MF,FW",2312.0,4.0,4.0,,13.0
Miquel Parera,Mallorca,23.0,GK,90.0,0.0,0.0,,0.03
Marc Pedraza,Mallorca,32.0,MF,130.0,0.0,0.0,,0.03
Alejandro Pozo Pozo,Mallorca,20.0,DF,1498.0,1.0,2.0,,5.0
AbdĂłn Prats,Mallorca,26.0,"FW,MF",279.0,0.0,0.0,,0.065
Antonio Raillo,Mallorca,27.0,DF,2775.0,1.0,0.0,,2.0
Manolo Reina,Mallorca,34.0,GK,3240.0,0.0,0.0,,0.03
Dani RodrĂ­guez,Mallorca,31.0,"MF,FW",3039.0,5.0,2.0,,1.0
Luka Romero,Mallorca,14.0,MF,8.0,0.0,0.0,,1.0
Yannis Salibur,Mallorca,28.0,"MF,FW",82.0,0.0,0.0,,1.0
Joan Sastre Vanrell,Mallorca,22.0,DF,1360.0,0.0,2.0,,1.6
Aleksandar Sedlar,Mallorca,27.0,DF,814.0,0.0,0.0,,0.065
Josep SeĂ±Ă©,Mallorca,27.0,MF,150.0,0.0,0.0,,0.03
Salva Sevilla,Mallorca,35.0,MF,2568.0,5.0,3.0,,0.02
Aleksandar Trajkovski,Mallorca,26.0,"MF,DF",330.0,0.0,0.0,,1.0
Martin Valjent,Mallorca,23.0,DF,3182.0,0.0,0.0,,2.0
Sergio AgĂĽero,Manchester City,31.0,FW,1452.0,16.0,3.0,,52.0
AngeliĂ±o,Manchester City,22.0,DF,423.0,0.0,0.0,,25.0
Claudio Bravo,Manchester City,36.0,GK,347.0,0.0,0.0,,1.0
JoĂŁo Cancelo,Manchester City,25.0,DF,1208.0,0.0,0.0,,36.0
Kevin De Bruyne,Manchester City,28.0,MF,2791.0,13.0,20.0,,120.0
Ederson,Manchester City,25.0,GK,3071.0,0.0,0.0,,56.0
Fernandinho,Manchester City,34.0,DF,2397.0,0.0,1.0,,4.0
Phil Foden,Manchester City,19.0,"FW,MF",901.0,5.0,2.0,,27.0
Eric GarcĂ­a,Manchester City,18.0,DF,793.0,0.0,0.0,,6.0
Ilkay Gundogan,Manchester City,28.0,MF,2020.0,2.0,1.0,,40.0
Gabriel Jesus,Manchester City,22.0,FW,2030.0,14.0,7.0,,56.0
Aymeric Laporte,Manchester City,25.0,DF,1097.0,1.0,0.0,,60.0
Riyad Mahrez,Manchester City,28.0,FW,1944.0,11.0,9.0,,48.0
Benjamin Mendy,Manchester City,25.0,DF,1492.0,0.0,2.0,,28.0
NicolĂˇs Otamendi,Manchester City,31.0,DF,1715.0,2.0,0.0,,14.0
Rodri,Manchester City,23.0,MF,2486.0,3.0,2.0,,64.0
Leroy SanĂ©,Manchester City,23.0,FW,12.0,0.0,0.0,,80.0
Bernardo Silva,Manchester City,24.0,"FW,MF",2030.0,6.0,7.0,,80.0
David Silva,Manchester City,33.0,MF,1826.0,6.0,10.0,,12.0
Raheem Sterling,Manchester City,24.0,FW,2651.0,20.0,1.0,,128.0
John Stones,Manchester City,25.0,DF,1122.0,0.0,0.0,,36.0
Kyle Walker,Manchester City,29.0,DF,2392.0,1.0,4.0,,40.0
Oleksandr Zinchenko,Manchester City,22.0,DF,1276.0,0.0,0.0,,24.0
Eric Bailly,Manchester Utd,25.0,DF,150.0,0.0,0.0,,17.0
Tahith Chong,Manchester Utd,19.0,"FW,MF",37.0,0.0,0.0,,6.0
Diogo Dalot,Manchester Utd,20.0,DF,67.0,0.0,0.0,,18.0
Bruno Fernandes,Manchester Utd,24.0,MF,1186.0,8.0,7.0,,48.0
Timothy Fosu-Mensah,Manchester Utd,21.0,DF,136.0,0.0,0.0,,6.0
Fred,Manchester Utd,26.0,MF,2163.0,0.0,0.0,,17.5
James Garner,Manchester Utd,18.0,MF,9.0,0.0,0.0,,2.0
David de Gea,Manchester Utd,28.0,GK,3420.0,0.0,0.0,,40.0
Angel Gomes,Manchester Utd,18.0,MF,21.0,0.0,0.0,,3.0
Mason Greenwood,Manchester Utd,17.0,FW,1320.0,10.0,1.0,,29.0
Odion Ighalo,Manchester Utd,30.0,FW,101.0,0.0,0.0,,5.0
Daniel James,Manchester Utd,21.0,FW,2287.0,3.0,6.0,,22.0
Phil Jones,Manchester Utd,27.0,DF,135.0,0.0,0.0,,7.0
Victor LindelĂ¶f,Manchester Utd,25.0,DF,3092.0,1.0,0.0,,28.0
Jesse Lingard,Manchester Utd,26.0,"MF,FW",935.0,1.0,0.0,,17.0
Harry Maguire,Manchester Utd,26.0,DF,3420.0,1.0,1.0,,56.0
Anthony Martial,Manchester Utd,23.0,FW,2624.0,17.0,6.0,,48.0
Juan Mata,Manchester Utd,31.0,"MF,FW",758.0,0.0,2.0,,7.5
Nemanja MatiÄ‡,Manchester Utd,30.0,MF,1581.0,0.0,2.0,,16.0
Scott McTominay,Manchester Utd,22.0,MF,1772.0,4.0,1.0,,22.0
Andreas Pereira,Manchester Utd,23.0,"MF,FW",1484.0,1.0,3.0,,16.0
Paul Pogba,Manchester Utd,26.0,MF,1204.0,1.0,3.0,,80.0
Marcus Rashford,Manchester Utd,21.0,FW,2643.0,17.0,7.0,,64.0
Marcos Rojo,Manchester Utd,29.0,DF,122.0,0.0,0.0,,8.0
Luke Shaw,Manchester Utd,24.0,DF,1733.0,0.0,0.0,,22.0
Axel Tuanzebe,Manchester Utd,21.0,DF,189.0,0.0,0.0,,8.0
Aaron Wan-Bissaka,Manchester Utd,21.0,DF,3070.0,0.0,4.0,,32.0
Brandon Williams,Manchester Utd,18.0,DF,1006.0,1.0,0.0,,11.0
Ashley Young,Manchester Utd,34.0,DF,955.0,0.0,0.0,,3.0
Marley AkĂ©,Marseille,18.0,"FW,MF",99.0,0.0,0.0,,1.0
Jordan Amavi,Marseille,25.0,DF,2164.0,1.0,1.0,,9.0
DarĂ­o Benedetto,Marseille,29.0,FW,2101.0,11.0,0.0,,12.0
Duje Ä†aleta-Car,Marseille,22.0,DF,1886.0,1.0,1.0,,23.0
Florian Chabrolle,Marseille,21.0,MF,18.0,0.0,0.0,,0.025
ValĂ¨re Germain,Marseille,29.0,FW,1350.0,2.0,4.0,,4.0
Ălvaro GonzĂˇlez,Marseille,29.0,DF,1628.0,0.0,0.0,,6.0
Boubacar Kamara,Marseille,19.0,"DF,MF",2139.0,1.0,2.0,,27.0
SaĂ®f-Eddine Khaoui,Marseille,24.0,"MF,FW",106.0,0.0,0.0,,2.0
Isaac Lihadji,Marseille,17.0,"DF,MF",25.0,0.0,0.0,,3.0
Maxime Lopez,Marseille,21.0,"MF,FW",1110.0,0.0,3.0,,10.0
Steve Mandanda,Marseille,34.0,GK,2370.0,0.0,0.0,,2.0
Dimitri Payet,Marseille,32.0,FW,1930.0,9.0,4.0,,10.0
Yohann PelĂ©,Marseille,36.0,GK,150.0,0.0,0.0,,0.025
Lucas Perrin,Marseille,20.0,DF,360.0,0.0,0.0,,1.0
Nemanja RadonjiÄ‡,Marseille,23.0,"FW,MF",880.0,5.0,1.0,,5.5
Valentin Rongier,Marseille,24.0,MF,1790.0,0.0,2.0,,16.0
Hiroki Sakai,Marseille,29.0,DF,1620.0,0.0,0.0,,5.0
Morgan Sanson,Marseille,24.0,MF,2173.0,5.0,4.0,,22.0
Bouna Sarr,Marseille,27.0,"DF,FW",2164.0,1.0,3.0,,6.0
Kevin Strootman,Marseille,29.0,MF,1416.0,2.0,3.0,,8.0
Florian Thauvin,Marseille,26.0,FW,22.0,0.0,0.0,,32.0
Thierry Ambrose,Metz,22.0,FW,548.0,0.0,0.0,,1.0
Victorien Angban,Metz,22.0,MF,1029.0,0.0,0.0,,2.0
Farid Boulaya,Metz,26.0,FW,821.0,2.0,1.0,,1.0
John Boye,Metz,32.0,DF,2115.0,2.0,0.0,,1.0
Dylan Bronn,Metz,24.0,DF,810.0,0.0,0.0,,4.0
Manuel Cabit,Metz,26.0,DF,270.0,0.0,1.0,,0.065
Fabien Centonze,Metz,23.0,DF,2520.0,0.0,3.0,,4.0
Renaud Cohade,Metz,34.0,MF,764.0,1.0,0.0,,0.04
Thomas Delaine,Metz,27.0,DF,1254.0,0.0,0.0,,1.0
Paul Delecroix,Metz,30.0,GK,136.0,0.0,0.0,,0.04
Habib Diallo,Metz,24.0,FW,2196.0,12.0,3.0,,12.0
Mamadou Fofana,Metz,21.0,"DF,MF",1587.0,0.0,0.0,,3.0
Marvin Gakpa,Metz,25.0,"MF,FW",468.0,0.0,0.0,,0.08
Habib MaĂŻga,Metz,23.0,MF,2266.0,1.0,2.0,,2.0
KĂ©vin N'Doram,Metz,23.0,MF,1646.0,0.0,0.0,,2.0
Papa Ndiaga Yade,Metz,19.0,FW,4.0,0.0,0.0,,0.025
Opa Nguette,Metz,25.0,FW,1826.0,5.0,2.0,,2.0
Ibrahima Niane,Metz,20.0,FW,951.0,3.0,0.0,,3.0
Alexandre Oukidja,Metz,31.0,GK,2384.0,0.0,0.0,,1.0
Vincent Pajot,Metz,28.0,MF,519.0,0.0,3.0,,1.0
Stoppila Sunzu,Metz,30.0,DF,1352.0,0.0,0.0,,1.0
Adama TraorĂ©,Metz,24.0,"FW,MF",1007.0,1.0,4.0,,25.0
Matthieu Udol,Metz,23.0,DF,1102.0,0.0,1.0,,1.0
Laszlo Benes,M'Gladbach,21.0,MF,898.0,0.0,4.0,,6.0
Ramy Bensebaini,M'Gladbach,24.0,DF,1448.0,5.0,3.0,,9.0
Louis Beyer,M'Gladbach,19.0,DF,110.0,0.0,0.0,,2.3
Mamadou DoucourĂ©,M'Gladbach,21.0,MF,2.0,0.0,0.0,,0.045
Nico Elvedi,M'Gladbach,22.0,DF,2618.0,1.0,0.0,,28.0
Breel Embolo,M'Gladbach,22.0,"FW,MF",1550.0,8.0,5.0,,13.0
Matthias Ginter,M'Gladbach,25.0,DF,2780.0,1.0,1.0,,28.0
Patrick Herrmann,M'Gladbach,28.0,"FW,MF",1453.0,6.0,6.0,,5.0
Jonas Hofmann,M'Gladbach,27.0,"MF,FW",1633.0,5.0,3.0,,7.0
Tony Jantschke,M'Gladbach,29.0,DF,1012.0,0.0,0.0,,2.0
Fabian Johnson,M'Gladbach,31.0,"MF,DF",271.0,0.0,0.0,,1.0
Christoph Kramer,M'Gladbach,28.0,MF,1464.0,0.0,0.0,,7.0
Stefan Lainer,M'Gladbach,26.0,DF,2710.0,1.0,3.0,,14.0
Torben MĂĽsel,M'Gladbach,20.0,FW,1.0,0.0,0.0,,0.0325
Florian Neuhaus,M'Gladbach,22.0,MF,2356.0,4.0,2.0,,17.0
Alassane Plea,M'Gladbach,26.0,FW,2143.0,10.0,10.0,,35.0
Raffael,M'Gladbach,34.0,MF,64.0,0.0,0.0,,0.0007
Yann Sommer,M'Gladbach,30.0,GK,3060.0,0.0,0.0,,9.0
Lars Stindl,M'Gladbach,30.0,"MF,FW",1432.0,9.0,3.0,,6.0
Tobias Strobl,M'Gladbach,29.0,"MF,DF",615.0,0.0,0.0,,3.0
Marcus Thuram,M'Gladbach,21.0,FW,2202.0,10.0,8.0,,22.0
Ibrahima TraorĂ©,M'Gladbach,31.0,FW,152.0,0.0,1.0,,0.08
Oscar Wendt,M'Gladbach,33.0,DF,1680.0,2.0,2.0,,1.0
Denis Zakaria,M'Gladbach,22.0,MF,1947.0,2.0,2.0,,36.0
IsmaĂ«l Bennacer,Milan,21.0,MF,2485.0,1.0,0.0,,17.0
Lucas Biglia,Milan,33.0,MF,685.0,0.0,1.0,,2.0
Giacomo Bonaventura,Milan,29.0,"MF,FW",1338.0,3.0,5.0,,9.0
Fabio Borini,Milan,28.0,"MF,FW",70.0,0.0,0.0,,4.0
Marco Brescianini,Milan,19.0,MF,25.0,0.0,0.0,,0.01
Davide Calabria,Milan,22.0,DF,1622.0,1.0,1.0,,9.0
Hakan Ă‡alhanoÄźlu,Milan,25.0,"MF,FW",2704.0,9.0,9.0,,30.0
Samu Castillejo,Milan,24.0,"FW,MF",1209.0,2.0,3.0,,11.0
Andrea Conti,Milan,25.0,DF,1725.0,0.0,2.0,,12.0
Gianluigi Donnarumma,Milan,20.0,GK,3201.0,0.0,0.0,,49.0
LĂ©o Duarte,Milan,23.0,DF,405.0,0.0,0.0,,6.0
Matteo Gabbia,Milan,19.0,DF,680.0,0.0,0.0,,2.0
Theo HernĂˇndez,Milan,21.0,DF,2817.0,6.0,3.0,,32.0
Zlatan Ibrahimovic,Milan,37.0,FW,1362.0,10.0,5.0,,3.5
Franck KessiĂ©,Milan,22.0,MF,2904.0,4.0,1.0,,20.0
Simon KjĂ¦r,Milan,30.0,DF,1240.0,0.0,0.0,,7.0
Rade KruniÄ‡,Milan,25.0,MF,537.0,0.0,1.0,,6.5
Diego Laxalt,Milan,26.0,DF,172.0,0.0,0.0,,5.0
Rafael LeĂŁo,Milan,20.0,FW,1404.0,6.0,1.0,,20.0
Daniel Maldini,Milan,17.0,FW,27.0,0.0,0.0,,0.03
Mateo Musacchio,Milan,28.0,DF,1466.0,0.0,0.0,,9.0
Lucas PaquetĂˇ,Milan,21.0,"MF,FW",1103.0,0.0,1.0,,22.0
Krzysztof PiÄ…tek,Milan,24.0,FW,1183.0,4.0,0.0,,21.5
Ante RebiÄ‡,Milan,25.0,FW,1395.0,11.0,3.0,,32.0
Pepe Reina,Milan,36.0,GK,90.0,0.0,0.0,,0.065
Ricardo RodrĂ­guez,Milan,26.0,DF,386.0,0.0,0.0,,5.0
Alessio Romagnoli,Milan,24.0,DF,3091.0,1.0,0.0,,36.0
Alexis Saelemaekers,Milan,20.0,"FW,MF",684.0,1.0,0.0,,6.0
AndrĂ© Silva,Milan,23.0,FW,60.0,0.0,0.0,,16.0
Suso,Milan,25.0,"FW,MF",1359.0,1.0,2.0,,20.0
Ruben Aguilar,Monaco,26.0,DF,1072.0,0.0,2.0,,6.0
Jean-KĂ©vin Augustin,Monaco,22.0,FW,266.0,0.0,0.0,,9.0
TiemouĂ© Bakayoko,Monaco,24.0,MF,1719.0,1.0,2.0,,25.0
Keita BaldĂ©,Monaco,24.0,"FW,MF",858.0,4.0,1.0,,16.0
FodĂ© Ballo-TourĂ©,Monaco,22.0,DF,1679.0,0.0,0.0,,6.0
Gil BastiĂŁo Dias,Monaco,22.0,"DF,MF",1057.0,0.0,0.0,,3.2
Wissam Ben Yedder,Monaco,28.0,FW,2164.0,18.0,4.0,,40.0
Gabriel Boschilia,Monaco,23.0,"MF,FW",130.0,0.0,0.0,,2.0
Cesc FĂ bregas,Monaco,32.0,MF,930.0,0.0,3.0,,6.0
Youssouf Fofana,Monaco,20.0,MF,610.0,0.0,2.0,,11.0
Lyle Foster,Monaco,18.0,FW,62.0,0.0,0.0,,1.0
Kamil Glik,Monaco,31.0,DF,2070.0,1.0,0.0,,4.0
Aleksandr Golovin,Monaco,23.0,MF,2061.0,3.0,4.0,,20.0
Benjamin Henrichs,Monaco,22.0,"DF,MF",890.0,0.0,0.0,,12.0
Jemerson,Monaco,26.0,"DF,MF",1056.0,0.0,0.0,,4.0
Stevan JovetiÄ‡,Monaco,29.0,"FW,MF",473.0,2.0,0.0,,6.5
Benjamin Lecomte,Monaco,28.0,GK,2520.0,0.0,0.0,,11.0
Rony Lopes,Monaco,23.0,FW,80.0,0.0,0.0,,10.0
Guillermo MaripĂˇn,Monaco,25.0,DF,1753.0,2.0,0.0,,11.0
Gelson Martins,Monaco,24.0,"DF,FW",1674.0,4.0,1.0,,20.0
BenoĂ®t Mukinayi,Monaco,18.0,DF,1411.0,0.0,0.0,,25.0
Henry Onyekuru,Monaco,22.0,"FW,MF",160.0,0.0,1.0,,8.0
Jonathan Panzo,Monaco,18.0,DF,107.0,0.0,0.0,,2.0
Adrien Silva,Monaco,30.0,MF,1221.0,0.0,2.0,,8.0
Islam Slimani,Monaco,31.0,FW,1285.0,9.0,7.0,,6.0
Moussa Sylla,Monaco,19.0,FW,10.0,0.0,0.0,,2.0
AurĂ©lien TchouamĂ©ni,Monaco,19.0,MF,65.0,0.0,0.0,,15.0
Adama TraorĂ©,Monaco,24.0,MF,25.0,0.0,0.0,,25.0
Bastian Badu,Montpellier,19.0,FW,9.0,0.0,0.0,,0.035
Dimitry Bertaud,Montpellier,21.0,GK,196.0,0.0,0.0,,0.09
Bilal Boutobba,Montpellier,20.0,"MF,DF",5.0,0.0,0.0,,0.045
Souleymane Camara,Montpellier,36.0,"FW,MF",163.0,0.0,0.0,,0.02
Matis Carvalho,Montpellier,20.0,GK,72.0,0.0,0.0,,0.015
Joris Chotard,Montpellier,17.0,MF,1251.0,0.0,0.0,,6.0
Daniel CongrĂ©,Montpellier,34.0,DF,1941.0,0.0,1.0,,0.04
Nicolas Cozza,Montpellier,20.0,DF,556.0,0.0,0.0,,3.0
Andy Delort,Montpellier,27.0,FW,2280.0,9.0,3.0,,10.0
Keagan Dolly,Montpellier,26.0,MF,148.0,0.0,0.0,,0.095
Jordan Ferri,Montpellier,27.0,MF,1150.0,0.0,0.0,,2.0
Vitorino Hilton,Montpellier,41.0,DF,2510.0,0.0,2.0,,0.0001
Yun Il-lok,Montpellier,27.0,"MF,FW",121.0,0.0,0.0,,0.0009
GaĂ«tan Laborde,Montpellier,25.0,FW,2237.0,6.0,5.0,,8.0
Damien Le Tallec,Montpellier,29.0,"MF,DF",2458.0,2.0,0.0,,3.0
Pedro Mendes,Montpellier,28.0,DF,1376.0,1.0,0.0,,4.0
Florent Mollet,Montpellier,27.0,MF,1684.0,6.0,3.0,,7.0
Ambroise Oyongo,Montpellier,28.0,DF,1821.0,0.0,0.0,,2.0
Mihailo RistiÄ‡,Montpellier,23.0,"DF,MF",811.0,0.0,2.0,,2.0
GerĂłnimo Rulli,Montpellier,27.0,GK,2250.0,0.0,0.0,,5.0
Junior Sambia,Montpellier,22.0,"DF,MF",587.0,1.0,1.0,,2.0
TĂ©ji Savanier,Montpellier,27.0,MF,1524.0,6.0,2.0,,9.0
Petar Skuletic,Montpellier,29.0,FW,106.0,0.0,0.0,,0.0005
Arnaud Souquet,Montpellier,27.0,DF,2016.0,2.0,0.0,,4.0
MathĂ­as SuĂˇrez,Montpellier,23.0,DF,60.0,0.0,0.0,,1.0
Thibaut Vargas,Montpellier,19.0,"DF,MF",151.0,0.0,0.0,,0.025
ClĂ©ment Vidal,Montpellier,19.0,DF,90.0,0.0,0.0,,0.045
Sofiane Alakouch,NĂ®mes,21.0,DF,1400.0,0.0,0.0,,3.0
Sami Ben Amar,NĂ®mes,21.0,FW,14.0,0.0,0.0,,0.035
Yassine Benrahou,NĂ®mes,20.0,"MF,FW",762.0,2.0,3.0,,2.0
Paul Bernardoni,NĂ®mes,22.0,GK,2203.0,0.0,0.0,,5.0
Antonin Bobichon,NĂ®mes,23.0,MF,180.0,0.0,0.0,,2.0
Anthony BrianĂ§on,NĂ®mes,24.0,DF,1737.0,1.0,0.0,,3.5
Lucas BuadĂ©s,NĂ®mes,21.0,FW,121.0,0.0,0.0,,0.0003
Lucas Deaux,NĂ®mes,30.0,MF,1335.0,2.0,1.0,,1.0
Kevin Denkey,NĂ®mes,18.0,FW,603.0,3.0,1.0,,2.5
Lucas Dias,NĂ®mes,20.0,GK,317.0,0.0,0.0,,0.0625
Haris DuljeviÄ‡,NĂ®mes,25.0,"FW,MF",520.0,0.0,3.0,,0.0008
Zinedine Ferhat,NĂ®mes,26.0,"FW,MF",2246.0,3.0,4.0,,2.0
Lamine Fomba,NĂ®mes,21.0,MF,1373.0,0.0,0.0,,3.0
Moussa KonĂ©,NĂ®mes,22.0,FW,140.0,2.0,0.0,,2.0
LoĂŻck Landre,NĂ®mes,27.0,DF,929.0,1.0,0.0,,1.0
Pablo Martinez,NĂ®mes,30.0,DF,2339.0,2.0,1.0,,2.0
Florian Miguel,NĂ®mes,22.0,DF,2056.0,1.0,0.0,,1.0
GaĂ«tan Paquiez,NĂ®mes,25.0,DF,1530.0,0.0,0.0,,0.08
Romain Philippoteaux,NĂ®mes,31.0,"FW,MF",1994.0,5.0,2.0,,0.08
Renaud Ripart,NĂ®mes,26.0,"FW,DF",2027.0,4.0,2.0,,3.0
Nolan Roux,NĂ®mes,31.0,FW,584.0,2.0,0.0,,1.0
ThĂ©o Sainte-Luce,NĂ®mes,20.0,"DF,FW",22.0,0.0,0.0,,0.03
Sidy Sarr,NĂ®mes,23.0,MF,1165.0,0.0,2.0,,2.0
Vlatko Stojanovski,NĂ®mes,22.0,FW,123.0,0.0,0.0,,0.04
Pierrick Valdivia,NĂ®mes,31.0,MF,68.0,0.0,0.0,,0.0475
Antoine Valerio,NĂ®mes,19.0,MF,87.0,0.0,0.0,,0.2
Theo Valls,NĂ®mes,23.0,MF,1632.0,1.0,1.0,,2.0
Mehdi Abeid,Nantes,26.0,MF,1817.0,1.0,2.0,,2.0
Dennis Appiah,Nantes,27.0,DF,1605.0,0.0,0.0,,1.0
Thomas Basila,Nantes,20.0,DF,415.0,0.0,0.0,,1.0
Cristian Benavente,Nantes,25.0,"MF,FW",349.0,0.0,1.0,,3.0
Ludovic Blas,Nantes,21.0,"FW,MF",1845.0,5.0,1.0,,8.0
Marcus Coco,Nantes,23.0,FW,14.0,0.0,0.0,,2.0
Kalifa Coulibaly,Nantes,27.0,FW,1616.0,4.0,0.0,,4.0
Renaud Emond,Nantes,27.0,"FW,MF",292.0,0.0,0.0,,3.0
FĂˇbio,Nantes,29.0,DF,834.0,0.0,0.0,,2.5
Andrei Girotto,Nantes,27.0,DF,2177.0,1.0,0.0,,4.0
JosuĂ© Homawoo,Nantes,21.0,DF,45.0,0.0,0.0,,0.015
Abdoul Kader Bamba,Nantes,25.0,"FW,MF",1468.0,1.0,3.0,,1.0
Rene Krhin,Nantes,29.0,"DF,MF",327.0,0.0,0.0,,1.0
Alban Lafont,Nantes,20.0,GK,2430.0,0.0,0.0,,11.0
Lucas Lima,Nantes,27.0,"FW,DF",270.0,0.0,0.0,,5.0
Anthony Limbombe,Nantes,25.0,"FW,MF",151.0,1.0,0.0,,4.0
Imran Louza,Nantes,20.0,"MF,FW",2009.0,2.0,2.0,,12.0
Wesley Moustache,Nantes,20.0,DF,45.0,0.0,0.0,,0.015
Samuel Moutoussamy,Nantes,22.0,"DF,FW",523.0,0.0,0.0,,3.0
Nicolas Pallois,Nantes,31.0,DF,1890.0,0.0,0.0,,2.0
Percy Prado,Nantes,23.0,DF,185.0,0.0,0.0,,0.03
Valentin Rongier,Nantes,24.0,MF,270.0,0.0,1.0,,16.0
Roli Pereira de Sa,Nantes,22.0,MF,6.0,0.0,0.0,,0.015
Moses Simon,Nantes,24.0,"FW,MF",2177.0,5.0,5.0,,6.0
Abdoulaye TourĂ©,Nantes,25.0,MF,2221.0,3.0,0.0,,8.0
Charles Traore,Nantes,27.0,DF,1738.0,0.0,1.0,,2.5
Molla WaguĂ©,Nantes,28.0,DF,682.0,0.0,0.0,,0.08
Elie Youan,Nantes,20.0,FW,163.0,0.0,0.0,,0.000725
Allan,Napoli,28.0,MF,1280.0,2.0,1.0,,25.0
JosĂ© CallejĂłn,Napoli,32.0,"FW,MF",2172.0,4.0,7.0,,9.0
Diego Demme,Napoli,27.0,MF,902.0,1.0,0.0,,13.0
Giovanni Di Lorenzo,Napoli,25.0,DF,2970.0,3.0,3.0,,16.0
Elif Elmas,Napoli,19.0,MF,1134.0,1.0,1.0,,18.0
Faouzi Ghoulam,Napoli,28.0,DF,376.0,0.0,1.0,,9.0
Elseid Hysaj,Napoli,25.0,DF,1481.0,1.0,2.0,,13.0
Lorenzo Insigne,Napoli,28.0,"FW,MF",2810.0,8.0,6.0,,48.0
Kalidou Koulibaly,Napoli,28.0,DF,2105.0,0.0,0.0,,56.0
Fernando Llorente,Napoli,34.0,FW,501.0,3.0,1.0,,4.0
Stanislav Lobotka,Napoli,24.0,MF,752.0,0.0,0.0,,16.0
Hirving Lozano,Napoli,24.0,FW,1025.0,4.0,1.0,,28.0
Sebastiano Luperto,Napoli,22.0,DF,529.0,0.0,0.0,,4.0
Nikola MaksimoviÄ‡,Napoli,27.0,DF,1799.0,1.0,1.0,,18.0
KĂ©vin Malcuit,Napoli,28.0,DF,256.0,0.0,0.0,,12.0
Kostas Manolas,Napoli,28.0,DF,2176.0,4.0,0.0,,32.0
Alex Meret,Napoli,22.0,GK,1951.0,0.0,0.0,,28.0
Dries Mertens,Napoli,32.0,FW,1689.0,9.0,7.0,,20.0
Arkadiusz Milik,Napoli,25.0,FW,1747.0,11.0,0.0,,32.0
David Ospina,Napoli,30.0,GK,1469.0,0.0,0.0,,2.0
Matteo Politano,Napoli,25.0,FW,743.0,2.0,2.0,,22.0
MĂˇrio Rui,Napoli,28.0,DF,1966.0,0.0,2.0,,12.0
FabiĂˇn Ruiz PeĂ±a,Napoli,23.0,MF,2684.0,3.0,6.0,,50.0
Amin Younes,Napoli,25.0,"FW,MF",176.0,1.0,0.0,,6.0
Piotr ZieliĹ„ski,Napoli,25.0,MF,2924.0,2.0,4.0,,32.0
Miguel AlmirĂłn,Newcastle Utd,25.0,"MF,FW",3021.0,4.0,2.0,,16.0
Christian Atsu,Newcastle Utd,27.0,"FW,MF",749.0,0.0,3.0,,4.0
Nabil Bentaleb,Newcastle Utd,24.0,MF,751.0,0.0,0.0,,4.0
Andy Carroll,Newcastle Utd,30.0,FW,632.0,0.0,4.0,,3.0
Ciaran Clark,Newcastle Utd,29.0,DF,1186.0,2.0,0.0,,4.0
Martin DĂşbravka,Newcastle Utd,30.0,GK,3420.0,0.0,0.0,,5.0
Paul Dummett,Newcastle Utd,27.0,DF,1228.0,0.0,0.0,,5.0
Federico FernĂˇndez,Newcastle Utd,30.0,DF,2620.0,2.0,2.0,,5.0
Dwight Gayle,Newcastle Utd,28.0,FW,850.0,4.0,2.0,,9.0
Isaac Hayden,Newcastle Utd,24.0,MF,2223.0,1.0,2.0,,8.0
Joelinton,Newcastle Utd,22.0,FW,2683.0,2.0,2.0,,20.0
Emil Krafth,Newcastle Utd,24.0,DF,1020.0,0.0,1.0,,4.0
Jamaal Lascelles,Newcastle Utd,25.0,DF,2076.0,1.0,0.0,,14.0
Valentino Lazaro,Newcastle Utd,23.0,"DF,MF",480.0,1.0,0.0,,15.0
Florian Lejeune,Newcastle Utd,28.0,DF,442.0,2.0,0.0,,4.0
Matthew Longstaff,Newcastle Utd,19.0,MF,575.0,2.0,0.0,,3.0
Sean Longstaff,Newcastle Utd,21.0,MF,1378.0,1.0,1.0,,17.0
Javier Manquillo,Newcastle Utd,25.0,DF,1599.0,0.0,1.0,,4.0
Yoshinori MutĹŤ,Newcastle Utd,27.0,"FW,MF",212.0,0.0,0.0,,3.0
Matt Ritchie,Newcastle Utd,29.0,"DF,MF",1315.0,2.0,1.0,,9.0
Danny Rose,Newcastle Utd,29.0,DF,863.0,0.0,0.0,,16.0
Allan Saint-Maximin,Newcastle Utd,22.0,"MF,FW",1863.0,3.0,4.0,,20.0
Fabian SchĂ¤r,Newcastle Utd,27.0,"DF,MF",1672.0,2.0,0.0,,13.0
Jonjo Shelvey,Newcastle Utd,27.0,MF,2119.0,6.0,2.0,,14.0
Jetro Willems,Newcastle Utd,25.0,DF,1493.0,2.0,2.0,,5.0
DeAndre Yedlin,Newcastle Utd,26.0,DF,938.0,1.0,0.0,,6.0
Youcef Attal,Nice,23.0,"FW,DF",1003.0,1.0,1.0,,20.0
Danilo Barbosa,Nice,23.0,"DF,MF",1122.0,0.0,0.0,,6.5
Walter BenĂ­tez,Nice,26.0,GK,2340.0,0.0,0.0,,8.0
Hicham Boudaoui,Nice,19.0,"MF,FW",490.0,1.0,2.0,,3.0
Patrick Burner,Nice,23.0,DF,1434.0,1.0,1.0,,3.0
Ibrahim CissĂ©,Nice,20.0,"DF,FW",50.0,0.0,0.0,,0.045
Alexis Claude-Maurice,Nice,21.0,"MF,FW",1629.0,1.0,1.0,,8.0
Yannis Clementia,Nice,22.0,GK,180.0,0.0,0.0,,0.095
Racine Coly,Nice,23.0,DF,649.0,1.0,0.0,,2.0
Wylan Cyprien,Nice,24.0,MF,1772.0,7.0,3.0,,14.0
Dante,Nice,35.0,DF,1890.0,1.0,0.0,,1.0
Kasper Dolberg,Nice,21.0,FW,1888.0,11.0,3.0,,16.0
Riza Durmisi,Nice,25.0,DF,160.0,0.0,0.0,,2.0
Ignatius Ganago,Nice,20.0,"FW,MF",1239.0,3.0,1.0,,3.0
Christophe HĂ©relle,Nice,26.0,DF,1103.0,3.0,0.0,,5.0
MickaĂ«l Le Bihan,Nice,29.0,FW,100.0,0.0,1.0,,0.0725
Pierre Lees-Melou,Nice,26.0,MF,2252.0,5.0,6.0,,8.0
Gautier Lloris,Nice,24.0,DF,270.0,0.0,0.0,,0.0325
Arnaud Lusamba,Nice,22.0,"MF,FW",982.0,1.0,2.0,,2.0
Myziane Maolida,Nice,20.0,"FW,MF",675.0,1.0,2.0,,7.0
Stanley N'Soki,Nice,20.0,DF,1273.0,0.0,1.0,,8.0
Adam Ounas,Nice,22.0,"MF,FW",1123.0,2.0,4.0,,8.0
Andy Pelmard,Nice,19.0,DF,766.0,0.0,0.0,,3.0
Ihsan Sacko,Nice,22.0,FW,145.0,0.0,0.0,,1.0
Malang Sarr,Nice,20.0,DF,1454.0,1.0,0.0,,16.0
Bassem Srarfi,Nice,22.0,"FW,DF",133.0,0.0,0.0,,1.0
Eddy Sylvestre,Nice,19.0,MF,37.0,0.0,0.0,,0.03
Adrien Tameze,Nice,25.0,MF,519.0,1.0,0.0,,4.5
KhĂ©phren Thuram-Ulie,Nice,18.0,MF,590.0,0.0,0.0,,5.5
Moussa WaguĂ©,Nice,20.0,DF,200.0,0.0,2.0,,6.0
RĂ©mi Walter,Nice,24.0,MF,53.0,0.0,0.0,,1.0
Max Aarons,Norwich City,19.0,DF,3240.0,0.0,1.0,,20.0
Ibrahim Amadou,Norwich City,26.0,"DF,MF",759.0,0.0,0.0,,5.0
Emi BuendĂ­a,Norwich City,22.0,"FW,MF",2464.0,1.0,7.0,,14.0
Sam Byram,Norwich City,25.0,DF,1293.0,0.0,0.0,,2.0
Todd Cantwell,Norwich City,21.0,"FW,MF",2489.0,6.0,2.0,,20.0
Josip DrmiÄ‡,Norwich City,26.0,"FW,MF",647.0,1.0,0.0,,1.0
Ondrej Duda,Norwich City,24.0,MF,724.0,0.0,0.0,,10.0
Ralf FĂ¤hrmann,Norwich City,30.0,GK,21.0,0.0,0.0,,1.0
Akin Famewo,Norwich City,20.0,MF,1.0,0.0,0.0,,0.0025
Ben Godfrey,Norwich City,21.0,DF,2644.0,0.0,0.0,,11.0
Grant Hanley,Norwich City,27.0,DF,1262.0,0.0,0.0,,2.0
Onel HernĂˇndez,Norwich City,26.0,"FW,MF",1384.0,1.0,2.0,,3.0
Adam Idah,Norwich City,18.0,"FW,MF",228.0,0.0,0.0,,2.0
Timm Klose,Norwich City,31.0,DF,585.0,0.0,0.0,,2.0
Tim Krul,Norwich City,31.0,GK,3240.0,0.0,0.0,,3.0
Moritz Leitner,Norwich City,26.0,MF,685.0,0.0,0.0,,2.0
Jamal Lewis,Norwich City,21.0,DF,2304.0,1.0,0.0,,11.0
Josh Martin,Norwich City,17.0,FW,37.0,0.0,0.0,,1.2
Michael McGovern,Norwich City,35.0,GK,159.0,0.0,0.0,,0.03
Kenny McLean,Norwich City,27.0,MF,2968.0,1.0,1.0,,3.0
Teemu Pukki,Norwich City,29.0,FW,2886.0,11.0,3.0,,8.0
Patrick Roberts,Norwich City,22.0,"MF,FW",26.0,0.0,0.0,,2.0
Lukas Rupp,Norwich City,28.0,"FW,MF",695.0,0.0,0.0,,2.0
Dennis Srbeny,Norwich City,25.0,"MF,FW",47.0,1.0,0.0,,0.08
Marco Stiepermann,Norwich City,28.0,MF,1180.0,0.0,0.0,,3.0
Alexander Tettey,Norwich City,33.0,"MF,DF",2338.0,1.0,1.0,,1.0
Tom Trybull,Norwich City,26.0,MF,1130.0,0.0,0.0,,3.0
Mario VranÄŤiÄ‡,Norwich City,30.0,MF,636.0,1.0,0.0,,1.5
Christoph Zimmermann,Norwich City,26.0,DF,1430.0,0.0,1.0,,2.0
JosĂ© Arnaiz,Osasuna,24.0,"FW,MF",791.0,2.0,1.0,,2.0
Ezequiel Ăvila,Osasuna,25.0,FW,1591.0,9.0,2.0,,10.0
Kike Barja,Osasuna,22.0,"MF,FW",313.0,0.0,1.0,,0.08
Brandon,Osasuna,24.0,FW,406.0,0.0,1.0,,1.2
Darko BraĹˇanac,Osasuna,27.0,MF,2245.0,0.0,1.0,,2.0
Marc Cardona,Osasuna,24.0,FW,705.0,1.0,2.0,,1.0
Pervis EstupiĂ±Ăˇn,Osasuna,21.0,DF,2979.0,1.0,5.0,,6.0
Enric Gallego,Osasuna,32.0,FW,880.0,3.0,0.0,,1.0
David GarcĂ­a,Osasuna,25.0,DF,2793.0,0.0,0.0,,2.0
RubĂ©n GarcĂ­a,Osasuna,26.0,"MF,FW",2188.0,8.0,2.0,,0.02
Unai GarcĂ­a,Osasuna,27.0,DF,536.0,1.0,0.0,,0.08
Aridane HernĂˇndez,Osasuna,30.0,DF,2610.0,3.0,0.0,,3.0
Sergio Herrera,Osasuna,26.0,GK,1655.0,0.0,0.0,,1.0
Robert IbĂˇĂ±ez,Osasuna,26.0,"MF,FW",537.0,1.0,0.0,,0.0006
Toni Lato,Osasuna,21.0,"DF,MF",470.0,1.0,0.0,,1.5
Lillo,Osasuna,30.0,DF,195.0,0.0,0.0,,0.0003
AdriĂˇn LĂłpez,Osasuna,31.0,"FW,MF",1443.0,2.0,0.0,,1.0
Javi MartĂ­nez,Osasuna,19.0,MF,10.0,0.0,0.0,,0.02
Fran MĂ©rida,Osasuna,29.0,MF,1161.0,0.0,1.0,,1.0
Jon Moncayola,Osasuna,21.0,"MF,DF",1496.0,1.0,0.0,,2.0
RaĂşl Navas,Osasuna,31.0,DF,711.0,0.0,0.0,,1.0
Aimar Oroz,Osasuna,17.0,FW,11.0,0.0,0.0,,0.01
Luis Perea,Osasuna,21.0,"FW,MF",21.0,0.0,0.0,,0.04
IĂ±igo PĂ©rez,Osasuna,31.0,MF,1082.0,2.0,1.0,,0.0475
Juan PĂ©rez,Osasuna,23.0,GK,180.0,0.0,0.0,,0.04
Facundo Roncaglia,Osasuna,32.0,DF,1277.0,1.0,0.0,,1.0
RubĂ©n,Osasuna,35.0,GK,1583.0,0.0,0.0,,0.0005
Oier Sanjurjo,Osasuna,33.0,MF,2320.0,2.0,1.0,,0.0008
Roberto Torres,Osasuna,30.0,"MF,FW",2717.0,7.0,8.0,,4.0
Nacho Vidal,Osasuna,24.0,DF,2332.0,0.0,0.0,,2.0
Juan Villar,Osasuna,31.0,FW,240.0,1.0,0.0,,0.065
Christopher Antwi-Adjei,Paderborn 07,25.0,"MF,FW",2470.0,1.0,2.0,,1.0
Jamilu Collins,Paderborn 07,24.0,DF,2668.0,1.0,2.0,,2.0
Mohamed DrĂ¤ger,Paderborn 07,23.0,DF,1455.0,1.0,3.0,,1.0
Antony Evans,Paderborn 07,20.0,"MF,DF",156.0,0.0,0.0,,0.035
Samuel Fridjonsson,Paderborn 07,23.0,MF,192.0,0.0,0.0,,0.0004
Klaus Gjasula,Paderborn 07,29.0,MF,2280.0,2.0,1.0,,0.0725
Gerrit Holtmann,Paderborn 07,24.0,"MF,DF",1065.0,1.0,0.0,,1.0
Uwe HĂĽnemeier,Paderborn 07,33.0,DF,1209.0,1.0,0.0,,0.0325
Jannik Huth,Paderborn 07,25.0,GK,540.0,0.0,0.0,,0.06
Laurent Jans,Paderborn 07,26.0,DF,1571.0,0.0,1.0,,0.055
Dennis Jastrzembski,Paderborn 07,19.0,"DF,MF",177.0,0.0,0.0,,0.045
Luca Kilian,Paderborn 07,19.0,DF,1261.0,0.0,0.0,,1.0
Streli Mamba,Paderborn 07,25.0,FW,1521.0,5.0,2.0,,1.0
Sven Michel,Paderborn 07,29.0,FW,1376.0,5.0,1.0,,1.0
Cauly Oliveira Souza,Paderborn 07,23.0,"MF,FW",717.0,2.0,0.0,,1.4
Kai PrĂ¶ger,Paderborn 07,27.0,"MF,FW",2079.0,2.0,6.0,,1.0
Marlon Ritter,Paderborn 07,24.0,MF,435.0,0.0,1.0,,0.04
Abdelhamid Sabiri,Paderborn 07,22.0,MF,1048.0,4.0,1.0,,1.0
Sebastian Schonlau,Paderborn 07,24.0,DF,2070.0,2.0,0.0,,1.0
Khiry Shelton,Paderborn 07,26.0,"FW,MF",34.0,0.0,0.0,,0.04
Dennis Srbeny,Paderborn 07,25.0,"FW,MF",1119.0,5.0,1.0,,0.08
Christian Strohdiek,Paderborn 07,31.0,DF,1363.0,1.0,2.0,,0.0475
Sebastian Vasiliadis,Paderborn 07,21.0,MF,2808.0,1.0,1.0,,3.0
Leopold Zingerle,Paderborn 07,25.0,GK,2520.0,0.0,0.0,,1.0
Ben Zolinski,Paderborn 07,27.0,"FW,MF",1210.0,3.0,2.0,,0.0725
Adil Aouchiche,Paris S-G,17.0,MF,64.0,0.0,0.0,,5.0
Alphonse Areola,Paris S-G,26.0,GK,270.0,0.0,0.0,,13.0
Mitchel Bakker,Paris S-G,19.0,DF,90.0,0.0,0.0,,0.09
Juan Bernat,Paris S-G,26.0,"DF,MF",1388.0,0.0,4.0,,16.0
Marcin Bulka,Paris S-G,19.0,GK,90.0,0.0,0.0,,0.0009
Edinson Cavani,Paris S-G,32.0,FW,605.0,4.0,1.0,,20.0
Colin Dagba,Paris S-G,20.0,DF,668.0,0.0,0.0,,16.0
Ăngel Di MarĂ­a,Paris S-G,31.0,"FW,MF",2000.0,8.0,14.0,,32.0
Abdou Diallo,Paris S-G,23.0,DF,1201.0,0.0,1.0,,28.0
Julian Draxler,Paris S-G,25.0,MF,686.0,0.0,4.0,,24.0
Idrissa Gana Gueye,Paris S-G,29.0,MF,1653.0,1.0,2.0,,24.0
Ander Herrera,Paris S-G,29.0,"MF,DF",547.0,1.0,1.0,,16.0
Mauro Icardi,Paris S-G,26.0,FW,1267.0,12.0,2.0,,60.0
Thilo Kehrer,Paris S-G,22.0,DF,480.0,1.0,0.0,,28.0
Presnel Kimpembe,Paris S-G,23.0,DF,1225.0,0.0,0.0,,28.0
Nianzou Kouassi,Paris S-G,17.0,"DF,MF",452.0,2.0,0.0,,11.0
Layvin Kurzawa,Paris S-G,26.0,DF,858.0,1.0,0.0,,12.0
Marquinhos,Paris S-G,25.0,"MF,DF",1476.0,3.0,1.0,,70.0
Eric Maxim Choupo-Moting,Paris S-G,30.0,"FW,MF",451.0,3.0,1.0,,4.0
Kylian MbappĂ©,Paris S-G,20.0,FW,1513.0,18.0,5.0,,180.0
LoĂŻc Mbe Soh,Paris S-G,18.0,DF,58.0,0.0,0.0,,4.0
Thomas Meunier,Paris S-G,27.0,DF,1242.0,0.0,1.0,,24.0
Keylor Navas,Paris S-G,32.0,GK,1890.0,0.0,0.0,,8.0
Neymar,Paris S-G,27.0,"MF,FW",1318.0,13.0,6.0,,128.0
Leandro Paredes,Paris S-G,25.0,MF,814.0,0.0,0.0,,20.0
Sergio Rico,Paris S-G,25.0,GK,180.0,0.0,0.0,,8.0
Pablo Sarabia,Paris S-G,27.0,"FW,MF",1164.0,4.0,3.0,,28.0
Thiago Silva,Paris S-G,34.0,DF,1571.0,0.0,0.0,,4.0
Marco Verratti,Paris S-G,26.0,MF,1482.0,0.0,5.0,,60.0
Arthur Zagre,Paris S-G,17.0,MF,25.0,0.0,0.0,,6.0
Bruno Alves,Parma,37.0,DF,2671.0,0.0,0.0,,0.08
Antonino BarillĂ ,Parma,31.0,MF,1688.0,1.0,2.0,,1.0
GastĂłn Brugman,Parma,26.0,MF,1458.0,0.0,2.0,,2.0
Gianluca Caprari,Parma,26.0,"FW,MF",589.0,2.0,0.0,,6.0
Simone Colombi,Parma,28.0,GK,360.0,0.0,0.0,,0.065
Andreas Cornelius,Parma,26.0,FW,1494.0,12.0,3.0,,8.0
Matteo Darmian,Parma,29.0,DF,2685.0,1.0,1.0,,6.0
Kastriot Dermaku,Parma,27.0,DF,1026.0,0.0,0.0,,0.08
Riccardo Gagliolo,Parma,29.0,DF,2604.0,3.0,2.0,,2.0
Gervinho,Parma,32.0,FW,2270.0,7.0,4.0,,5.0
Alberto Grassi,Parma,24.0,MF,641.0,1.0,1.0,,5.0
Hernani,Parma,25.0,MF,2419.0,0.0,4.0,,5.5
Simone Iacoponi,Parma,32.0,DF,3053.0,2.0,0.0,,1.0
Roberto Inglese,Parma,27.0,FW,766.0,4.0,0.0,,12.0
Yann Karamoh,Parma,21.0,"FW,MF",573.0,1.0,1.0,,9.0
Juraj Kucka,Parma,32.0,"MF,FW",1932.0,6.0,3.0,,4.0
Dejan Kulusevski,Parma,19.0,"FW,MF",2930.0,10.0,8.0,,31.0
Jasmin KurtiÄ‡,Parma,30.0,"MF,FW",1664.0,2.0,1.0,,3.5
Vincent Laurini,Parma,30.0,DF,884.0,0.0,2.0,,1.0
Giuseppe Pezzella,Parma,21.0,DF,949.0,0.0,0.0,,2.0
Vasco Regini,Parma,28.0,DF,51.0,0.0,0.0,,0.0725
Matteo Scozzarella,Parma,31.0,MF,920.0,0.0,3.0,,0.08
Luigi Sepe,Parma,28.0,GK,3060.0,0.0,0.0,,4.0
Luca Siligardi,Parma,31.0,"FW,MF",337.0,0.0,1.0,,0.055
Mattia Sprocati,Parma,26.0,FW,590.0,1.0,0.0,,1.0
Tyler Adams,RB Leipzig,20.0,"DF,MF",953.0,0.0,0.0,,11.0
Ethan Ampadu,RB Leipzig,18.0,DF,81.0,0.0,0.0,,9.0
AngeliĂ±o,RB Leipzig,22.0,DF,1095.0,1.0,2.0,,25.0
Matheus Cunha,RB Leipzig,20.0,"FW,MF",279.0,0.0,1.0,,13.0
Diego Demme,RB Leipzig,27.0,MF,1211.0,0.0,0.0,,13.0
Emil Forsberg,RB Leipzig,27.0,"MF,FW",1141.0,5.0,2.0,,22.0
PĂ©ter GulĂˇcsi,RB Leipzig,29.0,GK,2880.0,0.0,1.0,,9.0
Amadou Haidara,RB Leipzig,21.0,MF,756.0,0.0,1.0,,15.0
Marcel Halstenberg,RB Leipzig,27.0,DF,2520.0,3.0,3.0,,17.0
Stefan Ilsanker,RB Leipzig,30.0,DF,418.0,0.0,0.0,,2.0
Kevin Kampl,RB Leipzig,28.0,MF,675.0,2.0,2.0,,17.0
Lukas Klostermann,RB Leipzig,23.0,DF,2643.0,3.0,1.0,,28.0
Ibrahima KonatĂ©,RB Leipzig,20.0,DF,569.0,0.0,0.0,,40.0
Tom KrauĂź,RB Leipzig,18.0,MF,4.0,0.0,0.0,,0.03
Konrad Laimer,RB Leipzig,22.0,MF,2115.0,2.0,6.0,,24.0
Ademola Lookman,RB Leipzig,21.0,"MF,FW",309.0,0.0,0.0,,13.0
Nordi Mukiele,RB Leipzig,21.0,DF,1783.0,3.0,1.0,,20.0
Yvon Mvogo,RB Leipzig,25.0,GK,180.0,0.0,0.0,,2.0
Christopher Nkunku,RB Leipzig,21.0,"MF,FW",1925.0,5.0,13.0,,28.0
Dani Olmo,RB Leipzig,21.0,"MF,FW",747.0,3.0,1.0,,33.0
Willi Orban,RB Leipzig,26.0,DF,856.0,1.0,0.0,,16.0
Yussuf Poulsen,RB Leipzig,25.0,FW,1222.0,5.0,6.0,,24.0
Marcel Sabitzer,RB Leipzig,25.0,"MF,FW",2499.0,9.0,7.0,,32.0
Marcelo Saracchi,RB Leipzig,21.0,DF,179.0,1.0,0.0,,9.0
Patrik Schick,RB Leipzig,23.0,FW,1298.0,10.0,2.0,,20.0
Dayot Upamecano,RB Leipzig,20.0,DF,2357.0,0.0,1.0,,45.0
Timo Werner,RB Leipzig,23.0,FW,2795.0,28.0,8.0,,64.0
Hannes Wolf,RB Leipzig,20.0,"FW,MF",58.0,0.0,0.0,,11.0
Alphonse Areola,Real Madrid,26.0,GK,360.0,0.0,0.0,,13.0
Marco Asensio,Real Madrid,23.0,FW,336.0,3.0,1.0,,32.0
Gareth Bale,Real Madrid,30.0,"FW,MF",1089.0,2.0,2.0,,32.0
Karim Benzema,Real Madrid,31.0,FW,3141.0,21.0,8.0,,32.0
Dani Carvajal,Real Madrid,27.0,DF,2738.0,1.0,5.0,,40.0
Casemiro,Real Madrid,27.0,MF,3088.0,4.0,3.0,,65.0
Thibaut Courtois,Real Madrid,27.0,GK,3060.0,0.0,0.0,,48.0
Brahim DĂ­az,Real Madrid,19.0,"FW,MF",65.0,0.0,0.0,,13.0
Eden Hazard,Real Madrid,28.0,"FW,MF",1077.0,1.0,3.0,,80.0
Isco,Real Madrid,27.0,"FW,MF",1181.0,1.0,2.0,,20.0
Luka JoviÄ‡,Real Madrid,21.0,FW,430.0,2.0,1.0,,22.0
Vinicius JĂşnior,Real Madrid,19.0,"FW,MF",1364.0,3.0,1.0,,50.0
Toni Kroos,Real Madrid,29.0,MF,2652.0,4.0,5.0,,48.0
Marcelo,Real Madrid,31.0,DF,1296.0,1.0,2.0,,12.0
Mariano,Real Madrid,25.0,FW,45.0,1.0,0.0,,12.0
Ferland Mendy,Real Madrid,24.0,DF,1809.0,1.0,3.0,,32.0
Ă‰der MilitĂŁo,Real Madrid,21.0,DF,1022.0,0.0,0.0,,36.0
Luka Modric,Real Madrid,33.0,MF,1996.0,3.0,7.0,,10.0
Nacho,Real Madrid,29.0,DF,439.0,1.0,0.0,,10.0
Ălvaro Odriozola,Real Madrid,23.0,DF,343.0,0.0,1.0,,16.0
Sergio Ramos,Real Madrid,33.0,DF,3013.0,11.0,0.0,,14.0
James RodrĂ­guez,Real Madrid,28.0,MF,419.0,1.0,1.0,,32.0
Rodrygo,Real Madrid,18.0,FW,1019.0,2.0,0.0,,45.0
Federico Valverde,Real Madrid,21.0,MF,1907.0,2.0,5.0,,54.0
RaphaĂ«l Varane,Real Madrid,26.0,DF,2822.0,3.0,1.0,,64.0
Lucas VĂˇzquez,Real Madrid,28.0,"MF,FW",848.0,2.0,1.0,,16.0
Miguel Ăngel MoyĂˇ,Real Sociedad,35.0,GK,1170.0,0.0,0.0,,1.0
Ander Barrenetxea,Real Sociedad,17.0,"FW,MF",442.0,0.0,0.0,,9.0
Aritz Elustondo,Real Sociedad,25.0,DF,1510.0,0.0,1.0,,8.0
Andoni Gorosabel,Real Sociedad,22.0,DF,714.0,0.0,0.0,,1.0
Ander Guevara,Real Sociedad,22.0,MF,939.0,0.0,0.0,,6.0
Asier Illarramendi,Real Sociedad,29.0,MF,216.0,0.0,0.0,,14.0
Alexander Isak,Real Sociedad,19.0,FW,1507.0,9.0,1.0,,22.0
Adnan Januzaj,Real Sociedad,24.0,"FW,MF",1167.0,3.0,3.0,,9.0
Willian JosĂ©,Real Sociedad,27.0,FW,2011.0,11.0,1.0,,24.0
Robin Le Normand,Real Sociedad,22.0,DF,2394.0,1.0,0.0,,12.0
Diego Llorente,Real Sociedad,25.0,DF,2327.0,1.0,1.0,,20.0
Roberto LĂłpez,Real Sociedad,19.0,MF,51.0,0.0,1.0,,0.09
Mikel Merino,Real Sociedad,23.0,MF,3139.0,5.0,1.0,,24.0
Nacho Monreal,Real Sociedad,33.0,DF,2390.0,2.0,0.0,,3.0
Aihen MuĂ±oz,Real Sociedad,21.0,DF,981.0,0.0,0.0,,4.0
Mikel Oyarzabal,Real Sociedad,22.0,"FW,MF",3051.0,10.0,11.0,,48.0
Jon Pacheco,Real Sociedad,18.0,DF,77.0,0.0,0.0,,0.02
Portu,Real Sociedad,27.0,"FW,MF",2393.0,7.0,7.0,,16.0
Ălex Remiro,Real Sociedad,24.0,GK,2250.0,0.0,0.0,,12.0
KĂ©vin Rodrigues,Real Sociedad,25.0,DF,6.0,0.0,0.0,,2.0
Luca Sangalli,Real Sociedad,24.0,MF,372.0,0.0,1.0,,2.0
Joseba Zaldua,Real Sociedad,27.0,DF,2545.0,0.0,2.0,,10.0
Igor Zubeldia,Real Sociedad,22.0,"MF,DF",2640.0,0.0,1.0,,24.0
MartĂ­n Zubimendi,Real Sociedad,20.0,MF,524.0,0.0,0.0,,0.025
David Zurutuza,Real Sociedad,33.0,MF,157.0,0.0,0.0,,1.0
Martin Ădegaard,Real Sociedad,20.0,MF,2527.0,4.0,6.0,,45.0
Yunis Abdelhamid,Reims,31.0,DF,2520.0,3.0,0.0,,2.0
El Bilal TourĂ©,Reims,17.0,FW,453.0,3.0,0.0,,2.0
Mathieu Cafaro,Reims,22.0,"FW,MF",924.0,1.0,2.0,,6.0
Moreto CassamĂŁ,Reims,21.0,MF,592.0,0.0,1.0,,2.5
Xavier Chavalerin,Reims,28.0,MF,2147.0,1.0,3.0,,4.0
Boulaye Dia,Reims,22.0,FW,1812.0,7.0,1.0,,4.0
Tristan DingomĂ©,Reims,28.0,MF,892.0,0.0,1.0,,1.0
Axel Disasi,Reims,21.0,DF,2430.0,1.0,0.0,,7.0
Anastasios Donis,Reims,22.0,"FW,MF",609.0,0.0,0.0,,2.0
Moussa Doumbia,Reims,24.0,"FW,MF",1718.0,2.0,1.0,,2.0
Thomas Foket,Reims,24.0,DF,2430.0,0.0,1.0,,4.0
Suk Hyun-jun,Reims,28.0,"FW,MF",262.0,1.0,1.0,,1.4
Hassane Kamara,Reims,24.0,"DF,FW",1709.0,2.0,0.0,,4.0
Ghislain Konan,Reims,23.0,DF,1333.0,0.0,1.0,,5.0
Dereck Kutesa,Reims,21.0,"FW,MF",528.0,1.0,0.0,,1.0
Nicolas LemaĂ®tre,Reims,22.0,GK,90.0,0.0,0.0,,0.0325
Dario Maresic,Reims,19.0,DF,90.0,0.0,0.0,,2.0
Nathanael Mbuku,Reims,17.0,"MF,FW",395.0,0.0,0.0,,5.0
Marshall Munetsi,Reims,23.0,MF,838.0,0.0,2.0,,0.08
TimothĂ©e Nkada,Reims,20.0,"FW,MF",148.0,0.0,0.0,,0.0003
Remi Oudin,Reims,22.0,"FW,MF",1397.0,3.0,2.0,,7.0
Predrag RajkoviÄ‡,Reims,23.0,GK,2430.0,0.0,0.0,,9.0
Alaixys Romao,Reims,35.0,MF,1781.0,0.0,0.0,,0.0325
Kaj Sierhuis,Reims,21.0,FW,12.0,0.0,0.0,,2.0
Sambou Sissoko,Reims,20.0,"MF,FW",32.0,0.0,0.0,,0.045
Arber Zeneli,Reims,24.0,MF,6.0,0.0,0.0,,5.0
Sacha Boey,Rennes,18.0,DF,172.0,0.0,0.0,,1.0
Benjamin Bourigeaud,Rennes,25.0,MF,1903.0,2.0,2.0,,12.0
Eduardo Camavinga,Rennes,16.0,MF,2107.0,1.0,2.0,,37.0
Lucas Da Cunha,Rennes,18.0,MF,72.0,0.0,0.0,,1.0
Damien Da Silva,Rennes,31.0,DF,2244.0,1.0,2.0,,4.0
Romain Del Castillo,Rennes,23.0,"FW,MF",1242.0,2.0,5.0,,4.0
Raphael Dias Belloli,Rennes,22.0,"MF,FW",1690.0,5.0,3.0,,18.0
Souleyman Doumbia,Rennes,22.0,DF,90.0,0.0,0.0,,1.0
Yann Gboho,Rennes,18.0,FW,226.0,1.0,1.0,,2.0
JĂ©rĂ©my GĂ©lin,Rennes,22.0,"DF,MF",924.0,0.0,0.0,,4.0
Joris Gnagnon,Rennes,22.0,DF,1278.0,0.0,1.0,,4.0
ClĂ©ment Grenier,Rennes,28.0,MF,839.0,1.0,0.0,,5.0
Rafik Guitane,Rennes,20.0,"MF,DF",16.0,0.0,0.0,,2.0
Adrien Hunou,Rennes,25.0,"FW,MF",1210.0,8.0,1.0,,4.0
James Lea Siliki,Rennes,23.0,MF,1079.0,0.0,0.0,,5.0
Faitout Maouassa,Rennes,21.0,DF,1803.0,3.0,1.0,,8.0
Jonas Martin,Rennes,29.0,MF,113.0,0.0,0.0,,2.0
Edouard Mendy,Rennes,27.0,GK,2160.0,0.0,0.0,,7.0
JĂ©rĂ©my Morel,Rennes,35.0,DF,1806.0,1.0,0.0,,0.025
M'Baye Niang,Rennes,24.0,FW,2126.0,10.0,0.0,,12.0
Gerzino Nyamsi,Rennes,22.0,DF,116.0,0.0,0.0,,1.0
Steven Nzonzi,Rennes,30.0,MF,386.0,0.0,0.0,,11.0
Romain Salin,Rennes,35.0,GK,360.0,0.0,0.0,,0.02
Theoson Siebatcheu,Rennes,23.0,FW,440.0,0.0,1.0,,3.5
Flavien Tait,Rennes,26.0,"MF,FW",885.0,2.0,2.0,,4.0
Hamari TraorĂ©,Rennes,27.0,DF,2411.0,0.0,5.0,,4.0
Mirko Antonucci,Roma,20.0,"FW,MF",82.0,0.0,0.0,,0.09
Bryan Cristante,Roma,24.0,MF,1616.0,1.0,3.0,,20.0
Amadou Diawara,Roma,22.0,MF,1518.0,1.0,1.0,,18.0
Edin DĹľeko,Roma,33.0,FW,2854.0,16.0,7.0,,10.0
Federico Fazio,Roma,32.0,DF,1213.0,1.0,0.0,,3.0
Alessandro Florenzi,Roma,28.0,"DF,FW",997.0,0.0,1.0,,16.0
Daniel Fuzato,Roma,22.0,GK,90.0,0.0,0.0,,0.04
Roger Ibanez,Roma,20.0,DF,614.0,0.0,0.0,,15.0
Juan Jesus,Roma,28.0,DF,139.0,0.0,0.0,,3.5
Nikola KaliniÄ‡,Roma,31.0,FW,571.0,5.0,1.0,,5.5
Justin Kluivert,Roma,20.0,FW,1514.0,4.0,1.0,,22.0
Aleksandar Kolarov,Roma,33.0,DF,2732.0,7.0,3.0,,6.0
Pau LĂłpez,Roma,24.0,GK,2880.0,0.0,0.0,,19.0
Gianluca Mancini,Roma,23.0,"DF,MF",2740.0,1.0,0.0,,22.0
YÄ±ldÄ±rÄ±m Mert Ă‡etin,Roma,22.0,DF,257.0,0.0,0.0,,4.0
Antonio Mirante,Roma,36.0,GK,450.0,0.0,0.0,,0.065
Henrikh Mkhitaryan,Roma,30.0,"MF,FW",1530.0,9.0,5.0,,20.0
Javier Pastore,Roma,30.0,MF,514.0,0.0,1.0,,8.0
Lorenzo Pellegrini,Roma,23.0,MF,2097.0,1.0,9.0,,32.0
Bruno Peres,Roma,29.0,DF,1056.0,2.0,2.0,,2.0
Carles PĂ©rez,Roma,21.0,"FW,MF",566.0,1.0,3.0,,9.0
Diego Perotti,Roma,31.0,"FW,MF",875.0,5.0,3.0,,6.0
Davide Santon,Roma,28.0,DF,619.0,0.0,0.0,,4.0
Chris Smalling,Roma,29.0,DF,2566.0,3.0,2.0,,16.0
Leonardo Spinazzola,Roma,26.0,DF,1548.0,1.0,2.0,,14.0
Cengiz Ăśnder,Roma,22.0,FW,873.0,3.0,0.0,,24.0
Jordan Veretout,Roma,26.0,MF,2629.0,6.0,0.0,,20.0
Gonzalo Villar,Roma,21.0,MF,299.0,0.0,0.0,,2.0
NicolĂ˛ Zaniolo,Roma,20.0,"FW,MF",1503.0,6.0,2.0,,45.0
Davide Zappacosta,Roma,27.0,DF,452.0,0.0,1.0,,12.0
Charles Abi,Saint-Ă‰tienne,19.0,FW,623.0,0.0,0.0,,1.0
Jean-Eudes Aholou,Saint-Ă‰tienne,25.0,MF,630.0,1.0,1.0,,4.0
Stefan Bajic,Saint-Ă‰tienne,17.0,GK,90.0,0.0,0.0,,0.03
Bilal Benkhedim,Saint-Ă‰tienne,18.0,"MF,FW",132.0,0.0,0.0,,1.2
Robert BeriÄ‡,Saint-Ă‰tienne,28.0,"FW,MF",413.0,1.0,0.0,,2.4
Denis Bouanga,Saint-Ă‰tienne,24.0,"FW,DF",2042.0,10.0,3.0,,8.0
Ryad Boudebouz,Saint-Ă‰tienne,29.0,"MF,FW",1597.0,1.0,4.0,,2.0
Yohan Cabaye,Saint-Ă‰tienne,33.0,MF,858.0,0.0,1.0,,0.08
Mahdi Camara,Saint-Ă‰tienne,21.0,MF,901.0,0.0,0.0,,1.0
Mathieu Debuchy,Saint-Ă‰tienne,34.0,DF,1769.0,1.0,1.0,,2.0
Lois Diony,Saint-Ă‰tienne,26.0,FW,666.0,2.0,0.0,,2.2
Assane DioussĂ©,Saint-Ă‰tienne,21.0,MF,120.0,0.0,0.0,,2.0
Wesley Fofana,Saint-Ă‰tienne,18.0,DF,1215.0,1.0,0.0,,5.0
Romain Hamouma,Saint-Ă‰tienne,32.0,"FW,MF",865.0,6.0,1.0,,2.0
Franck Honorat,Saint-Ă‰tienne,22.0,"FW,DF",849.0,0.0,3.0,,1.0
Wahbi Khazri,Saint-Ă‰tienne,28.0,"FW,MF",1149.0,3.0,2.0,,7.0
TimothĂ©e Kolodziejczak,Saint-Ă‰tienne,27.0,DF,1305.0,0.0,0.0,,4.0
Yann M'Vila,Saint-Ă‰tienne,29.0,"MF,DF",1942.0,0.0,2.0,,6.0
Harold Moukoudi,Saint-Ă‰tienne,21.0,DF,990.0,0.0,0.0,,3.0
Jessy Moulin,Saint-Ă‰tienne,33.0,GK,450.0,0.0,0.0,,0.025
Arnaud Nordin,Saint-Ă‰tienne,21.0,FW,908.0,1.0,0.0,,4.0
Sergi Palencia,Saint-Ă‰tienne,23.0,DF,468.0,0.0,0.0,,2.0
LoĂŻc Perrin,Saint-Ă‰tienne,33.0,DF,1714.0,0.0,0.0,,1.0
Maxence Rivera,Saint-Ă‰tienne,17.0,MF,25.0,0.0,0.0,,0.015
StĂ©phane Ruffier,Saint-Ă‰tienne,32.0,GK,1980.0,0.0,0.0,,2.0
William Saliba,Saint-Ă‰tienne,18.0,DF,992.0,0.0,0.0,,22.0
Miguel Trauco,Saint-Ă‰tienne,26.0,DF,1476.0,1.0,2.0,,1.0
Zaydou Youssouf,Saint-Ă‰tienne,20.0,MF,1077.0,0.0,0.0,,7.0
Kristoffer Askildsen,Sampdoria,18.0,MF,76.0,1.0,0.0,,1.0
Emil Audero,Sampdoria,22.0,GK,3240.0,0.0,0.0,,12.0
Tommaso Augello,Sampdoria,24.0,DF,1135.0,0.0,2.0,,0.08
Ă‰dgar Barreto,Sampdoria,35.0,MF,90.0,0.0,0.0,,0.04
Bartosz BereszyĹ„ski,Sampdoria,27.0,DF,2402.0,0.0,0.0,,6.0
Andrea Bertolacci,Sampdoria,28.0,MF,534.0,0.0,0.0,,2.0
Federico Bonazzoli,Sampdoria,22.0,"FW,MF",744.0,6.0,0.0,,1.0
Gianluca Caprari,Sampdoria,26.0,"FW,MF",667.0,3.0,0.0,,6.0
Julian Chabot,Sampdoria,21.0,DF,569.0,1.0,0.0,,3.0
Omar Colley,Sampdoria,26.0,DF,2772.0,0.0,1.0,,5.0
Felice D'Amico,Sampdoria,18.0,MF,3.0,0.0,0.0,,0.025
Fabio Depaoli,Sampdoria,22.0,"MF,DF",1854.0,0.0,1.0,,4.0
Albin Ekdal,Sampdoria,30.0,MF,2385.0,0.0,2.0,,3.0
Wladimiro Falcone,Sampdoria,24.0,GK,180.0,0.0,0.0,,0.015
Alex Ferrari,Sampdoria,25.0,DF,1005.0,0.0,0.0,,2.0
Manolo Gabbiadini,Sampdoria,27.0,FW,2035.0,11.0,1.0,,9.0
Jakub Jankto,Sampdoria,23.0,MF,2095.0,2.0,4.0,,9.0
Antonino La Gumina,Sampdoria,23.0,FW,186.0,0.0,0.0,,3.0
Mehdi LĂ©ris,Sampdoria,21.0,"MF,FW",509.0,1.0,1.0,,2.0
Karol Linetty,Sampdoria,24.0,MF,2019.0,4.0,3.0,,11.0
Gonzalo Maroni,Sampdoria,20.0,MF,181.0,0.0,1.0,,4.0
Jeison Murillo,Sampdoria,27.0,DF,666.0,0.0,0.0,,6.0
Nicola Murru,Sampdoria,24.0,DF,2259.0,0.0,0.0,,5.0
Fabio Quagliarella,Sampdoria,36.0,FW,2275.0,11.0,3.0,,1.0
GastĂłn RamĂ­rez,Sampdoria,28.0,"MF,FW",1392.0,7.0,2.0,,6.0
Vasco Regini,Sampdoria,28.0,DF,174.0,0.0,0.0,,0.0725
Emiliano Rigoni,Sampdoria,26.0,"MF,FW",431.0,0.0,1.0,,6.0
Morten Thorsby,Sampdoria,23.0,"MF,DF",1865.0,1.0,1.0,,2.0
Lorenzo Tonelli,Sampdoria,29.0,DF,702.0,0.0,0.0,,2.0
Ronaldo Vieira,Sampdoria,21.0,MF,1819.0,0.0,1.0,,6.0
Maya Yoshida,Sampdoria,30.0,DF,1187.0,0.0,1.0,,4.0
Domenico Berardi,Sassuolo,24.0,FW,2493.0,14.0,10.0,,19.0
Jeremie Boga,Sassuolo,22.0,FW,2513.0,11.0,2.0,,25.0
Mehdi Bourabia,Sassuolo,27.0,MF,925.0,1.0,2.0,,2.0
Francesco Caputo,Sassuolo,31.0,FW,2931.0,21.0,7.0,,5.0
Vlad ChiricheČ™,Sassuolo,29.0,DF,707.0,0.0,0.0,,4.0
Andrea Consigli,Sassuolo,32.0,GK,2790.0,0.0,0.0,,2.0
GrĂ©goire Defrel,Sassuolo,28.0,"FW,MF",980.0,3.0,3.0,,9.0
Alfred Duncan,Sassuolo,26.0,MF,843.0,1.0,5.0,,13.0
Andrea Ghion,Sassuolo,19.0,"MF,FW",48.0,0.0,0.0,,0.02
LukĂˇĹˇ HaraslĂ­n,Sassuolo,23.0,FW,384.0,1.0,0.0,,1.6
Hamed Junior TraorĂ¨,Sassuolo,19.0,"MF,FW",1570.0,4.0,1.0,,13.0
Georgios Kiriakopoulos,Sassuolo,23.0,DF,1643.0,0.0,1.0,,3.0
Manuel Locatelli,Sassuolo,21.0,MF,2586.0,0.0,5.0,,15.0
Francesco Magnanelli,Sassuolo,34.0,MF,1397.0,0.0,0.0,,0.065
Giangiacomo Magnani,Sassuolo,23.0,DF,145.0,1.0,0.0,,3.0
Giacomo Manzari,Sassuolo,18.0,"FW,MF",16.0,0.0,0.0,,0.01
Gian Marco Ferrari,Sassuolo,27.0,DF,1897.0,0.0,1.0,,8.0
Marlon,Sassuolo,23.0,DF,1818.0,0.0,0.0,,6.5
Luca Mazzitelli,Sassuolo,23.0,MF,12.0,0.0,0.0,,2.0
Mert MĂĽldĂĽr,Sassuolo,20.0,DF,1273.0,2.0,1.0,,4.0
Pedro Obiang,Sassuolo,27.0,MF,1674.0,1.0,1.0,,5.0
Gianluca Pegolo,Sassuolo,38.0,GK,450.0,0.0,0.0,,0.015
Federico Peluso,Sassuolo,35.0,DF,1513.0,0.0,2.0,,0.04
Giacomo Raspadori,Sassuolo,19.0,"MF,FW",264.0,2.0,0.0,,0.0625
RogĂ©rio,Sassuolo,21.0,DF,1015.0,1.0,1.0,,6.5
Filippo Romagna,Sassuolo,22.0,DF,1477.0,0.0,0.0,,4.0
Jeremy Toljan,Sassuolo,24.0,DF,2186.0,1.0,2.0,,3.0
Alessandro Tripaldelli,Sassuolo,20.0,DF,135.0,0.0,0.0,,0.045
Stefano Turati,Sassuolo,0.0,GK,180.0,0.0,0.0,,0.03
Filip Djuricic,Sassuolo,27.0,"MF,FW",1633.0,5.0,5.0,,9.0
Timo Becker,Schalke 04,22.0,"DF,MF",336.0,0.0,0.0,,0.065
Nassim Boujellab,Schalke 04,20.0,"MF,FW",419.0,0.0,0.0,,0.09
Can Bozdogan,Schalke 04,18.0,MF,235.0,0.0,0.0,,2.5
Guido Burgstaller,Schalke 04,30.0,FW,1234.0,0.0,1.0,,2.0
Daniel Caligiuri,Schalke 04,31.0,"MF,FW",2293.0,2.0,2.0,,4.0
Michael Gregoritsch,Schalke 04,25.0,FW,829.0,1.0,1.0,,5.0
Amine Harit,Schalke 04,22.0,"MF,FW",2102.0,6.0,4.0,,24.0
Jonas Hofmann,Schalke 04,22.0,MF,2.0,0.0,0.0,,7.0
Ozan Kabak,Schalke 04,19.0,DF,1777.0,3.0,1.0,,29.0
Jonjoe Kenny,Schalke 04,22.0,DF,2717.0,2.0,3.0,,9.0
Ahmed Kutucu,Schalke 04,19.0,"FW,MF",679.0,3.0,2.0,,5.0
Omar Mascarell,Schalke 04,26.0,MF,2026.0,0.0,1.0,,11.0
Rabbi Matondo,Schalke 04,18.0,"FW,MF",1162.0,2.0,0.0,,8.0
Weston McKennie,Schalke 04,20.0,"MF,DF",2074.0,3.0,0.0,,20.0
Levent Mercan,Schalke 04,18.0,MF,71.0,0.0,0.0,,0.09
Juan Miranda,Schalke 04,19.0,DF,781.0,0.0,0.0,,4.0
Matija NastasiÄ‡,Schalke 04,26.0,DF,1365.0,0.0,0.0,,10.0
Alexander NĂĽbel,Schalke 04,22.0,GK,2315.0,0.0,0.0,,9.0
Bastian Oczipka,Schalke 04,30.0,DF,3015.0,0.0,5.0,,3.0
Benito Raman,Schalke 04,24.0,FW,1601.0,4.0,3.0,,8.0
Fabian Reese,Schalke 04,21.0,FW,86.0,0.0,0.0,,0.06
Salif SanĂ©,Schalke 04,28.0,DF,1126.0,2.0,1.0,,9.0
Alessandro SchĂ¶pf,Schalke 04,25.0,MF,1432.0,0.0,1.0,,4.0
Markus Schubert,Schalke 04,21.0,GK,742.0,0.0,0.0,,1.0
Suat Serdar,Schalke 04,22.0,MF,1599.0,7.0,0.0,,20.0
Benjamin Stambouli,Schalke 04,28.0,DF,810.0,0.0,0.0,,9.0
Malick Thiaw,Schalke 04,17.0,DF,76.0,0.0,0.0,,2.0
Jean-Clair Todibo,Schalke 04,19.0,DF,365.0,0.0,0.0,,9.0
Mark Uth,Schalke 04,27.0,"FW,MF",353.0,0.0,0.0,,7.5
Ă‰ver Banega,Sevilla,31.0,MF,2475.0,3.0,7.0,,7.0
Yassine Bounou,Sevilla,28.0,GK,495.0,0.0,1.0,,15.0
Diego Carlos,Sevilla,26.0,DF,3134.0,2.0,0.0,,50.0
Daniel CarriĂ§o,Sevilla,30.0,DF,847.0,0.0,0.0,,2.0
Youssef En-Nesyri,Sevilla,22.0,FW,796.0,4.0,0.0,,12.0
Sergio Escudero,Sevilla,29.0,DF,773.0,1.0,0.0,,4.0
Fernando,Sevilla,32.0,MF,2659.0,2.0,3.0,,4.0
Sergi GĂłmez,Sevilla,27.0,DF,717.0,0.0,0.0,,4.0
Nemanja Gudelj,Sevilla,27.0,"MF,DF",1216.0,0.0,0.0,,5.0
Munir El Haddadi,Sevilla,23.0,FW,1250.0,5.0,2.0,,10.0
Javier HernĂˇndez,Sevilla,31.0,FW,448.0,1.0,0.0,,3.0
Luuk de Jong,Sevilla,28.0,FW,2059.0,6.0,1.0,,9.0
Joan JordĂˇn,Sevilla,25.0,MF,2254.0,2.0,2.0,,14.0
Jules KoundĂ©,Sevilla,20.0,DF,2309.0,1.0,1.0,,22.0
Rony Lopes,Sevilla,23.0,FW,134.0,0.0,0.0,,10.0
JesĂşs Navas,Sevilla,33.0,DF,3369.0,0.0,7.0,,3.0
Nolito,Sevilla,32.0,FW,898.0,3.0,0.0,,1.5
Lucas Ocampos,Sevilla,25.0,FW,2745.0,14.0,3.0,,32.0
Alejandro Pozo Pozo,Sevilla,20.0,"FW,MF",37.0,0.0,0.0,,5.0
Sergio ReguilĂłn,Sevilla,22.0,DF,2509.0,2.0,4.0,,20.0
Suso,Sevilla,25.0,"FW,MF",785.0,1.0,1.0,,20.0
Ă“liver Torres,Sevilla,24.0,"MF,FW",1596.0,3.0,3.0,,13.0
TomĂˇĹˇ VaclĂ­k,Sevilla,30.0,GK,2925.0,0.0,0.0,,10.0
Franco VĂˇzquez,Sevilla,30.0,"MF,FW",1098.0,3.0,0.0,,9.0
George Baldock,Sheffield Utd,26.0,DF,3420.0,2.0,3.0,,4.0
Chris Basham,Sheffield Utd,31.0,DF,3242.0,0.0,1.0,,2.0
Sander Berge,Sheffield Utd,21.0,MF,943.0,1.0,1.0,,20.0
Muhamed BeĹˇiÄ‡,Sheffield Utd,26.0,MF,250.0,0.0,0.0,,2.0
Leon Clarke,Sheffield Utd,34.0,"FW,MF",35.0,0.0,0.0,,0.03
John Egan,Sheffield Utd,26.0,DF,3187.0,2.0,0.0,,13.0
John Fleck,Sheffield Utd,27.0,MF,2516.0,5.0,2.0,,6.0
Kieron Freeman,Sheffield Utd,27.0,FW,7.0,0.0,0.0,,1.0
Luke Freeman,Sheffield Utd,27.0,MF,366.0,0.0,0.0,,2.0
Dean Henderson,Sheffield Utd,22.0,GK,3240.0,0.0,0.0,,14.0
Phil Jagielka,Sheffield Utd,36.0,DF,244.0,0.0,0.0,,0.08
John Lundstram,Sheffield Utd,25.0,MF,2458.0,5.0,3.0,,8.0
Oliver McBurnie,Sheffield Utd,23.0,FW,2113.0,6.0,0.0,,8.0
David McGoldrick,Sheffield Utd,31.0,FW,1815.0,2.0,2.0,,1.0
Simon Moore,Sheffield Utd,29.0,GK,180.0,0.0,0.0,,0.04
Ravel Morrison,Sheffield Utd,26.0,MF,13.0,0.0,0.0,,0.06
Lys Mousset,Sheffield Utd,23.0,FW,1240.0,6.0,4.0,,9.0
Oliver Norwood,Sheffield Utd,28.0,MF,3090.0,1.0,1.0,,6.0
Jack O'Connell,Sheffield Utd,25.0,DF,2916.0,0.0,1.0,,9.0
Ben Osborn,Sheffield Utd,24.0,"MF,DF",594.0,0.0,0.0,,2.0
Callum Robinson,Sheffield Utd,24.0,FW,676.0,1.0,1.0,,5.0
Jack Robinson,Sheffield Utd,25.0,DF,504.0,0.0,0.0,,2.0
Jack Rodwell,Sheffield Utd,28.0,MF,16.0,0.0,0.0,,1.0
Billy Sharp,Sheffield Utd,33.0,FW,1051.0,3.0,2.0,,1.0
Enda Stevens,Sheffield Utd,29.0,DF,3345.0,2.0,4.0,,5.0
Richairo Ĺ˝ivkoviÄ‡,Sheffield Utd,22.0,FW,112.0,0.0,0.0,,0.00065
Che Adams,Southampton,23.0,FW,1111.0,4.0,2.0,,12.0
Stuart Armstrong,Southampton,27.0,MF,1715.0,5.0,3.0,,6.0
Jan Bednarek,Southampton,23.0,DF,3057.0,1.0,1.0,,12.0
Ryan Bertrand,Southampton,29.0,DF,2742.0,1.0,1.0,,10.0
Sofiane Boufal,Southampton,25.0,"MF,FW",764.0,0.0,2.0,,8.0
Kevin Danso,Southampton,20.0,DF,277.0,0.0,1.0,,6.0
Moussa Djenepo,Southampton,21.0,"MF,DF",928.0,2.0,2.0,,11.0
Angus Gunn,Southampton,23.0,GK,900.0,0.0,0.0,,6.0
Pierre HĂ¸jbjerg,Southampton,23.0,MF,2752.0,0.0,1.0,,25.0
Danny Ings,Southampton,27.0,FW,2804.0,22.0,2.0,,17.0
Shane Long,Southampton,32.0,FW,1395.0,2.0,2.0,,2.0
Alex McCarthy,Southampton,29.0,GK,2520.0,0.0,0.0,,4.0
Michael Obafemi,Southampton,19.0,FW,665.0,3.0,2.0,,4.0
Nathan Redmond,Southampton,25.0,"MF,FW",2762.0,4.0,4.0,,16.0
Oriol Romeu,Southampton,27.0,MF,1860.0,0.0,0.0,,8.0
William Smallbone,Southampton,19.0,MF,393.0,0.0,2.0,,3.0
CĂ©dric Soares,Southampton,27.0,DF,1306.0,0.0,1.0,,8.0
Jack Stephens,Southampton,25.0,DF,2451.0,1.0,3.0,,5.0
Nathan Tella,Southampton,20.0,FW,3.0,0.0,0.0,,0.00075
Yan Valery,Southampton,20.0,DF,779.0,0.0,0.0,,6.0
Jannik Vestergaard,Southampton,26.0,DF,1497.0,1.0,0.0,,12.0
Jake Vokins,Southampton,19.0,DF,90.0,0.0,0.0,,0.00025
Kyle Walker-Peters,Southampton,22.0,DF,703.0,0.0,0.0,,8.0
James Ward-Prowse,Southampton,24.0,"MF,DF",3420.0,5.0,3.0,,14.0
Maya Yoshida,Southampton,30.0,DF,560.0,0.0,0.0,,4.0
Etrit Berisha,SPAL,30.0,GK,2340.0,0.0,0.0,,2.0
Kevin Bonifazi,SPAL,23.0,DF,1191.0,1.0,0.0,,4.0
Lucas Castro,SPAL,30.0,MF,425.0,0.0,0.0,,3.0
Alberto Cerri,SPAL,23.0,FW,420.0,1.0,0.0,,3.0
Thiago Cionek,SPAL,33.0,DF,2169.0,0.0,1.0,,0.0475
Jaume CuĂ©llar,SPAL,17.0,"FW,MF",70.0,0.0,0.0,,0.01
Marco D'Alessandro,SPAL,28.0,"MF,DF",781.0,2.0,0.0,,1.0
Bryan Dabo,SPAL,27.0,MF,1122.0,1.0,4.0,,2.0
Felipe dal Belo,SPAL,35.0,DF,997.0,0.0,0.0,,0.0003
Federico Di Francesco,SPAL,25.0,FW,1082.0,2.0,0.0,,4.0
Espeto,SPAL,22.0,"DF,MF",2110.0,1.0,2.0,,3.0
Mohamed Fares,SPAL,23.0,"DF,MF",421.0,0.0,0.0,,4.0
Sergio Floccari,SPAL,37.0,FW,942.0,1.0,0.0,,0.03
Krisztofer HorvĂˇth,SPAL,17.0,"FW,DF",44.0,0.0,0.0,,0.005
Igor,SPAL,21.0,DF,1337.0,0.0,1.0,,5.0
Marko JankoviÄ‡,SPAL,24.0,"MF,DF",115.0,0.0,0.0,,0.0008
Jasmin KurtiÄ‡,SPAL,30.0,MF,1409.0,2.0,0.0,,3.5
Karlo Letica,SPAL,22.0,GK,900.0,0.0,0.0,,1.0
Simone Missiroli,SPAL,33.0,MF,2798.0,1.0,0.0,,1.0
Gabriele Moncini,SPAL,23.0,"FW,MF",154.0,0.0,0.0,,1.0
Alessandro Murgia,SPAL,22.0,MF,1750.0,0.0,1.0,,2.0
Alberto Paloschi,SPAL,29.0,FW,438.0,0.0,0.0,,1.0
Andrea Petagna,SPAL,24.0,FW,3032.0,12.0,1.0,,14.0
Arkadiusz Reca,SPAL,24.0,DF,1928.0,0.0,2.0,,2.0
Jacopo Sala,SPAL,27.0,DF,853.0,0.0,0.0,,1.0
Bartosz Salamon,SPAL,28.0,DF,344.0,0.0,0.0,,0.04
Demba Thiam,SPAL,21.0,GK,180.0,0.0,0.0,,0.01
Nenad TomoviÄ‡,SPAL,31.0,DF,1755.0,0.0,1.0,,0.0475
Georgi Tunjov,SPAL,18.0,MF,284.0,0.0,0.0,,0.035
Mirko Valdifiori,SPAL,33.0,MF,1400.0,0.0,3.0,,0.04
Mattia Valoti,SPAL,25.0,"MF,FW",1527.0,3.0,1.0,,0.08
Francesco Vicari,SPAL,24.0,DF,2898.0,0.0,0.0,,4.0
Ludovic Ajorque,Strasbourg,25.0,FW,2058.0,8.0,4.0,,6.0
Jean-Ricner Bellegarde,Strasbourg,21.0,MF,1497.0,0.0,0.0,,3.0
Anthony Caci,Strasbourg,22.0,DF,691.0,1.0,4.0,,3.0
Lionel Carole,Strasbourg,28.0,DF,1272.0,0.0,0.0,,2.0
Benjamin Corgnet,Strasbourg,32.0,MF,261.0,0.0,0.0,,0.04
Nuno da Costa,Strasbourg,28.0,"FW,MF",527.0,1.0,0.0,,1.0
Alexander Djiku,Strasbourg,24.0,"DF,MF",2064.0,1.0,1.0,,6.0
Youssouf Fofana,Strasbourg,20.0,MF,1008.0,1.0,0.0,,11.0
JĂ©rĂ©my Grimm,Strasbourg,32.0,FW,1.0,0.0,0.0,,0.025
Lamine KonĂ©,Strasbourg,30.0,DF,1473.0,1.0,0.0,,2.0
Kenny Lala,Strasbourg,27.0,DF,2043.0,2.0,1.0,,9.0
Dimitri LiĂ©nard,Strasbourg,31.0,MF,1489.0,2.0,3.0,,1.0
Abdul Majeed Waris,Strasbourg,27.0,FW,371.0,2.0,1.0,,2.5
Jonas Martin,Strasbourg,29.0,MF,247.0,0.0,0.0,,2.0
Stefan MitroviÄ‡,Strasbourg,29.0,DF,2053.0,1.0,1.0,,2.5
Lebo Mothiba,Strasbourg,23.0,FW,1047.0,3.0,3.0,,4.0
Abdallah N'dour,Strasbourg,25.0,DF,373.0,0.0,0.0,,0.0006
Matz Sels,Strasbourg,27.0,GK,2430.0,0.0,0.0,,6.5
Mohamed Simakan,Strasbourg,19.0,DF,1503.0,0.0,0.0,,7.0
Ibrahima Sissoko,Strasbourg,21.0,MF,1598.0,0.0,1.0,,4.0
Adrien Thomasson,Strasbourg,25.0,MF,2072.0,8.0,1.0,,6.0
Mootaz Zemzemi,Strasbourg,19.0,MF,23.0,0.0,0.0,,0.0004
KĂ©vin Zohi,Strasbourg,22.0,"FW,MF",530.0,1.0,1.0,,1.0
Ola Aina,Torino,22.0,DF,2079.0,0.0,2.0,,7.0
Cristian Ansaldi,Torino,32.0,"DF,MF",1768.0,4.0,4.0,,4.0
Daniele Baselli,Torino,27.0,MF,1278.0,0.0,2.0,,7.0
Andrea Belotti,Torino,25.0,FW,3008.0,16.0,3.0,,32.0
Ălex Berenguer,Torino,24.0,"MF,FW",1823.0,6.0,2.0,,4.0
Kevin Bonifazi,Torino,23.0,DF,247.0,1.0,0.0,,4.0
Gleison Bremer,Torino,22.0,DF,2270.0,3.0,1.0,,5.0
Lorenzo De Silvestri,Torino,31.0,DF,2243.0,0.0,0.0,,2.0
Koffi Djidji,Torino,26.0,DF,851.0,0.0,0.0,,3.0
Simone Edera,Torino,22.0,"MF,FW",398.0,1.0,1.0,,0.08
Iago Falque,Torino,29.0,"MF,FW",102.0,0.0,0.0,,6.0
Armando Izzo,Torino,27.0,DF,2686.0,1.0,0.0,,16.0
Diego Laxalt,Torino,26.0,"DF,MF",596.0,0.0,1.0,,5.0
Sasa Lukic,Torino,22.0,MF,1861.0,1.0,1.0,,3.5
Lyanco,Torino,22.0,DF,1176.0,0.0,0.0,,6.0
Soualiho MeĂŻtĂ©,Torino,25.0,MF,2201.0,0.0,2.0,,7.0
Vincenzo Millico,Torino,18.0,"MF,FW",216.0,0.0,0.0,,1.0
Michel Ndary Adopo,Torino,19.0,DF,4.0,0.0,0.0,,0.02
Nicolas Nkoulou,Torino,29.0,DF,2692.0,1.0,0.0,,10.0
TomĂˇs RincĂłn,Torino,31.0,MF,2702.0,1.0,3.0,,5.0
Antonio Rosati,Torino,36.0,GK,90.0,0.0,0.0,,0.02
Wilfried Singo,Torino,18.0,DF,132.0,1.0,0.0,,0.015
Salvatore Sirigu,Torino,32.0,GK,3240.0,0.0,0.0,,6.0
Samir Ujkani,Torino,31.0,GK,90.0,0.0,0.0,,0.02
Simone Verdi,Torino,27.0,"MF,FW",2073.0,2.0,6.0,,13.0
Simone Zaza,Torino,28.0,FW,1640.0,6.0,1.0,,7.0
Toby Alderweireld,Tottenham,30.0,DF,2957.0,2.0,2.0,,24.0
Dele Alli,Tottenham,23.0,"MF,FW",1847.0,8.0,4.0,,52.0
Serge Aurier,Tottenham,26.0,DF,2700.0,1.0,5.0,,16.0
Steven Bergwijn,Tottenham,21.0,"FW,MF",704.0,3.0,1.0,,28.0
Ben Davies,Tottenham,26.0,DF,1431.0,0.0,0.0,,17.0
Eric Dier,Tottenham,25.0,"DF,MF",1344.0,0.0,2.0,,22.0
Christian Eriksen,Tottenham,27.0,"MF,FW",1097.0,2.0,2.0,,68.0
Gedson Fernandes,Tottenham,20.0,"MF,DF",68.0,0.0,0.0,,13.0
Juan Foyth,Tottenham,21.0,DF,68.0,0.0,0.0,,13.0
Paulo Gazzaniga,Tottenham,27.0,GK,1613.0,0.0,0.0,,2.0
Son Heung-min,Tottenham,27.0,"FW,MF",2476.0,11.0,10.0,,75.0
Harry Kane,Tottenham,26.0,FW,2587.0,18.0,2.0,,120.0
Ă‰rik Lamela,Tottenham,27.0,"MF,FW",1215.0,2.0,1.0,,16.0
Hugo Lloris,Tottenham,32.0,GK,1807.0,0.0,0.0,,14.0
Giovani Lo Celso,Tottenham,23.0,"MF,FW",1492.0,0.0,2.0,,40.0
Lucas Moura,Tottenham,26.0,"FW,MF",2242.0,4.0,4.0,,25.0
Tanguy Ndombele,Tottenham,22.0,MF,1009.0,2.0,2.0,,40.0
Troy Parrott,Tottenham,17.0,MF,7.0,0.0,0.0,,3.0
Danny Rose,Tottenham,29.0,DF,893.0,0.0,0.0,,16.0
Davinson SĂˇnchez,Tottenham,23.0,DF,2431.0,0.0,0.0,,48.0
Ryan Sessegnon,Tottenham,19.0,DF,342.0,0.0,0.0,,31.0
Moussa Sissoko,Tottenham,29.0,MF,2452.0,2.0,1.0,,20.0
Oliver Skipp,Tottenham,18.0,"MF,DF",77.0,0.0,0.0,,7.0
Japhet Tanganga,Tottenham,20.0,DF,525.0,0.0,0.0,,7.0
Jan Vertonghen,Tottenham,32.0,DF,1645.0,1.0,1.0,,14.0
Kyle Walker-Peters,Tottenham,22.0,DF,241.0,0.0,0.0,,8.0
Victor Wanyama,Tottenham,28.0,MF,25.0,0.0,0.0,,6.0
Harry Winks,Tottenham,23.0,MF,2221.0,0.0,0.0,,32.0
Amine Adli,Toulouse,19.0,"MF,FW",46.0,0.0,0.0,,0.03
Kelvin Amian,Toulouse,21.0,DF,1633.0,0.0,2.0,,5.0
Janis Antiste,Toulouse,16.0,MF,12.0,0.0,0.0,,1.0
Quentin Boisgard,Toulouse,22.0,"MF,FW",1146.0,1.0,1.0,,1.0
BafodĂ© DiakitĂ©,Toulouse,18.0,DF,1366.0,2.0,0.0,,7.0
Moussa Diarra,Toulouse,18.0,DF,90.0,0.0,0.0,,0.035
Mathieu Dossevi,Toulouse,31.0,"MF,FW",1751.0,1.0,2.0,,1.0
Ruben Gabrielsen,Toulouse,27.0,DF,656.0,0.0,0.0,,0.08
Mauro Goicoechea,Toulouse,31.0,GK,180.0,0.0,0.0,,0.0475
Mathieu Goncalves,Toulouse,18.0,DF,314.0,0.0,0.0,,0.0006
Max Gradel,Toulouse,31.0,"MF,FW",1635.0,3.0,2.0,,4.0
Nicolas Isimat-Mirin,Toulouse,27.0,DF,1260.0,1.0,0.0,,1.0
Corentin Jean,Toulouse,24.0,DF,7.0,0.0,0.0,,1.0
Lovre KaliniÄ‡,Toulouse,29.0,GK,305.0,0.0,0.0,,2.8
Kouadio KonĂ©,Toulouse,18.0,MF,875.0,0.0,0.0,,5.0
Efthimis Koulouris,Toulouse,23.0,FW,1541.0,4.0,2.0,,2.0
Aaron Leya Iseka,Toulouse,21.0,FW,777.0,2.0,0.0,,2.0
Jean-Victor Makengo,Toulouse,21.0,"MF,FW",988.0,2.0,0.0,,3.0
Steven Moreira,Toulouse,24.0,DF,1389.0,0.0,0.0,,1.0
Nathan N'Goumou,Toulouse,19.0,"FW,MF",9.0,0.0,0.0,,0.045
Baptiste Reynet,Toulouse,28.0,GK,2035.0,0.0,0.0,,2.0
AgustĂ­n Rogel,Toulouse,21.0,DF,858.0,0.0,0.0,,1.0
Wesley SaĂŻd,Toulouse,24.0,"MF,FW",1160.0,2.0,1.0,,4.0
Ibrahim SangarĂ©,Toulouse,21.0,MF,2175.0,0.0,1.0,,9.0
Yaya Sanogo,Toulouse,26.0,FW,910.0,3.0,1.0,,2.0
Kalidou SidibĂ©,Toulouse,20.0,MF,91.0,0.0,0.0,,2.0
Issiaga Sylla,Toulouse,25.0,DF,2520.0,0.0,2.0,,2.0
Adil Taoui,Toulouse,17.0,MF,25.0,0.0,0.0,,0.025
William Vainqueur,Toulouse,30.0,MF,1715.0,0.0,0.0,,1.0
Marco Ballarini,Udinese,18.0,MF,1.0,0.0,0.0,,0.005
AntonĂ­n BarĂˇk,Udinese,24.0,MF,194.0,0.0,0.0,,8.0
Rodrigo Becao,Udinese,23.0,DF,2213.0,1.0,1.0,,4.5
Sebastien De Maio,Udinese,32.0,DF,1500.0,0.0,0.0,,0.0725
Rodrigo De Paul,Udinese,25.0,MF,2822.0,7.0,6.0,,20.0
Seko Fofana,Udinese,24.0,MF,2249.0,3.0,7.0,,9.0
Mato Jajalo,Udinese,31.0,MF,1649.0,0.0,0.0,,0.08
Kevin Lasagna,Udinese,26.0,FW,2569.0,10.0,1.0,,5.0
Rolando Mandragora,Udinese,22.0,MF,2050.0,0.0,2.0,,12.0
Juan Musso,Udinese,25.0,GK,3420.0,0.0,0.0,,12.0
Ilija Nestorovski,Udinese,29.0,FW,1251.0,3.0,1.0,,2.0
Bram Nuytinck,Udinese,29.0,DF,2225.0,0.0,0.0,,2.0
Stefano Okaka,Udinese,29.0,FW,2415.0,8.0,2.0,,3.0
Nicholas Opoku,Udinese,21.0,DF,481.0,0.0,0.0,,0.08
Giuseppe Pezzella,Udinese,21.0,DF,80.0,0.0,0.0,,2.0
Ignacio Pussetto,Udinese,23.0,"FW,DF",341.0,1.0,0.0,,6.0
Samir Santos,Udinese,24.0,DF,1546.0,1.0,0.0,,3.8
Ken Sema,Udinese,25.0,"DF,MF",2453.0,2.0,1.0,,4.8
Jens Stryger Larsen,Udinese,28.0,DF,2789.0,1.0,3.0,,2.0
Ĺukasz Teodorczyk,Udinese,28.0,FW,222.0,0.0,1.0,,1.5
Hidde ter Avest,Udinese,22.0,DF,686.0,0.0,0.0,,1.0
William Troost-Ekong,Udinese,25.0,DF,2576.0,0.0,0.0,,3.0
Walace,Udinese,24.0,MF,1139.0,0.0,0.0,,5.0
Marvin Zeegelaar,Udinese,28.0,DF,593.0,0.0,1.0,,1.0
Suleiman Abdullahi,Union Berlin,22.0,"FW,MF",157.0,1.0,0.0,,1.0
Sebastian Andersson,Union Berlin,28.0,FW,2682.0,12.0,1.0,,4.0
Robert Andrich,Union Berlin,24.0,MF,2572.0,1.0,2.0,,2.0
Sheraldo Becker,Union Berlin,24.0,"MF,FW",540.0,0.0,2.0,,1.0
Marius BĂĽlter,Union Berlin,26.0,"MF,FW",2321.0,7.0,1.0,,2.0
Marvin Friedrich,Union Berlin,23.0,DF,2789.0,2.0,0.0,,2.0
Christian Gentner,Union Berlin,33.0,MF,2443.0,3.0,2.0,,0.08
RafaĹ‚ Gikiewicz,Union Berlin,31.0,GK,2970.0,0.0,0.0,,1.5
Akaki Gogia,Union Berlin,27.0,"MF,FW",121.0,0.0,0.0,,1.0
Florian HĂĽbner,Union Berlin,28.0,DF,850.0,0.0,0.0,,1.0
Marcus Ingvartsen,Union Berlin,23.0,"MF,FW",1716.0,5.0,2.0,,1.0
Felix Kroos,Union Berlin,28.0,MF,378.0,0.0,0.0,,0.065
Christopher Lenz,Union Berlin,24.0,DF,2267.0,0.0,3.0,,2.0
Yunus MallÄ±,Union Berlin,27.0,"FW,MF",673.0,0.0,1.0,,2.8
Joshua Mees,Union Berlin,23.0,"MF,FW",325.0,0.0,1.0,,0.08
Moritz Nicolas,Union Berlin,21.0,GK,90.0,0.0,0.0,,0.015
Michael Parensen,Union Berlin,33.0,DF,628.0,1.0,0.0,,0.025
Sebastian Polter,Union Berlin,28.0,FW,330.0,2.0,2.0,,1.0
Grischa PrĂ¶mel,Union Berlin,24.0,MF,924.0,0.0,0.0,,1.0
Ken Reichel,Union Berlin,32.0,DF,533.0,0.0,0.0,,0.04
Julian Ryerson,Union Berlin,21.0,DF,368.0,0.0,0.0,,0.04
Keven Schlotterbeck,Union Berlin,22.0,DF,1939.0,0.0,0.0,,2.0
Manuel Schmiedebach,Union Berlin,30.0,MF,179.0,0.0,0.0,,0.065
Neven SubotiÄ‡,Union Berlin,30.0,DF,1965.0,1.0,0.0,,1.7
Christopher Trimmel,Union Berlin,32.0,DF,2863.0,0.0,8.0,,0.055
Anthony Ujah,Union Berlin,28.0,"FW,MF",949.0,3.0,2.0,,1.0
Denis Cheryshev,Valencia,28.0,"MF,FW",926.0,1.0,2.0,,4.0
Jasper Cillessen,Valencia,30.0,GK,2096.0,0.0,1.0,,14.0
Francis Coquelin,Valencia,28.0,MF,1905.0,0.0,0.0,,19.0
Thierry Correia,Valencia,20.0,DF,259.0,0.0,0.0,,2.0
Jaume Costa,Valencia,31.0,DF,1389.0,0.0,1.0,,3.0
Mouctar Diakhaby,Valencia,22.0,DF,1444.0,0.0,0.0,,17.0
Jaume DomĂ©nech,Valencia,28.0,GK,1324.0,0.0,0.0,,6.0
Alessandro Florenzi,Valencia,28.0,DF,752.0,0.0,0.0,,16.0
KĂ©vin Gameiro,Valencia,32.0,FW,1581.0,6.0,2.0,,6.0
Ezequiel Garay,Valencia,32.0,DF,1437.0,0.0,0.0,,4.0
Maxi GĂłmez,Valencia,22.0,FW,2143.0,9.0,2.0,,32.0
GonĂ§alo Guedes,Valencia,22.0,"MF,FW",1266.0,2.0,2.0,,22.0
Hugo GuillamĂłn,Valencia,19.0,DF,495.0,0.0,0.0,,0.02
Lee Kangin,Valencia,18.0,"MF,FW",454.0,2.0,0.0,,20.0
Geoffrey Kondogbia,Valencia,26.0,MF,1807.0,1.0,1.0,,22.0
JosĂ© Luis GayĂ ,Valencia,24.0,DF,1988.0,0.0,1.0,,30.0
Eliaquim Mangala,Valencia,28.0,DF,673.0,0.0,0.0,,6.0
Daniel Parejo,Valencia,30.0,MF,3024.0,8.0,3.0,,10.0
Gabriel Paulista,Valencia,28.0,DF,2801.0,1.0,1.0,,15.0
Cristiano Piccini,Valencia,26.0,DF,75.0,0.0,0.0,,6.0
Rodrigo,Valencia,28.0,FW,1880.0,4.0,7.0,,30.0
RubĂ©n Sobrino,Valencia,27.0,"FW,MF",170.0,1.0,0.0,,2.0
Carlos Soler,Valencia,22.0,MF,2066.0,2.0,0.0,,40.0
FerrĂˇn Torres,Valencia,19.0,"MF,FW",2251.0,4.0,5.0,,45.0
Manu Vallejo,Valencia,22.0,"MF,FW",418.0,2.0,0.0,,4.0
Daniel Wass,Valencia,30.0,"DF,MF",2733.0,1.0,6.0,,11.0
RubĂ©n Alcaraz,Valladolid,28.0,MF,1927.0,2.0,2.0,,8.0
AntoĂ±ito,Valladolid,31.0,"DF,MF",1029.0,0.0,0.0,,0.0006
Anuar,Valladolid,24.0,"MF,FW",189.0,0.0,0.0,,1.2
Federico Barba,Valladolid,25.0,DF,450.0,0.0,0.0,,1.0
Hatem Ben Arfa,Valladolid,32.0,"MF,FW",159.0,0.0,0.0,,4.0
Matheus Fernandes,Valladolid,21.0,MF,166.0,0.0,0.0,,3.0
JoaquĂ­n FernĂˇndez,Valladolid,23.0,"MF,DF",1659.0,2.0,0.0,,2.0
Jorge de Frutos,Valladolid,22.0,"MF,FW",59.0,0.0,0.0,,2.0
RaĂşl GarcĂ­a,Valladolid,30.0,"DF,MF",1012.0,0.0,1.0,,0.0008
VĂ­ctor GarcĂ­a,Valladolid,22.0,"FW,MF",88.0,1.0,0.0,,0.025
Sergi Guardiola,Valladolid,28.0,FW,2655.0,8.0,2.0,,4.0
Pablo HervĂ­as,Valladolid,26.0,"MF,FW",1017.0,1.0,0.0,,0.065
Jordi Masip,Valladolid,30.0,GK,3150.0,0.0,0.0,,4.0
MĂ­chel,Valladolid,31.0,MF,2178.0,1.0,2.0,,1.5
Miguel,Valladolid,19.0,FW,232.0,0.0,0.0,,0.0003
Javi Moyano,Valladolid,33.0,DF,2227.0,0.0,0.0,,0.065
Nacho,Valladolid,30.0,DF,1893.0,0.0,2.0,,2.5
Kiko Olivas,Valladolid,30.0,DF,2943.0,2.0,0.0,,2.0
Kike PĂ©rez,Valladolid,22.0,"MF,FW",218.0,0.0,0.0,,0.025
Samuel PĂ©rez,Valladolid,22.0,GK,26.0,0.0,0.0,,0.025
Ă“scar Plano,Valladolid,28.0,MF,2505.0,4.0,2.0,,3.0
Pedro Porro,Valladolid,19.0,"DF,MF",739.0,0.0,0.0,,9.0
Sandro RamĂ­rez,Valladolid,24.0,"FW,MF",1306.0,3.0,1.0,,3.0
Waldo Rubio,Valladolid,23.0,"MF,FW",878.0,0.0,2.0,,0.08
Mohammed Salisu,Valladolid,20.0,DF,2725.0,1.0,1.0,,11.0
Fede San Emeterio,Valladolid,22.0,MF,1751.0,0.0,0.0,,3.0
Javi SĂˇnchez,Valladolid,22.0,DF,497.0,0.0,1.0,,1.0
Enes Ăśnal,Valladolid,22.0,FW,2344.0,6.0,2.0,,4.0
Toni Villa,Valladolid,24.0,MF,1354.0,0.0,1.0,,3.0
RaĂşl Albiol,Villarreal,33.0,DF,3237.0,1.0,0.0,,3.0
Paco AlcĂˇcer,Villarreal,25.0,FW,924.0,4.0,1.0,,28.0
Sergio Asenjo,Villarreal,30.0,GK,3060.0,0.0,0.0,,9.0
Carlos Bacca,Villarreal,32.0,"FW,MF",688.0,2.0,1.0,,2.0
Santi Cazorla,Villarreal,34.0,MF,2450.0,11.0,9.0,,3.0
Samuel Chukwueze,Villarreal,20.0,"MF,FW",2048.0,3.0,2.0,,27.0
AndrĂ©s FernĂˇndez,Villarreal,32.0,GK,360.0,0.0,1.0,,0.08
Ramiro Funes Mori,Villarreal,28.0,DF,453.0,0.0,0.0,,4.0
Mario Gaspar,Villarreal,28.0,DF,1962.0,0.0,2.0,,6.0
Moi GĂłmez,Villarreal,25.0,"FW,MF",2319.0,5.0,4.0,,4.0
Vicente Iborra,Villarreal,31.0,MF,2648.0,1.0,2.0,,6.0
Alberto Moreno,Villarreal,27.0,DF,1471.0,0.0,0.0,,6.0
Gerard Moreno,Villarreal,27.0,"FW,MF",2744.0,18.0,5.0,,16.0
Manu Morlanes,Villarreal,20.0,"MF,FW",253.0,0.0,1.0,,1.0
Fernando NiĂ±o,Villarreal,18.0,FW,83.0,1.0,0.0,,1.0
Javier Ontiveros,Villarreal,21.0,"FW,MF",889.0,2.0,1.0,,7.0
RubĂ©n PeĂ±a,Villarreal,28.0,DF,1909.0,2.0,2.0,,6.0
Xavi QuintillĂ ,Villarreal,22.0,DF,1573.0,0.0,2.0,,4.0
Bruno Soriano,Villarreal,35.0,MF,263.0,0.0,0.0,,0.0475
Karl Toko Ekambi,Villarreal,26.0,FW,993.0,6.0,2.0,,14.0
Pau Torres,Villarreal,22.0,DF,2971.0,2.0,1.0,,16.0
Manu Trigueros,Villarreal,27.0,MF,1547.0,2.0,4.0,,12.0
Andre-Frank Zambo Anguissa,Villarreal,23.0,MF,2583.0,2.0,0.0,,20.0
Ă‰tienne Capoue,Watford,31.0,MF,2627.0,0.0,3.0,,5.0
Craig Cathcart,Watford,30.0,DF,2488.0,0.0,0.0,,4.0
Nathaniel Chalobah,Watford,24.0,MF,930.0,0.0,1.0,,4.0
Tom Cleverley,Watford,29.0,MF,971.0,1.0,0.0,,4.0
Craig Dawson,Watford,29.0,DF,2361.0,2.0,0.0,,4.0
Troy Deeney,Watford,31.0,FW,2225.0,10.0,2.0,,6.0
Gerard Deulofeu,Watford,25.0,FW,2098.0,4.0,5.0,,20.0
Abdoulaye DoucourĂ©,Watford,26.0,MF,3156.0,4.0,2.0,,20.0
Kiko FemenĂ­a,Watford,28.0,DF,2237.0,0.0,0.0,,4.0
Ben Foster,Watford,36.0,GK,3420.0,0.0,0.0,,1.0
Dimitri Foulquier,Watford,26.0,"MF,DF",59.0,0.0,0.0,,2.0
Andre Gray,Watford,28.0,FW,755.0,2.0,0.0,,9.0
JosĂ© Holebas,Watford,35.0,DF,1025.0,0.0,0.0,,1.0
Will Hughes,Watford,24.0,"MF,FW",2252.0,1.0,1.0,,14.0
Daryl Janmaat,Watford,30.0,DF,607.0,0.0,1.0,,4.0
Christian Kabasele,Watford,28.0,DF,2250.0,0.0,2.0,,6.0
Adrian Mariappa,Watford,32.0,DF,1513.0,0.0,0.0,,1.0
Adam Masina,Watford,25.0,DF,1821.0,1.0,0.0,,5.0
JoĂŁo Pedro,Watford,17.0,"FW,MF",25.0,0.0,0.0,,12.0
Roberto Pereyra,Watford,28.0,"FW,MF",1648.0,3.0,0.0,,9.0
Sebastian PrĂ¶dl,Watford,32.0,DF,56.0,0.0,0.0,,1.0
Ignacio Pussetto,Watford,23.0,"FW,DF",74.0,0.0,0.0,,6.0
Domingos Quina,Watford,19.0,MF,22.0,0.0,0.0,,3.0
Ismaila Sarr,Watford,21.0,"FW,MF",2028.0,5.0,4.0,,22.0
Isaac Success,Watford,23.0,"FW,MF",70.0,0.0,0.0,,3.0
Danny Welbeck,Watford,28.0,"FW,MF",822.0,2.0,0.0,,5.0
Ludwig Augustinsson,Werder Bremen,25.0,DF,924.0,0.0,1.0,,9.0
Philipp Bargfrede,Werder Bremen,30.0,MF,586.0,0.0,0.0,,1.0
Fin Bartels,Werder Bremen,32.0,"FW,MF",340.0,0.0,0.0,,0.08
Leonardo Bittencourt,Werder Bremen,25.0,"FW,MF",1889.0,4.0,2.0,,4.0
Johannes Eggestein,Werder Bremen,21.0,"MF,FW",510.0,1.0,0.0,,4.0
Maximilian Eggestein,Werder Bremen,22.0,"MF,DF",2855.0,1.0,3.0,,13.0
Marco Friedl,Werder Bremen,21.0,DF,2183.0,1.0,3.0,,3.0
Niclas FĂĽllkrug,Werder Bremen,26.0,FW,403.0,4.0,1.0,,3.0
Theodor Gebre Selassie,Werder Bremen,32.0,DF,2427.0,2.0,2.0,,1.0
Benjamin Goller,Werder Bremen,20.0,"FW,MF",288.0,0.0,0.0,,0.0725
Christian GroĂź,Werder Bremen,30.0,"DF,MF",872.0,0.0,0.0,,0.03
Martin Harnik,Werder Bremen,32.0,"MF,FW",9.0,0.0,0.0,,1.0
Luc Ihorst,Werder Bremen,19.0,FW,11.0,0.0,0.0,,0.015
Stefanos Kapino,Werder Bremen,25.0,GK,90.0,0.0,0.0,,0.08
Davy Klaassen,Werder Bremen,26.0,MF,2936.0,7.0,5.0,,12.0
Michael Lang,Werder Bremen,28.0,DF,544.0,0.0,0.0,,0.095
Sebastian Langkamp,Werder Bremen,31.0,DF,314.0,0.0,0.0,,0.08
Kevin MĂ¶hwald,Werder Bremen,26.0,MF,74.0,0.0,0.0,,2.0
Niklas Moisander,Werder Bremen,33.0,DF,1979.0,0.0,0.0,,1.0
Yuya Osako,Werder Bremen,29.0,"FW,MF",1848.0,8.0,2.0,,3.0
JiĹ™Ă­ Pavlenka,Werder Bremen,27.0,GK,2970.0,0.0,0.0,,6.5
Claudio Pizarro,Werder Bremen,40.0,"FW,MF",234.0,0.0,0.0,,0.04
Milot Rashica,Werder Bremen,23.0,FW,2264.0,8.0,5.0,,28.0
Nuri Ĺžahin,Werder Bremen,30.0,MF,1249.0,0.0,3.0,,1.2
Josh Sargent,Werder Bremen,19.0,FW,1416.0,4.0,2.0,,6.0
Davie Selke,Werder Bremen,24.0,FW,463.0,0.0,0.0,,8.0
Ă–mer Toprak,Werder Bremen,30.0,DF,715.0,0.0,0.0,,3.0
MiloĹˇ VeljkoviÄ‡,Werder Bremen,23.0,DF,2051.0,0.0,1.0,,5.2
Kevin Vogt,Werder Bremen,27.0,"DF,MF",1105.0,0.0,0.0,,8.0
Nick Woltemade,Werder Bremen,17.0,"FW,MF",92.0,0.0,0.0,,0.0325
Albian Ajeti,West Ham,22.0,"MF,FW",139.0,0.0,0.0,,4.0
Felipe Anderson,West Ham,26.0,"MF,FW",1497.0,1.0,4.0,,25.0
Michail Antonio,West Ham,29.0,FW,1768.0,10.0,3.0,,9.0
FabiĂˇn Balbuena,West Ham,27.0,DF,1177.0,1.0,0.0,,9.0
Jarrod Bowen,West Ham,22.0,FW,917.0,1.0,4.0,,16.0
Aaron Cresswell,West Ham,29.0,DF,2727.0,3.0,0.0,,6.0
Issa Diop,West Ham,22.0,DF,2766.0,3.0,1.0,,25.0
Lukasz Fabianski,West Ham,34.0,GK,2117.0,0.0,0.0,,2.5
Pablo Fornals,West Ham,23.0,"MF,FW",2172.0,2.0,5.0,,16.0
Ryan Fredericks,West Ham,26.0,DF,2237.0,0.0,3.0,,4.0
SĂ©bastien Haller,West Ham,25.0,FW,2266.0,7.0,1.0,,36.0
Ben Johnson,West Ham,19.0,DF,270.0,0.0,0.0,,2.0
Manuel Lanzini,West Ham,26.0,"MF,FW",1379.0,0.0,2.0,,16.0
David Martin,West Ham,33.0,GK,436.0,0.0,0.0,,0.025
Arthur Masuaku,West Ham,25.0,DF,937.0,0.0,1.0,,6.0
Jeremy Ngakia,West Ham,18.0,DF,440.0,0.0,0.0,,0.025
Mark Noble,West Ham,32.0,MF,2674.0,4.0,3.0,,4.0
Angelo Ogbonna,West Ham,31.0,DF,2786.0,2.0,0.0,,6.0
Darren Randolph,West Ham,32.0,GK,180.0,0.0,0.0,,2.0
Declan Rice,West Ham,20.0,MF,3420.0,1.0,3.0,,49.0
Roberto,West Ham,33.0,GK,687.0,0.0,0.0,,0.0008
Carlos SĂˇnchez,West Ham,33.0,"MF,DF",117.0,0.0,0.0,,1.0
Robert Snodgrass,West Ham,31.0,"MF,FW",1509.0,5.0,5.0,,4.0
TomĂˇĹˇ SouÄŤek,West Ham,24.0,MF,1040.0,3.0,0.0,,20.0
Jack Wilshere,West Ham,27.0,MF,215.0,0.0,0.0,,4.0
Andriy Yarmolenko,West Ham,29.0,"MF,FW",991.0,5.0,1.0,,9.0
Pablo Zabaleta,West Ham,34.0,DF,592.0,0.0,0.0,,0.08
Maximilian Arnold,Wolfsburg,25.0,MF,2821.0,4.0,8.0,,14.0
Josip Brekalo,Wolfsburg,21.0,"MF,FW",1670.0,3.0,4.0,,13.0
John Brooks,Wolfsburg,26.0,DF,2224.0,0.0,1.0,,10.0
Jeffrey Bruma,Wolfsburg,27.0,DF,810.0,0.0,0.0,,3.0
Koen Casteels,Wolfsburg,27.0,GK,2340.0,0.0,0.0,,10.0
Yannick Gerhardt,Wolfsburg,25.0,MF,828.0,2.0,0.0,,6.0
Daniel Ginczek,Wolfsburg,28.0,FW,768.0,3.0,1.0,,9.0
Josuha Guilavogui,Wolfsburg,28.0,"MF,DF",2062.0,0.0,1.0,,11.0
Mamoudou Karamoko,Wolfsburg,20.0,MF,9.0,0.0,0.0,,0.02
Felix Klaus,Wolfsburg,26.0,"FW,MF",670.0,0.0,1.0,,2.0
Robin Knoche,Wolfsburg,27.0,DF,1594.0,1.0,0.0,,6.0
Omar Marmoush,Wolfsburg,20.0,"MF,FW",81.0,0.0,0.0,,0.0125
Kevin Mbabu,Wolfsburg,24.0,DF,1696.0,3.0,1.0,,6.0
Admir Mehmedi,Wolfsburg,28.0,"MF,FW",1200.0,2.0,2.0,,8.0
Lukas Nmecha,Wolfsburg,20.0,"MF,FW",131.0,0.0,0.0,,3.0
Paulo OtĂˇvio,Wolfsburg,24.0,DF,380.0,0.0,1.0,,1.2
Pavao Pervan,Wolfsburg,31.0,GK,720.0,0.0,0.0,,0.065
Marin PongraÄŤiÄ‡,Wolfsburg,21.0,DF,928.0,2.0,0.0,,10.0
JĂ©rĂ´me Roussillon,Wolfsburg,26.0,DF,2364.0,1.0,1.0,,16.0
JoĂŁo Victor Santos SĂˇ,Wolfsburg,25.0,"MF,FW",1629.0,2.0,2.0,,3.5
Xaver Schlager,Wolfsburg,21.0,MF,1719.0,1.0,2.0,,12.0
Renato Steffen,Wolfsburg,27.0,"MF,FW",1585.0,6.0,3.0,,4.0
Marcel Tisserand,Wolfsburg,26.0,DF,1204.0,1.0,1.0,,6.0
Wout Weghorst,Wolfsburg,26.0,FW,2739.0,16.0,3.0,,21.0
William,Wolfsburg,24.0,DF,1364.0,1.0,1.0,,10.0
Ryan Bennett,Wolves,29.0,DF,606.0,0.0,0.0,,4.0
Willy Boly,Wolves,28.0,DF,1979.0,0.0,1.0,,14.0
Jonny Castro,Wolves,25.0,DF,2887.0,2.0,2.0,,16.0
Conor Coady,Wolves,26.0,DF,3420.0,0.0,0.0,,14.0
Patrick Cutrone,Wolves,21.0,FW,297.0,2.0,0.0,,15.0
Leander Dendoncker,Wolves,24.0,"MF,DF",2795.0,4.0,0.0,,22.0
Matt Doherty,Wolves,27.0,DF,2839.0,4.0,3.0,,16.0
Morgan Gibbs-White,Wolves,19.0,"MF,FW",129.0,0.0,0.0,,7.0
RaĂşl JimĂ©nez,Wolves,28.0,FW,3236.0,17.0,6.0,,40.0
Bruno JordĂŁo,Wolves,20.0,FW,7.0,0.0,0.0,,2.0
Diogo Jota,Wolves,22.0,"FW,MF",2284.0,7.0,1.0,,40.0
Max Kilman,Wolves,22.0,DF,185.0,0.0,0.0,,0.08
JoĂŁo Moutinho,Wolves,32.0,MF,3108.0,1.0,6.0,,8.0
Pedro Neto,Wolves,19.0,"FW,MF",939.0,3.0,3.0,,11.0
RĂşben Neves,Wolves,22.0,MF,3056.0,2.0,2.0,,40.0
Rui PatrĂ­cio,Wolves,31.0,GK,3420.0,0.0,0.0,,16.0
Daniel Podence,Wolves,23.0,"FW,MF",289.0,1.0,0.0,,12.0
Romain SaĂŻss,Wolves,29.0,DF,2705.0,2.0,1.0,,4.0
Adama TraorĂ©,Wolves,23.0,"FW,MF",2605.0,4.0,9.0,,25.0
JesĂşs Vallejo,Wolves,22.0,DF,163.0,0.0,0.0,,6.0
RĂşben Vinagre,Wolves,20.0,DF,652.0,0.0,0.0,,9.0
