player_name,club,age,position,minutes,goals,assists,contract_expires_year,market_value_million_eur,predicted_value_million_eur,value_diff,valuation_label
Burgui,Alavés,23.0,"FW,MF",1037.0,1.0,1.0,,1.8,2.528999999999995,0.728999999999995,fair
Raphaël Varane,Real Madrid,24.0,DF,2320.0,0.0,1.0,,70.0,62.166666666666664,-7.833333333333336,overvalued
Rubén Duarte,Alavés,21.0,DF,2138.0,0.0,2.0,,2.0,3.7283333333333335,1.7283333333333335,undervalued
Samuel Umtiti,Barcelona,23.0,DF,2189.0,1.0,0.0,,60.0,55.01193333333334,-4.988066666666661,overvalued
Manu García,Alavés,31.0,MF,2438.0,3.0,0.0,,1.8,2.2492943333333324,0.44929433333333235,fair
Ibai Gómez,Alavés,27.0,"MF,FW",2315.0,7.0,6.0,,3.5,6.421333333333334,2.921333333333334,undervalued
John Guidetti,Alavés,25.0,FW,1210.0,3.0,2.0,,5.0,4.794583333333333,-0.20541666666666725,fair
Munir El Haddadi,Alavés,21.0,FW,2436.0,10.0,6.0,,12.0,22.05666666666667,10.056666666666668,undervalued
Héctor Hernández,Alavés,26.0,MF,16.0,0.0,0.0,,0.03,0.8589750000000004,0.8289750000000004,fair
Aleksandar Katai,Alavés,26.0,"FW,MF",57.0,0.0,0.0,,1.25,1.169977,-0.08002299999999996,fair
Mats Hummels,Bayern Munich,28.0,DF,2213.0,1.0,1.0,,60.0,50.7211,-9.2789,overvalued
Kalidou Koulibaly,Napoli,26.0,DF,3066.0,5.0,1.0,,60.0,52.486666666666665,-7.513333333333335,overvalued
Paul Pogba,Manchester Utd,24.0,MF,2148.0,6.0,10.0,,90.0,71.89166666666667,-18.108333333333334,overvalued
Fernando Pacheco,Alavés,25.0,GK,3360.0,0.0,0.0,,9.0,10.213333333333333,1.213333333333333,fair
Alfonso Pedraza,Alavés,21.0,"MF,DF",2440.0,3.0,5.0,,5.0,19.626666666666665,14.626666666666665,undervalued
Hernán Pérez,Alavés,28.0,"MF,FW",375.0,0.0,0.0,,1.2,1.8685603333333336,0.6685603333333336,fair
Óscar Romero,Alavés,25.0,"MF,FW",253.0,0.0,0.0,,4.0,2.8865083333333335,-1.1134916666666665,fair
Christian Santos,Alavés,29.0,FW,438.0,2.0,0.0,,1.0,3.565649999999999,2.565649999999999,undervalued
Antonio Sivera,Alavés,20.0,GK,60.0,0.0,0.0,,1.0,0.7243368333333332,-0.2756631666666668,fair
Rubén Sobrino,Alavés,25.0,"FW,MF",1474.0,3.0,3.0,,2.0,5.938299999999999,3.938299999999999,undervalued
Carlos Vigaray,Alavés,22.0,"DF,MF",897.0,0.0,0.0,,0.08,0.697666666666669,0.617666666666669,fair
Marquinhos,Paris S-G,23.0,DF,2262.0,0.0,1.0,,55.0,46.06493333333333,-8.935066666666671,overvalued
Aymeric Laporte,Athletic Club,23.0,DF,1710.0,0.0,0.0,,50.0,35.3378,-14.662199999999999,overvalued
Sekou Baradji,Amiens,33.0,MF,7.0,0.0,0.0,,0.02,0.46358333333333274,0.4435833333333327,fair
Mathieu Bodmer,Amiens,34.0,"DF,MF",397.0,1.0,0.0,,0.05,0.28373833333333254,0.23373833333333255,fair
Jean-Christophe Bouet,Amiens,34.0,GK,90.0,0.0,0.0,,0.02,0.07692999999999965,0.05692999999999965,fair
Emmanuel Bourgaud,Amiens,29.0,"MF,FW",543.0,0.0,1.0,,0.06,0.8107370000000009,0.7507370000000009,fair
Charly Charrier,Amiens,31.0,MF,105.0,0.0,0.0,,0.05,0.4324166666666655,0.3824166666666655,fair
Issa Cissokho,Amiens,32.0,DF,1630.0,0.0,0.0,,0.05,0.34755833333333236,0.29755833333333237,fair
Quentin Cornette,Amiens,23.0,"FW,MF",446.0,1.0,1.0,,0.03,1.067666666666661,1.037666666666661,fair
Gerard Piqué,Barcelona,30.0,DF,2631.0,2.0,0.0,,50.0,48.15366666666666,-1.846333333333341,overvalued
Jean-Luc Dompé,Amiens,21.0,MF,29.0,0.0,0.0,,0.075,0.6104693333333332,0.5354693333333332,fair
Toni Kroos,Real Madrid,27.0,MF,2261.0,5.0,5.0,,80.0,71.06833333333333,-8.931666666666672,overvalued
Serge Gakpé,Amiens,30.0,"FW,MF",1853.0,3.0,1.0,,0.09,1.0539333333333323,0.9639333333333323,fair
Georges Gope-Fenepej,Amiens,28.0,"MF,FW",47.0,0.0,0.0,,0.03,0.512508333333334,0.482508333333334,fair
Régis Gurtner,Amiens,30.0,GK,3330.0,0.0,0.0,,3.0,3.7075,0.7075,fair
Oualid El Hajjam,Amiens,26.0,DF,2198.0,1.0,1.0,,1.0,2.263533333333333,1.2635333333333332,fair
Julien Ielsch,Amiens,34.0,"MF,DF",617.0,0.0,0.0,,0.025,0.40607599999999927,0.38107599999999925,fair
Gaël Kakuta,Amiens,26.0,"MF,FW",3084.0,6.0,4.0,,6.0,12.45,6.449999999999999,undervalued
Moussa Konaté,Amiens,24.0,FW,2472.0,13.0,1.0,,6.0,9.645,3.6449999999999996,undervalued
Brighton Labeau,Amiens,21.0,FW,23.0,0.0,0.0,,0.015,0.21323333333333383,0.19823333333333382,fair
Harrison Manzala,Amiens,23.0,"FW,MF",1864.0,4.0,3.0,,1.5,7.242333333333331,5.742333333333331,undervalued
Stiven Mendoza,Amiens,25.0,"FW,MF",1032.0,2.0,0.0,,1.25,1.7288666666666666,0.47886666666666655,fair
Thomas Monconduit,Amiens,26.0,MF,2948.0,1.0,3.0,,3.0,4.44,1.4400000000000004,undervalued
Nathan,Amiens,21.0,MF,10.0,0.0,0.0,,1.0,0.822266666666667,-0.17773333333333297,fair
Koke,Atlético Madrid,25.0,"MF,FW",2753.0,4.0,3.0,,70.0,53.52333333333333,-16.476666666666667,overvalued
Yoann Andreu,Angers,28.0,DF,2070.0,1.0,2.0,,1.75,2.8950666666666667,1.1450666666666667,fair
Abdoulaye Bamba,Angers,27.0,DF,1533.0,0.0,0.0,,1.0,1.3626916666666666,0.36269166666666663,fair
Ludovic Butelle,Angers,34.0,GK,1652.0,0.0,0.0,,0.05,0.13589933333333312,0.08589933333333312,fair
Pierrick Capelle,Angers,30.0,"MF,FW",1882.0,2.0,1.0,,1.0,1.4486666666666665,0.44866666666666655,fair
Saliou Ciss,Angers,27.0,"DF,FW",144.0,0.0,0.0,,0.08,1.345019666666666,1.265019666666666,fair
Saúl Ñíguez,Atlético Madrid,22.0,MF,3155.0,2.0,4.0,,70.0,52.01833333333333,-17.98166666666667,overvalued
Enzo Crivelli,Angers,22.0,FW,1023.0,1.0,1.0,,4.0,4.071666666666666,0.07166666666666632,fair
Marco Verratti,Paris S-G,24.0,MF,1718.0,0.0,4.0,,70.0,58.05,-11.950000000000003,overvalued
Baptiste Guillaume,Angers,22.0,FW,458.0,1.0,1.0,,2.0,2.4869386666666657,0.48693866666666574,fair
Wilfried Kanga,Angers,19.0,"FW,MF",176.0,0.0,0.0,,0.02,0.32441766666666644,0.3044176666666664,fair
Billy Ketkeophomphone,Angers,27.0,"MF,FW",437.0,0.0,0.0,,2.0,1.5215603333333327,-0.47843966666666726,fair
Alexandre Letellier,Angers,26.0,GK,1170.0,0.0,0.0,,1.0,1.1731833333333341,0.17318333333333413,fair
Vincent Manceau,Angers,28.0,DF,2970.0,0.0,0.0,,2.0,3.5676666666666663,1.5676666666666663,undervalued
Naby Keïta,RB Leipzig,22.0,MF,1962.0,6.0,5.0,,65.0,26.671666666666667,-38.32833333333333,overvalued
Mathieu Michel,Angers,25.0,GK,598.0,0.0,0.0,,2.0,2.0249666666666672,0.024966666666667248,fair
Prince Oniangué,Angers,28.0,MF,1055.0,1.0,0.0,,1.5,1.960608333333333,0.46060833333333306,fair
N'Golo Kanté,Chelsea,26.0,MF,2994.0,1.0,1.0,,60.0,55.53,-4.469999999999999,overvalued
Adrien Rabiot,Paris S-G,22.0,MF,2364.0,1.0,4.0,,50.0,50.13,0.13000000000000256,fair
Baptiste Santamaria,Angers,22.0,MF,2591.0,0.0,0.0,,3.0,6.050666666666666,3.0506666666666664,undervalued
Gilles Sunu,Angers,26.0,"MF,FW",656.0,1.0,1.0,,1.5,3.471387333333334,1.9713873333333338,undervalued
David Alaba,Bayern Munich,25.0,DF,1551.0,2.0,2.0,,50.0,43.76766666666666,-6.232333333333337,overvalued
Flavien Tait,Angers,24.0,"MF,FW",2241.0,4.0,3.0,,5.0,6.066,1.0659999999999998,fair
Virgil van Dijk,Liverpool,26.0,DF,1260.0,0.0,0.0,,50.0,42.13686666666666,-7.863133333333337,overvalued
Karl Toko Ekambi,Angers,24.0,"FW,MF",3041.0,17.0,5.0,,18.0,23.718333333333334,5.718333333333334,undervalued
Thomas Touré,Angers,23.0,MF,128.0,0.0,0.0,,1.5,1.3846816666666666,-0.11531833333333341,fair
Aymeric Laporte,Manchester City,23.0,DF,806.0,0.0,0.0,,50.0,40.269499999999994,-9.730500000000006,overvalued
Pierre-Emerick Aubameyang,Arsenal,28.0,FW,1057.0,10.0,4.0,,75.0,60.88666666666666,-14.113333333333337,overvalued
Héctor Bellerín,Arsenal,22.0,"DF,MF",3051.0,2.0,3.0,,40.0,26.081666666666667,-13.918333333333333,overvalued
John Stones,Manchester City,23.0,DF,1302.0,0.0,0.0,,50.0,45.26833333333333,-4.731666666666669,overvalued
Francis Coquelin,Arsenal,26.0,"MF,DF",169.0,0.0,0.0,,12.0,10.122058333333333,-1.8779416666666666,overvalued
Mohamed Elneny,Arsenal,25.0,MF,867.0,0.0,1.0,,10.0,10.526883333333334,0.526883333333334,fair
Olivier Giroud,Arsenal,30.0,FW,388.0,4.0,1.0,,18.0,17.39,-0.6099999999999994,fair
Virgil van Dijk,Southampton,26.0,DF,994.0,0.0,0.0,,50.0,33.9596,-16.040399999999998,overvalued
Alex Iwobi,Arsenal,21.0,"FW,MF",1830.0,3.0,5.0,,15.0,28.078333333333333,13.078333333333333,undervalued
Jérôme Boateng,Bayern Munich,28.0,DF,1640.0,1.0,2.0,,45.0,37.901066666666665,-7.098933333333335,overvalued
Alexandre Lacazette,Arsenal,26.0,FW,2202.0,14.0,4.0,,60.0,49.975,-10.024999999999999,overvalued
Ainsley Maitland-Niles,Arsenal,19.0,"DF,MF",914.0,0.0,0.0,,7.0,7.9254,0.9253999999999998,fair
Sergio Ramos,Real Madrid,31.0,DF,2290.0,4.0,1.0,,45.0,34.620266666666666,-10.379733333333334,overvalued
Andreas Christensen,Chelsea,21.0,DF,2086.0,0.0,0.0,,40.0,33.84,-6.159999999999997,overvalued
Henrikh Mkhitaryan,Arsenal,28.0,"FW,MF",794.0,2.0,4.0,,35.0,32.013333333333335,-2.9866666666666646,overvalued
Nacho Monreal,Arsenal,31.0,DF,2243.0,5.0,2.0,,13.0,12.6276,-0.37240000000000073,fair
Antonio Rüdiger,Chelsea,24.0,DF,2338.0,2.0,1.0,,40.0,41.46333333333333,1.4633333333333312,undervalued
David Ospina,Arsenal,28.0,GK,381.0,0.0,0.0,,5.0,6.520808333333335,1.5208083333333349,undervalued
Aaron Ramsey,Arsenal,26.0,MF,1846.0,7.0,8.0,,45.0,43.779666666666664,-1.2203333333333362,fair
Mesut Özil,Arsenal,28.0,"MF,FW",2163.0,4.0,8.0,,50.0,41.03433333333333,-8.965666666666671,overvalued
Alex Oxlade-Chamberlain,Arsenal,23.0,"MF,DF",241.0,0.0,0.0,,40.0,8.485972,-31.514028,overvalued
Alexis Sánchez,Arsenal,28.0,"FW,MF",1503.0,7.0,3.0,,70.0,48.255,-21.744999999999997,overvalued
Theo Walcott,Arsenal,28.0,"MF,FW",69.0,0.0,0.0,,20.0,9.808683333333333,-10.191316666666667,overvalued
Danny Welbeck,Arsenal,26.0,"FW,MF",1194.0,5.0,2.0,,15.0,19.551908333333333,4.5519083333333334,undervalued
Paulinho,Barcelona,29.0,MF,1948.0,9.0,2.0,,40.0,57.41,17.409999999999997,undervalued
Granit Xhaka,Arsenal,24.0,MF,3260.0,1.0,7.0,,40.0,26.326666666666668,-13.673333333333332,overvalued
Musa Barrow,Atalanta,18.0,"FW,MF",443.0,3.0,1.0,,6.0,5.655308333333333,-0.34469166666666684,fair
Stefan de Vrij,Lazio,25.0,DF,3034.0,6.0,0.0,,40.0,33.833333333333336,-6.166666666666664,overvalued
Etrit Berisha,Atalanta,28.0,GK,2790.0,0.0,0.0,,7.0,7.666666666666667,0.666666666666667,fair
Alessio Romagnoli,Milan,22.0,DF,2353.0,2.0,0.0,,40.0,21.122,-18.878,overvalued
Timothy Castagne,Atalanta,21.0,"DF,MF",1500.0,0.0,1.0,,5.0,6.277666666666667,1.2776666666666667,fair
Andreas Cornelius,Atalanta,24.0,FW,934.0,3.0,1.0,,3.0,3.7001666666666675,0.7001666666666675,fair
Corentin Tolisso,Bayern Munich,22.0,MF,1575.0,6.0,4.0,,40.0,40.14333333333333,0.14333333333333087,fair
Alex Oxlade-Chamberlain,Liverpool,23.0,"MF,FW",1493.0,3.0,7.0,,40.0,37.545,-2.4549999999999983,overvalued
Pierluigi Gollini,Atalanta,22.0,GK,622.0,0.0,0.0,,3.5,3.5846333333333344,0.08463333333333445,fair
Papu Gómez,Atalanta,29.0,"FW,MF",2750.0,6.0,8.0,,18.0,16.65201666666667,-1.3479833333333318,fair
Robin Gosens,Atalanta,23.0,"DF,MF",1451.0,1.0,2.0,,2.5,4.1615,1.6615000000000002,undervalued
Leon Goretzka,Schalke 04,22.0,MF,1982.0,4.0,2.0,,40.0,28.61,-11.39,overvalued
Hans Hateboer,Atalanta,23.0,"DF,MF",2398.0,0.0,1.0,,7.0,7.633266666666667,0.6332666666666666,fair
Toby Alderweireld,Tottenham,28.0,DF,1178.0,0.0,0.0,,40.0,31.676666666666666,-8.323333333333334,overvalued
Eric Dier,Tottenham,23.0,"MF,DF",2824.0,0.0,2.0,,40.0,38.751666666666665,-1.2483333333333348,fair
Davinson Sánchez,Tottenham,21.0,DF,2534.0,0.0,0.0,,40.0,39.845,-0.15500000000000114,fair
Riccardo Orsolini,Atalanta,20.0,"FW,MF",125.0,0.0,0.0,,3.5,2.463428083333333,-1.036571916666667,fair
Andrea Petagna,Atalanta,22.0,FW,1618.0,4.0,5.0,,9.0,11.046666666666667,2.046666666666667,undervalued
Marten de Roon,Atalanta,26.0,MF,2571.0,3.0,3.0,,14.0,14.227666666666668,0.2276666666666678,fair
Francesco Rossi,Atalanta,26.0,GK,8.0,0.0,0.0,,0.015,0.24637500000000026,0.23137500000000027,fair
Leonardo Spinazzola,Atalanta,24.0,DF,1503.0,0.0,3.0,,12.0,9.281933333333333,-2.718066666666667,overvalued
Niklas Süle,Bayern Munich,21.0,DF,1926.0,2.0,1.0,,38.0,40.958333333333336,2.9583333333333357,undervalued
Luca Vido,Atalanta,20.0,"FW,MF",74.0,0.0,0.0,,0.07,0.5293749999999979,0.4593749999999979,fair
Aritz Aduriz,Athletic Club,36.0,FW,2155.0,9.0,3.0,,1.0,1.073985166666667,0.0739851666666671,fair
Ager Aketxe,Athletic Club,23.0,MF,41.0,0.0,0.0,,2.5,1.9253999999999996,-0.5746000000000004,fair
Diego Godín,Atlético Madrid,31.0,DF,2554.0,0.0,0.0,,35.0,6.083358333333334,-28.916641666666667,overvalued
Mikel Balenziaga,Athletic Club,29.0,DF,1547.0,0.0,2.0,,4.0,4.290571333333334,0.2905713333333342,fair
Eneko Bóveda,Athletic Club,28.0,DF,521.0,0.0,0.0,,1.5,2.032045,0.5320450000000001,fair
Iñigo Córdoba,Athletic Club,20.0,"FW,MF",1454.0,1.0,1.0,,5.0,6.128833333333332,1.1288333333333318,fair
Arturo Vidal,Bayern Munich,30.0,MF,1456.0,6.0,2.0,,35.0,29.257466666666666,-5.742533333333334,overvalued
Raúl García,Athletic Club,31.0,"MF,FW",2617.0,10.0,1.0,,9.0,8.098666666666665,-0.9013333333333353,fair
Iago Herrerín,Athletic Club,29.0,GK,720.0,0.0,0.0,,3.0,2.9295526666666656,-0.07044733333333442,fair
Ander Iturraspe,Athletic Club,28.0,MF,1904.0,0.0,0.0,,5.0,7.090816666666666,2.090816666666666,undervalued
Nicolás Otamendi,Manchester City,29.0,DF,2967.0,4.0,0.0,,35.0,30.018575000000002,-4.981424999999998,overvalued
Iñigo Lekue,Athletic Club,24.0,"DF,FW",2115.0,0.0,1.0,,7.5,9.205533333333333,1.7055333333333333,undervalued
Andoni López,Athletic Club,21.0,DF,90.0,0.0,0.0,,0.06,0.463156166666667,0.403156166666667,fair
Óscar de Marcos,Athletic Club,28.0,"DF,MF",1654.0,1.0,3.0,,6.0,6.229699999999998,0.22969999999999757,fair
Eric Bailly,Manchester Utd,23.0,DF,1001.0,1.0,0.0,,35.0,28.343333333333334,-6.656666666666666,overvalued
Sabin Merino,Athletic Club,25.0,"FW,MF",376.0,0.0,0.0,,1.5,1.4635726666666662,-0.03642733333333381,fair
Iker Muniain,Athletic Club,24.0,"MF,FW",784.0,4.0,2.0,,10.0,9.998166666666666,-0.0018333333333337976,fair
Leonardo Bonucci,Milan,30.0,DF,3085.0,2.0,1.0,,35.0,25.594483333333333,-9.405516666666667,overvalued
Houssem Aouar,Lyon,19.0,"MF,FW",2430.0,6.0,4.0,,35.0,32.055,-2.9450000000000003,overvalued
Enric Saborit,Athletic Club,25.0,DF,1433.0,0.0,1.0,,0.08,6.870199999999991,6.790199999999991,undervalued
Mikel San José,Athletic Club,28.0,MF,2153.0,1.0,1.0,,9.0,7.887083333333333,-1.112916666666667,fair
Markel Susaeta,Athletic Club,29.0,"FW,MF",2261.0,3.0,2.0,,9.0,8.179408333333335,-0.8205916666666653,fair
Mikel Vesga,Athletic Club,24.0,MF,804.0,1.0,1.0,,2.5,2.624983333333335,0.124983333333335,fair
Iñaki Williams,Athletic Club,23.0,"FW,MF",2853.0,7.0,4.0,,30.0,26.10333333333333,-3.8966666666666683,overvalued
Yannick Carrasco,Atlético Madrid,23.0,"MF,FW",901.0,3.0,4.0,,25.0,28.636666666666667,3.6366666666666667,undervalued
Ángel Correa,Atlético Madrid,22.0,"FW,MF",2240.0,8.0,5.0,,24.0,28.326666666666668,4.326666666666668,undervalued
Diego Costa,Atlético Madrid,28.0,FW,1034.0,3.0,3.0,,60.0,49.00933333333333,-10.99066666666667,overvalued
Allan,Napoli,26.0,MF,2850.0,4.0,5.0,,33.0,30.713333333333335,-2.2866666666666653,overvalued
Gabi,Atlético Madrid,34.0,MF,2354.0,0.0,0.0,,3.0,2.4927386666666673,-0.5072613333333327,fair
Kévin Gameiro,Atlético Madrid,30.0,FW,1133.0,7.0,2.0,,20.0,20.451676666666668,0.4516766666666676,fair
Iñigo Martínez,Athletic Club,26.0,DF,1440.0,0.0,0.0,,32.0,21.585099999999997,-10.414900000000003,overvalued
Antoine Griezmann,Atlético Madrid,26.0,FW,2509.0,19.0,9.0,,100.0,88.46333333333334,-11.536666666666662,overvalued
Lucas Hernández,Atlético Madrid,21.0,DF,2122.0,0.0,1.0,,35.0,35.27333333333333,0.27333333333333343,fair
Carlos Isaac,Atlético Madrid,19.0,DF,62.0,0.0,0.0,,0.02,0.13251377777777837,0.11251377777777836,fair
Juanfran,Atlético Madrid,32.0,DF,1306.0,0.0,0.0,,5.0,3.7663166666666674,-1.2336833333333326,fair
Cesc Fàbregas,Chelsea,30.0,MF,2307.0,2.0,4.0,,30.0,27.0146,-2.9853999999999985,overvalued
Filipe Luís,Atlético Madrid,31.0,DF,1656.0,1.0,2.0,,8.0,8.369563666666664,0.3695636666666644,fair
Blaise Matuidi,Juventus,30.0,MF,2354.0,3.0,1.0,,30.0,23.167,-6.832999999999998,overvalued
Georginio Wijnaldum,Liverpool,26.0,MF,2387.0,1.0,2.0,,30.0,33.96033333333333,3.960333333333331,undervalued
Jan Oblak,Atlético Madrid,24.0,GK,3330.0,0.0,0.0,,70.0,71.19333333333333,1.193333333333328,fair
Thomas Partey,Atlético Madrid,24.0,"MF,DF",2373.0,3.0,0.0,,25.0,33.145,8.145000000000003,undervalued
Arona Sané,Atlético Madrid,22.0,MF,66.0,0.0,0.0,,0.025,0.6669083333333361,0.6419083333333361,fair
Fernando Torres,Atlético Madrid,33.0,FW,996.0,5.0,1.0,,4.0,5.5039151666666655,1.5039151666666655,undervalued
Luciano Vietto,Atlético Madrid,23.0,FW,264.0,0.0,0.0,,6.0,10.589983333333333,4.589983333333333,undervalued
Vitolo,Atlético Madrid,27.0,"MF,FW",616.0,1.0,1.0,,25.0,25.470235333333335,0.4702353333333349,fair
Axel Werner,Atlético Madrid,21.0,GK,90.0,0.0,0.0,,1.0,0.846030555555555,-0.15396944444444505,fair
Daniel Baier,Augsburg,33.0,MF,2538.0,0.0,2.0,,1.0,0.7740390000000009,-0.22596099999999908,fair
Caiuby,Augsburg,29.0,"FW,MF",2855.0,5.0,7.0,,5.0,12.278283333333333,7.2782833333333325,undervalued
Sergio Córdova,Augsburg,19.0,"FW,MF",586.0,2.0,1.0,,1.5,4.0352,2.5351999999999997,undervalued
Iñigo Martínez,Real Sociedad,26.0,DF,1055.0,1.0,0.0,,32.0,3.2557749999999976,-28.744225000000004,overvalued
Raphael Framberger,Augsburg,21.0,DF,696.0,0.0,0.0,,0.075,0.7057333333333311,0.6307333333333311,fair
Jan Vertonghen,Tottenham,30.0,DF,3203.0,0.0,0.0,,32.0,31.701666666666668,-0.298333333333332,fair
Michael Gregoritsch,Augsburg,23.0,"MF,FW",2527.0,13.0,3.0,,14.0,17.99,3.9899999999999984,undervalued
Marcel Heller,Augsburg,31.0,"FW,MF",1299.0,0.0,1.0,,1.0,1.1205269999999998,0.12052699999999983,fair
Jonathan Tah,Leverkusen,21.0,DF,2427.0,0.0,2.0,,30.0,26.675,-3.3249999999999993,overvalued
Marwin Hitz,Augsburg,29.0,GK,2880.0,0.0,0.0,,4.0,5.765,1.7649999999999997,undervalued
Kilian Jakob,Augsburg,19.0,FW,50.0,0.0,0.0,,0.02,0.053699833333333134,0.03369983333333314,fair
Presnel Kimpembe,Paris S-G,21.0,DF,2425.0,0.0,0.0,,30.0,36.24,6.240000000000002,undervalued
Rani Khedira,Augsburg,23.0,"MF,DF",2275.0,1.0,1.0,,3.5,4.936466666666666,1.4364666666666661,undervalued
Andreas Luthe,Augsburg,30.0,GK,180.0,0.0,0.0,,0.05,1.0666583333333344,1.0166583333333343,fair
Philipp Max,Augsburg,23.0,DF,2959.0,2.0,12.0,,15.0,27.515,12.515,undervalued
Ander Herrera,Manchester Utd,27.0,MF,1268.0,0.0,2.0,,30.0,20.828333333333333,-9.171666666666667,overvalued
Daniel Opare,Augsburg,26.0,"DF,MF",1417.0,0.0,0.0,,1.0,2.8567500000000003,1.8567500000000003,undervalued
Shawn Parker,Augsburg,24.0,"DF,MF",46.0,0.0,0.0,,0.015,0.41088333333333377,0.39588333333333375,fair
Marco Richter,Augsburg,19.0,"FW,MF",644.0,1.0,0.0,,1.0,3.9812499999999975,2.9812499999999975,undervalued
Jonathan Schmid,Augsburg,27.0,"DF,FW",1473.0,0.0,0.0,,2.5,4.488233333333334,1.9882333333333344,undervalued
Erik Thommy,Augsburg,22.0,FW,167.0,0.0,0.0,,5.0,3.6503212499999993,-1.3496787500000007,fair
Jordi Alba,Barcelona,28.0,DF,2741.0,2.0,6.0,,60.0,56.78333333333333,-3.2166666666666686,overvalued
Paco Alcácer,Barcelona,23.0,"FW,MF",698.0,4.0,2.0,,15.0,36.74466666666667,21.744666666666667,undervalued
Sergio Busquets,Barcelona,29.0,MF,2588.0,1.0,2.0,,80.0,66.05166666666666,-13.948333333333338,overvalued
Jasper Cillessen,Barcelona,28.0,GK,90.0,0.0,0.0,,9.0,10.078916666666666,1.0789166666666663,fair
Philippe Coutinho,Barcelona,25.0,"FW,MF",1293.0,8.0,5.0,,100.0,90.04833333333333,-9.951666666666668,overvalued
Ousmane Dembélé,Barcelona,20.0,"FW,MF",918.0,3.0,6.0,,80.0,69.91833333333334,-10.081666666666663,overvalued
Gerard Deulofeu,Barcelona,23.0,"MF,FW",502.0,1.0,1.0,,14.0,14.461833333333335,0.46183333333333465,fair
Lucas Digne,Barcelona,24.0,DF,709.0,0.0,1.0,,15.0,19.27365,4.27365,undervalued
Franck Kessié,Milan,20.0,MF,3264.0,5.0,1.0,,30.0,30.41,0.41000000000000014,fair
Giovani Lo Celso,Paris S-G,21.0,MF,1776.0,4.0,2.0,,30.0,32.83433333333333,2.8343333333333334,undervalued
Javier Mascherano,Barcelona,33.0,DF,542.0,0.0,0.0,,5.0,6.621174999999999,1.6211749999999991,undervalued
Lionel Messi,Barcelona,30.0,"FW,MF",3002.0,34.0,12.0,,180.0,93.84666666666666,-86.15333333333334,overvalued
Dayot Upamecano,RB Leipzig,18.0,DF,2268.0,3.0,0.0,,30.0,24.68,-5.32,overvalued
Blaise Matuidi,Paris S-G,30.0,MF,28.0,0.0,0.0,,30.0,24.102789333333337,-5.897210666666663,overvalued
Shkodran Mustafi,Arsenal,25.0,DF,2273.0,3.0,1.0,,25.0,24.585,-0.41499999999999915,fair
Sergi Roberto,Barcelona,25.0,DF,2221.0,1.0,7.0,,55.0,54.66,-0.3400000000000034,fair
Nélson Semedo,Barcelona,23.0,DF,1500.0,0.0,0.0,,30.0,33.351,3.350999999999999,undervalued
Denis Suárez,Barcelona,23.0,"MF,FW",602.0,2.0,2.0,,15.0,20.483333333333334,5.483333333333334,undervalued
Luis Suárez,Barcelona,30.0,FW,2897.0,25.0,7.0,,70.0,62.94833333333333,-7.051666666666669,overvalued
Marc-André ter Stegen,Barcelona,25.0,GK,3330.0,0.0,0.0,,60.0,58.43666666666667,-1.5633333333333326,overvalued
Mattia Caldara,Atalanta,23.0,DF,2160.0,3.0,1.0,,25.0,19.365,-5.635000000000002,overvalued
David Luiz,Chelsea,30.0,"DF,MF",840.0,1.0,0.0,,25.0,12.813238000000002,-12.186761999999998,overvalued
Aleix Vidal,Barcelona,27.0,"MF,FW",468.0,1.0,1.0,,7.5,10.168333333333333,2.668333333333333,undervalued
Harry Maguire,Leicester City,24.0,DF,3420.0,2.0,4.0,,25.0,24.97,-0.030000000000001137,fair
Juan Bernat,Bayern Munich,24.0,"DF,FW",888.0,0.0,2.0,,12.0,22.3202,10.3202,undervalued
Victor Lindelöf,Manchester Utd,23.0,DF,1285.0,0.0,0.0,,25.0,22.979333333333333,-2.020666666666667,overvalued
Kingsley Coman,Bayern Munich,21.0,"FW,MF",1153.0,3.0,3.0,,50.0,43.74666666666667,-6.25333333333333,overvalued
Niklas Dorsch,Bayern Munich,19.0,MF,90.0,1.0,0.0,,0.04,2.6937666666666615,2.6537666666666615,undervalued
Franck Evina,Bayern Munich,17.0,FW,110.0,0.0,0.0,,0.01,0.2921896666666668,0.2821896666666668,fair
Matthias Ginter,M'Gladbach,23.0,DF,3060.0,5.0,2.0,,25.0,16.953333333333333,-8.046666666666667,overvalued
Clément Lenglet,Sevilla,22.0,DF,3000.0,3.0,1.0,,25.0,25.655,0.6550000000000011,fair
Joshua Kimmich,Bayern Munich,22.0,DF,2329.0,1.0,10.0,,55.0,54.42166666666667,-0.5783333333333331,fair
Robert Lewandowski,Bayern Munich,28.0,FW,2172.0,29.0,2.0,,90.0,80.46333333333334,-9.536666666666662,overvalued
Medhi Benatia,Juventus,30.0,DF,1755.0,2.0,0.0,,23.0,21.481491666666667,-1.5185083333333331,overvalued
Javi Martínez,Bayern Munich,28.0,"MF,DF",1609.0,1.0,2.0,,40.0,36.4294,-3.570599999999999,overvalued
Thomas Müller,Bayern Munich,27.0,"FW,MF",2005.0,8.0,14.0,,60.0,58.68833333333333,-1.3116666666666674,fair
Manuel Neuer,Bayern Munich,31.0,GK,270.0,0.0,0.0,,35.0,24.725924999999993,-10.274075000000007,overvalued
Kwasi Okyere Wriedt,Bayern Munich,23.0,MF,23.0,0.0,0.0,,0.06,3.3912333333333162,3.331233333333316,undervalued
Geoffrey Kondogbia,Valencia,24.0,MF,2614.0,4.0,3.0,,30.0,25.917333333333332,-4.082666666666668,overvalued
Franck Ribéry,Bayern Munich,34.0,"FW,MF",1203.0,5.0,1.0,,4.0,7.578231666666668,3.5782316666666683,undervalued
Arjen Robben,Bayern Munich,33.0,"FW,MF",1507.0,5.0,5.0,,7.0,8.533835833333333,1.5338358333333328,undervalued
James Rodríguez,Bayern Munich,26.0,MF,1621.0,7.0,11.0,,70.0,53.51,-16.490000000000002,overvalued
Sebastian Rudy,Bayern Munich,27.0,MF,1515.0,1.0,4.0,,15.0,19.396,4.396000000000001,undervalued
Tom Starke,Bayern Munich,36.0,GK,180.0,0.0,0.0,,0.01,12.684225000000005,12.674225000000005,undervalued
Manuel Akanji,Dortmund,22.0,DF,904.0,0.0,0.0,,22.0,12.269520666666665,-9.730479333333335,overvalued
Carlos Soler,Valencia,20.0,"MF,FW",2357.0,1.0,4.0,,30.0,25.136666666666667,-4.863333333333333,overvalued
Sven Ulreich,Bayern Munich,28.0,GK,2610.0,0.0,0.0,,6.0,47.89333333333333,41.89333333333333,undervalued
Rafinha,Bayern Munich,31.0,DF,1851.0,1.0,2.0,,28.0,25.93315833333334,-2.0668416666666616,overvalued
Sandro Wagner,Bayern Munich,29.0,FW,726.0,8.0,2.0,,12.0,15.797802666666666,3.7978026666666658,undervalued
Daniele Rugani,Juventus,23.0,DF,1935.0,2.0,1.0,,22.0,26.85333333333333,4.853333333333332,undervalued
Samuel Armenteros,Benevento,27.0,FW,429.0,1.0,0.0,,1.5,1.9749296666666665,0.4749296666666665,fair
Vid Belec,Benevento,27.0,GK,1113.0,0.0,0.0,,1.7,1.7673499999999966,0.06734999999999669,fair
Joe Gomez,Liverpool,20.0,DF,1902.0,0.0,2.0,,22.0,38.211666666666666,16.211666666666666,undervalued
Enrico Brignola,Benevento,18.0,"FW,MF",1347.0,3.0,2.0,,2.5,4.344,1.8440000000000003,undervalued
Alberto Brignoli,Benevento,25.0,GK,1126.0,1.0,0.0,,1.0,1.5262666666666664,0.5262666666666664,fair
Rafinha,Inter,24.0,"MF,FW",1043.0,2.0,2.0,,28.0,24.203333333333333,-3.796666666666667,overvalued
Fabio Ceravolo,Benevento,30.0,FW,57.0,0.0,0.0,,2.0,1.6442583333333332,-0.35574166666666684,fair
Lorenzo Pellegrini,Roma,21.0,MF,1797.0,3.0,2.0,,28.0,26.856666666666666,-1.1433333333333344,fair
Amato Ciciretti,Benevento,23.0,"MF,FW",807.0,2.0,1.0,,2.5,2.6658416666666667,0.16584166666666667,fair
Karamoko Cissé,Benevento,28.0,"FW,DF",14.0,0.0,0.0,,0.07,0.3770749999999987,0.3070749999999987,fair
Massimo Coda,Benevento,28.0,FW,1417.0,4.0,1.0,,1.4,3.554333333333333,2.154333333333333,undervalued
Issa Diop,Toulouse,20.0,DF,3060.0,3.0,0.0,,22.0,22.301666666666666,0.30166666666666586,fair
Marco D'Alessandro,Benevento,26.0,"MF,FW",1043.0,1.0,1.0,,2.5,2.940541666666666,0.44054166666666594,fair
Kevin Strootman,Roma,27.0,MF,2258.0,1.0,1.0,,28.0,23.27424166666667,-4.7257583333333315,overvalued
Gianluca Di Chiara,Benevento,23.0,DF,1007.0,0.0,0.0,,1.5,1.7610666666666668,0.2610666666666668,fair
Cheick Diabaté,Benevento,29.0,"FW,MF",664.0,8.0,0.0,,4.0,6.83,2.83,undervalued
Michael Keane,Everton,24.0,DF,2560.0,0.0,1.0,,20.0,20.52166666666667,0.5216666666666683,fair
Guilherme,Benevento,26.0,"MF,FW",944.0,2.0,2.0,,4.0,2.9330000000000003,-1.0669999999999997,fair
Bright Gyamfi,Benevento,21.0,"DF,MF",326.0,0.0,0.0,,0.04,0.3253083333333346,0.2853083333333346,fair
Pietro Iemmello,Benevento,25.0,FW,880.0,2.0,1.0,,2.0,2.2856666666666667,0.28566666666666674,fair
Achraf Lazaar,Benevento,25.0,"DF,MF",478.0,1.0,0.0,,1.0,2.1573686666666667,1.1573686666666667,fair
Gaetano Letizia,Benevento,27.0,DF,2141.0,1.0,0.0,,1.5,2.235,0.7349999999999999,fair
Cristiano Lombardi,Benevento,21.0,"DF,MF",1112.0,0.0,2.0,,0.08,4.976266666666667,4.8962666666666665,undervalued
Dejan Lovren,Liverpool,28.0,DF,2127.0,2.0,1.0,,20.0,30.236666666666668,10.236666666666668,undervalued
Sami Khedira,Juventus,30.0,MF,1912.0,9.0,2.0,,26.0,24.188,-1.8120000000000012,overvalued
Vittorio Parigini,Benevento,21.0,"FW,MF",857.0,0.0,0.0,,1.1,1.3099000000000038,0.20990000000000375,fair
Christian Puggioni,Benevento,36.0,GK,1179.0,0.0,0.0,,0.03,0.15504666666666625,0.12504666666666625,fair
George Pușcaș,Benevento,21.0,"FW,MF",702.0,1.0,0.0,,2.8,2.6974999999999927,-0.10250000000000714,fair
Bacary Sagna,Benevento,34.0,DF,957.0,1.0,0.0,,0.08,0.16361949999999958,0.08361949999999958,fair
Sandro,Benevento,28.0,MF,1153.0,1.0,0.0,,2.5,2.72075,0.22074999999999978,fair
Phil Jones,Manchester Utd,25.0,DF,1973.0,0.0,0.0,,20.0,21.615,1.6149999999999984,undervalued
Lorenzo Venuti,Benevento,22.0,DF,2390.0,0.0,1.0,,1.5,4.007333333333333,2.5073333333333334,undervalued
Bryan Cristante,Atalanta,22.0,"MF,FW",2824.0,9.0,2.0,,25.0,22.723333333333333,-2.2766666666666673,overvalued
Nicolò Barella,Cagliari,20.0,MF,2955.0,6.0,2.0,,25.0,24.868333333333332,-0.1316666666666677,fair
Gabriel Paulista,Valencia,26.0,DF,2586.0,0.0,0.0,,20.0,18.526666666666667,-1.4733333333333327,overvalued
Antonio Adán,Betis,30.0,GK,2700.0,0.0,0.0,,5.0,5.013,0.0129999999999999,fair
Panagiotis Retsos,Leverkusen,18.0,DF,1716.0,1.0,3.0,,18.0,17.183333333333334,-0.8166666666666664,fair
Antonio Barragán,Betis,30.0,"DF,MF",2370.0,0.0,7.0,,2.5,3.957533333333333,1.4575333333333331,undervalued
Daley Blind,Manchester Utd,27.0,"DF,MF",362.0,0.0,0.0,,18.0,14.468333333333334,-3.5316666666666663,overvalued
Ryad Boudebouz,Betis,27.0,"MF,FW",1364.0,2.0,3.0,,8.0,6.841333333333332,-1.1586666666666678,fair
Ross Barkley,Chelsea,23.0,"MF,FW",129.0,0.0,0.0,,25.0,21.076983333333335,-3.9230166666666655,overvalued
Joel Campbell,Betis,25.0,"MF,FW",216.0,2.0,0.0,,3.0,3.2165416666666666,0.21654166666666663,fair
Rubén Castro,Betis,36.0,FW,359.0,1.0,1.0,,0.05,1.4760145,1.4260145,undervalued
Riza Durmisi,Betis,23.0,"DF,MF",2080.0,2.0,2.0,,5.0,6.13,1.13,fair
Marcos Rojo,Manchester Utd,27.0,DF,640.0,0.0,0.0,,18.0,18.540533333333332,0.5405333333333324,fair
Javi García,Betis,30.0,"MF,DF",2405.0,1.0,0.0,,4.0,3.7423333333333333,-0.2576666666666667,fair
Dani Giménez,Betis,34.0,GK,308.0,0.0,0.0,,0.02,0.15775833333333394,0.13775833333333395,fair
Julio Gracia,Betis,19.0,"FW,MF",24.0,0.0,0.0,,0.03,0.08265766666666698,0.05265766666666698,fair
João Mário,Inter,24.0,"MF,FW",554.0,0.0,1.0,,25.0,18.943202,-6.056798000000001,overvalued
Francis Guerrero,Betis,21.0,"DF,MF",992.0,1.0,0.0,,2.5,10.298166666666667,7.798166666666667,undervalued
Joaquín,Betis,36.0,"FW,MF",2476.0,4.0,7.0,,0.05,1.7366333333333364,1.6866333333333363,undervalued
Sergio León,Betis,28.0,FW,1974.0,11.0,1.0,,5.0,7.3966666666666665,2.3966666666666665,undervalued
Pedro López,Betis,22.0,GK,412.0,0.0,0.0,,0.025,1.108774999999999,1.083774999999999,fair
Chris Smalling,Manchester Utd,27.0,DF,2536.0,4.0,0.0,,18.0,27.528333333333332,9.528333333333332,undervalued
Loren Morón,Betis,23.0,FW,1061.0,7.0,0.0,,7.5,11.814,4.314,undervalued
Matías Nahuel,Betis,20.0,"FW,MF",252.0,0.0,0.0,,1.0,1.4991610000000002,0.4991610000000002,fair
Juanjo Narváez,Betis,22.0,MF,303.0,0.0,0.0,,0.05,0.7027833333333363,0.6527833333333363,fair
Rafa Navarro,Betis,23.0,DF,135.0,0.0,0.0,,0.05,0.6206666666666679,0.5706666666666679,fair
Aitor Ruibal,Betis,21.0,FW,10.0,0.0,0.0,,0.03,0.08359166666666686,0.05359166666666686,fair
Antonio Sanabria,Betis,21.0,FW,854.0,8.0,0.0,,7.5,17.526041666666668,10.026041666666668,undervalued
Cristian Tello,Betis,25.0,"FW,MF",1699.0,4.0,1.0,,6.0,5.732833333333333,-0.2671666666666672,fair
Felipe Avenatti,Bologna,24.0,"FW,MF",468.0,0.0,0.0,,1.2,1.4339166666666614,0.23391666666666144,fair
Lorenzo Crisetig,Bologna,24.0,MF,558.0,0.0,0.0,,1.7,2.1113000000000013,0.41130000000000133,fair
Kamil Glik,Monaco,29.0,DF,3240.0,3.0,1.0,,18.0,13.955,-4.045,overvalued
Mattia Destro,Bologna,26.0,FW,1617.0,6.0,2.0,,6.0,5.588,-0.4119999999999999,fair
Federico Di Francesco,Bologna,23.0,"FW,DF",1591.0,1.0,1.0,,3.5,4.44985,0.9498499999999996,fair
Jordan Henderson,Liverpool,27.0,MF,2171.0,1.0,1.0,,25.0,30.748333333333335,5.748333333333335,undervalued
Jemerson,Monaco,24.0,DF,2856.0,2.0,0.0,,18.0,16.503333333333334,-1.4966666666666661,overvalued
Thilo Kehrer,Schalke 04,20.0,DF,2365.0,3.0,0.0,,18.0,17.614333333333335,-0.3856666666666655,fair
Cheick Keita,Bologna,21.0,DF,127.0,0.0,0.0,,1.0,2.0559696666666665,1.0559696666666665,fair
Emil Krafth,Bologna,22.0,DF,946.0,0.0,0.0,,1.5,2.4083520000000003,0.9083520000000003,fair
Marc Bartra,Betis,26.0,DF,1419.0,1.0,0.0,,17.5,5.950833333333332,-11.549166666666668,overvalued
Adam Masina,Bologna,23.0,DF,2830.0,0.0,1.0,,7.0,7.155,0.15500000000000025,fair
Ibrahima Mbaye,Bologna,22.0,DF,1760.0,1.0,0.0,,3.3,4.268333333333318,0.9683333333333186,fair
Antonio Mirante,Bologna,34.0,GK,2970.0,0.0,0.0,,1.0,0.8163500000000007,-0.1836499999999993,fair
Ádám Nagy,Bologna,22.0,MF,711.0,1.0,0.0,,2.8,2.8941499999999913,0.09414999999999152,fair
Orji Okwonkwo,Bologna,19.0,"MF,FW",265.0,3.0,0.0,,1.0,1.982866666666667,0.982866666666667,fair
Riccardo Orsolini,Bologna,20.0,"FW,DF",341.0,0.0,1.0,,3.5,4.572699999999999,1.0726999999999993,fair
Rodrigo Palacio,Bologna,35.0,"FW,MF",2065.0,4.0,2.0,,0.07,0.4266391666666662,0.3566391666666662,fair
Marcel Sabitzer,RB Leipzig,23.0,"MF,FW",1790.0,3.0,5.0,,25.0,21.587666666666667,-3.4123333333333328,overvalued
Erick Pulgar,Bologna,23.0,MF,2770.0,3.0,0.0,,6.0,8.573333333333334,2.573333333333334,undervalued
Marc Bartra,Dortmund,26.0,DF,807.0,2.0,1.0,,17.5,15.039908333333333,-2.460091666666667,overvalued
Antonio Santurro,Bologna,25.0,GK,90.0,0.0,0.0,,0.02,0.7993666666666683,0.7793666666666683,fair
Simone Verdi,Bologna,25.0,"FW,MF",2827.0,10.0,8.0,,25.0,25.96,0.9600000000000009,fair
Diego Llorente,Real Sociedad,23.0,DF,2324.0,3.0,1.0,,17.5,11.547666666666668,-5.952333333333332,overvalued
Martin Braithwaite,Bordeaux,26.0,FW,916.0,4.0,1.0,,8.0,8.320333333333332,0.32033333333333225,fair
Diego Contento,Bordeaux,27.0,"DF,FW",108.0,0.0,0.0,,1.5,4.634937833333332,3.134937833333332,undervalued
Benoît Costil,Bordeaux,30.0,GK,3240.0,0.0,0.0,,6.5,4.608333333333333,-1.8916666666666666,overvalued
François Kamano,Bordeaux,21.0,"FW,MF",2015.0,8.0,4.0,,7.0,24.52,17.52,undervalued
Nico Elvedi,M'Gladbach,20.0,DF,2914.0,2.0,2.0,,17.0,17.968333333333334,0.9683333333333337,fair
Gaëtan Laborde,Bordeaux,23.0,FW,957.0,3.0,0.0,,4.0,3.945666666666667,-0.05433333333333312,fair
Dennis Praet,Sampdoria,23.0,MF,2657.0,1.0,3.0,,25.0,18.792666666666666,-6.2073333333333345,overvalued
Laurent Koscielny,Arsenal,31.0,DF,2225.0,2.0,0.0,,15.0,12.398316666666668,-2.601683333333332,overvalued
Malcom,Bordeaux,20.0,"FW,MF",2856.0,12.0,7.0,,45.0,45.525,0.5249999999999986,fair
João Mário,West Ham,24.0,"MF,FW",1022.0,2.0,1.0,,25.0,21.189383333333335,-3.8106166666666645,overvalued
Alexandre Mendy,Bordeaux,23.0,"FW,MF",799.0,4.0,0.0,,2.5,7.352666666666667,4.852666666666667,undervalued
Otávio,Bordeaux,23.0,MF,1484.0,0.0,0.0,,6.5,3.3422500000000004,-3.1577499999999996,overvalued
Yeray Álvarez,Athletic Club,22.0,DF,675.0,0.0,0.0,,15.0,6.759216666666667,-8.240783333333333,overvalued
Théo Pellenard,Bordeaux,23.0,DF,1428.0,0.0,1.0,,2.0,2.829333333333333,0.829333333333333,fair
Maxime Poundjé,Bordeaux,24.0,DF,1703.0,0.0,1.0,,4.5,4.867266666666666,0.36726666666666574,fair
Nicolas de Préville,Bordeaux,26.0,FW,1934.0,4.0,4.0,,7.0,8.265666666666668,1.265666666666668,fair
Jérôme Prior,Bordeaux,21.0,GK,180.0,0.0,0.0,,2.5,1.755540583333333,-0.7444594166666669,fair
Youssouf Sabaly,Bordeaux,24.0,DF,3092.0,0.0,5.0,,7.0,13.883333333333333,6.883333333333333,undervalued
Giacomo Bonaventura,Milan,27.0,MF,2541.0,8.0,2.0,,23.0,21.085,-1.9149999999999991,overvalued
Thomas Touré,Bordeaux,23.0,MF,8.0,0.0,0.0,,1.5,2.7258750000000007,1.2258750000000007,fair
Matías Vecino,Inter,25.0,MF,2137.0,3.0,2.0,,21.0,21.69,0.6900000000000013,fair
Unai Núñez,Athletic Club,20.0,DF,2850.0,1.0,0.0,,15.0,15.123333333333333,0.12333333333333307,fair
Jack Wilshere,Arsenal,25.0,MF,1193.0,1.0,3.0,,20.0,22.82,2.8200000000000003,undervalued
Benik Afobe,Bournemouth,24.0,"FW,MF",611.0,0.0,0.0,,10.0,9.219100000000001,-0.780899999999999,fair
Nathan Aké,Bournemouth,22.0,DF,3353.0,2.0,3.0,,15.0,21.971666666666668,6.971666666666668,undervalued
Lewis Cook,Bournemouth,20.0,MF,2237.0,0.0,2.0,,20.0,8.296666666666667,-11.703333333333333,overvalued
Danny Drinkwater,Chelsea,27.0,MF,527.0,1.0,0.0,,20.0,20.121335333333334,0.12133533333333446,fair
James Tarkowski,Burnley,24.0,DF,2790.0,0.0,0.0,,15.0,11.321666666666667,-3.678333333333333,overvalued
Charlie Daniels,Bournemouth,30.0,"DF,MF",3002.0,1.0,3.0,,3.5,4.207666666666667,0.7076666666666673,fair
Jermain Defoe,Bournemouth,34.0,FW,1088.0,4.0,1.0,,2.5,0.7471770000000009,-1.7528229999999991,overvalued
Simon Francis,Bournemouth,32.0,DF,2705.0,0.0,1.0,,2.5,2.2270250000000003,-0.27297499999999975,fair
Ryan Fraser,Bournemouth,23.0,"MF,DF",2004.0,5.0,3.0,,6.0,8.956000000000001,2.9560000000000013,undervalued
Roberto Gagliardini,Inter,23.0,MF,1988.0,0.0,0.0,,20.0,21.342333333333332,1.3423333333333325,undervalued
Adrien Silva,Leicester City,28.0,"MF,FW",761.0,0.0,1.0,,20.0,14.118102666666667,-5.881897333333333,overvalued
Jordon Ibe,Bournemouth,21.0,"MF,FW",1995.0,2.0,6.0,,9.0,13.193333333333333,4.193333333333333,undervalued
Joshua King,Bournemouth,25.0,"FW,MF",2453.0,8.0,3.0,,10.0,11.051666666666666,1.0516666666666659,fair
Gary Cahill,Chelsea,31.0,DF,2086.0,0.0,0.0,,15.0,15.743233333333334,0.7432333333333343,fair
Lys Mousset,Bournemouth,21.0,"FW,MF",596.0,2.0,0.0,,4.0,5.309166666666667,1.309166666666667,undervalued
Marc Pugh,Bournemouth,30.0,"MF,FW",985.0,0.0,0.0,,1.5,1.7710460000000001,0.2710460000000001,fair
Adam Smith,Bournemouth,26.0,"DF,MF",2071.0,1.0,3.0,,5.0,6.310333333333333,1.3103333333333333,undervalued
Junior Stanislas,Bournemouth,27.0,"MF,FW",1286.0,5.0,2.0,,4.5,5.776741666666667,1.276741666666667,fair
Youri Tielemans,Monaco,20.0,MF,1568.0,0.0,1.0,,20.0,16.125,-3.875,overvalued
Callum Wilson,Bournemouth,25.0,FW,1981.0,8.0,2.0,,10.0,9.958333333333334,-0.041666666666666075,fair
Sam Baldock,Brighton,28.0,"FW,MF",32.0,0.0,0.0,,3.0,2.990574999999999,-0.009425000000001127,fair
Gaëtan Bong,Brighton,29.0,DF,2236.0,0.0,0.0,,1.5,1.9895999999999996,0.4895999999999996,fair
Izzy Brown,Brighton,20.0,"MF,FW",311.0,0.0,0.0,,5.0,5.120910333333335,0.12091033333333456,fair
Bruno,Brighton,36.0,DF,2016.0,0.0,0.0,,0.075,0.09397533333333297,0.01897533333333297,fair
Mamadou Sakho,Crystal Palace,27.0,DF,1600.0,1.0,2.0,,15.0,11.794185999999998,-3.205814000000002,overvalued
Eliaquim Mangala,Everton,26.0,DF,134.0,0.0,0.0,,15.0,13.151833333333334,-1.8481666666666658,overvalued
Djené,Getafe,25.0,DF,3238.0,1.0,0.0,,15.0,17.067333333333337,2.0673333333333375,undervalued
Renato Sanches,Swansea City,19.0,MF,702.0,0.0,0.0,,20.0,15.08,-4.92,overvalued
Tomer Hemed,Brighton,30.0,FW,849.0,2.0,2.0,,2.5,3.033805333333333,0.533805333333333,fair
Niklas Stark,Hertha BSC,22.0,"DF,MF",2210.0,1.0,1.0,,15.0,13.140266666666667,-1.8597333333333328,overvalued
José Izquierdo,Brighton,25.0,"MF,FW",1984.0,5.0,3.0,,14.0,11.655833333333334,-2.3441666666666663,overvalued
Manu Trigueros,Villarreal,25.0,MF,2690.0,3.0,4.0,,20.0,12.710666666666667,-7.289333333333333,overvalued
Anthony Knockaert,Brighton,25.0,"MF,FW",2421.0,3.0,1.0,,8.0,8.882333333333335,0.8823333333333352,fair
Jürgen Locadia,Brighton,23.0,"FW,MF",224.0,1.0,1.0,,15.0,3.227091666666664,-11.772908333333337,overvalued
Solly March,Brighton,23.0,"MF,FW",1851.0,1.0,1.0,,5.0,5.708333333333333,0.708333333333333,fair
Jamie Murphy,Brighton,27.0,MF,168.0,0.0,0.0,,1.75,2.0277666666666674,0.2777666666666674,fair
Glenn Murray,Brighton,33.0,FW,2192.0,12.0,0.0,,3.0,3.4597199999999977,0.4597199999999977,fair
Mahmoud Dahoud,Dortmund,21.0,MF,1146.0,0.0,4.0,,18.0,17.261666666666667,-0.7383333333333333,fair
Liam Rosenior,Brighton,33.0,DF,164.0,0.0,0.0,,1.0,1.2719249999999998,0.27192499999999975,fair
Mathew Ryan,Brighton,25.0,GK,3420.0,0.0,0.0,,8.0,8.656666666666666,0.6566666666666663,fair
Ezequiel Schelotto,Brighton,28.0,DF,1318.0,0.0,0.0,,4.5,5.241533333333332,0.741533333333332,fair
Jordan Veretout,Fiorentina,24.0,MF,3209.0,8.0,1.0,,18.0,17.543333333333333,-0.456666666666667,fair
Markus Suttner,Brighton,30.0,DF,1179.0,0.0,0.0,,2.5,1.9936666666666667,-0.5063333333333333,fair
Leonardo Ulloa,Brighton,31.0,FW,267.0,1.0,0.0,,5.0,3.6898193333333356,-1.3101806666666644,fair
Kevin Kampl,Leverkusen,26.0,MF,30.0,0.0,0.0,,18.0,12.730724999999996,-5.269275000000004,overvalued
Phil Bardsley,Burnley,32.0,DF,1125.0,0.0,0.0,,1.5,1.8605583333333333,0.3605583333333333,fair
Ashley Barnes,Burnley,27.0,FW,2165.0,9.0,0.0,,8.0,8.453333333333333,0.45333333333333314,fair
Robbie Brady,Burnley,25.0,"MF,FW",1277.0,1.0,2.0,,10.0,7.651716666666666,-2.3482833333333337,overvalued
Jack Cork,Burnley,28.0,MF,3420.0,2.0,1.0,,15.0,13.668333333333333,-1.331666666666667,fair
Morgan Sanson,Marseille,22.0,MF,2165.0,9.0,2.0,,18.0,16.883333333333333,-1.1166666666666671,fair
Tom Heaton,Burnley,31.0,GK,305.0,0.0,0.0,,4.0,2.9597749999999974,-1.0402250000000026,fair
Kevin Kampl,RB Leipzig,26.0,MF,2019.0,1.0,3.0,,18.0,16.319333333333333,-1.6806666666666672,overvalued
Aaron Lennon,Burnley,30.0,"MF,FW",1118.0,0.0,2.0,,5.0,4.230833333333333,-0.769166666666667,fair
Sven Bender,Leverkusen,28.0,DF,2345.0,2.0,0.0,,15.0,13.294,-1.7059999999999995,overvalued
Matthew Lowton,Burnley,28.0,DF,2295.0,0.0,3.0,,5.0,5.480816666666667,0.48081666666666667,fair
Eliaquim Mangala,Manchester City,26.0,DF,488.0,0.0,0.0,,15.0,19.45945,4.45945,undervalued
Nabil Bentaleb,Schalke 04,22.0,MF,1011.0,4.0,3.0,,18.0,12.07,-5.93,overvalued
Nick Pope,Burnley,25.0,GK,3115.0,0.0,0.0,,10.0,10.028333333333334,0.02833333333333421,fair
Jamaal Lascelles,Newcastle Utd,23.0,DF,2928.0,3.0,0.0,,15.0,14.928333333333333,-0.07166666666666721,fair
Charlie Taylor,Burnley,23.0,DF,950.0,0.0,0.0,,5.0,4.294335333333333,-0.7056646666666673,fair
Sam Vokes,Burnley,27.0,FW,998.0,4.0,1.0,,6.0,5.734016666666666,-0.2659833333333337,fair
Jonathan Walters,Burnley,33.0,FW,39.0,0.0,0.0,,2.0,1.8495416666666669,-0.15045833333333314,fair
Stephen Ward,Burnley,31.0,DF,2460.0,1.0,1.0,,3.0,3.2483333333333335,0.24833333333333352,fair
Nahki Wells,Burnley,27.0,FW,55.0,0.0,0.0,,4.5,1.5816096666666646,-2.9183903333333356,overvalued
Ashley Westwood,Burnley,27.0,MF,1111.0,0.0,1.0,,4.0,3.942933333333334,-0.057066666666666155,fair
Chris Wood,Burnley,25.0,FW,1624.0,10.0,1.0,,18.0,13.283333333333333,-4.716666666666667,overvalued
Enzo Crivelli,Caen,22.0,FW,726.0,2.0,1.0,,4.0,4.089216666666666,0.08921666666666628,fair
Malang Sarr,Nice,18.0,DF,1322.0,0.0,0.0,,15.0,12.216333333333335,-2.783666666666665,overvalued
James Ward-Prowse,Southampton,22.0,"FW,MF",1716.0,3.0,3.0,,18.0,15.941,-2.0589999999999993,overvalued
Joe Allen,Stoke City,27.0,MF,3139.0,2.0,6.0,,18.0,17.163333333333334,-0.836666666666666,fair
Willi Orban,RB Leipzig,24.0,DF,2126.0,3.0,0.0,,15.0,16.009166666666665,1.0091666666666654,fair
Joris Gnagnon,Rennes,20.0,DF,2918.0,2.0,2.0,,15.0,15.62,0.6199999999999992,fair
Wesley Hoedt,Southampton,23.0,DF,2520.0,0.0,1.0,,15.0,14.045,-0.9550000000000001,fair
Damir Ceter,Cagliari,19.0,"FW,MF",199.0,0.0,0.0,,1.0,1.1575833333333339,0.15758333333333385,fair
Luca Cigarini,Cagliari,31.0,MF,2024.0,2.0,3.0,,1.5,1.843325,0.3433250000000001,fair
Andrea Cossu,Cagliari,37.0,"MF,FW",243.0,0.0,1.0,,0.01,0.9892243333333323,0.9792243333333323,fair
Alessio Cragno,Cagliari,23.0,GK,2536.0,0.0,0.0,,9.0,12.781666666666666,3.7816666666666663,undervalued
Luca Crosta,Cagliari,19.0,GK,90.0,0.0,0.0,,0.02,0.08394633333333314,0.06394633333333313,fair
Mousa Dembélé,Tottenham,30.0,MF,1879.0,0.0,0.0,,18.0,19.865666666666666,1.865666666666666,undervalued
Gregory van der Wiel,Cagliari,29.0,DF,288.0,0.0,0.0,,1.0,0.8865943333333343,-0.11340566666666574,fair
Moussa Sissoko,Tottenham,27.0,"MF,FW",1386.0,1.0,1.0,,18.0,26.458333333333332,8.458333333333332,undervalued
Paolo Faragò,Cagliari,24.0,"DF,MF",2457.0,2.0,4.0,,6.0,9.583666666666666,3.583666666666666,undervalued
Diego Farias,Cagliari,27.0,"FW,MF",1609.0,1.0,4.0,,3.3,4.314666666666651,1.0146666666666508,fair
Niccolò Giannetti,Cagliari,26.0,"FW,MF",293.0,0.0,0.0,,1.0,0.9498833333333333,-0.0501166666666667,fair
Senna Miangue,Cagliari,20.0,"MF,DF",805.0,0.0,1.0,,1.5,2.848633333333333,1.348633333333333,undervalued
Simone Padoin,Cagliari,33.0,"DF,MF",3103.0,1.0,0.0,,0.05,0.4324276666666657,0.3824276666666657,fair
Leonardo Pavoletti,Cagliari,28.0,FW,2719.0,11.0,0.0,,9.0,9.516666666666667,0.5166666666666675,fair
João Pedro,Cagliari,25.0,"MF,FW",1656.0,5.0,2.0,,5.0,5.023233333333333,0.023233333333332773,fair
Kurt Zouma,Stoke City,22.0,DF,2888.0,1.0,0.0,,15.0,13.625,-1.375,fair
Rafael,Cagliari,35.0,GK,794.0,0.0,0.0,,0.08,0.13404699999999992,0.054046999999999915,fair
Alfie Mawson,Swansea City,23.0,DF,3420.0,2.0,1.0,,15.0,13.84,-1.1600000000000001,fair
Marco Sau,Cagliari,29.0,"FW,MF",1311.0,2.0,0.0,,2.0,2.2832,0.2831999999999999,fair
Sergio Álvarez,Celta Vigo,30.0,GK,1479.0,0.0,0.0,,2.0,2.2462500000000003,0.2462500000000003,fair
Iago Aspas,Celta Vigo,29.0,FW,2933.0,22.0,5.0,,25.0,50.4,25.4,undervalued
Rubén Blanco,Celta Vigo,22.0,GK,1941.0,0.0,0.0,,3.0,6.61,3.6100000000000003,undervalued
Lucas Boyé,Celta Vigo,21.0,"FW,MF",287.0,0.0,0.0,,1.5,1.2470166666666667,-0.25298333333333334,fair
Jeison Murillo,Valencia,25.0,DF,1374.0,0.0,0.0,,15.0,11.930533333333333,-3.069466666666667,overvalued
Jonny Evans,West Brom,29.0,DF,2270.0,2.0,2.0,,15.0,11.047816666666668,-3.9521833333333323,overvalued
Maxi Gómez,Celta Vigo,20.0,FW,3056.0,17.0,4.0,,25.0,38.18833333333333,13.188333333333333,undervalued
Calum Chambers,Arsenal,22.0,DF,866.0,0.0,0.0,,14.0,11.651516666666666,-2.348483333333334,overvalued
John Guidetti,Celta Vigo,25.0,FW,119.0,0.0,0.0,,5.0,3.471483666666671,-1.5285163333333291,overvalued
André Gomes,Barcelona,24.0,"MF,FW",640.0,0.0,0.0,,15.0,17.677066666666665,2.677066666666665,undervalued
Andrew Hjulsager,Celta Vigo,22.0,"DF,MF",15.0,0.0,0.0,,0.08,0.78085,0.7008500000000001,fair
Stanislav Lobotka,Celta Vigo,22.0,MF,3062.0,0.0,0.0,,15.0,15.231666666666667,0.23166666666666735,fair
Hugo Mallo,Celta Vigo,26.0,DF,2998.0,0.0,5.0,,12.0,11.575,-0.4250000000000007,fair
Brais Méndez,Celta Vigo,20.0,"MF,FW",951.0,1.0,2.0,,3.5,4.562333333333333,1.0623333333333331,fair
Emre Mor,Celta Vigo,20.0,"FW,MF",679.0,1.0,1.0,,3.0,3.7123000000000004,0.7123000000000004,fair
Nemanja Radoja,Celta Vigo,24.0,MF,1111.0,0.0,0.0,,6.0,6.841333333333335,0.8413333333333348,fair
Facundo Roncaglia,Celta Vigo,30.0,DF,1511.0,0.0,0.0,,3.0,2.78165,-0.21835000000000004,fair
Pione Sisto,Celta Vigo,22.0,"FW,MF",2500.0,5.0,7.0,,15.0,16.46,1.4600000000000009,undervalued
Daniel Wass,Celta Vigo,28.0,"MF,FW",2920.0,4.0,8.0,,15.0,14.645,-0.3550000000000004,fair
Marcos Alonso,Chelsea,26.0,"DF,MF",2855.0,7.0,2.0,,40.0,42.475,2.4750000000000014,undervalued
Jannik Vestergaard,M'Gladbach,24.0,DF,2880.0,3.0,0.0,,14.0,19.851666666666667,5.851666666666667,undervalued
César Azpilicueta,Chelsea,27.0,DF,3330.0,2.0,6.0,,40.0,41.92,1.9200000000000017,undervalued
Tiemoué Bakayoko,Chelsea,22.0,MF,2126.0,2.0,2.0,,40.0,41.071666666666665,1.0716666666666654,fair
Davy Pröpper,Brighton,25.0,MF,3119.0,0.0,4.0,,15.0,17.7,2.6999999999999993,undervalued
Michy Batshuayi,Chelsea,23.0,FW,360.0,2.0,1.0,,40.0,31.57450833333333,-8.42549166666667,overvalued
Willy Caballero,Chelsea,35.0,GK,270.0,0.0,0.0,,1.0,2.038208333333332,1.038208333333332,fair
Germán Pezzella,Fiorentina,26.0,DF,2979.0,1.0,0.0,,13.0,10.807333333333334,-2.192666666666666,overvalued
Federico Fazio,Roma,30.0,DF,2922.0,2.0,1.0,,13.0,12.006999999999998,-0.9930000000000021,fair
Thibaut Courtois,Chelsea,25.0,GK,3150.0,0.0,0.0,,60.0,49.735,-10.265,overvalued
Ruben Loftus-Cheek,Crystal Palace,21.0,"MF,FW",1874.0,2.0,3.0,,15.0,15.179333333333334,0.179333333333334,fair
Tom Davies,Everton,19.0,MF,1900.0,2.0,1.0,,15.0,16.153333333333332,1.1533333333333324,fair
Olivier Giroud,Chelsea,30.0,FW,613.0,3.0,1.0,,18.0,23.179266666666667,5.179266666666667,undervalued
Eden Hazard,Chelsea,26.0,"FW,MF",2422.0,12.0,4.0,,110.0,33.1,-76.9,overvalued
Davy Klaassen,Everton,24.0,"MF,FW",251.0,0.0,0.0,,15.0,14.1335,-0.8665000000000003,fair
Juan Jesus,Roma,26.0,DF,1658.0,0.0,0.0,,13.0,11.418516666666665,-1.5814833333333347,overvalued
Álvaro Morata,Chelsea,24.0,FW,2061.0,11.0,6.0,,65.0,42.93,-22.07,overvalued
Victor Moses,Chelsea,26.0,"DF,MF",2110.0,3.0,3.0,,20.0,40.285,20.284999999999997,undervalued
Charly Musonda Jr.,Chelsea,20.0,FW,37.0,0.0,0.0,,5.0,4.533941666666666,-0.4660583333333337,fair
Pedro,Chelsea,30.0,"FW,MF",1523.0,4.0,2.0,,25.0,24.151666666666667,-0.8483333333333327,fair
Mateo Musacchio,Milan,26.0,DF,1202.0,0.0,1.0,,12.5,10.941133333333324,-1.5588666666666757,overvalued
Willian,Chelsea,28.0,"FW,MF",1890.0,6.0,7.0,,32.0,33.93833333333333,1.9383333333333326,undervalued
Davide Zappacosta,Chelsea,25.0,"DF,MF",1098.0,1.0,1.0,,20.0,20.3578,0.357800000000001,fair
Shane Duffy,Brighton,25.0,DF,3292.0,0.0,1.0,,12.0,9.349666666666666,-2.650333333333334,overvalued
Rodrigo Bentancur,Juventus,20.0,MF,581.0,0.0,0.0,,15.0,13.520166666666666,-1.4798333333333336,overvalued
Valter Birsa,Chievo,30.0,"MF,FW",2504.0,3.0,6.0,,4.0,4.305166666666667,0.3051666666666666,fair
Fabrizio Cacciatore,Chievo,30.0,DF,2871.0,2.0,2.0,,1.2,2.7586666666666715,1.5586666666666715,undervalued
James Milner,Liverpool,31.0,MF,1775.0,0.0,3.0,,15.0,11.9356,-3.064399999999999,overvalued
Ömer Toprak,Dortmund,28.0,DF,2020.0,0.0,1.0,,12.0,14.825583333333334,2.8255833333333342,undervalued
Fabio Depaoli,Chievo,20.0,"MF,DF",1192.0,0.0,0.0,,1.8,2.3436666666666617,0.5436666666666616,fair
Kevin Vogt,Hoffenheim,25.0,DF,2790.0,0.0,1.0,,12.0,9.220833333333333,-2.779166666666667,overvalued
Luca Garritano,Chievo,23.0,"MF,FW",189.0,0.0,0.0,,1.0,0.9652738333333326,-0.03472616666666739,fair
Fabian Delph,Manchester City,27.0,DF,1741.0,1.0,2.0,,15.0,26.2025,11.2025,undervalued
Emanuele Giaccherini,Chievo,32.0,"MF,FW",903.0,3.0,2.0,,1.0,1.392225,0.39222500000000005,fair
Massimo Gobbi,Chievo,36.0,DF,2048.0,0.0,2.0,,0.03,0.10662666666666691,0.07662666666666691,fair
Roberto Inglese,Chievo,25.0,FW,2782.0,12.0,1.0,,10.0,14.81,4.8100000000000005,undervalued
Jonjo Shelvey,Newcastle Utd,25.0,MF,2270.0,1.0,3.0,,15.0,12.603333333333333,-2.3966666666666665,overvalued
Riccardo Meggiorini,Chievo,31.0,FW,786.0,0.0,0.0,,0.06,0.5933666666666678,0.5333666666666679,fair
Sergio Pellissier,Chievo,38.0,FW,560.0,1.0,0.0,,0.02,0.15527933333333352,0.13527933333333353,fair
Manuel Pucciarelli,Chievo,26.0,FW,1380.0,2.0,0.0,,2.5,2.7179999999999995,0.21799999999999953,fair
Karol Linetty,Sampdoria,22.0,MF,2139.0,3.0,1.0,,15.0,11.254833333333332,-3.745166666666668,overvalued
Stefano Sorrentino,Chievo,38.0,GK,3420.0,0.0,0.0,,0.08,0.6320166666666688,0.5520166666666688,fair
Abdou Diallo,Mainz 05,21.0,DF,2415.0,2.0,1.0,,12.0,12.745,0.7449999999999992,fair
Lukas Klostermann,RB Leipzig,21.0,DF,2190.0,1.0,0.0,,12.0,14.083333333333334,2.083333333333334,undervalued
Andrea Barberis,Crotone,23.0,MF,3029.0,2.0,1.0,,2.0,6.101666666666667,4.101666666666667,undervalued
Badou Ndiaye,Stoke City,26.0,MF,1138.0,2.0,1.0,,15.0,5.255,-9.745000000000001,overvalued
Ante Budimir,Crotone,26.0,FW,1588.0,6.0,0.0,,1.5,2.7676666666666665,1.2676666666666665,fair
Jesús Vallejo,Real Madrid,20.0,DF,630.0,0.0,0.0,,12.0,19.94108333333333,7.9410833333333315,undervalued
Ezequiel Garay,Valencia,30.0,DF,2026.0,0.0,0.0,,12.0,11.4829,-0.5170999999999992,fair
Víctor Ruiz,Villarreal,28.0,DF,2416.0,2.0,0.0,,12.0,10.046666666666667,-1.9533333333333331,overvalued
Alex Cordaz,Crotone,34.0,GK,3420.0,0.0,0.0,,1.0,1.5633249999999972,0.5633249999999972,fair
Jakub Jankto,Udinese,21.0,"MF,FW",2654.0,4.0,4.0,,15.0,16.463333333333335,1.4633333333333347,undervalued
Moussa Diaby,Crotone,18.0,MF,69.0,0.0,0.0,,0.05,0.10402733333333354,0.05402733333333354,fair
Rafael Tolói,Atalanta,26.0,DF,2445.0,1.0,2.0,,11.0,9.789333333333333,-1.2106666666666666,fair
Davide Faraoni,Crotone,25.0,DF,1754.0,2.0,4.0,,1.0,3.6993333333333323,2.6993333333333323,undervalued
Oliver Kragl,Crotone,27.0,MF,99.0,0.0,0.0,,1.3,1.0201405000000001,-0.27985949999999993,fair
Rolando Mandragora,Crotone,20.0,MF,3240.0,2.0,0.0,,10.0,15.76,5.76,undervalued
Bruno Martella,Crotone,24.0,DF,2616.0,1.0,3.0,,2.2,3.488000000000008,1.2880000000000078,undervalued
Andrea Nalini,Crotone,27.0,"FW,MF",1638.0,0.0,2.0,,1.0,1.8258,0.8258000000000001,fair
Federico Ricci,Crotone,23.0,"FW,MF",921.0,1.0,1.0,,2.7,3.6144166666666804,0.9144166666666802,fair
Abdoulaye Doucouré,Watford,24.0,MF,3324.0,7.0,3.0,,15.0,17.001666666666665,2.001666666666665,undervalued
Aristóteles Romero,Crotone,21.0,MF,86.0,0.0,0.0,,0.08,0.36525349999999934,0.2852534999999993,fair
Mario Sampirisi,Crotone,24.0,DF,2194.0,0.0,0.0,,0.09,3.4434666666666667,3.353466666666667,undervalued
Adrian Stoian,Crotone,26.0,"MF,FW",2133.0,2.0,4.0,,1.8,3.481999999999985,1.681999999999985,undervalued
Aleksandar Tonev,Crotone,27.0,"FW,MF",401.0,0.0,0.0,,0.07,0.5608083333333309,0.4908083333333309,fair
Marcello Trotta,Crotone,24.0,FW,2258.0,7.0,2.0,,3.5,5.253333333333333,1.753333333333333,undervalued
Marco Tumminello,Crotone,18.0,FW,203.0,3.0,1.0,,1.0,2.958925,1.9589249999999998,undervalued
Remo Freuler,Atalanta,25.0,MF,3006.0,5.0,2.0,,14.0,14.021666666666667,0.0216666666666665,fair
Patrick van Aanholt,Crystal Palace,26.0,DF,2184.0,5.0,1.0,,9.0,8.709166666666667,-0.2908333333333335,fair
Christian Benteke,Crystal Palace,26.0,FW,2240.0,3.0,5.0,,22.0,16.298000000000002,-5.701999999999998,overvalued
Marco Benassi,Fiorentina,22.0,"MF,FW",2782.0,5.0,3.0,,13.0,16.461666666666666,3.461666666666666,undervalued
Martin Hinteregger,Augsburg,24.0,DF,2655.0,0.0,0.0,,10.0,5.527333333333334,-4.472666666666666,overvalued
Lewis Dunk,Brighton,25.0,DF,3420.0,1.0,1.0,,10.0,10.145666666666667,0.14566666666666706,fair
Timothy Fosu-Mensah,Crystal Palace,19.0,DF,1596.0,0.0,0.0,,7.0,6.466666666666666,-0.5333333333333341,fair
Wayne Hennessey,Crystal Palace,30.0,GK,2430.0,0.0,0.0,,4.0,3.8060000000000014,-0.19399999999999862,fair
Sullay Kaikai,Crystal Palace,21.0,MF,14.0,0.0,0.0,,0.05,0.5830800000000013,0.5330800000000012,fair
Martin Kelly,Crystal Palace,27.0,DF,1195.0,0.0,0.0,,3.0,3.2700666666666667,0.2700666666666667,fair
Freddie Ladapo,Crystal Palace,24.0,FW,17.0,0.0,0.0,,0.025,1.0690333333333322,1.0440333333333323,fair
Kerem Demirbay,Hoffenheim,24.0,MF,1211.0,2.0,2.0,,12.0,6.059450000000001,-5.940549999999999,overvalued
Marouane Fellaini,Manchester Utd,29.0,MF,683.0,4.0,0.0,,12.0,16.050266666666666,4.050266666666666,undervalued
Jason Puncheon,Crystal Palace,31.0,"MF,FW",645.0,0.0,0.0,,5.0,4.545016666666666,-0.45498333333333374,fair
Ben Mee,Burnley,27.0,DF,2610.0,0.0,0.0,,10.0,9.145,-0.8550000000000004,fair
Bakary Sako,Crystal Palace,29.0,"FW,MF",478.0,3.0,0.0,,5.0,7.862466666666666,2.8624666666666663,undervalued
Jeffrey Schlupp,Crystal Palace,24.0,"DF,MF",1745.0,0.0,1.0,,9.0,8.283666666666667,-0.716333333333333,fair
Pape Souaré,Crystal Palace,27.0,DF,9.0,0.0,0.0,,3.5,2.8314333333333326,-0.6685666666666674,fair
Julián Speroni,Crystal Palace,38.0,GK,990.0,0.0,0.0,,0.025,0.40254000000000095,0.37754000000000093,fair
Ramiro Funes Mori,Everton,26.0,"DF,MF",121.0,0.0,0.0,,10.0,10.471258333333333,0.4712583333333331,fair
Andros Townsend,Crystal Palace,26.0,"FW,MF",3120.0,2.0,7.0,,15.0,16.186666666666667,1.1866666666666674,fair
Aaron Wan-Bissaka,Crystal Palace,19.0,DF,627.0,0.0,0.0,,1.0,4.112666666666667,3.1126666666666667,undervalued
Joel Ward,Crystal Palace,27.0,DF,1613.0,0.0,1.0,,5.0,5.232516666666666,0.23251666666666626,fair
Wilfried Zaha,Crystal Palace,24.0,FW,2549.0,9.0,3.0,,30.0,25.04,-4.960000000000001,overvalued
Dani Ceballos,Real Madrid,20.0,"MF,FW",404.0,2.0,0.0,,12.0,20.888399999999997,8.888399999999997,undervalued
Benjamin Bourigeaud,Rennes,23.0,"MF,FW",3102.0,10.0,7.0,,12.0,17.255,5.254999999999999,undervalued
Dylan Bahamboula,Dijon,22.0,"FW,MF",30.0,0.0,0.0,,0.06,0.4493833333333343,0.3893833333333343,fair
Éver Banega,Sevilla,29.0,MF,2399.0,3.0,3.0,,12.0,10.8436,-1.1563999999999997,fair
Arnold Bouka Moutou,Dijon,28.0,DF,336.0,0.0,0.0,,0.08,0.30808799999999936,0.22808799999999935,fair
Fouad Chafik,Dijon,30.0,DF,1612.0,0.0,2.0,,1.5,1.6091346666666673,0.10913466666666727,fair
Karim Rekik,Hertha BSC,22.0,DF,2302.0,2.0,2.0,,10.0,12.675,2.6750000000000007,undervalued
Oussama Haddadi,Dijon,25.0,DF,2504.0,1.0,1.0,,3.0,3.249333333333333,0.24933333333333296,fair
Benjamin Jeannot,Dijon,25.0,"FW,MF",1405.0,4.0,1.0,,2.5,2.9908333333333332,0.49083333333333323,fair
Terence Kongolo,Huddersfield,23.0,DF,1049.0,0.0,0.0,,10.0,6.881349999999999,-3.1186500000000006,overvalued
Giorgio Chiellini,Juventus,32.0,DF,2161.0,0.0,1.0,,10.0,9.702491666666665,-0.2975083333333348,fair
Thomas Delaney,Werder Bremen,25.0,MF,2796.0,3.0,4.0,,12.0,15.197999999999999,3.1979999999999986,undervalued
Sergi Darder,Espanyol,23.0,MF,2778.0,1.0,2.0,,11.0,11.091666666666667,0.09166666666666679,fair
Eden Massouema,Dijon,20.0,MF,189.0,0.0,0.0,,0.015,0.8805588333333283,0.8655588333333283,fair
Baptiste Reynet,Dijon,26.0,GK,3420.0,0.0,0.0,,5.0,8.143333333333333,3.1433333333333326,undervalued
Valentin Rosier,Dijon,20.0,DF,2781.0,0.0,3.0,,4.5,7.891666666666667,3.3916666666666666,undervalued
Vincent Rüfli,Dijon,29.0,"MF,FW",25.0,0.0,0.0,,0.09,0.31672733333333447,0.22672733333333447,fair
Wesley Saïd,Dijon,22.0,"FW,MF",1839.0,9.0,1.0,,6.0,8.1,2.0999999999999996,undervalued
Frédéric Sammaritano,Dijon,31.0,"FW,MF",1429.0,0.0,3.0,,1.0,1.6480416666666673,0.6480416666666673,fair
Naïm Sliti,Dijon,25.0,"FW,MF",2291.0,7.0,6.0,,7.0,9.328333333333333,2.328333333333333,undervalued
Mouctar Diakhaby,Lyon,20.0,DF,728.0,1.0,0.0,,10.0,8.104266666666666,-1.8957333333333342,overvalued
Sergi Darder,Lyon,23.0,MF,210.0,0.0,0.0,,11.0,7.960980333333332,-3.0390196666666682,overvalued
Vincent Kompany,Manchester City,31.0,DF,1394.0,1.0,1.0,,10.0,10.856824999999999,0.8568249999999988,fair
Pierre-Emerick Aubameyang,Dortmund,28.0,FW,1416.0,13.0,3.0,,75.0,64.43666666666667,-10.563333333333333,overvalued
Terence Kongolo,Monaco,23.0,DF,256.0,0.0,0.0,,10.0,8.908916666666668,-1.0910833333333319,fair
Michy Batshuayi,Dortmund,23.0,FW,839.0,7.0,1.0,,40.0,31.615,-8.385000000000002,overvalued
Jacob Bruun Larsen,Dortmund,18.0,DF,7.0,0.0,0.0,,0.05,0.6209416666666675,0.5709416666666675,fair
Roman Bürki,Dortmund,26.0,GK,2969.0,0.0,0.0,,7.0,9.275,2.2750000000000004,undervalued
Andrés Iniesta,Barcelona,33.0,"MF,FW",1862.0,1.0,2.0,,10.0,16.031733333333335,6.031733333333335,undervalued
Godfred Donsah,Bologna,21.0,MF,1794.0,2.0,1.0,,10.0,11.118666666666668,1.1186666666666678,fair
Sergio Gómez,Dortmund,16.0,MF,9.0,0.0,0.0,,2.0,1.7472916666666658,-0.2527083333333342,fair
Mario Götze,Dortmund,25.0,MF,1601.0,2.0,3.0,,18.0,16.95,-1.0500000000000007,fair
Raphaël Guerreiro,Dortmund,23.0,"DF,MF",547.0,1.0,1.0,,18.0,15.545633333333335,-2.4543666666666653,overvalued
Alexander Isak,Dortmund,17.0,"FW,MF",119.0,0.0,0.0,,6.0,4.576083833333333,-1.4239161666666673,overvalued
Shinji Kagawa,Dortmund,28.0,MF,1166.0,5.0,2.0,,13.0,14.171666666666667,1.1716666666666669,fair
Felix Passlack,Dortmund,19.0,DF,13.0,0.0,0.0,,1.5,1.2634925000000004,-0.23650749999999965,fair
Maximilian Philipp,Dortmund,23.0,"FW,MF",1203.0,9.0,1.0,,20.0,21.231666666666666,1.2316666666666656,fair
Christian Pulisic,Dortmund,18.0,FW,2302.0,4.0,5.0,,45.0,37.61333333333334,-7.386666666666663,overvalued
Marco Reus,Dortmund,28.0,"MF,FW",928.0,7.0,0.0,,35.0,16.31266666666667,-18.68733333333333,overvalued
Jadon Sancho,Dortmund,17.0,FW,690.0,1.0,4.0,,15.0,23.323335999999998,8.323335999999998,undervalued
Marcel Schmelzer,Dortmund,29.0,DF,1491.0,0.0,0.0,,5.0,7.407566666666667,2.407566666666667,undervalued
André Schürrle,Dortmund,26.0,FW,1236.0,1.0,6.0,,15.0,16.164666666666665,1.1646666666666654,fair
Jeremy Toljan,Dortmund,22.0,DF,1211.0,1.0,2.0,,5.0,9.955,4.955,undervalued
Diego Carlos,Nantes,24.0,DF,2292.0,1.0,0.0,,10.0,7.683000000000001,-2.3169999999999993,overvalued
Julian Weigl,Dortmund,21.0,MF,1944.0,1.0,0.0,,30.0,26.286,-3.7139999999999986,overvalued
Andriy Yarmolenko,Dortmund,27.0,"FW,MF",1039.0,3.0,3.0,,23.0,14.527575000000002,-8.472424999999998,overvalued
Thiago Silva,Paris S-G,32.0,DF,2115.0,1.0,1.0,,10.0,8.849933333333333,-1.1500666666666675,fair
Iván Alejo,Eibar,22.0,"FW,MF",1127.0,1.0,3.0,,2.0,2.9586666666666663,0.9586666666666663,fair
José Ángel,Eibar,27.0,DF,2423.0,0.0,7.0,,2.5,4.801666666666667,2.3016666666666667,undervalued
Gian Marco Ferrari,Sampdoria,25.0,DF,2645.0,2.0,0.0,,10.0,10.026666666666667,0.026666666666667282,fair
Bebé,Eibar,27.0,"MF,FW",365.0,0.0,1.0,,1.0,1.7332879999999993,0.7332879999999993,fair
Ander Capa,Eibar,25.0,DF,2256.0,0.0,1.0,,3.0,3.7423333333333333,0.7423333333333333,fair
Charles,Eibar,33.0,FW,1578.0,8.0,1.0,,1.5,2.197551499999999,0.697551499999999,fair
Sergi Enrich,Eibar,27.0,FW,1332.0,3.0,1.0,,3.0,3.250208333333332,0.2502083333333318,fair
Pascal Groß,Brighton,26.0,"MF,FW",2928.0,7.0,8.0,,10.0,12.71,2.710000000000001,undervalued
Jeff Hendrick,Burnley,25.0,"MF,FW",2331.0,2.0,2.0,,10.0,9.801575,-0.1984250000000003,fair
Takashi Inui,Eibar,29.0,"MF,FW",2622.0,5.0,3.0,,5.0,6.0216666666666665,1.0216666666666665,fair
Yohan Cabaye,Crystal Palace,31.0,MF,2376.0,0.0,1.0,,10.0,3.0311333333333335,-6.968866666666667,overvalued
David Juncà,Eibar,23.0,DF,900.0,0.0,3.0,,1.5,2.255739333333334,0.755739333333334,fair
Pedro León,Eibar,30.0,"FW,MF",930.0,0.0,4.0,,2.0,2.191238666666667,0.191238666666667,fair
Francesco Acerbi,Sassuolo,29.0,DF,3420.0,0.0,0.0,,10.0,8.96,-1.0399999999999991,fair
Bruno Martins Indi,Stoke City,25.0,DF,1243.0,0.0,0.0,,10.0,8.00085,-1.9991500000000002,overvalued
Fabián Orellana,Eibar,31.0,"MF,FW",1178.0,3.0,2.0,,2.0,2.3505416666666665,0.35054166666666653,fair
Rubén Peña,Eibar,26.0,"DF,FW",1733.0,1.0,1.0,,2.0,2.888816666666666,0.8888166666666661,fair
Ryan Shawcross,Stoke City,29.0,DF,2371.0,1.0,1.0,,10.0,2.9116666666666666,-7.088333333333333,overvalued
Asier Riesgo,Eibar,33.0,GK,90.0,0.0,0.0,,0.04,0.07651133333333293,0.03651133333333293,fair
Florian Grillitsch,Hoffenheim,21.0,MF,1888.0,1.0,2.0,,10.0,10.856666666666667,0.8566666666666674,fair
Kevin Wimmer,Stoke City,24.0,DF,1323.0,0.0,0.0,,10.0,8.3972,-1.6028000000000002,overvalued
Aymen Barkok,Eint Frankfurt,19.0,"MF,FW",314.0,0.0,1.0,,2.0,1.7050383333333337,-0.29496166666666634,fair
Danny Blum,Eint Frankfurt,26.0,"FW,DF",29.0,1.0,0.0,,0.075,1.2335083333333292,1.1585083333333293,fair
Kevin-Prince Boateng,Eint Frankfurt,30.0,"MF,FW",2357.0,6.0,1.0,,7.0,6.230175,-0.769825,fair
Timothy Chandler,Eint Frankfurt,27.0,"DF,MF",1892.0,2.0,4.0,,5.0,5.868600000000001,0.8686000000000007,fair
Danny da Costa,Eint Frankfurt,24.0,DF,1202.0,1.0,2.0,,3.5,3.9131666666666667,0.4131666666666667,fair
Marco Fabián,Eint Frankfurt,28.0,"FW,MF",422.0,1.0,0.0,,4.5,3.6700936666666637,-0.8299063333333363,fair
Yerry Mina,Barcelona,22.0,DF,372.0,0.0,0.0,,9.0,9.533333333333333,0.5333333333333332,fair
Gelson Fernandes,Eint Frankfurt,30.0,MF,1036.0,0.0,0.0,,1.5,2.129012666666667,0.6290126666666671,fair
Aaron Mooy,Huddersfield,26.0,MF,3067.0,4.0,3.0,,10.0,11.948333333333334,1.9483333333333341,undervalued
Sébastien Haller,Eint Frankfurt,23.0,FW,2347.0,9.0,4.0,,12.0,18.083333333333332,6.083333333333332,undervalued
Makoto Hasebe,Eint Frankfurt,33.0,"DF,MF",2090.0,0.0,0.0,,1.0,0.6400080000000005,-0.35999199999999953,fair
Branimir Hrgota,Eint Frankfurt,24.0,"FW,MF",196.0,0.0,0.0,,1.0,1.4912606666666668,0.4912606666666668,fair
Daichi Kamada,Eint Frankfurt,20.0,"FW,MF",144.0,0.0,0.0,,1.0,1.2762556666666673,0.27625566666666734,fair
Omar Mascarell,Eint Frankfurt,24.0,MF,771.0,1.0,0.0,,8.0,6.506333333333334,-1.493666666666666,overvalued
Alexander Meier,Eint Frankfurt,34.0,FW,4.0,1.0,0.0,,0.075,0.31458866666666796,0.23958866666666795,fair
Aïssa Mandi,Betis,25.0,DF,3024.0,1.0,0.0,,9.0,12.020333333333333,3.0203333333333333,undervalued
Benedikt Höwedes,Juventus,29.0,DF,247.0,1.0,0.0,,9.0,10.744158333333335,1.7441583333333348,undervalued
Vicente Iborra,Leicester City,29.0,MF,1410.0,3.0,0.0,,10.0,8.326666666666666,-1.6733333333333338,overvalued
Taleb Tawatha,Eint Frankfurt,25.0,"DF,MF",441.0,0.0,1.0,,1.5,1.7210666666666672,0.2210666666666672,fair
Jetro Willems,Eint Frankfurt,23.0,"DF,MF",1664.0,0.0,2.0,,7.0,6.177336,-0.8226639999999996,fair
Marius Wolf,Eint Frankfurt,22.0,"MF,DF",2363.0,5.0,8.0,,10.0,15.453333333333333,5.453333333333333,undervalued
Charles Aránguiz,Leverkusen,28.0,MF,2302.0,1.0,3.0,,10.0,10.055833333333334,0.05583333333333407,fair
Benjamin Stambouli,Schalke 04,26.0,"DF,MF",2197.0,0.0,2.0,,9.0,8.605833333333333,-0.394166666666667,fair
Javi Fuego,Espanyol,33.0,MF,1336.0,0.0,0.0,,1.0,0.7269010000000002,-0.27309899999999976,fair
Sergio García,Espanyol,34.0,"FW,MF",1647.0,2.0,5.0,,1.5,2.027716666666667,0.5277166666666671,fair
João Moutinho,Monaco,30.0,MF,2802.0,1.0,4.0,,10.0,5.447116666666666,-4.552883333333334,overvalued
Álvaro González,Villarreal,27.0,DF,2899.0,0.0,2.0,,9.0,8.433333333333334,-0.5666666666666664,fair
David López,Espanyol,27.0,"DF,MF",3330.0,1.0,0.0,,8.0,9.003333333333334,1.0033333333333339,fair
Diego López,Espanyol,35.0,GK,942.0,0.0,0.0,,0.05,0.1633636666666659,0.1133636666666659,fair
Javi López,Espanyol,31.0,DF,965.0,0.0,0.0,,1.0,1.2155746666666667,0.2155746666666667,fair
Pau López,Espanyol,22.0,GK,2478.0,0.0,0.0,,5.0,6.951666666666667,1.951666666666667,undervalued
José Manuel Jurado,Espanyol,31.0,"MF,FW",1499.0,0.0,3.0,,2.5,2.1511333333333345,-0.34886666666666555,fair
Aarón Martín,Espanyol,20.0,DF,2816.0,0.0,0.0,,12.0,11.111666666666666,-0.8883333333333336,fair
Óscar Melendo,Espanyol,19.0,"MF,FW",693.0,0.0,1.0,,1.0,2.933533333333333,1.933533333333333,undervalued
Gerard Moreno,Espanyol,25.0,FW,3411.0,16.0,1.0,,20.0,21.80666666666667,1.8066666666666684,undervalued
Angelo Ogbonna,West Ham,29.0,DF,2880.0,1.0,0.0,,9.0,7.965,-1.0350000000000001,fair
Marc Navarro,Espanyol,22.0,DF,1110.0,1.0,1.0,,2.0,3.1772416666666667,1.1772416666666667,fair
Hernán Pérez,Espanyol,28.0,MF,141.0,0.0,0.0,,1.2,1.1755679999999953,-0.024432000000004672,fair
Pablo Piatti,Espanyol,28.0,"MF,FW",1733.0,2.0,4.0,,6.0,5.849333333333333,-0.15066666666666695,fair
Marc Roca,Espanyol,20.0,MF,269.0,0.0,0.0,,0.08,0.4425676666666662,0.3625676666666662,fair
Carlos Sánchez,Espanyol,31.0,MF,1122.0,0.0,0.0,,2.0,1.8268186666666668,-0.1731813333333332,fair
Armando Izzo,Genoa,25.0,DF,1387.0,1.0,0.0,,8.5,6.656933333333332,-1.843066666666668,overvalued
Mikel Merino,Newcastle Utd,21.0,MF,1347.0,1.0,1.0,,10.0,10.549166666666666,0.5491666666666664,fair
Dídac Vilà,Espanyol,28.0,"DF,MF",735.0,0.0,0.0,,1.0,1.5769249999999997,0.5769249999999997,fair
Leighton Baines,Everton,32.0,DF,1909.0,2.0,3.0,,8.0,6.316783333333332,-1.6832166666666684,overvalued
Wylan Cyprien,Nice,22.0,MF,949.0,2.0,1.0,,10.0,8.1649,-1.8351000000000006,overvalued
Yannick Bolasie,Everton,28.0,"FW,MF",851.0,1.0,0.0,,18.0,17.317,-0.6829999999999998,fair
Dominic Calvert-Lewin,Everton,20.0,"FW,MF",1882.0,4.0,6.0,,15.0,17.498333333333335,2.498333333333335,undervalued
Benjamin André,Rennes,26.0,MF,3012.0,3.0,2.0,,10.0,10.688333333333333,0.6883333333333326,fair
Jeffrey Gouweleeuw,Augsburg,26.0,DF,2385.0,0.0,0.0,,8.0,7.1739999999999995,-0.8260000000000005,fair
Sergi Gómez,Celta Vigo,25.0,DF,2680.0,1.0,0.0,,8.0,6.842666666666667,-1.1573333333333329,fair
James Tomkins,Crystal Palace,28.0,DF,2387.0,3.0,0.0,,8.0,8.992333333333333,0.9923333333333328,fair
Kevin Akpoguma,Hoffenheim,22.0,DF,1690.0,0.0,1.0,,8.0,7.6936333333333335,-0.30636666666666645,fair
Jonjoe Kenny,Everton,20.0,DF,1590.0,0.0,1.0,,5.0,7.325,2.325,undervalued
Gerson,Roma,20.0,"MF,FW",909.0,2.0,1.0,,10.0,11.6465,1.6464999999999996,undervalued
Aaron Lennon,Everton,30.0,"FW,MF",793.0,0.0,0.0,,5.0,5.086833333333332,0.08683333333333199,fair
Ademola Lookman,Everton,19.0,"MF,FW",159.0,0.0,0.0,,12.0,9.523833333333332,-2.4761666666666677,overvalued
Benjamin Hübner,Hoffenheim,28.0,DF,2315.0,3.0,2.0,,8.0,9.363841666666668,1.3638416666666675,undervalued
Cuco Martina,Everton,27.0,DF,1830.0,0.0,2.0,,2.5,7.7780000000000005,5.2780000000000005,undervalued
Alfred Duncan,Sassuolo,24.0,MF,1947.0,0.0,2.0,,10.0,7.908816666666665,-2.091183333333335,overvalued
Kevin Mirallas,Everton,29.0,"FW,MF",138.0,0.0,0.0,,7.0,7.2925,0.2925000000000004,fair
Oumar Niasse,Everton,27.0,FW,1087.0,8.0,2.0,,8.0,16.641002500000003,8.641002500000003,undervalued
Jordan Pickford,Everton,23.0,GK,3420.0,0.0,0.0,,30.0,30.391666666666666,0.3916666666666657,fair
Sandro Ramírez,Everton,22.0,"FW,MF",278.0,0.0,0.0,,10.0,8.607183333333332,-1.3928166666666684,fair
Wayne Rooney,Everton,31.0,"MF,FW",2268.0,10.0,2.0,,10.0,9.575,-0.4250000000000007,fair
Morgan Schneiderlin,Everton,27.0,MF,2130.0,0.0,0.0,,20.0,18.874666666666666,-1.1253333333333337,fair
Cenk Tosun,Everton,26.0,FW,986.0,5.0,0.0,,23.0,12.223333333333333,-10.776666666666667,overvalued
Theo Walcott,Everton,28.0,"FW,MF",1152.0,3.0,3.0,,20.0,17.352666666666668,-2.647333333333332,overvalued
Miranda,Inter,32.0,DF,2726.0,0.0,0.0,,8.0,3.6664166666666667,-4.333583333333333,overvalued
Khouma Babacar,Fiorentina,24.0,"FW,MF",448.0,4.0,1.0,,8.0,8.034199999999998,0.034199999999998454,fair
Milan Badelj,Fiorentina,28.0,MF,2351.0,2.0,1.0,,15.0,12.128816666666667,-2.8711833333333328,overvalued
Daniele Baselli,Torino,25.0,MF,2521.0,4.0,0.0,,10.0,12.240833333333333,2.240833333333333,undervalued
Cristiano Biraghi,Fiorentina,24.0,DF,2980.0,1.0,4.0,,5.0,7.17,2.17,undervalued
Federico Chiesa,Fiorentina,19.0,"FW,MF",3012.0,6.0,4.0,,45.0,41.04666666666667,-3.953333333333333,overvalued
Will Hughes,Watford,22.0,"MF,FW",990.0,2.0,3.0,,10.0,8.750666666666666,-1.2493333333333343,fair
Maximilian Eggestein,Werder Bremen,20.0,MF,2692.0,2.0,3.0,,10.0,11.713333333333333,1.713333333333333,undervalued
Valentin Eysseric,Fiorentina,25.0,"FW,MF",706.0,1.0,1.0,,5.0,5.7118166666666665,0.7118166666666665,fair
Diego Falcinelli,Fiorentina,26.0,"FW,MF",440.0,0.0,0.0,,3.8,3.000267999999992,-0.7997320000000077,fair
Bruno Gaspar,Fiorentina,24.0,DF,781.0,0.0,2.0,,3.0,2.7950500000000003,-0.20494999999999974,fair
Luiz Felipe,Lazio,20.0,DF,1168.0,0.0,1.0,,8.0,7.213333333333333,-0.7866666666666671,fair
Vincent Laurini,Fiorentina,28.0,DF,1608.0,0.0,1.0,,2.0,2.69085,0.6908500000000002,fair
Simone Lo Faso,Fiorentina,19.0,FW,36.0,0.0,0.0,,1.0,1.2457096666666652,0.24570966666666516,fair
Maximiliano Olivera,Fiorentina,25.0,DF,412.0,0.0,0.0,,1.0,1.2748810000000006,0.2748810000000006,fair
Raúl Albiol,Napoli,31.0,DF,2742.0,3.0,1.0,,8.0,8.840483333333335,0.840483333333335,fair
Carlos Sánchez,Fiorentina,31.0,"MF,FW",368.0,1.0,0.0,,2.0,2.0447666666666664,0.0447666666666664,fair
Riccardo Saponara,Fiorentina,25.0,"MF,FW",900.0,0.0,4.0,,9.0,8.583674666666665,-0.41632533333333477,fair
Giovanni Simeone,Fiorentina,22.0,FW,2998.0,14.0,4.0,,25.0,29.36,4.359999999999999,undervalued
Marco Sportiello,Fiorentina,25.0,GK,3202.0,0.0,0.0,,6.0,7.186000000000001,1.1860000000000008,fair
Cyril Théréau,Fiorentina,34.0,"FW,MF",1112.0,5.0,2.0,,1.0,1.3362625,0.3362624999999999,fair
Florian Lejeune,Newcastle Utd,26.0,DF,2103.0,0.0,2.0,,8.0,8.610833333333334,0.6108333333333338,fair
Maximilian Arnold,Wolfsburg,23.0,MF,2454.0,2.0,0.0,,10.0,12.400666666666666,2.400666666666666,undervalued
Rafik Zekhnini,Fiorentina,19.0,MF,11.0,0.0,0.0,,1.0,1.1182999999999987,0.11829999999999874,fair
Amir Abrashi,Freiburg,27.0,MF,850.0,0.0,0.0,,2.0,1.7212750000000012,-0.2787249999999988,fair
Onur Bulut,Freiburg,23.0,MF,39.0,0.0,0.0,,0.08,0.5880166666666687,0.5080166666666688,fair
Mohamed Dräger,Freiburg,21.0,"MF,FW",52.0,0.0,0.0,,0.02,0.12185833333333337,0.10185833333333337,fair
Seko Fofana,Udinese,22.0,MF,1868.0,3.0,0.0,,9.5,9.932,0.4320000000000004,fair
Karim Guédé,Freiburg,32.0,FW,60.0,0.0,0.0,,0.02,0.6995271666666676,0.6795271666666676,fair
Ibrahima Konaté,RB Leipzig,18.0,DF,1228.0,0.0,0.0,,8.0,12.485,4.484999999999999,undervalued
Christian Günter,Freiburg,24.0,"DF,MF",3060.0,1.0,4.0,,5.0,8.135,3.135,undervalued
Valentin Rongier,Nantes,22.0,"MF,FW",2350.0,1.0,1.0,,9.0,8.252666666666668,-0.7473333333333319,fair
Nicolas Höfler,Freiburg,27.0,MF,2259.0,1.0,3.0,,4.0,5.242766666666666,1.2427666666666664,fair
Lucas Höler,Freiburg,23.0,"MF,FW",906.0,1.0,0.0,,2.0,2.1853000000000007,0.1853000000000007,fair
Bartosz Kapustka,Freiburg,20.0,"FW,MF",235.0,1.0,0.0,,3.0,2.5349333333333335,-0.4650666666666665,fair
Florian Kath,Freiburg,22.0,"FW,MF",674.0,1.0,0.0,,0.05,1.0081000000000044,0.9581000000000044,fair
Ryan Kent,Freiburg,20.0,"FW,MF",245.0,0.0,0.0,,1.5,1.4210843333333338,-0.07891566666666616,fair
Tim Kleindienst,Freiburg,21.0,FW,1138.0,2.0,3.0,,2.0,3.4848333333333334,1.4848333333333334,undervalued
Jérémy Gélin,Rennes,20.0,"DF,MF",2315.0,0.0,1.0,,8.0,8.175,0.1750000000000007,fair
Lukas Kübler,Freiburg,24.0,DF,1151.0,0.0,0.0,,1.5,1.6442583333333332,0.14425833333333316,fair
Jack Stephens,Southampton,23.0,DF,1980.0,2.0,0.0,,8.0,8.919166666666667,0.9191666666666674,fair
Florian Niederlechner,Freiburg,26.0,"FW,MF",697.0,2.0,0.0,,4.5,3.9641019999999987,-0.5358980000000013,fair
Nils Petersen,Freiburg,28.0,FW,2244.0,15.0,1.0,,12.0,14.063333333333333,2.0633333333333326,undervalued
Yoric Ravet,Freiburg,27.0,"MF,FW",498.0,0.0,2.0,,3.0,2.8819709999999996,-0.11802900000000038,fair
Alexander Schwolow,Freiburg,25.0,GK,2906.0,0.0,0.0,,6.0,7.306666666666667,1.3066666666666666,undervalued
Tom Cleverley,Watford,27.0,MF,1902.0,1.0,2.0,,9.0,7.6095,-1.3905000000000003,fair
Caleb Stanko,Freiburg,24.0,"DF,MF",191.0,0.0,0.0,,0.04,0.3574453333333349,0.3174453333333349,fair
Pascal Stenzel,Freiburg,21.0,"DF,MF",1941.0,1.0,0.0,,5.0,10.336,5.336,undervalued
Marco Terrazzino,Freiburg,26.0,"MF,FW",1489.0,0.0,1.0,,2.5,3.32485,0.8248500000000001,fair
Soualiho Meïté,Bordeaux,23.0,MF,1335.0,1.0,2.0,,8.0,6.8111500000000005,-1.1888499999999995,fair
Gonzalo Castro,Dortmund,30.0,MF,1206.0,0.0,2.0,,8.0,5.280133333333334,-2.7198666666666664,overvalued
Federico Fernández,Swansea City,28.0,DF,2676.0,1.0,1.0,,8.0,4.621333333333333,-3.3786666666666667,overvalued
James McCarthy,Everton,26.0,MF,205.0,0.0,0.0,,8.0,10.138583333333333,2.138583333333333,undervalued
Ricardo Centurión,Genoa,24.0,"MF,FW",54.0,0.0,0.0,,5.0,2.269119333333331,-2.730880666666669,overvalued
Isaac Cofie,Genoa,25.0,MF,591.0,0.0,0.0,,1.0,2.1477346666666675,1.1477346666666675,fair
Craig Dawson,West Brom,27.0,DF,2510.0,2.0,0.0,,8.0,10.016,2.016,undervalued
Yves Bissouma,Lille,20.0,"MF,DF",1562.0,2.0,0.0,,8.0,9.085,1.0850000000000009,fair
José Luis Palomino,Atalanta,27.0,DF,1979.0,1.0,0.0,,7.5,8.082333333333333,0.5823333333333327,fair
Eugenio Lamanna,Genoa,27.0,GK,90.0,0.0,0.0,,1.0,1.017108333333334,0.017108333333333947,fair
Gianluca Lapadula,Genoa,27.0,FW,1495.0,6.0,1.0,,7.0,4.2939333333333325,-2.7060666666666675,overvalued
Diego Laxalt,Genoa,24.0,"DF,MF",2806.0,3.0,3.0,,13.0,12.007333333333333,-0.9926666666666666,fair
Iuri Medeiros,Genoa,23.0,"FW,MF",641.0,2.0,1.0,,5.0,4.428833333333333,-0.5711666666666666,fair
Francesco Migliore,Genoa,29.0,DF,329.0,0.0,0.0,,0.08,0.5452166666666671,0.4652166666666671,fair
Soualiho Meïté,Monaco,23.0,MF,96.0,0.0,0.0,,8.0,7.364236000000001,-0.6357639999999991,fair
Raffaele Palladino,Genoa,33.0,"FW,MF",231.0,0.0,0.0,,0.02,0.4773843333333327,0.45738433333333267,fair
Goran Pandev,Genoa,34.0,"FW,MF",1803.0,5.0,1.0,,0.05,0.5236441666666685,0.4736441666666685,fair
Pietro Pellegri,Genoa,16.0,FW,282.0,2.0,0.0,,8.0,9.840724999999999,1.840724999999999,undervalued
Pedro Pereira,Genoa,19.0,DF,381.0,0.0,0.0,,2.0,2.2629979999999987,0.26299799999999873,fair
Mattia Perin,Genoa,24.0,GK,3330.0,0.0,0.0,,16.0,15.711666666666666,-0.288333333333334,fair
Federico Ricci,Genoa,23.0,"FW,MF",217.0,0.0,0.0,,2.7,1.926718,-0.7732820000000002,fair
Marko Rog,Napoli,22.0,"FW,MF",289.0,1.0,0.0,,8.0,6.817091666666664,-1.1829083333333363,fair
Aleandro Rosi,Genoa,30.0,"DF,MF",1700.0,0.0,1.0,,0.09,0.9066956666666666,0.8166956666666666,fair
Vitor Hugo,Fiorentina,26.0,DF,1208.0,1.0,0.0,,7.5,4.333483333333333,-3.1665166666666673,overvalued
Giuseppe Rossi,Genoa,30.0,"FW,MF",260.0,1.0,0.0,,1.0,4.280933333333334,3.2809333333333344,undervalued
Dominique Heintz,Köln,23.0,DF,2790.0,1.0,0.0,,7.5,7.788333333333333,0.2883333333333331,fair
Adel Taarabt,Genoa,28.0,"FW,MF",1615.0,2.0,2.0,,1.5,2.6351500000000003,1.1351500000000003,fair
Miguel Veloso,Genoa,31.0,MF,1734.0,1.0,0.0,,2.5,2.1366416666666663,-0.36335833333333367,fair
Wallace,Lazio,22.0,DF,996.0,0.0,0.0,,7.5,6.257866666666666,-1.2421333333333342,fair
Vitorino Antunes,Getafe,30.0,DF,2801.0,0.0,2.0,,3.5,3.5803333333333347,0.0803333333333347,fair
Konrad Laimer,RB Leipzig,20.0,"DF,MF",1337.0,0.0,2.0,,8.0,9.1,1.0999999999999996,fair
Markel Bergara,Getafe,31.0,MF,1457.0,4.0,0.0,,1.5,3.416766666666666,1.9167666666666658,undervalued
Marcel Tisserand,Wolfsburg,24.0,DF,1247.0,0.0,1.0,,7.5,4.683716666666668,-2.816283333333332,overvalued
Rob Holding,Arsenal,21.0,DF,822.0,0.0,0.0,,7.0,8.745249999999999,1.7452499999999986,undervalued
Sam Clucas,Swansea City,26.0,"MF,FW",2044.0,3.0,1.0,,8.0,7.721666666666667,-0.2783333333333333,fair
Mathieu Flamini,Getafe,33.0,MF,481.0,0.0,0.0,,0.06,0.26522500000000065,0.20522500000000066,fair
Jules Koundé,Bordeaux,18.0,DF,1589.0,2.0,1.0,,7.0,7.056000000000001,0.05600000000000094,fair
Vicente Guaita,Getafe,30.0,GK,2970.0,0.0,0.0,,5.0,4.885666666666666,-0.11433333333333362,fair
Álvaro Jiménez,Getafe,22.0,"MF,FW",536.0,1.0,1.0,,0.09,0.8969386666666678,0.8069386666666678,fair
Mehdi Lacen,Getafe,33.0,MF,68.0,0.0,0.0,,0.08,0.3112676666666656,0.2312676666666656,fair
Emiliano Martínez,Getafe,24.0,GK,450.0,0.0,0.0,,1.0,1.1632916666666666,0.1632916666666666,fair
Jorge Molina,Getafe,35.0,FW,2779.0,7.0,3.0,,0.05,0.44731949999999976,0.39731949999999977,fair
Francisco Molinero,Getafe,32.0,DF,583.0,0.0,0.0,,0.06,0.22803333333333384,0.16803333333333384,fair
Jefferson Montero,Getafe,27.0,"FW,MF",61.0,0.0,0.0,,1.5,1.3006583333333326,-0.19934166666666742,fair
Pedro Obiang,West Ham,25.0,MF,1563.0,2.0,0.0,,8.0,9.296933333333333,1.2969333333333335,undervalued
Francisco Portillo,Getafe,27.0,"MF,FW",2449.0,2.0,3.0,,2.0,4.729333333333332,2.729333333333332,undervalued
Loïc Rémy,Getafe,30.0,"FW,MF",456.0,3.0,0.0,,6.0,5.2899416666666665,-0.7100583333333335,fair
Ángel Rodríguez,Getafe,30.0,FW,2288.0,13.0,3.0,,4.0,9.71,5.710000000000001,undervalued
Andrea Bertolacci,Genoa,26.0,MF,2895.0,1.0,0.0,,7.5,7.02,-0.4800000000000004,fair
Damián Suárez,Getafe,29.0,DF,2879.0,1.0,4.0,,2.5,4.691666666666666,2.1916666666666664,undervalued
Steve Cook,Bournemouth,26.0,DF,2767.0,2.0,1.0,,7.0,9.98,2.9800000000000004,undervalued
Eloi Amagat,Girona,32.0,"FW,MF",17.0,0.0,0.0,,0.02,0.2540103333333335,0.23401033333333351,fair
Filippo Romagna,Cagliari,20.0,DF,1888.0,0.0,0.0,,7.0,7.527333333333333,0.527333333333333,fair
Stefano Sturaro,Juventus,24.0,"MF,DF",613.0,0.0,0.0,,7.5,9.581166666666668,2.081166666666668,undervalued
Borja García,Girona,26.0,"MF,FW",2785.0,2.0,5.0,,3.5,5.426,1.9260000000000002,undervalued
Suat Serdar,Mainz 05,20.0,MF,1703.0,2.0,0.0,,7.5,8.065541666666666,0.5655416666666664,fair
Gorka Iraizoz,Girona,36.0,GK,765.0,0.0,0.0,,0.02,0.044093333333333144,0.024093333333333144,fair
Carlos Salcedo,Eint Frankfurt,23.0,DF,1607.0,0.0,0.0,,7.0,3.969433333333333,-3.030566666666667,overvalued
Olarenwaju Kayode,Girona,24.0,"FW,MF",397.0,0.0,0.0,,3.0,3.060435333333334,0.06043533333333384,fair
Douglas Luiz,Girona,19.0,"MF,FW",322.0,0.0,0.0,,1.5,1.8742290000000004,0.37422900000000037,fair
Pablo Maffeo,Girona,20.0,"MF,DF",2645.0,0.0,0.0,,10.0,10.321666666666667,0.3216666666666672,fair
Johan Mojica,Girona,24.0,"MF,DF",2137.0,0.0,4.0,,4.0,4.797,0.7969999999999997,fair
Marlos Moreno,Girona,20.0,MF,33.0,0.0,0.0,,0.05,0.12641800000000006,0.07641800000000006,fair
Mason Holgate,Everton,20.0,DF,1184.0,0.0,0.0,,7.0,7.2,0.20000000000000018,fair
Michael Olunga,Girona,23.0,FW,439.0,3.0,0.0,,0.05,1.338766666666671,1.288766666666671,undervalued
Carles Planas,Girona,26.0,"DF,MF",193.0,0.0,0.0,,0.08,0.8833193333333359,0.8033193333333359,fair
Pere Pons,Girona,24.0,MF,2555.0,0.0,1.0,,5.0,5.382666666666666,0.38266666666666627,fair
Portu,Girona,25.0,"FW,MF",2981.0,11.0,4.0,,10.0,14.901666666666667,4.901666666666667,undervalued
Robin Koch,Freiburg,21.0,"MF,DF",1919.0,2.0,1.0,,7.0,13.25,6.25,undervalued
Kévin Soni,Girona,19.0,MF,20.0,0.0,0.0,,0.03,0.05150233333333319,0.021502333333333193,fair
Cristhian Stuani,Girona,30.0,FW,2688.0,21.0,0.0,,7.5,14.493333333333334,6.993333333333334,undervalued
David Timor,Girona,27.0,"MF,DF",930.0,2.0,0.0,,2.0,2.2262416666666667,0.22624166666666667,fair
Roberto Soriano,Villarreal,26.0,"MF,FW",1140.0,0.0,0.0,,7.5,6.103286,-1.3967140000000002,fair
Bernardo Espinosa,Girona,28.0,DF,2868.0,0.0,3.0,,7.0,5.658333333333334,-1.341666666666666,fair
Dennis Diekmeier,Hamburger SV,27.0,DF,1868.0,0.0,3.0,,1.5,2.5616666666666665,1.0616666666666665,fair
Jorge Meré,Köln,20.0,DF,1890.0,1.0,1.0,,7.0,8.142666666666667,1.142666666666667,fair
Albin Ekdal,Hamburger SV,28.0,MF,1108.0,0.0,1.0,,2.5,2.514425,0.014425000000000132,fair
Mohamed Gouaida,Hamburger SV,24.0,MF,58.0,0.0,0.0,,0.025,0.4396166666666679,0.41461666666666785,fair
André Hahn,Hamburger SV,26.0,"FW,MF",1358.0,3.0,0.0,,1.5,2.0967666666666664,0.5967666666666664,fair
Harry Arter,Bournemouth,27.0,MF,960.0,1.0,0.0,,7.0,8.807933333333335,1.8079333333333345,undervalued
Aaron Hunt,Hamburger SV,30.0,"MF,FW",2081.0,3.0,2.0,,1.5,2.5742666666666683,1.0742666666666683,fair
Tatsuya Ito,Hamburger SV,20.0,"MF,FW",1012.0,0.0,2.0,,2.0,3.6405499999999997,1.6405499999999997,undervalued
Steven Defour,Burnley,29.0,MF,1997.0,1.0,1.0,,7.0,6.029733333333334,-0.9702666666666664,fair
Bakery Jatta,Hamburger SV,19.0,"MF,FW",297.0,0.0,1.0,,0.05,0.8432956666666697,0.7932956666666696,fair
Adil Rami,Marseille,31.0,DF,2955.0,1.0,1.0,,7.0,6.771558333333333,-0.22844166666666688,fair
Törles Knöll,Hamburger SV,19.0,MF,18.0,0.0,0.0,,0.025,0.06654266666666658,0.04154266666666658,fair
Christian Mathenia,Hamburger SV,25.0,GK,2160.0,0.0,0.0,,1.0,2.6616666666666666,1.6616666666666666,undervalued
Nicolai Müller,Hamburger SV,29.0,"MF,DF",101.0,1.0,0.0,,3.0,2.5614964999999996,-0.4385035000000004,fair
Maya Yoshida,Southampton,28.0,DF,2051.0,2.0,0.0,,7.0,7.938266666666666,0.9382666666666664,fair
Julian Pollersbeck,Hamburger SV,22.0,GK,900.0,0.0,0.0,,2.5,2.0119833333333332,-0.48801666666666677,fair
Douglas Santos,Hamburger SV,23.0,DF,2378.0,1.0,1.0,,5.0,5.378266666666666,0.37826666666666586,fair
Sven Schipplock,Hamburger SV,28.0,"FW,MF",338.0,0.0,0.0,,0.035,0.44735833333333175,0.4123583333333317,fair
Josha Vagnoman,Hamburger SV,16.0,"DF,MF",21.0,0.0,0.0,,0.02,0.15588083333333352,0.13588083333333353,fair
Walace,Hamburger SV,22.0,MF,1318.0,1.0,2.0,,4.5,5.12115,0.6211500000000001,fair
Luca Waldschmidt,Hamburger SV,21.0,"MF,FW",794.0,1.0,2.0,,2.5,2.9559333333333337,0.45593333333333375,fair
Bobby Wood,Hamburger SV,24.0,"FW,MF",1609.0,2.0,0.0,,2.0,2.3655,0.36549999999999994,fair
Christian Kabasele,Watford,26.0,DF,2330.0,2.0,0.0,,7.0,9.099741666666665,2.099741666666665,undervalued
Rolando Aarons,Hellas Verona,21.0,"MF,FW",517.0,0.0,0.0,,0.07,0.7347526666666641,0.6647526666666641,fair
Enrico Bearzotti,Hellas Verona,20.0,"DF,FW",410.0,0.0,0.0,,0.03,0.3672270000000006,0.3372270000000006,fair
Lucas Castro,Chievo,28.0,MF,1985.0,3.0,4.0,,7.0,7.386000000000001,0.386000000000001,fair
Winston Reid,West Ham,29.0,DF,1452.0,0.0,0.0,,7.0,6.565533333333333,-0.4344666666666672,fair
Bastos,Lazio,26.0,DF,1407.0,4.0,0.0,,6.5,5.050333333333333,-1.4496666666666673,overvalued
Claudio Marchisio,Juventus,31.0,MF,817.0,0.0,1.0,,7.0,5.803591666666666,-1.1964083333333342,fair
Rodrigo Ely,Alavés,23.0,DF,2691.0,1.0,1.0,,6.0,6.597333333333333,0.5973333333333333,fair
Phil Foden,Manchester City,17.0,MF,49.0,0.0,1.0,,7.0,10.270727666666668,3.2707276666666676,undervalued
Kevin Danso,Augsburg,18.0,DF,1105.0,2.0,0.0,,6.0,6.488933333333333,0.4889333333333328,fair
Alessio Cerci,Hellas Verona,30.0,"FW,MF",1635.0,3.0,1.0,,2.0,3.7376166666666664,1.7376166666666664,undervalued
Andrea Danzi,Hellas Verona,18.0,MF,393.0,0.0,0.0,,0.02,1.0114603333333334,0.9914603333333334,fair
Mohamed Fares,Hellas Verona,21.0,"DF,MF",2604.0,0.0,1.0,,4.5,7.265666666666666,2.7656666666666663,undervalued
Christopher Schindler,Huddersfield,27.0,DF,3265.0,0.0,1.0,,6.0,6.781666666666666,0.7816666666666663,fair
Gian Filippo Felicioli,Hellas Verona,19.0,"FW,DF",277.0,0.0,0.0,,0.05,1.260490333333334,1.210490333333334,fair
Marco Fossati,Hellas Verona,24.0,MF,1101.0,0.0,0.0,,1.5,1.7033333333333338,0.2033333333333338,fair
Stefan Bell,Mainz 05,25.0,DF,2177.0,1.0,0.0,,6.0,4.926833333333334,-1.0731666666666664,fair
Moise Kean,Hellas Verona,17.0,FW,1131.0,4.0,0.0,,12.0,10.564,-1.436,overvalued
Ryder Matos,Hellas Verona,24.0,"FW,MF",978.0,0.0,1.0,,1.3,1.768150000000005,0.46815000000000495,fair
Giampaolo Pazzini,Hellas Verona,32.0,FW,992.0,4.0,0.0,,0.08,2.184435833333333,2.104435833333333,undervalued
Scott McTominay,Manchester Utd,20.0,MF,634.0,0.0,0.0,,7.0,10.751666666666667,3.751666666666667,undervalued
Marco Silvestri,Hellas Verona,26.0,GK,180.0,0.0,0.0,,0.035,0.22181666666666572,0.18681666666666571,fair
Chidozie Awaziem,Nantes,20.0,DF,1512.0,1.0,0.0,,6.0,6.270666666666666,0.27066666666666617,fair
Adama Traoré,Monaco,22.0,"MF,FW",189.0,3.0,0.0,,7.0,5.915416666666666,-1.0845833333333337,fair
Daniele Verde,Hellas Verona,21.0,"FW,MF",1954.0,2.0,2.0,,3.5,15.51,12.01,undervalued
Mattia Zaccagni,Hellas Verona,22.0,"MF,FW",152.0,0.0,0.0,,0.05,0.6725690833333345,0.6225690833333345,fair
Bruno Zuculini,Hellas Verona,24.0,MF,1216.0,2.0,0.0,,2.5,2.356816666666667,-0.143183333333333,fair
Roque Mesa,Sevilla,28.0,MF,344.0,0.0,0.0,,7.0,5.550285333333331,-1.4497146666666687,overvalued
Alberto Grassi,SPAL,22.0,MF,2253.0,3.0,0.0,,7.0,8.741666666666667,1.7416666666666671,undervalued
Ondrej Duda,Hertha BSC,22.0,MF,744.0,1.0,0.0,,3.0,3.3162666666666656,0.3162666666666656,fair
Alexander Esswein,Hertha BSC,27.0,"FW,MF",617.0,2.0,1.0,,2.0,3.3333333333333335,1.3333333333333335,undervalued
Genki Haraguchi,Hertha BSC,26.0,"MF,FW",211.0,0.0,0.0,,3.5,3.0551999999999997,-0.4448000000000003,fair
Rune Jarstein,Hertha BSC,32.0,GK,2790.0,0.0,0.0,,2.5,2.299783333333333,-0.20021666666666693,fair
Salomon Kalou,Hertha BSC,31.0,"FW,MF",2207.0,12.0,3.0,,3.5,5.590799999999999,2.090799999999999,undervalued
Thomas Kraft,Hertha BSC,29.0,GK,270.0,0.0,0.0,,1.0,0.9811750000000002,-0.01882499999999976,fair
Ciaran Clark,Newcastle Utd,27.0,DF,1746.0,2.0,1.0,,6.0,6.1579999999999995,0.15799999999999947,fair
Valentino Lazaro,Hertha BSC,21.0,"MF,FW",1864.0,2.0,5.0,,9.0,15.448333333333334,6.448333333333334,undervalued
Mathew Leckie,Hertha BSC,26.0,"FW,MF",1853.0,5.0,1.0,,4.0,6.8366333333333325,2.8366333333333325,undervalued
Chancel Mbemba,Newcastle Utd,22.0,DF,672.0,0.0,0.0,,6.0,6.489983333333333,0.489983333333333,fair
Arne Maier,Hertha BSC,18.0,MF,1223.0,0.0,1.0,,7.5,7.689333333333334,0.1893333333333338,fair
Maximilian Mittelstädt,Hertha BSC,20.0,"MF,DF",424.0,0.0,0.0,,2.0,3.3358333333333325,1.3358333333333325,undervalued
Marvin Plattenhardt,Hertha BSC,25.0,DF,2970.0,0.0,7.0,,15.0,13.993333333333334,-1.006666666666666,fair
Marlon,Nice,21.0,DF,1930.0,0.0,0.0,,6.0,6.843999999999999,0.8439999999999994,fair
Julian Schieber,Hertha BSC,28.0,"MF,FW",56.0,0.0,0.0,,1.0,1.1073249999999994,0.10732499999999945,fair
Davie Selke,Hertha BSC,22.0,FW,1886.0,10.0,0.0,,12.0,12.476666666666667,0.47666666666666657,fair
Christopher Jullien,Toulouse,24.0,DF,2605.0,1.0,1.0,,6.0,4.9446666666666665,-1.0553333333333335,fair
Valentin Stocker,Hertha BSC,28.0,MF,52.0,0.0,0.0,,1.5,1.339083333333333,-0.16091666666666704,fair
Christophe Hérelle,Troyes,24.0,DF,2958.0,0.0,0.0,,6.0,6.0906666666666665,0.09066666666666645,fair
Mitchell Weiser,Hertha BSC,23.0,"DF,FW",1979.0,1.0,2.0,,12.0,11.444316666666667,-0.5556833333333326,fair
Rúben Vezo,Valencia,23.0,DF,1558.0,0.0,0.0,,6.0,8.496666666666666,2.496666666666666,undervalued
Nadiem Amiri,Hoffenheim,20.0,"MF,FW",1744.0,2.0,3.0,,17.0,16.56833333333333,-0.4316666666666684,fair
Oliver Baumann,Hoffenheim,27.0,GK,3060.0,0.0,0.0,,10.0,9.376666666666667,-0.6233333333333331,fair
Tom Carroll,Swansea City,25.0,MF,2570.0,0.0,4.0,,7.0,6.968999999999999,-0.031000000000000583,fair
Roque Mesa,Swansea City,28.0,MF,754.0,0.0,0.0,,7.0,7.034,0.03399999999999981,fair
Serge Gnabry,Hoffenheim,22.0,"FW,DF",1507.0,10.0,5.0,,20.0,23.03,3.030000000000001,undervalued
Mark Noble,West Ham,30.0,MF,2400.0,4.0,0.0,,7.0,6.288999999999999,-0.7110000000000012,fair
Robin Hack,Hoffenheim,18.0,"FW,DF",69.0,1.0,0.0,,0.05,0.7112833333333349,0.6612833333333349,fair
Jeffrey Bruma,Wolfsburg,25.0,DF,990.0,0.0,0.0,,6.0,5.517416666666666,-0.48258333333333425,fair
Philipp Ochs,Hoffenheim,20.0,"FW,DF",73.0,0.0,0.0,,0.075,0.3114916666666675,0.2364916666666675,fair
Felix Passlack,Hoffenheim,19.0,"MF,DF",62.0,0.0,0.0,,1.5,1.2301083333333334,-0.26989166666666664,fair
Eugen Polanski,Hoffenheim,31.0,MF,261.0,0.0,1.0,,1.0,1.928541666666665,0.928541666666665,fair
Papy Djilobodji,Dijon,28.0,DF,2700.0,0.0,0.0,,5.5,4.725,-0.7750000000000004,fair
Weston McKennie,Schalke 04,18.0,MF,1263.0,0.0,0.0,,6.5,7.501,1.0010000000000003,fair
Nico Schulz,Hoffenheim,24.0,"DF,MF",1780.0,1.0,2.0,,7.0,7.391933333333333,0.39193333333333324,fair
Ádám Szalai,Hoffenheim,29.0,FW,896.0,5.0,1.0,,3.0,4.651002666666667,1.6510026666666668,undervalued
Jeremy Toljan,Hoffenheim,22.0,"MF,DF",180.0,0.0,2.0,,5.0,4.879302166666665,-0.12069783333333461,fair
Mark Uth,Hoffenheim,25.0,"FW,MF",2177.0,14.0,8.0,,18.0,30.033333333333335,12.033333333333335,undervalued
Mauricio Lemos,Las Palmas,21.0,"DF,MF",1260.0,0.0,0.0,,5.5,4.3755999999999995,-1.1244000000000005,fair
Sandro Wagner,Hoffenheim,29.0,FW,870.0,4.0,3.0,,12.0,10.430002666666667,-1.5699973333333332,overvalued
Steven Zuber,Hoffenheim,25.0,"DF,MF",1431.0,1.0,2.0,,7.0,6.6,-0.40000000000000036,fair
Víctor Camarasa,Betis,23.0,MF,1247.0,1.0,0.0,,6.0,6.212666666666666,0.21266666666666634,fair
Mauricio Lemos,Sassuolo,21.0,DF,701.0,1.0,0.0,,5.5,4.521183333333332,-0.9788166666666678,fair
Laurent Depoitre,Huddersfield,28.0,FW,1820.0,6.0,1.0,,4.5,5.010666666666666,0.5106666666666664,fair
Florent Hadergjonaj,Huddersfield,23.0,"DF,MF",1674.0,0.0,1.0,,5.0,4.970666666666667,-0.029333333333332767,fair
Thomas Vermaelen,Barcelona,31.0,DF,1018.0,0.0,1.0,,5.0,9.020025,4.020025,undervalued
Lukas Lerager,Bordeaux,24.0,MF,3284.0,3.0,1.0,,6.0,9.92,3.92,undervalued
Tom Ince,Huddersfield,25.0,"MF,FW",2452.0,2.0,0.0,,8.0,8.584666666666669,0.5846666666666689,fair
Elias Kachunga,Huddersfield,25.0,"FW,MF",1329.0,1.0,1.0,,3.5,3.7941666666666665,0.29416666666666647,fair
Jordi Amat,Betis,25.0,"DF,MF",2047.0,0.0,0.0,,5.0,5.754499999999999,0.7544999999999993,fair
Rajiv van La Parra,Huddersfield,26.0,"FW,MF",2137.0,3.0,0.0,,4.0,7.341933333333333,3.3419333333333334,undervalued
Joe Lolley,Huddersfield,24.0,"MF,FW",221.0,1.0,0.0,,0.05,1.0755186666666712,1.0255186666666711,fair
Jonas Lössl,Huddersfield,28.0,GK,3420.0,0.0,1.0,,5.0,6.15,1.1500000000000004,fair
Chris Löwe,Huddersfield,28.0,DF,1588.0,0.0,0.0,,1.5,2.1767526666666672,0.6767526666666672,fair
Scott Malone,Huddersfield,26.0,DF,1119.0,0.0,1.0,,3.0,3.3235936666666674,0.32359366666666745,fair
Dale Stephens,Brighton,28.0,MF,3240.0,0.0,3.0,,6.0,6.411666666666667,0.41166666666666707,fair
Steve Mounié,Huddersfield,22.0,FW,1855.0,7.0,1.0,,10.0,9.146666666666667,-0.8533333333333335,fair
Kasey Palmer,Huddersfield,20.0,"MF,FW",170.0,0.0,0.0,,1.5,1.5323973333333327,0.03239733333333272,fair
Alex Pritchard,Huddersfield,24.0,"MF,FW",998.0,1.0,1.0,,10.0,7.661366666666668,-2.3386333333333322,overvalued
Collin Quaner,Huddersfield,26.0,"FW,MF",1280.0,0.0,4.0,,1.5,2.8896666666666664,1.3896666666666664,undervalued
Abdelhamid Sabiri,Huddersfield,20.0,"MF,DF",220.0,0.0,1.0,,1.0,1.2837193333333332,0.2837193333333332,fair
Ethan Ampadu,Chelsea,16.0,DF,11.0,0.0,0.0,,5.0,4.661883333333334,-0.3381166666666662,fair
Tommy Smith,Huddersfield,25.0,DF,1904.0,0.0,1.0,,3.0,3.7809999999999997,0.7809999999999997,fair
James McArthur,Crystal Palace,29.0,"MF,FW",2431.0,5.0,1.0,,6.0,5.993508333333334,-0.00649166666666634,fair
Danny Williams,Huddersfield,28.0,MF,1124.0,0.0,0.0,,2.0,3.3352666666666666,1.3352666666666666,undervalued
João Cancelo,Inter,23.0,DF,1851.0,1.0,2.0,,35.0,28.8122,-6.187799999999999,overvalued
Antonio Candreva,Inter,30.0,FW,2537.0,0.0,7.0,,14.0,11.038633333333332,-2.9613666666666685,overvalued
Danilo D'Ambrosio,Inter,28.0,DF,2979.0,2.0,3.0,,12.0,18.688166666666667,6.6881666666666675,undervalued
Éder,Inter,30.0,"FW,MF",800.0,3.0,0.0,,7.0,7.13,0.1299999999999999,fair
Federico Valverde,La Coruña,19.0,"MF,FW",1232.0,0.0,0.0,,6.0,4.458066666666663,-1.5419333333333372,overvalued
Mauro Icardi,Inter,24.0,FW,2958.0,29.0,1.0,,95.0,72.97666666666667,-22.023333333333326,overvalued
Yann Karamoh,Inter,19.0,"FW,MF",489.0,1.0,0.0,,7.0,7.225769333333333,0.22576933333333304,fair
Scott Dann,Crystal Palace,30.0,DF,1435.0,1.0,0.0,,5.0,4.713333333333333,-0.28666666666666707,fair
Alessandro Murgia,Lazio,20.0,MF,777.0,0.0,0.0,,6.0,5.597333333333333,-0.40266666666666673,fair
Dan-Axel Zagadou,Dortmund,18.0,DF,657.0,1.0,0.0,,5.0,9.566066666666668,4.566066666666668,undervalued
Yuto Nagatomo,Inter,30.0,DF,790.0,0.0,1.0,,3.5,4.8191026666666685,1.3191026666666685,undervalued
Andrea Pinamonti,Inter,18.0,FW,14.0,0.0,0.0,,2.0,2.130091666666666,0.13009166666666605,fair
Rodrigo De Paul,Udinese,23.0,"MF,FW",2319.0,4.0,8.0,,6.0,10.665,4.664999999999999,undervalued
David Abraham,Eint Frankfurt,31.0,DF,2302.0,0.0,2.0,,5.0,4.122333333333334,-0.8776666666666664,fair
Davide Santon,Inter,26.0,DF,836.0,0.0,0.0,,3.0,5.866835666666668,2.8668356666666677,undervalued
Xeka,Dijon,22.0,MF,1393.0,2.0,3.0,,5.5,7.8871666666666655,2.3871666666666655,undervalued
Xeka,Lille,22.0,MF,15.0,0.0,0.0,,5.5,3.914658333333332,-1.5853416666666682,overvalued
Kwadwo Asamoah,Juventus,28.0,DF,1568.0,0.0,0.0,,14.0,14.364983333333333,0.364983333333333,fair
Mario Hermoso,Espanyol,22.0,DF,1928.0,1.0,0.0,,5.0,6.246499999999998,1.2464999999999984,fair
Ashley Williams,Everton,32.0,DF,1834.0,1.0,0.0,,5.0,4.68795,-0.31205000000000016,fair
Andrés Guardado,Betis,30.0,MF,2270.0,2.0,8.0,,5.0,5.644583333333334,0.6445833333333342,fair
Federico Bernardeschi,Juventus,23.0,"FW,MF",847.0,4.0,3.0,,40.0,36.64833333333333,-3.3516666666666666,overvalued
Gianluigi Buffon,Juventus,39.0,GK,1862.0,0.0,0.0,,2.0,4.106326,2.106326,undervalued
Juanpe,Girona,26.0,DF,3066.0,5.0,1.0,,5.0,8.51,3.51,undervalued
Douglas Costa,Juventus,26.0,"FW,MF",1795.0,4.0,6.0,,55.0,49.748,-5.2520000000000024,overvalued
Juan Cuadrado,Juventus,29.0,"FW,MF",1353.0,4.0,4.0,,28.0,28.519333333333332,0.5193333333333321,fair
Mattia De Sciglio,Juventus,24.0,DF,968.0,1.0,0.0,,14.0,18.041666666666668,4.041666666666668,undervalued
Paulo Dybala,Juventus,23.0,"MF,FW",2353.0,22.0,3.0,,110.0,93.11333333333333,-16.88666666666667,overvalued
Gonzalo Higuaín,Juventus,29.0,FW,2815.0,16.0,5.0,,60.0,49.74333333333333,-10.256666666666668,overvalued
Kyriakos Papadopoulos,Hamburger SV,25.0,DF,2610.0,1.0,1.0,,5.0,4.409666666666667,-0.5903333333333327,fair
Younousse Sankharé,Bordeaux,27.0,MF,1880.0,7.0,1.0,,5.0,5.206666666666667,0.206666666666667,fair
Stephan Lichtsteiner,Juventus,33.0,DF,1704.0,0.0,2.0,,1.5,2.2520333333333324,0.7520333333333324,fair
Pablo Hernández,Celta Vigo,30.0,MF,1826.0,3.0,2.0,,5.0,3.844958333333334,-1.155041666666666,fair
Janik Haberer,Freiburg,23.0,"MF,FW",2748.0,3.0,4.0,,5.0,8.289333333333333,3.2893333333333334,undervalued
Carlo Pinsoglio,Juventus,27.0,GK,28.0,0.0,0.0,,0.05,1.6753333333333391,1.625333333333339,undervalued
Andrea Ranocchia,Inter,29.0,DF,627.0,2.0,0.0,,5.0,7.114816666666669,2.114816666666669,undervalued
Alex Sandro,Juventus,26.0,DF,2117.0,4.0,3.0,,45.0,45.093333333333334,0.09333333333333371,fair
Álex Granell,Girona,28.0,MF,2841.0,1.0,5.0,,5.0,6.705,1.705,undervalued
Tin Jedvaj,Leverkusen,21.0,DF,599.0,0.0,0.0,,5.0,7.063233333333335,2.0632333333333346,undervalued
Leonardo Bittencourt,Köln,23.0,"MF,FW",1613.0,5.0,3.0,,6.0,7.087166666666666,1.0871666666666657,fair
Christian Clemens,Köln,25.0,"MF,FW",646.0,1.0,0.0,,1.25,1.5179286666666665,0.2679286666666665,fair
Jhon Córdoba,Köln,24.0,FW,957.0,0.0,2.0,,4.0,4.514233333333334,0.5142333333333342,fair
Chris Führich,Köln,19.0,"MF,FW",95.0,0.0,0.0,,0.015,0.14771666666666702,0.13271666666666704,fair
Tim Handwerker,Köln,19.0,"DF,MF",396.0,0.0,1.0,,0.05,2.7849416666666658,2.734941666666666,undervalued
Jonas Hector,Köln,27.0,"DF,MF",1759.0,2.0,2.0,,15.0,10.388166666666667,-4.611833333333333,overvalued
Vlad Chiricheș,Napoli,27.0,DF,582.0,0.0,0.0,,5.0,5.583866666666667,0.5838666666666672,fair
Marco Höger,Köln,27.0,MF,1674.0,0.0,0.0,,2.0,2.0889333333333338,0.08893333333333375,fair
Jannes Horn,Köln,20.0,DF,825.0,0.0,0.0,,3.0,3.0592693333333334,0.059269333333333396,fair
Timo Horn,Köln,24.0,GK,3060.0,0.0,0.0,,7.0,11.693333333333333,4.693333333333333,undervalued
Lukas Klünter,Köln,21.0,"DF,FW",1336.0,1.0,0.0,,3.0,3.7053,0.7052999999999998,fair
Dennis Geiger,Hoffenheim,19.0,MF,1588.0,2.0,1.0,,5.0,5.899333333333333,0.8993333333333329,fair
Matthias Lehmann,Köln,34.0,MF,1515.0,0.0,0.0,,0.05,0.07756333333333361,0.027563333333333606,fair
Lorenzo Tonelli,Napoli,27.0,DF,351.0,1.0,0.0,,5.0,6.358341666666666,1.3583416666666661,undervalued
Aritz Elustondo,Real Sociedad,23.0,DF,1594.0,3.0,2.0,,5.0,5.122,0.12199999999999989,fair
Marco Parolo,Lazio,32.0,MF,2612.0,4.0,3.0,,5.0,4.984866666666666,-0.015133333333333887,fair
Yuya Osako,Köln,27.0,"FW,MF",1896.0,4.0,2.0,,4.5,5.801666666666667,1.3016666666666667,undervalued
Anas Ouahim,Köln,19.0,FW,19.0,0.0,0.0,,0.01,0.10742750000000054,0.09742750000000054,fair
José Campaña,Levante,24.0,MF,2731.0,1.0,4.0,,5.0,7.142000000000001,2.1420000000000012,undervalued
Claudio Pizarro,Köln,38.0,"FW,MF",579.0,1.0,1.0,,0.05,0.3969536666666656,0.3469536666666656,fair
Konstantin Rausch,Köln,27.0,DF,925.0,0.0,1.0,,2.2,2.1909870000000002,-0.009012999999999938,fair
Birk Risa,Köln,19.0,"FW,DF",81.0,0.0,0.0,,0.015,0.32931633333333343,0.3143163333333334,fair
Marcel Risse,Köln,27.0,"DF,MF",1169.0,1.0,3.0,,2.0,3.1658333333333335,1.1658333333333335,fair
Simon Terodde,Köln,29.0,FW,1160.0,5.0,0.0,,2.5,3.5305000000000004,1.0305000000000004,fair
Simon Zoller,Köln,26.0,"MF,FW",963.0,2.0,1.0,,1.75,2.5441000000000003,0.7941000000000003,fair
Gabriel Mercado,Sevilla,30.0,DF,2116.0,0.0,1.0,,5.0,5.2697666666666665,0.2697666666666665,fair
Florin Andone,La Coruña,24.0,FW,1636.0,7.0,3.0,,6.0,7.939333333333334,1.9393333333333338,undervalued
Jan Bednarek,Southampton,21.0,DF,426.0,1.0,0.0,,5.0,4.535666666666666,-0.46433333333333415,fair
Zakaria Bakkali,La Coruña,21.0,"FW,MF",914.0,0.0,0.0,,1.5,1.712833333333334,0.2128333333333341,fair
Dominik Kohr,Leverkusen,23.0,MF,1664.0,1.0,1.0,,5.0,5.597999999999999,0.597999999999999,fair
Eneko Bóveda,La Coruña,28.0,DF,667.0,0.0,0.0,,1.5,1.4942666666666662,-0.005733333333333812,fair
Mohamed Diamé,Newcastle Utd,30.0,MF,2041.0,2.0,0.0,,5.0,4.504536,-0.4954640000000001,fair
Bruno Gama,La Coruña,29.0,"FW,MF",118.0,0.0,0.0,,0.08,0.5358030000000016,0.45580300000000157,fair
Carles Gil,La Coruña,24.0,"FW,MF",476.0,0.0,2.0,,1.0,2.7554686666666646,1.7554686666666646,undervalued
Guilherme,La Coruña,26.0,MF,2637.0,0.0,0.0,,4.0,4.4030000000000005,0.40300000000000047,fair
Juanfran,La Coruña,28.0,DF,3055.0,0.0,1.0,,5.0,5.364333333333334,0.3643333333333336,fair
Maksym Koval,La Coruña,24.0,"GK,MF",121.0,0.0,0.0,,1.0,0.7734285000000002,-0.22657149999999981,fair
Joel Obi,Torino,26.0,MF,1247.0,5.0,1.0,,5.0,4.775833333333333,-0.22416666666666707,fair
Adrián López,La Coruña,29.0,"FW,MF",2343.0,9.0,6.0,,4.0,8.793333333333333,4.793333333333333,undervalued
Luisinho,La Coruña,32.0,DF,2621.0,1.0,1.0,,1.2,1.1656833333333285,-0.034316666666671436,fair
Edimilson Fernandes,West Ham,21.0,"MF,FW",845.0,0.0,1.0,,5.0,5.934977666666666,0.9349776666666658,fair
Yannick Gerhardt,Wolfsburg,23.0,"DF,MF",1228.0,1.0,1.0,,5.0,6.547483333333333,1.547483333333333,undervalued
Fernando Navarro,La Coruña,35.0,DF,1049.0,0.0,0.0,,0.01,0.08941666666666682,0.07941666666666683,fair
Costel Pantilimon,La Coruña,30.0,GK,540.0,0.0,0.0,,1.5,1.3435666666666664,-0.15643333333333365,fair
Lucas Pérez,La Coruña,28.0,FW,2797.0,8.0,6.0,,7.5,14.108333333333333,6.6083333333333325,undervalued
André Ramalho,Leverkusen,25.0,"DF,FW",34.0,0.0,0.0,,4.5,5.56538533333333,1.0653853333333299,fair
Bakaye Dibassy,Amiens,27.0,DF,2778.0,1.0,2.0,,4.0,4.076,0.07599999999999962,fair
Francis Uzoho,La Coruña,18.0,GK,180.0,0.0,0.0,,0.03,0.16765833333333396,0.13765833333333397,fair
Gerard Valentín,La Coruña,24.0,"DF,FW",158.0,0.0,0.0,,0.05,1.2138048333333336,1.1638048333333335,fair
Borja Valle,La Coruña,25.0,"FW,MF",497.0,3.0,2.0,,1.2,2.5785000000000062,1.3785000000000063,undervalued
Bryan Dabo,Fiorentina,25.0,MF,591.0,1.0,0.0,,4.5,4.2021999999999995,-0.2978000000000005,fair
Matías Aguirregaray,Las Palmas,28.0,DF,1152.0,0.0,0.0,,2.0,2.0612000000000004,0.061200000000000365,fair
Lukas Rupp,Hoffenheim,26.0,MF,1160.0,3.0,2.0,,4.5,5.312225,0.8122249999999998,fair
Sergio Araujo,Las Palmas,25.0,"FW,MF",40.0,0.0,0.0,,4.0,2.8197000000000005,-1.1802999999999995,fair
Tyrone Mings,Bournemouth,24.0,DF,201.0,0.0,0.0,,4.0,3.722776333333334,-0.2772236666666661,fair
Simon Falette,Eint Frankfurt,25.0,DF,2211.0,1.0,0.0,,4.0,3.8201666666666667,-0.1798333333333333,fair
Jonathan Calleri,Las Palmas,23.0,FW,3105.0,9.0,3.0,,6.0,11.4,5.4,undervalued
Dani Castellano,Las Palmas,29.0,DF,2023.0,0.0,1.0,,2.0,2.3168333333333333,0.3168333333333333,fair
Javi Castellano,Las Palmas,29.0,MF,1567.0,0.0,0.0,,0.08,0.8834000000000035,0.8034000000000036,fair
Leandro Chichizola,Las Palmas,27.0,GK,2430.0,0.0,0.0,,1.0,5.668666666666667,4.668666666666667,undervalued
Danny Latza,Mainz 05,27.0,MF,2352.0,2.0,1.0,,4.5,6.153408333333332,1.6534083333333323,undervalued
Erik Expósito,Las Palmas,21.0,FW,473.0,1.0,0.0,,0.03,7.4775513333333326,7.447551333333332,undervalued
Imoh Ezekiel,Las Palmas,23.0,"FW,MF",467.0,0.0,0.0,,1.0,1.3453333333333328,0.3453333333333328,fair
Jonás Ramalho,Girona,24.0,DF,2299.0,0.0,0.0,,4.0,3.8620000000000005,-0.13799999999999946,fair
Nacho Gil,Las Palmas,21.0,"FW,MF",731.0,0.0,1.0,,0.08,2.4780833333333394,2.3980833333333393,undervalued
Vicente Gómez,Las Palmas,28.0,MF,1523.0,0.0,1.0,,2.5,3.1087333333333342,0.6087333333333342,fair
Bryan Dabo,Saint-Étienne,25.0,"MF,FW",1284.0,2.0,0.0,,4.5,3.9161833333333327,-0.5838166666666673,fair
Borja Herrera,Las Palmas,24.0,DF,240.0,0.0,0.0,,0.03,0.605138333333334,0.575138333333334,fair
Jordan Torunarigha,Hertha BSC,19.0,"DF,MF",663.0,1.0,0.0,,4.0,4.4117999999999995,0.4117999999999995,fair
Raúl Lizoain,Las Palmas,26.0,GK,990.0,0.0,0.0,,0.08,0.573366666666668,0.493366666666668,fair
Momo,Las Palmas,35.0,"FW,MF",672.0,0.0,1.0,,0.01,0.36762200000000095,0.35762200000000094,fair
Ximo Navarro,Las Palmas,27.0,DF,2610.0,0.0,1.0,,2.0,4.424,2.4240000000000004,undervalued
Beñat Etxebarria,Athletic Club,30.0,MF,1125.0,0.0,2.0,,4.0,3.792233333333334,-0.2077666666666662,fair
Benito Ramírez,Las Palmas,22.0,"FW,MF",167.0,0.0,0.0,,0.03,1.6362968333333334,1.6062968333333334,undervalued
Loïc Rémy,Las Palmas,30.0,FW,768.0,5.0,0.0,,6.0,6.350599999999999,0.35059999999999913,fair
Sergi Samper,Las Palmas,22.0,MF,142.0,0.0,0.0,,2.5,2.0034343333333338,-0.49656566666666624,fair
Jairo Samperio,Las Palmas,24.0,"FW,DF",555.0,0.0,0.0,,1.5,1.9074333333333333,0.4074333333333333,fair
David Simón,Las Palmas,28.0,DF,723.0,0.0,0.0,,0.08,1.456383333333333,1.3763833333333328,undervalued
Tana,Las Palmas,26.0,"MF,FW",1543.0,1.0,1.0,,2.5,5.784916666666665,3.284916666666665,undervalued
Oussama Tannane,Las Palmas,23.0,"FW,MF",549.0,0.0,2.0,,1.5,1.779245333333334,0.279245333333334,fair
Hernán Toledo,Las Palmas,21.0,"FW,MF",629.0,0.0,1.0,,1.0,4.094333333333335,3.094333333333335,undervalued
Jonathan Viera,Las Palmas,27.0,MF,1993.0,4.0,5.0,,8.0,10.092333333333334,2.0923333333333343,undervalued
Vitolo,Las Palmas,27.0,"FW,MF",690.0,1.0,1.0,,25.0,16.488302000000004,-8.511697999999996,overvalued
Luis Alberto,Lazio,24.0,"MF,FW",2669.0,11.0,14.0,,35.0,45.906666666666666,10.906666666666666,undervalued
Felipe Anderson,Lazio,24.0,"MF,FW",1162.0,4.0,6.0,,30.0,26.976666666666667,-3.0233333333333334,overvalued
Lisandro López,Inter,27.0,DF,45.0,0.0,0.0,,4.0,5.578633333333329,1.578633333333329,undervalued
Sidnei,La Coruña,27.0,DF,1778.0,1.0,1.0,,4.0,2.942600000000002,-1.0573999999999981,fair
Felipe Caicedo,Lazio,28.0,FW,717.0,3.0,2.0,,2.5,4.379666666666667,1.879666666666667,undervalued
Davide Di Gennaro,Lazio,29.0,MF,11.0,0.0,0.0,,1.5,1.2755693333333336,-0.22443066666666645,fair
Aymen Abdennour,Marseille,27.0,DF,500.0,0.0,0.0,,4.0,3.650254666666666,-0.3497453333333338,fair
Ciro Immobile,Lazio,27.0,FW,2683.0,29.0,6.0,,50.0,59.305,9.305,undervalued
Lucas Leiva,Lazio,30.0,MF,2882.0,2.0,3.0,,10.0,9.66,-0.33999999999999986,fair
Jordan Lukaku,Lazio,23.0,"DF,MF",1355.0,1.0,1.0,,7.0,6.625666666666667,-0.3743333333333334,fair
Simon Falette,Metz,25.0,DF,90.0,0.0,0.0,,4.0,2.680718666666667,-1.319281333333333,fair
Danilo Cataldi,Benevento,22.0,MF,2282.0,1.0,4.0,,4.0,13.503333333333334,9.503333333333334,undervalued
Nani,Lazio,30.0,"MF,FW",387.0,3.0,1.0,,5.0,5.721333333333333,0.7213333333333329,fair
Simone Palombi,Lazio,21.0,FW,66.0,0.0,0.0,,0.075,0.8451118333333342,0.7701118333333342,fair
Andrea Poli,Bologna,27.0,MF,2543.0,2.0,0.0,,4.0,6.894333333333334,2.894333333333334,undervalued
Maxime Le Marchand,Nice,27.0,DF,2534.0,0.0,1.0,,4.0,4.216666666666667,0.21666666666666679,fair
Thomas Strakosha,Lazio,22.0,GK,3420.0,0.0,0.0,,20.0,18.476666666666667,-1.5233333333333334,overvalued
Héctor Moreno,Real Sociedad,29.0,DF,720.0,1.0,0.0,,4.0,2.7276916666666673,-1.2723083333333327,fair
Mexer,Rennes,28.0,DF,1201.0,0.0,0.0,,4.0,3.6130000000000004,-0.38699999999999957,fair
Nordin Amrabat,Leganés,30.0,"FW,MF",1622.0,2.0,1.0,,3.0,2.9605,-0.03949999999999987,fair
Jon Ander Serantes,Leganés,27.0,GK,90.0,0.0,0.0,,0.08,0.2455583333333324,0.16555833333333242,fair
Miguel Ángel Guerrero,Leganés,27.0,FW,1445.0,4.0,3.0,,1.8,3.7333333333333214,1.9333333333333214,undervalued
Claudio Beauvue,Leganés,29.0,FW,1671.0,2.0,0.0,,2.5,3.2359666666666667,0.7359666666666667,fair
Héctor Moreno,Roma,29.0,DF,230.0,0.0,0.0,,4.0,3.755605333333333,-0.24439466666666698,fair
Nereo Champagne,Leganés,32.0,GK,180.0,0.0,0.0,,0.03,0.28530000000000055,0.2553000000000005,fair
Iván Cuéllar,Leganés,33.0,GK,3150.0,0.0,0.0,,0.06,0.441875000000001,0.381875000000001,fair
Loïc Perrin,Saint-Étienne,31.0,DF,2463.0,0.0,1.0,,4.0,3.4218666666666664,-0.5781333333333336,fair
Gabriel,Leganés,23.0,MF,2370.0,5.0,2.0,,1.5,5.395,3.8949999999999996,undervalued
Raúl García,Leganés,28.0,DF,1394.0,0.0,1.0,,9.0,6.844333333333334,-2.155666666666666,overvalued
Gerard Gumbau,Leganés,22.0,MF,1441.0,1.0,0.0,,1.5,2.0412166666666662,0.5412166666666662,fair
Kévin Théophile-Catherine,Saint-Étienne,27.0,DF,2165.0,0.0,0.0,,4.0,3.8186000000000004,-0.18139999999999956,fair
Erik Morán,Leganés,26.0,MF,231.0,0.0,0.0,,0.09,1.5249346666666659,1.4349346666666658,undervalued
Lyanco,Torino,20.0,DF,316.0,0.0,0.0,,4.0,3.153917333333333,-0.8460826666666672,fair
Rubén Pérez,Leganés,28.0,MF,2513.0,0.0,0.0,,7.5,6.3533333333333335,-1.1466666666666665,fair
Omar Ramos,Leganés,29.0,"FW,MF",1421.0,0.0,1.0,,1.2,3.1000693333333333,1.9000693333333334,undervalued
Diego Rico,Leganés,24.0,DF,2228.0,2.0,2.0,,2.5,4.5584999999999996,2.0584999999999996,undervalued
Tito,Leganés,32.0,DF,613.0,0.0,0.0,,0.08,0.2615166666666659,0.18151666666666588,fair
Nabil El Zhar,Leganés,30.0,"FW,MF",2005.0,2.0,1.0,,2.0,2.0914416666666655,0.09144166666666553,fair
Marc Albrighton,Leicester City,27.0,"MF,FW",2538.0,2.0,7.0,,10.0,11.2635,1.2635000000000005,fair
Daniel Amartey,Leicester City,22.0,DF,487.0,0.0,0.0,,5.0,3.988607000000001,-1.011392999999999,fair
Harvey Barnes,Leicester City,19.0,"MF,FW",10.0,0.0,0.0,,0.025,2.5475438333333282,2.5225438333333283,undervalued
Sebastian Prödl,Watford,30.0,DF,1570.0,0.0,0.0,,4.0,3.7055000000000002,-0.29449999999999976,fair
Ben Chilwell,Leicester City,20.0,DF,1853.0,0.0,2.0,,8.0,10.354,2.353999999999999,undervalued
Hamza Choudhury,Leicester City,19.0,MF,378.0,0.0,1.0,,1.0,3.6704999999999988,2.6704999999999988,undervalued
Fousseni Diabaté,Leicester City,21.0,"MF,FW",587.0,0.0,1.0,,3.0,5.117933333333334,2.117933333333334,undervalued
Christian Fuchs,Leicester City,31.0,DF,1921.0,0.0,1.0,,5.0,5.683516666666666,0.6835166666666659,fair
Demarai Gray,Leicester City,21.0,"MF,FW",1697.0,3.0,1.0,,20.0,9.909933333333335,-10.090066666666665,overvalued
Ben Hamer,Leicester City,29.0,GK,275.0,0.0,0.0,,0.05,0.7729750000000031,0.722975000000003,fair
Valentín Vada,Bordeaux,21.0,"MF,FW",860.0,2.0,0.0,,4.0,4.2695,0.26949999999999985,fair
Kelechi Iheanacho,Leicester City,20.0,"FW,MF",830.0,3.0,3.0,,15.0,13.28,-1.7200000000000006,overvalued
Dani García,Eibar,27.0,MF,2769.0,0.0,1.0,,4.0,4.195666666666667,0.19566666666666688,fair
Joan Jordán,Eibar,23.0,MF,2435.0,6.0,3.0,,4.0,7.201666666666667,3.201666666666667,undervalued
Romain Thomas,Angers,29.0,DF,2470.0,2.0,0.0,,3.5,4.209333333333333,0.7093333333333334,fair
Riyad Mahrez,Leicester City,26.0,"MF,FW",2950.0,12.0,10.0,,50.0,53.903333333333336,3.903333333333336,undervalued
Ragnar Klavan,Liverpool,31.0,DF,1451.0,1.0,0.0,,3.5,6.243816666666666,2.7438166666666657,undervalued
Wilfred Ndidi,Leicester City,20.0,MF,2898.0,0.0,3.0,,25.0,24.525,-0.4750000000000014,fair
Shinji Okazaki,Leicester City,31.0,"MF,FW",1324.0,6.0,2.0,,6.0,5.828335833333333,-0.17166416666666695,fair
Kasper Schmeichel,Leicester City,30.0,GK,2965.0,0.0,0.0,,10.0,8.395,-1.6050000000000004,overvalued
Daniel Bessa,Genoa,24.0,MF,438.0,2.0,0.0,,4.0,4.807066666666667,0.8070666666666666,fair
Danny Simpson,Leicester City,30.0,DF,2306.0,0.0,0.0,,5.0,7.023999999999999,2.023999999999999,undervalued
Islam Slimani,Leicester City,29.0,FW,249.0,1.0,1.0,,18.0,12.824958333333337,-5.175041666666663,overvalued
Leonardo Ulloa,Leicester City,31.0,FW,22.0,0.0,0.0,,5.0,4.687408333333335,-0.31259166666666527,fair
Jamie Vardy,Leicester City,30.0,FW,3247.0,20.0,1.0,,20.0,17.465241666666667,-2.5347583333333326,overvalued
Aly Abeid,Levante,19.0,DF,76.0,0.0,0.0,,0.01,0.1531875000000002,0.1431875000000002,fair
Enis Bardhi,Levante,22.0,MF,1582.0,9.0,1.0,,6.0,14.989166666666666,8.989166666666666,undervalued
Emmanuel Boateng,Levante,21.0,FW,1281.0,6.0,0.0,,2.0,11.878666666666668,9.878666666666668,undervalued
Tony Jantschke,M'Gladbach,27.0,DF,727.0,0.0,1.0,,3.5,3.811683333333333,0.31168333333333287,fair
Clément Grenier,Guingamp,26.0,MF,1209.0,5.0,3.0,,4.0,5.804333333333333,1.8043333333333331,undervalued
Pedro Mendes,Montpellier,26.0,DF,2855.0,1.0,1.0,,3.5,5.6033333333333335,2.1033333333333335,undervalued
Coke,Levante,30.0,DF,1383.0,3.0,0.0,,2.0,2.4756,0.4756,fair
Cheick Doukouré,Levante,24.0,MF,1021.0,1.0,0.0,,1.5,1.704175,0.204175,fair
Raúl Fernández,Levante,29.0,GK,990.0,0.0,0.0,,1.0,1.785819666666667,0.785819666666667,fair
Samu García,Levante,27.0,"MF,FW",196.0,0.0,0.0,,1.0,1.0224726666666666,0.022472666666666585,fair
Jason,Levante,23.0,"MF,FW",1784.0,1.0,2.0,,1.2,3.9111666666666816,2.7111666666666814,undervalued
Jefferson Lerma,Levante,22.0,MF,2135.0,0.0,1.0,,2.0,3.355933333333333,1.3559333333333332,undervalued
Iván López,Levante,23.0,DF,172.0,0.0,1.0,,0.06,0.34856100000000095,0.28856100000000096,fair
José Luis Morales,Levante,30.0,"MF,FW",3053.0,10.0,8.0,,5.0,9.218516666666668,4.218516666666668,undervalued
Antonio Luna,Levante,26.0,DF,2021.0,0.0,2.0,,2.0,3.0268333333333333,1.0268333333333333,fair
Roger Martí,Levante,26.0,FW,960.0,3.0,2.0,,2.0,2.9176333333333333,0.9176333333333333,fair
Fahad Al-Muwallad,Levante,20.0,"FW,MF",29.0,0.0,0.0,,1.0,0.6441988333333334,-0.3558011666666666,fair
Oier Olazábal,Levante,27.0,GK,2340.0,0.0,0.0,,1.5,3.220666666666667,1.7206666666666668,undervalued
Giampaolo Pazzini,Levante,32.0,FW,446.0,1.0,0.0,,0.08,0.7466916666666701,0.6666916666666701,fair
Koffi Djidji,Nantes,24.0,DF,2416.0,0.0,0.0,,3.5,4.133166666666667,0.6331666666666669,fair
Rubén Rochina,Levante,26.0,MF,154.0,1.0,0.0,,1.5,1.973175,0.4731749999999999,fair
Armando Sadiku,Levante,26.0,FW,268.0,0.0,0.0,,0.08,0.6365976666666691,0.5565976666666691,fair
Toño,Levante,27.0,DF,1080.0,0.0,1.0,,0.04,0.8682776666666655,0.8282776666666655,fair
Enes Ünal,Levante,20.0,FW,595.0,1.0,1.0,,8.0,6.304275,-1.6957250000000004,overvalued
Koke Vegas,Levante,21.0,GK,90.0,0.0,0.0,,0.01,0.1971759999999998,0.1871759999999998,fair
Lucas Alario,Leverkusen,24.0,FW,1550.0,9.0,4.0,,20.0,20.015,0.015000000000000568,fair
Daniel Bessa,Hellas Verona,24.0,"MF,FW",1389.0,1.0,1.0,,4.0,4.526666666666666,0.5266666666666664,fair
Leon Bailey,Leverkusen,19.0,"FW,DF",2215.0,9.0,6.0,,45.0,41.653333333333336,-3.346666666666664,overvalued
Julian Baumgartlinger,Leverkusen,29.0,"MF,DF",1393.0,1.0,0.0,,4.0,4.994666666666666,0.9946666666666664,fair
Karim Bellarabi,Leverkusen,27.0,"FW,MF",1146.0,1.0,3.0,,12.0,9.088333333333333,-2.911666666666667,overvalued
Lars Bender,Leverkusen,28.0,"DF,MF",1595.0,2.0,4.0,,13.0,11.768666666666668,-1.2313333333333318,fair
Nicolas Pallois,Nantes,29.0,DF,2433.0,0.0,1.0,,3.5,3.560333333333334,0.060333333333333794,fair
Julian Brandt,Leverkusen,21.0,"FW,MF",2326.0,9.0,3.0,,40.0,31.30666666666667,-8.693333333333332,overvalued
Kai Havertz,Leverkusen,18.0,"MF,FW",2144.0,3.0,8.0,,28.0,26.98,-1.0199999999999996,fair
Benjamin Henrichs,Leverkusen,20.0,DF,1268.0,0.0,1.0,,12.0,11.459000000000003,-0.5409999999999968,fair
Kyle Bartley,Swansea City,26.0,DF,235.0,0.0,0.0,,3.5,2.9482,-0.5518000000000001,fair
Per Ciljan Skjelbred,Hertha BSC,30.0,MF,2183.0,0.0,0.0,,4.0,3.3950666666666662,-0.6049333333333338,fair
Borja Valero,Inter,32.0,MF,2564.0,2.0,0.0,,4.0,3.447688333333337,-0.5523116666666632,fair
Bernd Leno,Leverkusen,25.0,GK,2970.0,0.0,0.0,,20.0,15.565,-4.4350000000000005,overvalued
Admir Mehmedi,Leverkusen,26.0,"DF,MF",700.0,2.0,3.0,,5.0,6.848999999999999,1.8489999999999993,undervalued
Ramazan Özcan,Leverkusen,33.0,GK,90.0,0.0,0.0,,0.05,3.50219266666665,3.45219266666665,undervalued
Joel Pohjanpalo,Leverkusen,22.0,"MF,FW",116.0,1.0,0.0,,1.5,3.8258359999999993,2.3258359999999993,undervalued
Miguel Britos,Watford,32.0,DF,797.0,1.0,0.0,,3.5,1.304390333333334,-2.195609666666666,overvalued
Craig Cathcart,Watford,28.0,DF,523.0,0.0,0.0,,3.5,3.2612609999999997,-0.23873900000000026,fair
Robin Knoche,Wolfsburg,25.0,DF,2102.0,1.0,2.0,,3.5,5.505833333333333,2.0058333333333334,undervalued
Kevin Volland,Leverkusen,25.0,"FW,MF",2591.0,14.0,2.0,,22.0,20.711666666666666,-1.288333333333334,fair
Wendell,Leverkusen,24.0,DF,2115.0,2.0,3.0,,18.0,13.476333333333333,-4.523666666666667,overvalued
Konstantinos Mavropanos,Arsenal,19.0,"DF,MF",195.0,0.0,0.0,,3.0,4.695833333333334,1.6958333333333337,undervalued
Ibrahim Amadou,Lille,24.0,"MF,DF",2405.0,0.0,0.0,,3.5,5.071666666666666,1.5716666666666663,undervalued
Luiz Araújo,Lille,21.0,"FW,MF",2017.0,5.0,2.0,,7.0,9.593333333333334,2.5933333333333337,undervalued
Farès Bahlouli,Lille,22.0,"MF,FW",307.0,1.0,0.0,,0.075,0.8518416666666618,0.7768416666666619,fair
Fodé Ballo-Touré,Lille,20.0,DF,2055.0,0.0,0.0,,2.0,9.907333333333332,7.907333333333332,undervalued
Yassine Benzia,Lille,22.0,"MF,FW",2288.0,1.0,5.0,,5.0,8.743666666666668,3.743666666666668,undervalued
Vincent Koziello,Köln,21.0,MF,789.0,1.0,0.0,,4.0,3.6401666666666666,-0.35983333333333345,fair
Andrea Masiello,Atalanta,31.0,DF,2707.0,4.0,0.0,,3.0,3.813874999999999,0.813874999999999,fair
Imad Faraj,Lille,18.0,"DF,MF",162.0,0.0,0.0,,0.05,0.8365607500000029,0.7865607500000028,fair
Anwar El Ghazi,Lille,22.0,"FW,MF",1648.0,4.0,4.0,,5.0,11.968666666666666,6.968666666666666,undervalued
Zouhair Feddal,Betis,28.0,DF,1258.0,3.0,0.0,,3.0,3.533241666666666,0.5332416666666662,fair
Hervé Koffi,Lille,20.0,GK,360.0,0.0,0.0,,0.05,0.3379583333333325,0.2879583333333325,fair
Celso Borges,La Coruña,29.0,MF,2295.0,3.0,3.0,,4.0,4.584791666666667,0.5847916666666668,fair
Thiago Maia,Lille,20.0,"MF,DF",2466.0,0.0,0.0,,4.0,7.601666666666667,3.6016666666666666,undervalued
Mike Maignan,Lille,21.0,GK,3033.0,0.0,0.0,,4.0,16.923333333333332,12.923333333333332,undervalued
Kévin Malcuit,Lille,26.0,DF,1815.0,0.0,5.0,,7.5,8.0576,0.5576000000000008,fair
Thiago Mendes,Lille,25.0,MF,2294.0,3.0,3.0,,5.5,8.046666666666667,2.546666666666667,undervalued
Hamza Mendyl,Lille,19.0,"DF,MF",852.0,0.0,0.0,,0.06,1.8376,1.7775999999999998,undervalued
Lebo Mothiba,Lille,21.0,FW,1183.0,5.0,1.0,,3.0,6.404833333333333,3.4048333333333334,undervalued
Nicolas Pépé,Lille,22.0,"FW,MF",2841.0,13.0,5.0,,10.0,28.33,18.33,undervalued
Ezequiel Ponce,Lille,20.0,FW,1100.0,2.0,1.0,,2.5,8.591166666666668,6.091166666666668,undervalued
Nicolas de Préville,Lille,26.0,FW,285.0,2.0,1.0,,7.0,3.649185333333333,-3.350814666666667,overvalued
Pablo,Bordeaux,26.0,DF,1291.0,0.0,2.0,,3.0,4.226200000000001,1.2262000000000013,fair
Boubakary Soumaré,Lille,18.0,MF,512.0,0.0,0.0,,5.0,4.399449999999999,-0.600550000000001,fair
Jordan Ferri,Lyon,25.0,MF,640.0,0.0,0.0,,4.0,4.523316666666666,0.5233166666666662,fair
Trent Alexander-Arnold,Liverpool,18.0,DF,1573.0,1.0,1.0,,25.0,29.203333333333333,4.203333333333333,undervalued
Emre Can,Liverpool,23.0,MF,2091.0,3.0,4.0,,30.0,30.743333333333332,0.7433333333333323,fair
Nathaniel Clyne,Liverpool,26.0,"DF,MF",174.0,0.0,0.0,,20.0,14.674749999999994,-5.325250000000006,overvalued
Philippe Coutinho,Liverpool,25.0,"MF,FW",1109.0,7.0,6.0,,100.0,80.18833333333333,-19.811666666666667,overvalued
Andreu Fontàs,Celta Vigo,27.0,DF,884.0,0.0,1.0,,3.0,3.003579666666668,0.003579666666667869,fair
Roberto Firmino,Liverpool,25.0,FW,2763.0,15.0,7.0,,80.0,83.75166666666667,3.751666666666665,undervalued
Paulo Oliveira,Eibar,25.0,DF,2212.0,0.0,0.0,,3.0,3.565,0.565,fair
Clément Grenier,Lyon,26.0,MF,5.0,0.0,0.0,,4.0,3.6345666666666654,-0.3654333333333346,fair
Danny Ings,Liverpool,25.0,FW,267.0,1.0,0.0,,8.0,11.502600000000001,3.502600000000001,undervalued
Loris Karius,Liverpool,24.0,GK,1710.0,0.0,0.0,,12.0,41.695,29.695,undervalued
Rick van Drongelen,Hamburger SV,18.0,DF,1440.0,0.0,0.0,,3.0,5.196,2.1959999999999997,undervalued
Adam Lallana,Liverpool,29.0,"MF,FW",308.0,0.0,0.0,,25.0,20.957441666666664,-4.042558333333336,overvalued
Gideon Jung,Hamburger SV,22.0,"MF,DF",2570.0,1.0,1.0,,3.0,5.89,2.8899999999999997,undervalued
Sadio Mané,Liverpool,25.0,"FW,MF",2190.0,10.0,7.0,,70.0,59.13666666666666,-10.863333333333337,overvalued
Simon Mignolet,Liverpool,29.0,GK,1710.0,0.0,0.0,,10.0,19.618635999999995,9.618635999999995,undervalued
Vincent Koziello,Nice,21.0,MF,808.0,0.0,0.0,,4.0,3.5886833333333334,-0.41131666666666655,fair
Alberto Moreno,Liverpool,25.0,DF,1266.0,0.0,0.0,,10.0,42.16766666666666,32.16766666666666,undervalued
Divock Origi,Liverpool,22.0,FW,10.0,0.0,0.0,,10.0,9.2896,-0.7103999999999999,fair
Steven Davis,Southampton,32.0,MF,1521.0,3.0,0.0,,4.0,1.6777360000000017,-2.3222639999999983,overvalued
Andrew Robertson,Liverpool,23.0,DF,1940.0,1.0,5.0,,25.0,28.246666666666666,3.246666666666666,undervalued
Mohamed Salah,Liverpool,25.0,"FW,MF",2907.0,32.0,10.0,,150.0,116.63833333333334,-33.361666666666665,overvalued
Dominic Solanke,Liverpool,19.0,FW,596.0,1.0,1.0,,10.0,13.956966666666666,3.9569666666666663,undervalued
Daniel Sturridge,Liverpool,27.0,FW,431.0,2.0,1.0,,15.0,15.4,0.40000000000000036,fair
James Morrison,West Brom,31.0,MF,207.0,1.0,0.0,,4.0,3.3592163333333342,-0.6407836666666658,fair
Ben Woodburn,Liverpool,17.0,MF,7.0,0.0,0.0,,5.0,5.643816666666667,0.6438166666666669,fair
Bongani Zungu,Amiens,24.0,MF,2084.0,1.0,0.0,,3.5,3.763833333333334,0.2638333333333338,fair
Maxwel Cornet,Lyon,20.0,"FW,MF",1271.0,4.0,5.0,,15.0,16.761666666666667,1.7616666666666667,undervalued
Angelo Fulgini,Angers,20.0,"MF,FW",1528.0,3.0,4.0,,3.5,7.636666666666667,4.136666666666667,undervalued
Memphis Depay,Lyon,23.0,"FW,MF",2555.0,19.0,9.0,,45.0,55.916666666666664,10.916666666666664,undervalued
Fabian Schär,La Coruña,25.0,DF,2219.0,2.0,2.0,,3.0,4.254333333333333,1.2543333333333333,fair
Nabil Fekir,Lyon,24.0,"MF,FW",2477.0,18.0,7.0,,60.0,57.10166666666667,-2.8983333333333334,overvalued
Thomas Mangani,Angers,30.0,MF,3025.0,2.0,4.0,,3.5,5.786666666666668,2.286666666666668,undervalued
Willem Geubbels,Lyon,15.0,FW,33.0,0.0,0.0,,6.0,5.64475,-0.35524999999999984,fair
Mathieu Gorgelin,Lyon,26.0,GK,360.0,0.0,0.0,,1.0,2.4828333333333332,1.4828333333333332,undervalued
Amine Gouiri,Lyon,17.0,"FW,MF",83.0,0.0,0.0,,4.5,3.7855166666666666,-0.7144833333333334,fair
Dan Gosling,Bournemouth,27.0,MF,1947.0,2.0,1.0,,3.5,4.8435,1.3434999999999997,undervalued
Anthony Lopes,Lyon,26.0,GK,3060.0,0.0,0.0,,20.0,19.241666666666667,-0.7583333333333329,fair
Myziane Maolida,Lyon,18.0,FW,333.0,1.0,0.0,,4.5,5.031745666666668,0.5317456666666676,fair
Marcelo,Lyon,30.0,DF,3106.0,3.0,1.0,,60.0,44.700841666666676,-15.299158333333324,overvalued
Ferland Mendy,Lyon,22.0,DF,2121.0,0.0,4.0,,12.0,12.566,0.5660000000000007,fair
Wes Morgan,Leicester City,33.0,DF,2817.0,0.0,0.0,,3.0,2.432724999999997,-0.5672750000000031,fair
Rafael,Lyon,27.0,DF,1813.0,1.0,2.0,,0.08,3.8718000000000075,3.7918000000000074,undervalued
Kenny Tete,Lyon,21.0,DF,1608.0,1.0,3.0,,8.0,8.122866666666667,0.1228666666666669,fair
Lucas Tousart,Lyon,20.0,MF,3132.0,0.0,0.0,,25.0,21.64,-3.3599999999999994,overvalued
Bertrand Traoré,Lyon,21.0,FW,2285.0,13.0,4.0,,18.0,34.81666666666667,16.81666666666667,undervalued
Edgar Ié,Lille,23.0,DF,3146.0,1.0,1.0,,3.0,6.087,3.0869999999999997,undervalued
Borja Bastón,Málaga,24.0,FW,992.0,2.0,0.0,,2.0,2.605433333333333,0.605433333333333,fair
Adama Soumaoro,Lille,25.0,DF,1192.0,0.0,0.0,,3.0,3.518233333333334,0.5182333333333342,fair
Alberto Bueno,Málaga,29.0,"FW,MF",233.0,0.0,0.0,,1.5,1.5157916666666664,0.015791666666666426,fair
Chory Castro,Málaga,32.0,"MF,FW",2049.0,4.0,2.0,,0.08,0.9634833333333365,0.8834833333333365,fair
Víctor Sánchez,Espanyol,29.0,"DF,MF",2452.0,0.0,2.0,,3.5,3.895,0.395,fair
Youssef En-Nesyri,Málaga,20.0,FW,1601.0,4.0,0.0,,1.8,3.838999999999985,2.0389999999999846,undervalued
Samu García,Málaga,27.0,"MF,FW",180.0,0.0,1.0,,1.0,1.077391666666667,0.07739166666666697,fair
Oscar Hiljemark,Genoa,25.0,MF,1279.0,0.0,3.0,,3.5,3.7636,0.26359999999999983,fair
Mapou Yanga-Mbiwa,Lyon,28.0,DF,128.0,0.0,0.0,,3.0,3.493683333333334,0.49368333333333414,fair
Alexander Hack,Mainz 05,23.0,DF,1287.0,1.0,0.0,,3.0,3.169933333333333,0.16993333333333283,fair
Brown Ideye,Málaga,28.0,FW,736.0,1.0,0.0,,2.0,2.3396333333333335,0.33963333333333345,fair
Manuel Iturra,Málaga,33.0,MF,1583.0,0.0,1.0,,1.0,0.800736666666667,-0.19926333333333301,fair
Jony,Málaga,26.0,"MF,FW",220.0,0.0,0.0,,2.0,1.7993999999999994,-0.20060000000000056,fair
Juankar,Málaga,27.0,DF,784.0,0.0,0.0,,1.5,1.498102,-0.0018979999999999553,fair
Mehdi Lacen,Málaga,33.0,MF,1054.0,0.0,0.0,,0.08,0.26265266666666554,0.18265266666666552,fair
Maxime Lestienne,Málaga,25.0,"MF,FW",667.0,0.0,1.0,,2.5,3.054869333333333,0.554869333333333,fair
Raúl Navas,Real Sociedad,29.0,DF,1790.0,0.0,2.0,,3.0,3.7610886666666663,0.7610886666666663,fair
Álex Mula,Málaga,21.0,"MF,FW",560.0,0.0,0.0,,0.05,2.946277666666668,2.896277666666668,undervalued
Adalberto Peñaranda,Málaga,20.0,"FW,MF",798.0,0.0,0.0,,2.0,2.7779333333333334,0.7779333333333334,fair
Andrés Prieto,Málaga,23.0,GK,360.0,0.0,0.0,,0.04,0.4421186666666669,0.4021186666666669,fair
Jonathan Hogg,Huddersfield,28.0,MF,2398.0,0.0,0.0,,3.5,4.2569083333333335,0.7569083333333335,fair
Federico Ricca,Málaga,22.0,DF,1107.0,0.0,1.0,,1.5,2.0160833333333334,0.5160833333333334,fair
Roberto,Málaga,31.0,GK,3060.0,0.0,0.0,,2.0,2.5719833333333333,0.5719833333333333,fair
Diego Rolán,Málaga,24.0,"FW,MF",1947.0,5.0,0.0,,3.5,4.7443333333333335,1.2443333333333335,fair
Esteban Rolón,Málaga,22.0,MF,415.0,0.0,0.0,,0.08,0.510450000000001,0.43045000000000094,fair
Roberto Rosales,Málaga,28.0,DF,3122.0,1.0,0.0,,2.5,3.510333333333333,1.010333333333333,fair
Isaac Success,Málaga,21.0,"MF,FW",490.0,0.0,1.0,,2.0,1.833273666666666,-0.16672633333333398,fair
Miguel Torres,Málaga,31.0,DF,672.0,0.0,0.0,,0.08,0.5625693333333343,0.48256933333333424,fair
René Adler,Mainz 05,32.0,GK,1260.0,0.0,0.0,,1.0,1.1511663333333335,0.1511663333333335,fair
Ridle Baku,Mainz 05,19.0,MF,233.0,2.0,0.0,,0.0125,1.0333176666666635,1.0208176666666635,fair
Edoardo Goldaniga,Sassuolo,23.0,DF,1153.0,1.0,0.0,,3.0,3.591158333333333,0.591158333333333,fair
Riechedly Bazoer,Wolfsburg,20.0,MF,592.0,0.0,0.0,,3.0,3.7780333333333327,0.7780333333333327,fair
Emil Berggreen,Mainz 05,24.0,FW,669.0,4.0,2.0,,2.0,4.1240000000000006,2.1240000000000006,undervalued
Pablo de Blasis,Mainz 05,29.0,"FW,MF",1652.0,5.0,2.0,,3.0,4.0616666666666665,1.0616666666666665,fair
Daniel Brosinski,Mainz 05,29.0,"DF,MF",2500.0,1.0,5.0,,3.0,4.256,1.2560000000000002,fair
Federico Ceccherini,Crotone,25.0,DF,3229.0,1.0,0.0,,2.8,4.39666666666665,1.5966666666666498,undervalued
Giulio Donati,Mainz 05,27.0,"DF,MF",2284.0,0.0,3.0,,3.5,5.586983333333333,2.0869833333333334,undervalued
Viktor Fischer,Mainz 05,23.0,"FW,MF",336.0,0.0,0.0,,3.5,2.539677,-0.9603229999999998,fair
Fabian Frei,Mainz 05,28.0,MF,802.0,1.0,0.0,,2.25,2.921391666666668,0.6713916666666679,fair
Jean-Philippe Gbamin,Mainz 05,21.0,"MF,DF",2591.0,1.0,3.0,,15.0,13.926333333333332,-1.0736666666666679,fair
Bram Nuytinck,Udinese,27.0,DF,2362.0,1.0,1.0,,2.8,3.6861666666666526,0.8861666666666528,fair
Gerrit Holtmann,Mainz 05,22.0,"DF,FW",901.0,2.0,1.0,,2.0,2.830541666666669,0.8305416666666692,fair
Nigel de Jong,Mainz 05,32.0,MF,737.0,0.0,0.0,,1.0,0.7784443333333338,-0.22155566666666615,fair
Kenan Kodro,Mainz 05,23.0,FW,232.0,0.0,0.0,,2.0,1.9197289999999994,-0.08027100000000065,fair
Salih Özcan,Köln,19.0,MF,1670.0,0.0,1.0,,3.5,4.952,1.452,undervalued
Alexandru Maxim,Mainz 05,27.0,"MF,FW",957.0,2.0,2.0,,2.0,2.5555000000000003,0.5555000000000003,fair
Florian Müller,Mainz 05,19.0,GK,450.0,0.0,0.0,,1.0,1.584933333333333,0.5849333333333331,fair
Karim Onisiwo,Mainz 05,25.0,"DF,FW",256.0,0.0,0.0,,0.05,0.684916666666669,0.6349166666666689,fair
Robin Quaison,Mainz 05,23.0,FW,1409.0,4.0,1.0,,3.5,4.240999999999999,0.7409999999999988,fair
Jairo Samperio,Mainz 05,24.0,"MF,FW",36.0,0.0,0.0,,1.5,1.1685526666666666,-0.3314473333333334,fair
Francesco Cassata,Sassuolo,20.0,MF,458.0,1.0,0.0,,3.5,3.364058333333334,-0.13594166666666618,fair
Anthony Ujah,Mainz 05,26.0,FW,205.0,0.0,0.0,,2.0,1.7061683333333333,-0.2938316666666667,fair
Robin Zentner,Mainz 05,22.0,GK,1350.0,0.0,0.0,,0.06,4.069733333333337,4.009733333333338,undervalued
Sergio Agüero,Manchester City,29.0,FW,1963.0,21.0,6.0,,80.0,78.85,-1.1500000000000057,fair
Claudio Bravo,Manchester City,34.0,GK,226.0,0.0,0.0,,3.5,3.712091666666667,0.2120916666666668,fair
Danilo,Manchester City,26.0,DF,1349.0,3.0,2.0,,20.0,21.861,1.8610000000000007,undervalued
Kevin De Bruyne,Manchester City,26.0,MF,3073.0,8.0,16.0,,150.0,60.47,-89.53,overvalued
Stefano Sensi,Sassuolo,21.0,MF,1041.0,2.0,0.0,,3.5,3.790666666666666,0.2906666666666662,fair
Brahim Díaz,Manchester City,17.0,"FW,MF",55.0,0.0,0.0,,5.0,8.07789166666667,3.0778916666666696,undervalued
Ederson,Manchester City,23.0,GK,3194.0,0.0,0.0,,50.0,52.21333333333333,2.213333333333331,undervalued
Fernandinho,Manchester City,32.0,MF,2881.0,5.0,3.0,,15.0,13.491533333333331,-1.5084666666666688,overvalued
Jeff Reine-Adélaïde,Angers,19.0,"MF,FW",440.0,0.0,0.0,,3.0,2.5913916666666665,-0.40860833333333346,fair
Gabriel Jesus,Manchester City,20.0,FW,1668.0,13.0,3.0,,80.0,38.04666666666667,-41.95333333333333,overvalued
Alessandro Bastoni,Atalanta,18.0,DF,91.0,0.0,0.0,,2.5,1.8878509999999995,-0.6121490000000005,fair
Filip Helander,Bologna,24.0,DF,2499.0,0.0,0.0,,2.5,2.9233333333333333,0.42333333333333334,fair
Paul Baysse,Bordeaux,29.0,DF,570.0,0.0,0.0,,2.5,2.871683333333334,0.3716833333333338,fair
Benjamin Mendy,Manchester City,23.0,DF,363.0,0.0,1.0,,40.0,33.68922500000001,-6.3107749999999925,overvalued
Kevin Long,Burnley,26.0,DF,1440.0,1.0,2.0,,2.5,3.4125,0.9125000000000001,fair
Leroy Sané,Manchester City,21.0,FW,2419.0,10.0,15.0,,90.0,81.5,-8.5,overvalued
Bernardo Silva,Manchester City,22.0,"FW,MF",1533.0,6.0,4.0,,50.0,45.03666666666667,-4.963333333333331,overvalued
David Silva,Manchester City,31.0,MF,2430.0,9.0,11.0,,30.0,32.31333333333333,2.3133333333333326,undervalued
Raheem Sterling,Manchester City,22.0,FW,2587.0,18.0,11.0,,90.0,84.63333333333334,-5.36666666666666,overvalued
Gustavo Cabral,Celta Vigo,31.0,DF,1875.0,1.0,1.0,,2.5,2.206869333333333,-0.2931306666666669,fair
Scott Arfield,Burnley,28.0,"FW,MF",1333.0,2.0,1.0,,3.0,3.741333333333333,0.741333333333333,fair
Kyle Walker,Manchester City,27.0,DF,2785.0,0.0,6.0,,50.0,45.37,-4.630000000000003,overvalued
Oleksandr Zinchenko,Manchester City,20.0,DF,532.0,0.0,0.0,,7.0,8.501883333333334,1.5018833333333337,undervalued
Mattia Bani,Chievo,23.0,DF,1317.0,0.0,0.0,,2.5,2.7224333333333335,0.22243333333333348,fair
Manuel Gulde,Freiburg,26.0,DF,1530.0,1.0,0.0,,2.5,2.960749999999999,0.4607499999999991,fair
Michael Carrick,Manchester Utd,36.0,MF,109.0,0.0,0.0,,1.0,2.817833333333333,1.8178333333333332,undervalued
Matteo Darmian,Manchester Utd,27.0,DF,444.0,0.0,0.0,,10.0,11.345833333333333,1.3458333333333332,undervalued
Beni Baningime,Everton,18.0,MF,198.0,0.0,0.0,,3.0,5.546783333333334,2.546783333333334,undervalued
David de Gea,Manchester Utd,26.0,GK,3330.0,0.0,0.0,,70.0,63.656666666666666,-6.343333333333334,overvalued
Mauro Arambarri,Getafe,21.0,MF,2125.0,1.0,2.0,,3.0,4.36,1.3600000000000003,undervalued
Philipp Lienhart,Freiburg,21.0,DF,865.0,0.0,0.0,,2.5,2.164785333333334,-0.335214666666666,fair
Marc Muniesa,Girona,25.0,DF,1125.0,0.0,1.0,,2.5,2.384125,-0.11587499999999995,fair
Jesse Lingard,Manchester Utd,24.0,"MF,FW",1817.0,8.0,5.0,,35.0,35.561,0.5609999999999999,fair
Romelu Lukaku,Manchester Utd,24.0,FW,2867.0,16.0,7.0,,90.0,74.14666666666666,-15.853333333333339,overvalued
Anthony Martial,Manchester Utd,21.0,"FW,MF",1582.0,9.0,5.0,,65.0,52.99666666666667,-12.00333333333333,overvalued
Juan Mata,Manchester Utd,29.0,"FW,MF",1922.0,3.0,5.0,,30.0,22.818266666666666,-7.181733333333334,overvalued
Rômulo,Hellas Verona,30.0,"MF,DF",3168.0,3.0,5.0,,3.0,4.569525,1.5695249999999996,undervalued
Henrikh Mkhitaryan,Manchester Utd,28.0,"MF,FW",922.0,1.0,5.0,,35.0,19.380999999999997,-15.619000000000003,overvalued
Andy King,Leicester City,28.0,MF,537.0,1.0,0.0,,3.0,4.272236666666667,1.2722366666666671,fair
Marcus Rashford,Manchester Utd,19.0,"FW,MF",1813.0,7.0,5.0,,65.0,34.025,-30.975,overvalued
Martín Cáceres,Hellas Verona,30.0,DF,1165.0,3.0,1.0,,2.5,2.7195,0.21950000000000003,fair
Sergio Romero,Manchester Utd,30.0,GK,90.0,0.0,0.0,,5.0,5.1683,0.16830000000000034,fair
Alexis Sánchez,Manchester Utd,28.0,"FW,MF",1043.0,2.0,3.0,,70.0,25.846333333333334,-44.153666666666666,overvalued
Luke Shaw,Manchester Utd,22.0,DF,790.0,0.0,0.0,,15.0,16.45905,1.4590500000000013,undervalued
Sebastian Langkamp,Hertha BSC,29.0,DF,955.0,0.0,0.0,,2.5,2.3522833333333337,-0.14771666666666627,fair
Fabian Lustenberger,Hertha BSC,29.0,"MF,DF",1583.0,0.0,0.0,,2.5,2.1802546666666687,-0.3197453333333313,fair
Antonio Valencia,Manchester Utd,31.0,DF,2740.0,3.0,1.0,,8.0,7.4778166666666674,-0.5221833333333326,fair
Ashley Young,Manchester Utd,32.0,DF,2442.0,2.0,4.0,,7.0,7.003516666666664,0.003516666666664392,fair
Stefan Posch,Hoffenheim,20.0,DF,756.0,0.0,0.0,,2.5,3.2329166666666667,0.7329166666666667,fair
Jordan Amavi,Marseille,23.0,DF,2193.0,0.0,3.0,,16.0,13.3958,-2.6042000000000005,overvalued
Henri Bedimo,Marseille,33.0,"DF,MF",43.0,0.0,0.0,,0.04,2.0376416666666657,1.9976416666666656,undervalued
Rémy Cabella,Marseille,27.0,MF,64.0,1.0,0.0,,9.0,7.273833333333335,-1.726166666666665,overvalued
Martín Cáceres,Lazio,30.0,DF,441.0,1.0,0.0,,2.5,2.7182019999999985,0.21820199999999845,fair
Patrice Evra,Marseille,36.0,DF,349.0,0.0,0.0,,1.0,0.8699676666666674,-0.13003233333333264,fair
Valère Germain,Marseille,27.0,FW,2165.0,9.0,3.0,,10.0,10.108333333333333,0.1083333333333325,fair
Luiz Gustavo,Marseille,30.0,"MF,DF",3019.0,5.0,2.0,,15.0,11.65724166666667,-3.3427583333333306,overvalued
Boubacar Kamara,Marseille,17.0,"DF,MF",455.0,0.0,0.0,,3.5,3.9084519999999996,0.4084519999999996,fair
Steve Mandanda,Marseille,32.0,GK,2680.0,0.0,0.0,,2.5,3.4555000000000002,0.9555000000000002,fair
Clinton N'Jie,Marseille,23.0,"FW,MF",873.0,7.0,3.0,,10.0,12.828333333333333,2.828333333333333,undervalued
Lucas Ocampos,Marseille,23.0,"FW,MF",2040.0,9.0,2.0,,12.0,12.626666666666667,0.6266666666666669,fair
Dimitri Payet,Marseille,30.0,"MF,FW",2347.0,6.0,13.0,,22.0,23.716666666666665,1.716666666666665,undervalued
Yohann Pelé,Marseille,34.0,GK,738.0,0.0,0.0,,0.05,0.1606113333333332,0.11061133333333319,fair
Paul Baysse,Málaga,29.0,DF,1241.0,1.0,0.0,,2.5,2.6916,0.19160000000000021,fair
Luis Hernández,Málaga,28.0,DF,3240.0,0.0,2.0,,2.5,4.226,1.726,undervalued
Hiroki Sakai,Marseille,27.0,DF,2520.0,0.0,2.0,,6.0,5.741666666666666,-0.25833333333333375,fair
Adrián González,Málaga,29.0,MF,2340.0,3.0,0.0,,3.0,3.7148166666666667,0.7148166666666667,fair
Yusuf Sari,Marseille,18.0,FW,1.0,0.0,0.0,,0.05,3.5006333333333206,3.450633333333321,undervalued
Bouna Sarr,Marseille,25.0,DF,1792.0,0.0,2.0,,6.0,9.85775,3.8577499999999993,undervalued
Grégory Sertic,Marseille,27.0,"DF,MF",350.0,0.0,0.0,,4.0,3.645066666666666,-0.3549333333333342,fair
Florian Thauvin,Marseille,24.0,"FW,MF",2949.0,22.0,11.0,,50.0,58.903333333333336,8.903333333333336,undervalued
Benoît Assou-Ekotto,Metz,33.0,DF,1053.0,0.0,0.0,,1.0,0.7190890000000005,-0.28091099999999947,fair
Iván Balliu,Metz,25.0,DF,1951.0,0.0,1.0,,1.0,1.6401999999999992,0.6401999999999992,fair
Quentin Beunardeau,Metz,23.0,GK,39.0,0.0,0.0,,0.035,0.5488166666666648,0.5138166666666648,fair
Farid Boulaya,Metz,24.0,"FW,MF",179.0,0.0,1.0,,0.04,0.5333776666666666,0.49337766666666666,fair
Rémi Walter,Nice,22.0,"MF,FW",491.0,1.0,0.0,,3.0,2.4209226666666663,-0.5790773333333337,fair
Xabi Prieto,Real Sociedad,33.0,MF,1914.0,3.0,5.0,,3.0,3.5259166666666677,0.5259166666666677,fair
Cristián Zapata,Milan,30.0,DF,994.0,0.0,0.0,,2.5,2.7327166666666667,0.23271666666666668,fair
Habib Diallo,Metz,22.0,FW,15.0,0.0,0.0,,1.5,1.0885583333333337,-0.41144166666666626,fair
Thomas Didillon,Metz,21.0,GK,810.0,0.0,0.0,,2.5,2.578886,0.07888599999999979,fair
Mathieu Dossevi,Metz,29.0,"FW,MF",2509.0,1.0,10.0,,3.5,10.431666666666667,6.931666666666667,undervalued
Léo Lacroix,Saint-Étienne,25.0,DF,776.0,0.0,0.0,,2.5,2.297218,-0.20278200000000002,fair
Brian Fernández,Metz,22.0,FW,128.0,0.0,0.0,,1.5,1.2909058333333336,-0.20909416666666636,fair
Gauthier Hein,Metz,20.0,"FW,MF",82.0,0.0,0.0,,0.06,0.1364591666666671,0.0764591666666671,fair
Ablie Jallow,Metz,18.0,"MF,FW",129.0,0.0,0.0,,0.07,0.4891093333333315,0.4191093333333315,fair
Yann Jouffre,Metz,33.0,"MF,FW",274.0,0.0,0.0,,1.0,1.1873166666666657,0.1873166666666657,fair
Eiji Kawashima,Metz,34.0,GK,2570.0,0.0,0.0,,0.025,0.19422533333333247,0.16922533333333248,fair
Georges Mandjeck,Metz,28.0,"MF,DF",967.0,0.0,0.0,,1.0,1.775710333333333,0.7757103333333331,fair
Florent Mollet,Metz,25.0,"MF,FW",1413.0,7.0,1.0,,1.25,3.2496666666666667,1.9996666666666667,undervalued
Opa Nguette,Metz,23.0,"FW,MF",1021.0,0.0,0.0,,2.0,1.9525166666666671,-0.04748333333333288,fair
Ibrahima Niane,Metz,18.0,"MF,FW",850.0,2.0,0.0,,1.5,2.9194333333333327,1.4194333333333327,undervalued
Julian Palmieri,Metz,30.0,"DF,MF",1129.0,0.0,0.0,,1.5,1.365682666666666,-0.13431733333333407,fair
Chris Philipps,Metz,23.0,"MF,DF",849.0,0.0,0.0,,1.25,1.6858083333333331,0.43580833333333313,fair
Gerónimo Poblete,Metz,24.0,MF,1658.0,0.0,0.0,,1.5,2.4397,0.9397000000000002,fair
Emmanuel Rivière,Metz,27.0,FW,2009.0,5.0,2.0,,1.5,7.842108333333332,6.342108333333332,undervalued
Timo Letschert,Sassuolo,24.0,DF,416.0,0.0,0.0,,2.5,1.2499786666666663,-1.2500213333333337,fair
Nolan Roux,Metz,29.0,"FW,MF",2834.0,15.0,2.0,,3.5,14.006666666666666,10.506666666666666,undervalued
Vincent Thill,Metz,17.0,"MF,FW",27.0,0.0,0.0,,3.0,0.07022950000000014,-2.9297705,overvalued
Matthieu Udol,Metz,21.0,DF,356.0,0.0,0.0,,0.04,0.7182093333333335,0.6782093333333334,fair
Marcel Benger,M'Gladbach,19.0,MF,2.0,0.0,0.0,,0.0125,0.020688333333333368,0.008188333333333367,fair
Raúl Bobadilla,M'Gladbach,30.0,"FW,MF",449.0,0.0,0.0,,1.75,1.9371416666666663,0.18714166666666632,fair
Mandela Egbo,M'Gladbach,19.0,MF,11.0,0.0,0.0,,0.01,0.024074999999999857,0.014074999999999857,fair
Pablo Insua,Schalke 04,23.0,DF,27.0,0.0,0.0,,2.5,1.347775,-1.152225,fair
Mike van der Hoorn,Swansea City,24.0,DF,1944.0,1.0,0.0,,2.5,3.2675,0.7675000000000001,fair
Vincenzo Grifo,M'Gladbach,24.0,"MF,FW",786.0,0.0,3.0,,7.5,5.960841333333333,-1.5391586666666672,overvalued
Thorgan Hazard,M'Gladbach,24.0,"MF,FW",2939.0,10.0,5.0,,22.0,23.886666666666667,1.8866666666666667,undervalued
Patrick Herrmann,M'Gladbach,26.0,"MF,DF",1124.0,0.0,1.0,,4.5,4.075866666666667,-0.4241333333333328,fair
Jonas Hofmann,M'Gladbach,25.0,"MF,FW",1033.0,0.0,3.0,,3.0,3.6456500000000007,0.6456500000000007,fair
Sebastian Langkamp,Werder Bremen,29.0,DF,411.0,0.0,0.0,,2.5,1.2212213333333342,-1.2787786666666658,fair
Fabian Johnson,M'Gladbach,29.0,"MF,FW",465.0,1.0,0.0,,4.5,3.750224666666667,-0.749775333333333,fair
Christoph Kramer,M'Gladbach,26.0,MF,2151.0,3.0,0.0,,12.0,12.483333333333333,0.4833333333333325,fair
Niklas Moisander,Werder Bremen,31.0,DF,2250.0,2.0,0.0,,2.5,2.457791666666666,-0.04220833333333385,fair
Reece Oxford,M'Gladbach,18.0,"DF,MF",463.0,0.0,0.0,,5.0,4.091552666666666,-0.908447333333334,fair
Raffael,M'Gladbach,32.0,FW,2071.0,9.0,1.0,,4.0,3.8232693333333336,-0.17673066666666637,fair
Tobias Sippel,M'Gladbach,29.0,GK,435.0,0.0,0.0,,0.075,0.6180553333333322,0.5430553333333322,fair
Yann Sommer,M'Gladbach,28.0,GK,2625.0,0.0,0.0,,8.0,8.23,0.23000000000000043,fair
Lars Stindl,M'Gladbach,28.0,"FW,MF",2727.0,6.0,3.0,,18.0,11.0721,-6.927899999999999,overvalued
Tobias Strobl,M'Gladbach,27.0,MF,115.0,0.0,1.0,,2.0,1.6838833333333336,-0.3161166666666664,fair
Ibrahima Traoré,M'Gladbach,29.0,"MF,FW",201.0,0.0,0.0,,3.5,2.623753,-0.8762470000000002,fair
Gianluca Mancini,Atalanta,21.0,DF,684.0,1.0,0.0,,2.0,2.549716666666667,0.5497166666666669,fair
Julio Villalba,M'Gladbach,18.0,"DF,MF",8.0,0.0,0.0,,0.075,0.13160333333333354,0.05660333333333355,fair
Oscar Wendt,M'Gladbach,31.0,DF,2457.0,1.0,1.0,,2.5,2.6719999999999997,0.1719999999999997,fair
Denis Zakaria,M'Gladbach,20.0,MF,2296.0,2.0,1.0,,20.0,19.06833333333333,-0.9316666666666684,fair
Ignazio Abate,Milan,30.0,DF,1057.0,1.0,0.0,,3.0,6.728308333333336,3.728308333333336,undervalued
Luca Antonelli,Milan,30.0,"DF,MF",144.0,0.0,0.0,,2.0,2.141883333333334,0.1418833333333338,fair
Lucas Biglia,Milan,31.0,MF,2039.0,1.0,0.0,,15.0,15.183600000000002,0.18360000000000198,fair
David Zurutuza,Real Sociedad,31.0,MF,2236.0,0.0,2.0,,3.0,3.1115749999999998,0.11157499999999976,fair
Leandro Castán,Cagliari,30.0,DF,1141.0,0.0,1.0,,2.0,2.088833333333334,0.08883333333333399,fair
Fabio Borini,Milan,26.0,"FW,DF",1610.0,2.0,3.0,,7.0,9.658333333333333,2.658333333333333,undervalued
Davide Calabria,Milan,20.0,DF,1564.0,1.0,2.0,,13.0,18.439333333333334,5.439333333333334,undervalued
Andrea Conti,Milan,23.0,DF,157.0,0.0,0.0,,15.0,5.804408333333332,-9.195591666666669,overvalued
Patrick Cutrone,Milan,19.0,FW,1503.0,10.0,1.0,,23.0,22.298333333333332,-0.701666666666668,fair
Gianluigi Donnarumma,Milan,18.0,GK,3420.0,0.0,0.0,,40.0,38.00666666666667,-1.9933333333333323,overvalued
Valerio Verre,Sampdoria,23.0,MF,360.0,0.0,1.0,,3.0,3.5954166666666683,0.5954166666666683,fair
Manuel Locatelli,Milan,19.0,MF,684.0,0.0,0.0,,8.0,7.7683333333333335,-0.23166666666666647,fair
Jonas Martin,Strasbourg,27.0,"MF,FW",3024.0,4.0,1.0,,3.0,15.006666666666666,12.006666666666666,undervalued
Riccardo Montolivo,Milan,32.0,MF,1087.0,1.0,1.0,,1.5,2.8118000000000007,1.3118000000000007,undervalued
Luca Ceppitelli,Cagliari,27.0,DF,2227.0,3.0,0.0,,2.0,4.108333333333333,2.1083333333333334,undervalued
Ricardo Rodríguez,Milan,24.0,DF,3005.0,1.0,0.0,,15.0,20.995,5.995000000000001,undervalued
Wesley Lautoa,Dijon,29.0,"DF,MF",621.0,0.0,0.0,,2.0,1.8759233333333334,-0.12407666666666661,fair
André Silva,Milan,21.0,FW,940.0,2.0,1.0,,22.0,21.659,-0.3410000000000011,fair
Suso,Milan,23.0,FW,2830.0,6.0,6.0,,35.0,29.87,-5.129999999999999,overvalued
Emanuele Torrasi,Milan,18.0,MF,6.0,0.0,0.0,,0.005,0.5493933333333331,0.5443933333333331,fair
Anaitz Arbilla,Eibar,30.0,DF,2416.0,2.0,1.0,,2.0,3.1136666666666666,1.1136666666666666,fair
Keita Baldé,Monaco,22.0,"FW,MF",1470.0,8.0,5.0,,30.0,25.008333333333333,-4.991666666666667,overvalued
Diego Benaglio,Monaco,33.0,GK,225.0,0.0,0.0,,1.0,2.5942,1.5941999999999998,undervalued
Gabriel Boschilia,Monaco,21.0,"FW,MF",85.0,0.0,0.0,,4.5,44.750183333333325,40.250183333333325,undervalued
Guido Carrillo,Monaco,26.0,"FW,MF",426.0,4.0,0.0,,15.0,12.48066666666667,-2.5193333333333303,overvalued
Adama Diakhaby,Monaco,21.0,"FW,MF",851.0,2.0,2.0,,5.0,6.773550000000001,1.773550000000001,undervalued
Fabinho,Monaco,23.0,MF,3060.0,7.0,3.0,,45.0,15.888333333333334,-29.111666666666665,overvalued
Rachid Ghezzal,Monaco,25.0,"FW,MF",987.0,2.0,2.0,,4.0,5.596908333333333,1.5969083333333334,undervalued
Alejandro Arribas,La Coruña,28.0,DF,270.0,0.0,0.0,,2.0,1.3796750000000007,-0.6203249999999993,fair
Chema,Levante,25.0,DF,2020.0,1.0,0.0,,2.0,2.61,0.6099999999999999,fair
Jorge,Monaco,21.0,DF,1919.0,1.0,2.0,,12.0,13.103333333333333,1.1033333333333335,fair
Sergio Postigo,Levante,28.0,DF,2424.0,1.0,0.0,,2.0,2.9246666666666665,0.9246666666666665,fair
Thomas Lemar,Monaco,21.0,"MF,FW",2377.0,2.0,6.0,,65.0,47.24,-17.759999999999998,overvalued
Rony Lopes,Monaco,21.0,"FW,MF",2532.0,15.0,6.0,,28.0,48.47833333333333,20.47833333333333,undervalued
Kylian Mbappé,Monaco,18.0,"FW,MF",74.0,0.0,0.0,,120.0,72.73861666666667,-47.26138333333333,overvalued
Jordi Mboula,Monaco,18.0,"MF,FW",31.0,1.0,0.0,,4.0,4.664741666666665,0.6647416666666652,fair
Andy King,Swansea City,28.0,MF,715.0,2.0,1.0,,3.0,5.766076999999999,2.7660769999999992,undervalued
Yann Bodiger,Toulouse,22.0,"MF,FW",227.0,0.0,0.0,,3.0,2.3582789999999987,-0.6417210000000013,fair
Kévin N'Doram,Monaco,21.0,"MF,DF",722.0,0.0,0.0,,6.0,7.131716666666668,1.1317166666666676,fair
Pietro Pellegri,Monaco,16.0,"FW,MF",25.0,0.0,0.0,,8.0,15.714433333333334,7.714433333333334,undervalued
Júnior Alonso,Lille,24.0,DF,2782.0,2.0,0.0,,2.0,4.755,2.755,undervalued
Allan Saint-Maximin,Monaco,20.0,"MF,FW",16.0,0.0,0.0,,20.0,14.194525,-5.8054749999999995,overvalued
Julien Serrano,Monaco,19.0,DF,280.0,0.0,0.0,,2.0,3.0091833333333335,1.0091833333333335,fair
Djibril Sidibé,Monaco,25.0,DF,2153.0,2.0,4.0,,23.0,17.17583333333334,-5.82416666666666,overvalued
Seydou Sy,Monaco,21.0,GK,256.0,0.0,0.0,,0.075,1.7432499999999962,1.6682499999999962,undervalued
Moussa Sylla,Monaco,17.0,FW,304.0,2.0,1.0,,3.0,4.045375,1.045375,fair
Rémi Walter,Troyes,22.0,MF,997.0,0.0,0.0,,3.0,3.3208416666666656,0.3208416666666656,fair
Almamy Touré,Monaco,21.0,DF,1248.0,1.0,0.0,,8.0,7.9380000000000015,-0.0619999999999985,fair
Chris Brunt,West Brom,32.0,"MF,DF",1920.0,0.0,7.0,,3.0,3.781783333333333,0.7817833333333328,fair
Ruben Aguilar,Montpellier,24.0,"DF,MF",2459.0,0.0,3.0,,6.0,5.855666666666667,-0.14433333333333298,fair
Kévin Bérigaud,Montpellier,29.0,"MF,FW",271.0,0.0,0.0,,0.075,0.5733673333333323,0.49836733333333233,fair
Souleymane Camara,Montpellier,34.0,FW,934.0,2.0,1.0,,0.025,0.42316983333333313,0.3981698333333331,fair
Diego González,Málaga,22.0,DF,1427.0,1.0,0.0,,2.0,2.844049999999995,0.8440499999999949,fair
Leon Balogun,Mainz 05,29.0,DF,1173.0,0.0,0.0,,2.0,2.038,0.03799999999999981,fair
Keagan Dolly,Montpellier,24.0,"FW,MF",880.0,1.0,1.0,,1.5,3.1976666666666715,1.6976666666666715,undervalued
Paul Lasne,Montpellier,28.0,MF,3064.0,1.0,3.0,,2.5,3.8366666666666664,1.3366666666666664,undervalued
Benjamin Lecomte,Montpellier,26.0,GK,3420.0,0.0,0.0,,6.0,6.991666666666666,0.9916666666666663,fair
Isaac Mbenza,Montpellier,21.0,"FW,MF",2094.0,8.0,2.0,,3.5,5.67,2.17,undervalued
Andrei Girotto,Nantes,25.0,MF,1520.0,1.0,1.0,,2.0,2.4472833333333335,0.4472833333333335,fair
Nordi Mukiele,Montpellier,19.0,DF,2791.0,0.0,1.0,,14.0,16.303333333333335,2.3033333333333346,undervalued
Casimir Ninga,Montpellier,24.0,"FW,MF",1286.0,1.0,0.0,,1.5,2.0125,0.5125000000000002,fair
Ambroise Oyongo,Montpellier,26.0,MF,201.0,0.0,0.0,,0.075,0.4244530000000012,0.3494530000000012,fair
Facundo Píriz,Montpellier,27.0,MF,806.0,0.0,0.0,,1.5,1.6669416666666668,0.16694166666666677,fair
Morgan Poaty,Montpellier,20.0,MF,171.0,0.0,0.0,,0.025,0.18881549999999941,0.16381549999999942,fair
Jérôme Roussillon,Montpellier,24.0,"DF,MF",1882.0,3.0,2.0,,8.0,7.433999999999999,-0.5660000000000007,fair
Junior Sambia,Montpellier,20.0,MF,1542.0,1.0,5.0,,2.5,12.910000000000002,10.410000000000002,undervalued
Stéphane Sessègnon,Montpellier,33.0,MF,985.0,1.0,1.0,,0.07,0.3497414999999973,0.2797414999999973,fair
Giovanni Sio,Montpellier,28.0,FW,2194.0,10.0,3.0,,3.5,8.559166666666666,5.059166666666666,undervalued
Ellyes Skhiri,Montpellier,22.0,MF,3048.0,4.0,0.0,,10.0,16.076666666666668,6.076666666666668,undervalued
David Alcibiade,Nantes,25.0,DF,208.0,0.0,0.0,,0.02,0.6790537500000017,0.6590537500000017,fair
Francesco Vicari,SPAL,22.0,DF,2850.0,0.0,0.0,,2.0,5.489333333333334,3.4893333333333336,undervalued
Yacine Bammou,Nantes,25.0,"MF,FW",727.0,3.0,0.0,,1.5,2.2851499999999993,0.7851499999999993,fair
Younès Kaboul,Watford,31.0,DF,150.0,0.0,0.0,,2.0,2.0083833333333336,0.008383333333333631,fair
Kalifa Coulibaly,Nantes,25.0,FW,341.0,1.0,1.0,,3.0,3.3276750000000006,0.3276750000000006,fair
Lamine Sané,Werder Bremen,30.0,DF,786.0,1.0,0.0,,2.0,1.954766666666667,-0.045233333333333015,fair
Maxime Dupé,Nantes,24.0,GK,90.0,0.0,0.0,,0.08,0.27155266666666583,0.19155266666666582,fair
Najib Gandi,Nantes,23.0,"MF,FW",96.0,0.0,0.0,,0.02,0.5097328333333333,0.4897328333333333,fair
Yassine El Ghanassy,Nantes,27.0,"FW,MF",646.0,0.0,0.0,,1.5,1.7263999999999988,0.22639999999999882,fair
Guillaume Gillet,Nantes,33.0,MF,17.0,0.0,0.0,,0.08,0.21875833333333286,0.13875833333333287,fair
José Fonte,West Ham,33.0,DF,688.0,0.0,1.0,,2.0,1.6595730000000002,-0.3404269999999998,fair
Jules Iloki,Nantes,25.0,"MF,FW",1415.0,0.0,0.0,,1.25,3.8872000000000004,2.6372000000000004,undervalued
Joris Kayembe,Nantes,22.0,"FW,MF",89.0,0.0,0.0,,1.0,0.7962978333333337,-0.2037021666666663,fair
Augusto Fernández,Atlético Madrid,31.0,"MF,FW",110.0,0.0,0.0,,2.5,2.509077166666666,0.009077166666665804,fair
Enock Kwateng,Nantes,20.0,DF,90.0,0.0,0.0,,0.06,0.16175852777777802,0.10175852777777802,fair
Lucas Lima,Nantes,25.0,"DF,FW",2657.0,2.0,3.0,,4.5,6.526666666666666,2.0266666666666664,undervalued
Andrew Surman,Bournemouth,30.0,MF,1856.0,2.0,5.0,,2.5,3.4552666666666663,0.9552666666666663,fair
Préjuce Nakoulma,Nantes,30.0,FW,1148.0,3.0,0.0,,2.5,2.558666666666667,0.05866666666666687,fair
Santy Ngom,Nantes,24.0,"FW,MF",466.0,1.0,0.0,,0.05,2.7784623333333323,2.7284623333333324,undervalued
Víctor Laguardia,Alavés,27.0,DF,1530.0,2.0,0.0,,1.8,4.074791666666665,2.2747916666666654,undervalued
Samuel Bastien,Chievo,20.0,"MF,FW",1355.0,1.0,0.0,,2.5,3.505999999999999,1.005999999999999,fair
Emiliano Sala,Nantes,26.0,FW,3032.0,12.0,3.0,,12.0,15.555,3.5549999999999997,undervalued
Adrien Thomasson,Nantes,23.0,"MF,FW",2582.0,5.0,3.0,,8.0,9.995,1.9949999999999992,undervalued
Abdoulaye Touré,Nantes,23.0,MF,2809.0,1.0,1.0,,8.0,8.478333333333333,0.4783333333333335,fair
Thomas Heurtaux,Hellas Verona,29.0,DF,1392.0,0.0,0.0,,1.8,2.1003999999999987,0.30039999999999867,fair
Patric,Lazio,24.0,"DF,MF",592.0,0.0,0.0,,1.8,2.193366666666662,0.393366666666662,fair
Ahmad Benali,Crotone,25.0,MF,811.0,1.0,1.0,,2.5,2.6110166666666674,0.11101666666666743,fair
José Callejón,Napoli,30.0,FW,3238.0,10.0,9.0,,24.0,21.890183333333333,-2.109816666666667,overvalued
Unai Bustinza,Leganés,25.0,DF,1638.0,2.0,0.0,,1.8,2.5729999999999933,0.7729999999999932,fair
Amadou Diawara,Napoli,20.0,MF,655.0,1.0,0.0,,18.0,9.288166666666667,-8.711833333333333,overvalued
Faouzi Ghoulam,Napoli,26.0,DF,985.0,2.0,2.0,,25.0,15.7261,-9.2739,overvalued
Emanuele Giaccherini,Napoli,32.0,FW,64.0,0.0,0.0,,1.0,1.7884103333333325,0.7884103333333325,fair
Elseid Hysaj,Napoli,23.0,DF,3125.0,0.0,1.0,,25.0,33.54933333333333,8.54933333333333,undervalued
Lorenzo Insigne,Napoli,26.0,FW,3090.0,8.0,11.0,,60.0,52.57,-7.43,overvalued
Jorginho,Napoli,25.0,MF,2650.0,2.0,3.0,,50.0,41.11666666666667,-8.883333333333333,overvalued
Guillermo Maripán,Alavés,23.0,DF,1531.0,0.0,0.0,,1.5,1.7826333333333335,0.2826333333333335,fair
Christian Maggio,Napoli,35.0,DF,641.0,0.0,0.0,,0.05,0.6910306666666696,0.6410306666666695,fair
Dries Mertens,Napoli,30.0,FW,3002.0,18.0,7.0,,30.0,31.223333333333333,1.2233333333333327,fair
Arkadiusz Milik,Napoli,23.0,"FW,MF",448.0,5.0,1.0,,20.0,14.150266666666667,-5.849733333333333,overvalued
Adam Ounas,Napoli,20.0,"FW,MF",96.0,0.0,0.0,,4.5,3.2424456666666623,-1.2575543333333377,fair
Pepe Reina,Napoli,34.0,GK,3330.0,0.0,0.0,,1.0,3.1794083333333294,2.1794083333333294,undervalued
Gonzalo Escalante,Eibar,24.0,MF,1574.0,1.0,0.0,,2.5,2.645908333333333,0.14590833333333286,fair
Mário Rui,Napoli,26.0,DF,2087.0,2.0,2.0,,14.0,28.320999999999998,14.320999999999998,undervalued
Luigi Sepe,Napoli,26.0,GK,90.0,0.0,0.0,,1.0,4.406493666666666,3.406493666666666,undervalued
Danilo Avelar,Amiens,28.0,"DF,FW",1727.0,1.0,0.0,,1.5,2.3775833333333334,0.8775833333333334,fair
Rolando Aarons,Newcastle Utd,21.0,"FW,MF",139.0,0.0,0.0,,0.07,0.6738546666666643,0.6038546666666642,fair
Christian Atsu,Newcastle Utd,25.0,"MF,FW",1784.0,2.0,2.0,,6.0,6.036666666666667,0.03666666666666707,fair
Ismaël Traoré,Angers,30.0,DF,2855.0,3.0,0.0,,1.5,2.300691666666667,0.8006916666666668,fair
Karl Darlow,Newcastle Utd,26.0,GK,900.0,0.0,0.0,,4.5,6.291266666666667,1.791266666666667,undervalued
Jonathan de Guzmán,Eint Frankfurt,29.0,MF,1092.0,0.0,3.0,,2.5,3.004900000000001,0.504900000000001,fair
Paul Dummett,Newcastle Utd,25.0,DF,1602.0,0.0,0.0,,3.5,3.763866666666666,0.263866666666666,fair
Rob Elliot,Newcastle Utd,31.0,GK,1440.0,0.0,0.0,,1.5,2.0842943333333337,0.5842943333333337,fair
Jesús Gámez,Newcastle Utd,32.0,DF,98.0,0.0,0.0,,2.0,1.5959666666666665,-0.40403333333333347,fair
Dwight Gayle,Newcastle Utd,26.0,FW,1958.0,6.0,3.0,,10.0,9.876000000000001,-0.12399999999999878,fair
Isaac Hayden,Newcastle Utd,22.0,MF,1374.0,1.0,0.0,,7.0,7.729666666666667,0.7296666666666667,fair
Joselu,Newcastle Utd,27.0,FW,1712.0,4.0,1.0,,4.0,5.264666666666667,1.2646666666666668,fair
Kenedy,Newcastle Utd,21.0,"MF,FW",1023.0,2.0,2.0,,10.0,9.228333333333333,-0.7716666666666665,fair
Marco Friedl,Bayern Munich,19.0,DF,45.0,0.0,0.0,,1.5,1.367744333333333,-0.132255666666667,fair
Simone Romagnoli,Bologna,27.0,DF,557.0,0.0,0.0,,1.5,1.6544500000000002,0.1544500000000002,fair
Javier Manquillo,Newcastle Utd,23.0,DF,1758.0,0.0,1.0,,5.0,5.568333333333334,0.5683333333333342,fair
Nenad Tomović,Chievo,29.0,DF,2301.0,0.0,0.0,,1.5,2.1103333333333336,0.6103333333333336,fair
Fayçal Fajr,Getafe,28.0,"MF,FW",2387.0,1.0,2.0,,2.5,4.088166666666667,1.588166666666667,undervalued
Jacob Murphy,Newcastle Utd,22.0,"FW,MF",1148.0,1.0,1.0,,7.0,7.517666666666667,0.5176666666666669,fair
Ayoze Pérez,Newcastle Utd,24.0,"MF,FW",2492.0,8.0,5.0,,10.0,12.906666666666666,2.9066666666666663,undervalued
Matt Ritchie,Newcastle Utd,27.0,"MF,FW",2804.0,3.0,5.0,,12.0,9.306333333333333,-2.693666666666667,overvalued
Henri Saivet,Newcastle Utd,26.0,MF,83.0,1.0,0.0,,2.0,2.8172333333333337,0.8172333333333337,fair
Lewis Holtby,Hamburger SV,26.0,"MF,FW",1196.0,6.0,0.0,,2.5,4.164483333333333,1.664483333333333,undervalued
Islam Slimani,Newcastle Utd,29.0,FW,132.0,0.0,0.0,,18.0,1.6113075,-16.3886925,overvalued
DeAndre Yedlin,Newcastle Utd,24.0,DF,2845.0,0.0,2.0,,8.0,8.556666666666667,0.5566666666666666,fair
Mario Balotelli,Nice,26.0,FW,2272.0,18.0,1.0,,24.0,26.085,2.085000000000001,undervalued
Walter Benítez,Nice,24.0,GK,2520.0,0.0,0.0,,3.5,6.598333333333334,3.0983333333333336,undervalued
Patrick Burner,Nice,21.0,DF,897.0,0.0,0.0,,2.0,2.2413353333333337,0.24133533333333368,fair
Yoan Cardinale,Nice,23.0,GK,900.0,0.0,0.0,,3.0,3.3402333333333334,0.3402333333333334,fair
Racine Coly,Nice,21.0,DF,617.0,0.0,0.0,,2.5,2.675933333333333,0.17593333333333305,fair
Philip Billing,Huddersfield,21.0,MF,764.0,0.0,0.0,,2.5,4.423416666666666,1.9234166666666663,undervalued
Phil Jagielka,Everton,34.0,DF,2065.0,0.0,0.0,,1.5,1.0003920000000008,-0.49960799999999916,fair
Valentin Eysseric,Nice,25.0,"FW,MF",90.0,0.0,0.0,,5.0,1.0139776666666664,-3.9860223333333336,overvalued
Christophe Jallet,Nice,33.0,DF,1173.0,0.0,0.0,,0.05,0.2195029999999993,0.1695029999999993,fair
Yaya Touré,Manchester City,34.0,MF,236.0,0.0,2.0,,2.5,4.3092999999999995,1.8092999999999995,undervalued
Mickaël Le Bihan,Nice,27.0,"FW,MF",106.0,0.0,0.0,,0.09,0.4900288333333352,0.40002883333333517,fair
Nenad Tomović,Fiorentina,29.0,DF,135.0,0.0,0.0,,1.5,1.4891333333333332,-0.010866666666666802,fair
Jean-Victor Makengo,Nice,19.0,"FW,MF",246.0,0.0,0.0,,2.5,1.4354600000000002,-1.0645399999999998,fair
Charlie Adam,Stoke City,31.0,MF,411.0,0.0,0.0,,2.5,2.2471416666666655,-0.2528583333333345,fair
Vincent Marcel,Nice,20.0,FW,48.0,0.0,0.0,,0.06,0.10698583333333316,0.04698583333333316,fair
Alex Ferrari,Hellas Verona,23.0,DF,2136.0,1.0,0.0,,1.5,4.396,2.896,undervalued
Nampalys Mendy,Nice,25.0,MF,964.0,0.0,1.0,,5.0,7.05345,2.0534499999999998,undervalued
Romain Perraud,Nice,19.0,MF,1.0,0.0,0.0,,0.015,0.045560833333333356,0.030560833333333356,fair
Ihsan Sacko,Nice,20.0,FW,257.0,0.0,0.0,,2.0,1.737320666666667,-0.26267933333333304,fair
Allan Saint-Maximin,Nice,20.0,"FW,MF",2253.0,3.0,5.0,,20.0,21.388333333333332,1.3883333333333319,undervalued
Michael Hefele,Huddersfield,26.0,DF,33.0,0.0,0.0,,1.5,0.9025769999999996,-0.5974230000000004,fair
Wesley Sneijder,Nice,33.0,"MF,FW",399.0,0.0,1.0,,4.0,1.323137333333331,-2.6768626666666693,overvalued
Arnaud Souquet,Nice,25.0,DF,2415.0,0.0,3.0,,4.5,4.210666666666667,-0.28933333333333344,fair
Bassem Srarfi,Nice,20.0,"FW,MF",870.0,3.0,1.0,,3.0,6.897083333333334,3.8970833333333337,undervalued
Romain Amalfitano,Dijon,27.0,MF,2703.0,0.0,1.0,,2.0,3.149,1.149,fair
Dani Alves,Paris S-G,34.0,DF,2065.0,1.0,4.0,,4.0,5.535583333333332,1.5355833333333324,undervalued
Alphonse Areola,Paris S-G,24.0,GK,3060.0,0.0,0.0,,15.0,23.191666666666666,8.191666666666666,undervalued
Yuri Berchiche,Paris S-G,27.0,DF,1715.0,2.0,3.0,,17.0,18.791666666666668,1.7916666666666679,undervalued
Edinson Cavani,Paris S-G,30.0,FW,2581.0,28.0,5.0,,60.0,75.93666666666667,15.936666666666667,undervalued
Ángel Di María,Paris S-G,29.0,FW,2108.0,11.0,7.0,,40.0,34.86666666666667,-5.133333333333333,overvalued
Lassana Diarra,Paris S-G,32.0,MF,606.0,0.0,0.0,,2.5,6.083316666666665,3.583316666666665,undervalued
Julian Draxler,Paris S-G,23.0,"MF,FW",1702.0,4.0,5.0,,35.0,29.321666666666665,-5.678333333333335,overvalued
Gonçalo Guedes,Paris S-G,20.0,FW,5.0,0.0,0.0,,40.0,32.283702,-7.716298000000002,overvalued
Raúl Albentosa,La Coruña,28.0,DF,1747.0,1.0,0.0,,1.5,2.4250666666666665,0.9250666666666665,fair
Layvin Kurzawa,Paris S-G,24.0,DF,1705.0,2.0,2.0,,20.0,20.572666666666667,0.5726666666666667,fair
Marc Stendera,Eint Frankfurt,21.0,MF,372.0,0.0,0.0,,2.0,1.6711123333333338,-0.32888766666666625,fair
Pedro Bigas,Las Palmas,26.0,DF,893.0,0.0,0.0,,1.5,1.227982333333334,-0.27201766666666605,fair
Stephane Omeonga,Genoa,21.0,"MF,DF",797.0,0.0,0.0,,2.0,2.1982999999999997,0.1982999999999997,fair
Kylian Mbappé,Paris S-G,18.0,FW,2095.0,13.0,9.0,,120.0,99.18,-20.819999999999993,overvalued
Thomas Meunier,Paris S-G,25.0,DF,1577.0,4.0,3.0,,15.0,19.000333333333334,4.000333333333334,undervalued
Thiago Motta,Paris S-G,34.0,MF,1155.0,1.0,1.0,,1.0,7.6532933333333295,6.6532933333333295,undervalued
Lucas Moura,Paris S-G,24.0,FW,76.0,1.0,1.0,,28.0,22.457809,-5.542190999999999,overvalued
Neymar,Paris S-G,25.0,"FW,MF",1797.0,19.0,13.0,,180.0,158.49,-21.50999999999999,overvalued
Christopher Nkunku,Paris S-G,19.0,"FW,MF",633.0,4.0,0.0,,10.0,10.895,0.8949999999999996,fair
Javier Pastore,Paris S-G,28.0,"MF,FW",1346.0,4.0,4.0,,15.0,17.740266666666667,2.740266666666667,undervalued
Pedro Mosquera,La Coruña,29.0,MF,1395.0,0.0,2.0,,2.0,2.2522746666666666,0.25227466666666665,fair
Ezequiel Muñoz,Leganés,26.0,DF,1406.0,0.0,1.0,,1.5,2.8448499999999997,1.3448499999999997,undervalued
Kevin Trapp,Paris S-G,27.0,GK,360.0,0.0,0.0,,8.0,9.656836333333334,1.6568363333333345,undervalued
Recio,Málaga,26.0,MF,1835.0,1.0,2.0,,2.0,4.307150000000001,2.307150000000001,undervalued
Timothy Weah,Paris S-G,17.0,FW,124.0,0.0,0.0,,1.0,3.906881333333334,2.906881333333334,undervalued
Jean-Kévin Augustin,RB Leipzig,20.0,FW,1266.0,9.0,5.0,,20.0,26.716666666666665,6.716666666666665,undervalued
Bernardo,RB Leipzig,22.0,DF,1350.0,1.0,1.0,,6.0,9.234333333333334,3.2343333333333337,undervalued
Bruma,RB Leipzig,22.0,"MF,FW",1611.0,4.0,2.0,,12.5,14.736166666666668,2.2361666666666675,undervalued
Erick Cabaco,Levante,22.0,DF,1039.0,0.0,0.0,,1.5,1.8417833333333335,0.34178333333333355,fair
Diego Demme,RB Leipzig,25.0,MF,2284.0,0.0,3.0,,9.0,9.97,0.9700000000000006,fair
Emil Forsberg,RB Leipzig,25.0,"MF,FW",1370.0,2.0,2.0,,25.0,21.825666666666667,-3.1743333333333332,overvalued
Péter Gulácsi,RB Leipzig,27.0,GK,2970.0,0.0,0.0,,8.0,8.698333333333334,0.6983333333333341,fair
Marcel Halstenberg,RB Leipzig,25.0,DF,1178.0,2.0,2.0,,8.0,21.555,13.555,undervalued
Stefan Ilsanker,RB Leipzig,28.0,"DF,MF",1289.0,0.0,1.0,,4.5,6.082333333333334,1.5823333333333336,undervalued
Arnaud Lusamba,Nice,20.0,MF,162.0,0.0,0.0,,2.0,1.4369639999999997,-0.5630360000000003,fair
Luca Rizzo,SPAL,25.0,MF,488.0,2.0,0.0,,2.0,2.6082666666666663,0.6082666666666663,fair
Darren Fletcher,Stoke City,33.0,MF,2219.0,1.0,1.0,,2.0,0.39990066666666607,-1.600099333333334,overvalued
Ignasi Miquel,Málaga,24.0,DF,1772.0,0.0,0.0,,1.5,2.326333333333333,0.8263333333333329,fair
Dória,Marseille,22.0,DF,77.0,0.0,0.0,,1.5,1.197783333333333,-0.302216666666667,fair
Dimitri Liénard,Strasbourg,29.0,MF,2601.0,5.0,5.0,,2.0,6.791666666666667,4.791666666666667,undervalued
Ademola Lookman,RB Leipzig,19.0,"MF,FW",574.0,5.0,3.0,,12.0,15.355733333333335,3.355733333333335,undervalued
Yvon Mvogo,RB Leipzig,23.0,GK,90.0,0.0,0.0,,3.0,2.611158333333333,-0.388841666666667,fair
Fallou Diagne,Metz,27.0,"DF,MF",2240.0,1.0,1.0,,1.5,2.527,1.0270000000000001,fair
Yussuf Poulsen,RB Leipzig,23.0,FW,1664.0,4.0,2.0,,10.0,15.524,5.523999999999999,undervalued
Afriyie Acquah,Torino,25.0,MF,951.0,1.0,0.0,,2.0,2.203058333333333,0.2030583333333329,fair
Benno Schmitz,RB Leipzig,22.0,DF,82.0,0.0,0.0,,1.0,5.820658333333331,4.820658333333331,undervalued
Dante,Nice,33.0,DF,2920.0,1.0,0.0,,1.5,1.2093386666666672,-0.29066133333333277,fair
Timo Werner,RB Leipzig,21.0,FW,2494.0,13.0,7.0,,60.0,59.39333333333333,-0.6066666666666691,fair
Marco Asensio,Real Madrid,21.0,"FW,MF",1845.0,6.0,4.0,,75.0,68.83,-6.170000000000002,overvalued
Gareth Bale,Real Madrid,28.0,"FW,MF",1794.0,16.0,4.0,,90.0,75.65833333333333,-14.341666666666669,overvalued
Karim Benzema,Real Madrid,29.0,FW,2149.0,5.0,9.0,,40.0,42.705,2.7049999999999983,undervalued
Casemiro,Real Madrid,25.0,MF,2589.0,5.0,3.0,,60.0,60.88666666666666,0.8866666666666632,fair
Kiko Casilla,Real Madrid,30.0,GK,900.0,0.0,0.0,,6.0,9.894236000000005,3.8942360000000047,undervalued
Somália,Toulouse,28.0,"MF,FW",2001.0,1.0,0.0,,2.0,5.0066,3.0065999999999997,undervalued
Achraf Hakimi,Real Madrid,18.0,DF,758.0,2.0,1.0,,5.0,27.423333333333332,22.423333333333332,undervalued
Theo Hernández,Real Madrid,19.0,DF,962.0,0.0,1.0,,15.0,18.170166666666667,3.170166666666667,undervalued
Isco,Real Madrid,25.0,"MF,FW",1766.0,7.0,5.0,,75.0,65.62833333333333,-9.37166666666667,overvalued
Álvaro Medrán,Alavés,23.0,"MF,FW",953.0,2.0,0.0,,1.8,2.4867000000000004,0.6867000000000003,fair
Marcos Llorente,Real Madrid,22.0,MF,554.0,0.0,0.0,,12.0,13.369666666666667,1.3696666666666673,undervalued
Marcelo,Real Madrid,29.0,DF,2262.0,2.0,6.0,,60.0,51.684666666666665,-8.315333333333335,overvalued
Borja Mayoral,Real Madrid,20.0,FW,349.0,3.0,1.0,,7.5,26.578500000000002,19.078500000000002,undervalued
Keylor Navas,Real Madrid,30.0,GK,2430.0,0.0,0.0,,18.0,23.375,5.375,undervalued
Florentin Pogba,Saint-Étienne,26.0,DF,321.0,0.0,0.0,,1.5,1.1895040000000008,-0.3104959999999992,fair
Cristiano Ronaldo,Real Madrid,32.0,FW,2288.0,26.0,5.0,,100.0,85.73,-14.269999999999996,overvalued
Joachim Andersen,Sampdoria,21.0,DF,546.0,0.0,0.0,,1.5,1.810416666666667,0.310416666666667,fair
Matías Silvestre,Sampdoria,32.0,DF,3060.0,1.0,0.0,,1.5,1.4397750000000007,-0.06022499999999931,fair
Lucas Vázquez,Real Madrid,26.0,"MF,FW",1688.0,4.0,7.0,,25.0,34.505,9.505000000000003,undervalued
Luca Zidane,Real Madrid,19.0,GK,90.0,0.0,0.0,,0.03,2.804299999999987,2.7742999999999873,undervalued
Imanol Agirretxe,Real Sociedad,30.0,FW,238.0,0.0,0.0,,1.0,2.9864166666666665,1.9864166666666665,undervalued
Miguel Ángel Moyá,Real Sociedad,33.0,GK,763.0,0.0,0.0,,2.0,0.7757569999999997,-1.2242430000000004,fair
Jon Bautista,Real Sociedad,22.0,"FW,MF",188.0,1.0,0.0,,2.0,2.3803250000000005,0.38032500000000047,fair
Sergio Canales,Real Sociedad,26.0,"MF,FW",1934.0,4.0,5.0,,5.0,11.360666666666667,6.360666666666667,undervalued
Bakary Koné,Strasbourg,29.0,DF,2462.0,1.0,0.0,,1.5,2.2145333333333332,0.7145333333333332,fair
Andoni Gorosabel,Real Sociedad,20.0,DF,76.0,0.0,0.0,,1.0,0.8140805555555549,-0.18591944444444508,fair
Sebastián Cristóforo,Fiorentina,23.0,MF,268.0,0.0,0.0,,1.8,1.6144750000000057,-0.1855249999999944,fair
Asier Illarramendi,Real Sociedad,27.0,MF,3163.0,7.0,5.0,,20.0,19.0,-1.0,fair
Adnan Januzaj,Real Sociedad,22.0,"FW,MF",1566.0,3.0,5.0,,12.0,11.705,-0.29499999999999993,fair
Willian José,Real Sociedad,25.0,FW,2763.0,15.0,4.0,,25.0,27.635,2.6350000000000016,undervalued
Juanmi,Real Sociedad,24.0,"FW,MF",1489.0,8.0,2.0,,7.5,8.7275,1.2274999999999991,fair
Alberto de la Bella,Real Sociedad,31.0,DF,1526.0,0.0,1.0,,1.2,1.5038999999999951,0.3038999999999952,fair
Kevin Bonifazi,Torino,21.0,"DF,FW",408.0,0.0,0.0,,1.5,1.942391666666665,0.44239166666666496,fair
Carlos Martínez,Real Sociedad,31.0,DF,3.0,0.0,0.0,,0.05,0.5193583333333335,0.4693583333333335,fair
Molla Wagué,Udinese,26.0,DF,57.0,0.0,0.0,,1.5,1.467241666666667,-0.032758333333333,fair
Adrian Mariappa,Watford,30.0,DF,2210.0,0.0,0.0,,1.5,2.2819000000000003,0.7819000000000003,fair
Molla Wagué,Watford,26.0,DF,438.0,1.0,0.0,,1.5,4.1297999999999995,2.6297999999999995,undervalued
Álvaro Odriozola,Real Sociedad,21.0,DF,2920.0,0.0,4.0,,25.0,21.718333333333334,-3.2816666666666663,overvalued
Mikel Oyarzabal,Real Sociedad,20.0,"FW,MF",2767.0,12.0,5.0,,35.0,34.975,-0.02499999999999858,fair
Gaku Shibasaki,Getafe,25.0,"MF,FW",994.0,1.0,0.0,,1.8,3.3390000000000026,1.5390000000000026,undervalued
Luca Mazzitelli,Sassuolo,21.0,MF,1017.0,0.0,1.0,,1.8,2.922549999999991,1.1225499999999908,fair
Kévin Rodrigues,Real Sociedad,23.0,DF,1638.0,1.0,2.0,,2.0,5.412383333333333,3.4123833333333327,undervalued
Carlos Vela,Real Sociedad,28.0,"FW,MF",393.0,1.0,0.0,,8.5,6.734658333333336,-1.7653416666666644,overvalued
Igor Zubeldia,Real Sociedad,20.0,MF,1589.0,1.0,2.0,,5.0,5.359169333333333,0.359169333333333,fair
Álvaro Medrán,Valencia,23.0,MF,72.0,0.0,0.0,,1.8,10.198568000000028,8.398568000000028,undervalued
Morgan Amalfitano,Rennes,32.0,MF,747.0,0.0,0.0,,0.05,0.9403746666666677,0.8903746666666676,fair
Mehdi Abeid,Dijon,24.0,MF,1176.0,0.0,1.0,,1.75,2.390033333333333,0.6400333333333328,fair
Ludovic Baal,Rennes,31.0,DF,1159.0,0.0,1.0,,1.0,1.1664289999999997,0.16642899999999972,fair
Ramy Bensebaini,Rennes,22.0,DF,2342.0,0.0,1.0,,8.0,6.994,-1.0060000000000002,fair
Nicolas Haas,Atalanta,21.0,MF,171.0,0.0,0.0,,1.5,1.627330083333333,0.12733008333333307,fair
Brandon,Rennes,22.0,"MF,FW",358.0,1.0,0.0,,1.0,1.3834999999999997,0.38349999999999973,fair
Romain Danzé,Rennes,31.0,DF,681.0,0.0,0.0,,0.075,1.5037693333333326,1.4287693333333327,undervalued
Abdoulaye Diallo,Rennes,25.0,GK,270.0,0.0,0.0,,1.0,0.8035666666666678,-0.19643333333333224,fair
Afonso Figueiredo,Rennes,24.0,"DF,FW",223.0,0.0,0.0,,0.08,0.48558600000000013,0.4055860000000001,fair
Marco Friedl,Werder Bremen,19.0,DF,600.0,0.0,0.0,,1.5,3.6253666666666664,2.1253666666666664,undervalued
Sebastien De Maio,Bologna,30.0,DF,2053.0,2.0,0.0,,1.4,1.7908666666666597,0.3908666666666598,fair
Yoann Gourcuff,Rennes,31.0,"MF,FW",425.0,1.0,1.0,,2.0,2.156866666666667,0.15686666666666715,fair
Adrien Hunou,Rennes,23.0,"FW,MF",1456.0,5.0,0.0,,3.5,3.9758333333333336,0.47583333333333355,fair
Mikel Rico,Athletic Club,32.0,MF,1173.0,0.0,0.0,,1.5,1.6154853333333323,0.11548533333333233,fair
Wahbi Khazri,Rennes,26.0,"FW,MF",1920.0,9.0,2.0,,10.0,11.826666666666666,1.8266666666666662,undervalued
Raïs M'Bolhi,Rennes,31.0,GK,90.0,0.0,0.0,,0.06,0.5784500000000007,0.5184500000000007,fair
Faitout Maouassa,Rennes,19.0,"MF,FW",961.0,0.0,3.0,,4.5,6.149966666666666,1.649966666666666,undervalued
Giancarlo González,Bologna,29.0,DF,1857.0,0.0,0.0,,1.4,1.6442666666666617,0.24426666666666175,fair
Luca Rossettini,Genoa,32.0,DF,2027.0,0.0,0.0,,1.4,1.30878333333333,-0.09121666666666983,fair
Diafra Sakho,Rennes,27.0,FW,779.0,2.0,1.0,,5.0,4.721666666666667,-0.2783333333333333,fair
Jordan Tell,Rennes,20.0,"FW,DF",115.0,1.0,0.0,,0.03,0.4432085000000006,0.41320850000000064,fair
Hamari Traoré,Rennes,25.0,DF,2637.0,0.0,2.0,,6.0,5.591166666666667,-0.40883333333333294,fair
Mehdi Zeffane,Rennes,25.0,"DF,FW",989.0,0.0,1.0,,1.0,2.2664166666666663,1.2664166666666663,fair
Alisson,Roma,24.0,GK,3330.0,0.0,0.0,,60.0,43.58833333333333,-16.41166666666667,overvalued
Mirko Antonucci,Roma,18.0,FW,31.0,0.0,1.0,,0.015,1.813999999999993,1.798999999999993,undervalued
Bartosz Salamon,SPAL,26.0,DF,1725.0,0.0,0.0,,1.4,2.1036666666666584,0.7036666666666584,fair
Daniele De Rossi,Roma,34.0,MF,1829.0,1.0,1.0,,3.5,3.1093886666666655,-0.39061133333333453,fair
Grégoire Defrel,Roma,26.0,"FW,MF",485.0,1.0,0.0,,10.0,9.945637333333332,-0.05436266666666789,fair
Ádám Lang,Dijon,24.0,DF,233.0,0.0,0.0,,1.25,1.1647399999999997,-0.08526000000000034,fair
Alessandro Florenzi,Roma,26.0,DF,2387.0,1.0,3.0,,30.0,25.502000000000002,-4.4979999999999976,overvalued
Raman Chibsah,Benevento,24.0,MF,1048.0,0.0,0.0,,1.5,1.845866666666667,0.345866666666667,fair
Maxime Gonalons,Roma,28.0,MF,1096.0,0.0,1.0,,7.5,9.413866666666665,1.9138666666666655,undervalued
Marco Andreolli,Cagliari,31.0,DF,1829.0,0.0,0.0,,1.2,1.1364833333333286,-0.06351666666667133,fair
Rick Karsdorp,Roma,22.0,DF,81.0,0.0,0.0,,9.0,6.055916666666663,-2.944083333333337,overvalued
Aleksandar Kolarov,Roma,31.0,DF,3060.0,2.0,6.0,,12.0,12.634333333333334,0.6343333333333341,fair
David Lombán,Eibar,30.0,DF,995.0,1.0,0.0,,1.2,1.453449999999995,0.25344999999999507,fair
Radja Nainggolan,Roma,29.0,MF,2613.0,4.0,7.0,,45.0,33.408166666666666,-11.591833333333334,overvalued
Beram Kayal,Brighton,29.0,MF,745.0,0.0,0.0,,1.5,2.109177666666666,0.6091776666666662,fair
Bruno Peres,Roma,27.0,DF,1155.0,0.0,0.0,,8.0,10.084441666666669,2.0844416666666685,undervalued
Diego Perotti,Roma,29.0,"FW,MF",1609.0,5.0,3.0,,20.0,16.823666666666668,-3.176333333333332,overvalued
Patrik Schick,Roma,21.0,FW,992.0,2.0,0.0,,20.0,17.16,-2.84,overvalued
Stephan El Shaarawy,Roma,24.0,FW,2155.0,7.0,5.0,,20.0,19.176933333333334,-0.8230666666666657,fair
Jonathan Silva,Roma,23.0,DF,112.0,0.0,0.0,,2.8,2.7796524999999934,-0.020347500000006402,fair
Marcus Rohdén,Crotone,26.0,MF,1632.0,2.0,0.0,,1.5,2.044833333333333,0.5448333333333331,fair
Marco Tumminello,Roma,18.0,FW,1.0,0.0,0.0,,1.0,1.1294499999999996,0.12944999999999962,fair
Cengiz Ünder,Roma,20.0,FW,1249.0,7.0,2.0,,27.0,27.613333333333333,0.6133333333333333,fair
Jonathan Bamba,Saint-Étienne,21.0,"FW,MF",2571.0,7.0,6.0,,8.0,28.501666666666665,20.501666666666665,undervalued
Rémy Cabella,Saint-Étienne,27.0,"MF,FW",2259.0,7.0,5.0,,9.0,9.210333333333333,0.21033333333333282,fair
Esteban Granero,Espanyol,30.0,"MF,FW",1237.0,1.0,3.0,,1.5,1.9853333333333334,0.4853333333333334,fair
Mathieu Debuchy,Saint-Étienne,32.0,DF,1314.0,4.0,1.0,,4.5,3.6499499999999983,-0.8500500000000017,fair
Assane Dioussé,Saint-Étienne,19.0,MF,1345.0,1.0,0.0,,5.0,4.999999999999999,-8.881784197001252e-16,fair
Romain Hamouma,Saint-Étienne,30.0,"FW,MF",1847.0,5.0,3.0,,2.5,3.0706000000000007,0.5706000000000007,fair
Hernani,Saint-Étienne,23.0,"MF,FW",545.0,3.0,0.0,,4.0,3.7714456666666667,-0.2285543333333333,fair
Saidy Janko,Saint-Étienne,21.0,"DF,MF",1422.0,0.0,0.0,,3.0,3.5373666666666668,0.5373666666666668,fair
Davide Biraschi,Genoa,23.0,DF,1796.0,0.0,1.0,,1.2,2.7285000000000084,1.5285000000000084,undervalued
Cheikh M'Bengue,Saint-Étienne,29.0,DF,488.0,0.0,1.0,,2.0,1.7427220000000003,-0.2572779999999997,fair
Yann M'Vila,Saint-Étienne,27.0,MF,1479.0,0.0,0.0,,8.0,5.922433333333334,-2.077566666666666,overvalued
Habib Maïga,Saint-Étienne,21.0,"MF,DF",707.0,1.0,0.0,,1.2,1.844933333333331,0.6449333333333311,fair
Kévin Monnet-Paquet,Saint-Étienne,28.0,"FW,MF",1764.0,2.0,2.0,,2.0,2.4861333333333335,0.48613333333333353,fair
Jessy Moulin,Saint-Étienne,31.0,GK,305.0,0.0,0.0,,0.025,0.24589166666666662,0.22089166666666663,fair
Paul-Georges Ntep,Saint-Étienne,25.0,"FW,MF",512.0,1.0,1.0,,4.0,3.2158666666666664,-0.7841333333333336,fair
Vincent Pajot,Saint-Étienne,26.0,MF,1290.0,2.0,2.0,,2.5,3.6831666666666667,1.1831666666666667,fair
Mauro dos Santos,Leganés,28.0,DF,986.0,0.0,0.0,,1.2,2.285626666666667,1.085626666666667,fair
Ronaël Pierre-Gabriel,Saint-Étienne,19.0,DF,1171.0,0.0,0.0,,4.0,4.234333333333332,0.23433333333333195,fair
Per Mertesacker,Arsenal,32.0,DF,366.0,1.0,0.0,,1.0,5.542591666666662,4.542591666666662,undervalued
Stéphane Ruffier,Saint-Étienne,30.0,GK,3113.0,0.0,0.0,,5.0,4.663333333333333,-0.3366666666666669,fair
Gabriel Silva,Saint-Étienne,26.0,DF,2078.0,1.0,1.0,,2.5,3.108166666666667,0.608166666666667,fair
Oussama Tannane,Saint-Étienne,23.0,"FW,MF",208.0,0.0,1.0,,1.5,1.3878860000000006,-0.11211399999999938,fair
Berat Djimsiti,Benevento,24.0,DF,2700.0,0.0,1.0,,1.0,1.8566666666666667,0.8566666666666667,fair
Igor Lewczuk,Bordeaux,32.0,DF,438.0,0.0,0.0,,1.0,0.94275,-0.05725000000000002,fair
Mike Frantz,Freiburg,30.0,MF,1041.0,0.0,1.0,,1.5,1.7974463333333333,0.29744633333333326,fair
Vid Belec,Sampdoria,27.0,GK,180.0,0.0,0.0,,1.7,1.2023749999999953,-0.49762500000000465,fair
Federico Bonazzoli,Sampdoria,20.0,FW,28.0,0.0,0.0,,1.5,0.9692738333333335,-0.5307261666666665,fair
Leonardo Capezzi,Sampdoria,22.0,MF,214.0,0.0,1.0,,1.2,2.904891666666666,1.704891666666666,undervalued
Gianluca Caprari,Sampdoria,24.0,"FW,MF",1809.0,5.0,3.0,,7.5,6.691574999999996,-0.8084250000000042,fair
Dawid Kownacki,Sampdoria,20.0,FW,823.0,5.0,2.0,,7.0,8.986666666666666,1.9866666666666664,undervalued
Petar Brlek,Genoa,23.0,MF,232.0,0.0,0.0,,1.5,1.7408860000000004,0.24088600000000038,fair
Connor Goldson,Brighton,24.0,DF,200.0,0.0,0.0,,1.0,1.892218,0.892218,fair
Nicola Murru,Sampdoria,22.0,DF,1449.0,0.0,1.0,,4.0,3.9525333333333332,-0.04746666666666677,fair
Oghenekaro Etebo,Las Palmas,21.0,MF,1215.0,0.0,0.0,,1.5,2.5519333333333325,1.0519333333333325,fair
Christian Puggioni,Sampdoria,36.0,GK,810.0,0.0,0.0,,0.03,0.05594633333333325,0.025946333333333252,fair
Fabio Quagliarella,Sampdoria,34.0,FW,2719.0,19.0,5.0,,2.0,11.163333333333334,9.163333333333334,undervalued
Gastón Ramírez,Sampdoria,26.0,"MF,FW",2214.0,3.0,6.0,,10.0,9.689666666666666,-0.31033333333333424,fair
Vasco Regini,Sampdoria,26.0,DF,1077.0,0.0,0.0,,1.8,2.1612166666666637,0.36121666666666363,fair
Jacopo Sala,Sampdoria,25.0,DF,992.0,0.0,0.0,,1.5,3.308035333333332,1.8080353333333319,undervalued
Uwe Hünemeier,Brighton,31.0,DF,18.0,0.0,0.0,,1.0,1.4053333333333358,0.40533333333333577,fair
Lucas Torreira,Sampdoria,21.0,MF,3180.0,4.0,1.0,,30.0,27.388333333333332,-2.611666666666668,overvalued
Matty James,Leicester City,26.0,MF,993.0,0.0,0.0,,1.5,3.2892833333333336,1.7892833333333336,undervalued
Emiliano Viviano,Sampdoria,31.0,GK,2430.0,0.0,0.0,,2.0,2.1926,0.1926000000000001,fair
Duván Zapata,Sampdoria,26.0,FW,2108.0,11.0,3.0,,20.0,16.455,-3.5450000000000017,overvalued
Marco Capuano,Cagliari,25.0,DF,690.0,0.0,0.0,,1.0,1.780184666666667,0.780184666666667,fair
Claud Adjapong,Sassuolo,19.0,"DF,MF",1220.0,0.0,0.0,,4.0,4.511183333333328,0.511183333333328,fair
Khouma Babacar,Sassuolo,24.0,FW,750.0,2.0,1.0,,8.0,6.522666666666667,-1.4773333333333332,overvalued
Domenico Berardi,Sassuolo,22.0,FW,2296.0,4.0,2.0,,18.0,15.691666666666666,-2.3083333333333336,overvalued
Emanuel Cecchini,Málaga,20.0,"MF,DF",30.0,0.0,0.0,,1.5,1.1611608333333328,-0.33883916666666725,fair
José Mauri,Milan,21.0,MF,13.0,0.0,0.0,,1.5,1.3956666666666664,-0.10433333333333361,fair
Andrea Consigli,Sassuolo,30.0,GK,3316.0,0.0,0.0,,5.0,5.284666666666667,0.2846666666666673,fair
Cristian Dell'Orco,Sassuolo,23.0,DF,421.0,0.0,0.0,,1.0,1.2849746666666664,0.2849746666666664,fair
Rene Krhin,Nantes,27.0,MF,1313.0,1.0,0.0,,1.5,2.190241666666667,0.6902416666666671,fair
Diego Falcinelli,Sassuolo,26.0,FW,1314.0,2.0,1.0,,3.8,3.895333333333321,0.09533333333332106,fair
Marcello Gazzola,Sassuolo,32.0,DF,739.0,0.0,0.0,,0.04,0.20329699999999937,0.16329699999999936,fair
Arlind Ajeti,Crotone,23.0,"DF,MF",1271.0,0.0,1.0,,1.0,1.7381333333333335,0.7381333333333335,fair
Marco Capuano,Crotone,25.0,DF,1407.0,0.0,0.0,,1.0,2.4886000000000004,1.4886000000000004,undervalued
Damien Delaney,Crystal Palace,36.0,DF,96.0,0.0,0.0,,1.0,1.1356426666666666,0.13564266666666658,fair
Pol Lirola,Sassuolo,19.0,"DF,MF",2025.0,0.0,2.0,,7.5,17.44,9.940000000000001,undervalued
Francesco Magnanelli,Sassuolo,32.0,MF,2494.0,0.0,0.0,,0.08,0.6784583333333354,0.5984583333333354,fair
Alessandro Matri,Sassuolo,32.0,FW,914.0,3.0,0.0,,0.05,0.5181356666666669,0.4681356666666669,fair
Dominik Kaiser,RB Leipzig,28.0,"MF,DF",277.0,0.0,0.0,,1.5,2.1327500000000006,0.6327500000000006,fair
Simone Missiroli,Sassuolo,31.0,MF,2918.0,1.0,1.0,,2.2,2.9005500000000106,0.7005500000000104,fair
Gianluca Pegolo,Sassuolo,36.0,GK,104.0,0.0,0.0,,0.015,0.35837700000000017,0.34337700000000015,fair
Federico Peluso,Sassuolo,33.0,DF,2594.0,1.0,1.0,,0.08,0.3751663333333324,0.29516633333333236,fair
Nicholas Pierini,Sassuolo,18.0,"FW,MF",43.0,0.0,0.0,,0.04,0.06483699999999963,0.02483699999999963,fair
Matteo Politano,Sassuolo,23.0,FW,2812.0,10.0,4.0,,22.0,24.3,2.3000000000000007,undervalued
Antonino Ragusa,Sassuolo,27.0,"FW,MF",825.0,0.0,1.0,,1.5,1.876938,0.376938,fair
Rogério,Sassuolo,19.0,"DF,MF",910.0,0.0,0.0,,2.0,2.631199999999998,0.631199999999998,fair
Gianluca Scamacca,Sassuolo,18.0,FW,23.0,0.0,0.0,,0.08,0.3184276666666656,0.2384276666666656,fair
Rubén Pardo,Real Sociedad,24.0,MF,222.0,0.0,1.0,,1.5,2.3596429999999997,0.8596429999999997,fair
Vincent Nogueira,Strasbourg,29.0,MF,65.0,0.0,0.0,,1.5,1.2006680000000003,-0.2993319999999997,fair
Guido Burgstaller,Schalke 04,28.0,FW,2324.0,11.0,4.0,,13.0,14.795,1.795,undervalued
Daniel Caligiuri,Schalke 04,29.0,"DF,MF",2917.0,6.0,10.0,,7.5,13.718333333333334,6.218333333333334,undervalued
Coke,Schalke 04,30.0,MF,2.0,0.0,0.0,,2.0,2.746058333333334,0.7460583333333339,fair
Franco Di Santo,Schalke 04,28.0,"FW,MF",1654.0,3.0,1.0,,2.5,4.291666666666667,1.791666666666667,undervalued
Breel Embolo,Schalke 04,20.0,"FW,MF",919.0,3.0,0.0,,18.0,13.052166666666668,-4.947833333333332,overvalued
Ralf Fährmann,Schalke 04,28.0,GK,3015.0,0.0,0.0,,13.0,11.045,-1.955,overvalued
Karim Azamoum,Troyes,27.0,MF,2278.0,1.0,0.0,,1.5,2.953408333333333,1.453408333333333,undervalued
Amine Harit,Schalke 04,20.0,"MF,FW",2043.0,3.0,3.0,,25.0,23.64666666666667,-1.3533333333333317,fair
Marco Russ,Eint Frankfurt,31.0,DF,1145.0,1.0,0.0,,1.0,1.2283166666666667,0.22831666666666672,fair
Óscar Duarte,Espanyol,28.0,DF,990.0,0.0,0.0,,1.0,2.599991333333334,1.599991333333334,undervalued
Jérôme Gondorf,Werder Bremen,29.0,"MF,FW",797.0,1.0,1.0,,1.5,1.989119333333334,0.4891193333333339,fair
Max Meyer,Schalke 04,21.0,MF,1727.0,0.0,0.0,,18.0,15.814000000000002,-2.185999999999998,overvalued
Naldo,Espanyol,28.0,DF,920.0,0.0,0.0,,1.0,1.7376153333333335,0.7376153333333335,fair
Alexander Nübel,Schalke 04,20.0,GK,45.0,0.0,0.0,,0.05,0.3419249999999988,0.2919249999999988,fair
Bastian Oczipka,Schalke 04,28.0,"DF,MF",2320.0,0.0,2.0,,7.0,6.851166666666668,-0.14883333333333226,fair
Marko Pjaca,Schalke 04,22.0,"FW,MF",260.0,2.0,0.0,,15.0,4.357116666666669,-10.64288333333333,overvalued
Fabian Reese,Schalke 04,19.0,"FW,MF",75.0,0.0,0.0,,0.075,0.39337766666666796,0.31837766666666795,fair
Alessandro Schöpf,Schalke 04,23.0,"DF,MF",808.0,0.0,0.0,,5.0,5.146699999999999,0.14669999999999916,fair
Sergio Sánchez,Espanyol,31.0,DF,102.0,0.0,0.0,,1.0,0.9884333333333336,-0.011566666666666392,fair
Cedric Teuchert,Schalke 04,20.0,"MF,FW",34.0,0.0,0.0,,1.5,1.1600583333333336,-0.33994166666666636,fair
José Alonso Lara,Sevilla,17.0,FW,9.0,0.0,0.0,,0.05,1.1535691666666703,1.1035691666666703,fair
Guilherme Arana,Sevilla,20.0,DF,193.0,0.0,0.0,,5.0,4.447012333333333,-0.5529876666666667,fair
Sam Field,West Brom,19.0,MF,537.0,1.0,0.0,,1.5,2.7722166666666666,1.2722166666666666,fair
Wissam Ben Yedder,Sevilla,26.0,FW,1701.0,9.0,3.0,,28.0,23.723333333333333,-4.276666666666667,overvalued
Lionel Carole,Sevilla,26.0,DF,540.0,0.0,1.0,,3.0,4.631004,1.631004,undervalued
Bruno González,Getafe,27.0,DF,1543.0,0.0,2.0,,1.0,1.634288666666667,0.634288666666667,fair
Sébastien Corchia,Sevilla,26.0,DF,820.0,0.0,1.0,,4.0,4.4711750000000015,0.47117500000000145,fair
Joaquín Correa,Sevilla,22.0,"FW,MF",1189.0,1.0,2.0,,10.0,9.459,-0.5410000000000004,fair
Sergio Escudero,Sevilla,27.0,DF,2333.0,0.0,2.0,,7.5,9.715166666666667,2.2151666666666667,undervalued
Carlos Fernández,Sevilla,21.0,FW,135.0,1.0,0.0,,1.0,2.256467916666665,1.256467916666665,fair
Ganso,Sevilla,27.0,MF,515.0,2.0,1.0,,2.0,4.500299999999999,2.5002999999999993,undervalued
Johannes Geis,Sevilla,23.0,"DF,MF",680.0,0.0,1.0,,5.0,6.342416666666666,1.342416666666666,undervalued
Nicolas Viola,Benevento,27.0,MF,1850.0,2.0,6.0,,1.4,4.67233333333334,3.2723333333333398,undervalued
Borja Lasso,Sevilla,23.0,MF,53.0,0.0,0.0,,1.0,4.493533333333332,3.493533333333332,undervalued
Miguel Layún,Sevilla,29.0,DF,1187.0,2.0,0.0,,5.0,5.191666666666668,0.1916666666666682,fair
Andrea Barzagli,Juventus,36.0,DF,1447.0,0.0,1.0,,1.0,1.605079333333333,0.6050793333333331,fair
Dominic Maroh,Köln,30.0,DF,914.0,0.0,0.0,,1.0,1.3390123333333335,0.33901233333333347,fair
Alessandro Deiola,Cagliari,21.0,MF,449.0,0.0,0.0,,1.3,1.20503566666667,-0.0949643333333301,fair
Walter Montoya,Sevilla,24.0,FW,75.0,0.0,0.0,,4.0,4.7533520000000005,0.7533520000000005,fair
Luis Muriel,Sevilla,26.0,FW,1610.0,7.0,2.0,,12.0,11.191,-0.8089999999999993,fair
Jesús Navas,Sevilla,31.0,"FW,DF",1765.0,1.0,1.0,,5.0,4.215458333333332,-0.7845416666666676,fair
Nolito,Sevilla,30.0,"FW,MF",1599.0,4.0,5.0,,5.0,6.073333333333333,1.0733333333333333,fair
Steven Nzonzi,Sevilla,28.0,MF,2216.0,1.0,1.0,,30.0,21.24151666666667,-8.75848333333333,overvalued
Maurício,Lazio,28.0,DF,5.0,0.0,0.0,,1.0,3.0400833333333313,2.0400833333333313,undervalued
Guido Pizarro,Sevilla,27.0,MF,1755.0,1.0,0.0,,7.5,9.122166666666669,1.6221666666666685,undervalued
Sandro Ramírez,Sevilla,22.0,"FW,MF",721.0,0.0,1.0,,10.0,8.2769,-1.7231000000000005,overvalued
Sergio Rico,Sevilla,23.0,GK,2157.0,0.0,0.0,,12.0,10.663066666666667,-1.3369333333333326,fair
Pablo Sarabia,Sevilla,25.0,"FW,MF",2394.0,6.0,5.0,,20.0,17.916666666666668,-2.083333333333332,overvalued
David Soria,Sevilla,24.0,GK,1263.0,0.0,0.0,,4.0,4.473299999999999,0.47329999999999917,fair
Franco Vázquez,Sevilla,28.0,MF,1831.0,4.0,4.0,,7.5,8.937,1.4369999999999994,undervalued
Charlie Austin,Southampton,28.0,FW,1037.0,7.0,0.0,,10.0,10.4975,0.4975000000000005,fair
Yohan Benalouane,Leicester City,30.0,DF,90.0,0.0,0.0,,1.0,3.4156916666666666,2.4156916666666666,undervalued
Ryan Bertrand,Southampton,27.0,DF,3135.0,0.0,4.0,,20.0,18.351666666666667,-1.6483333333333334,overvalued
Sofiane Boufal,Southampton,23.0,"FW,MF",1219.0,2.0,2.0,,12.0,10.729,-1.2710000000000008,fair
Guido Carrillo,Southampton,26.0,FW,450.0,0.0,1.0,,15.0,11.179433333333334,-3.8205666666666662,overvalued
Lassana Coulibaly,Angers,21.0,MF,839.0,1.0,1.0,,1.25,2.449416666666667,1.199416666666667,fair
Axel Tuanzebe,Manchester Utd,19.0,FW,1.0,0.0,0.0,,1.0,2.6266666666666665,1.6266666666666665,undervalued
Fraser Forster,Southampton,29.0,GK,1800.0,0.0,0.0,,15.0,11.853933333333334,-3.146066666666666,overvalued
Manolo Gabbiadini,Southampton,25.0,"FW,MF",1081.0,5.0,0.0,,12.0,10.963333333333333,-1.036666666666667,fair
Nicolas Cozza,Montpellier,18.0,"DF,MF",578.0,1.0,2.0,,1.0,2.612933333333333,1.6129333333333329,undervalued
Mario Lemina,Southampton,23.0,MF,1720.0,1.0,1.0,,15.0,14.061666666666667,-0.9383333333333326,fair
Shane Long,Southampton,30.0,FW,1582.0,2.0,1.0,,7.0,5.7771,-1.2229,fair
Alex McCarthy,Southampton,27.0,GK,1620.0,0.0,0.0,,2.5,7.578333333333333,5.078333333333333,undervalued
Sam McQueen,Southampton,22.0,"DF,FW",148.0,0.0,0.0,,1.0,1.3806051666666668,0.38060516666666677,fair
Jérémy Pied,Southampton,28.0,DF,180.0,0.0,1.0,,2.5,3.099883333333333,0.5998833333333331,fair
Nathan Redmond,Southampton,23.0,"FW,MF",1945.0,1.0,3.0,,18.0,11.175666666666666,-6.824333333333334,overvalued
Oriol Romeu,Southampton,25.0,MF,2897.0,1.0,0.0,,12.0,11.225,-0.7750000000000004,fair
Josh Sims,Southampton,20.0,"FW,MF",163.0,0.0,0.0,,0.075,0.5236805833333336,0.44868058333333355,fair
Cédric Soares,Southampton,25.0,DF,2794.0,0.0,3.0,,15.0,13.075333333333331,-1.9246666666666687,overvalued
Marvin Compper,RB Leipzig,32.0,DF,90.0,0.0,0.0,,1.0,2.5330093333333323,1.5330093333333323,undervalued
Matt Targett,Southampton,21.0,DF,166.0,0.0,0.0,,3.0,1.4402957499999989,-1.5597042500000011,overvalued
Jordan Marié,Dijon,25.0,MF,1885.0,1.0,0.0,,1.25,2.1118333333333332,0.8618333333333332,fair
Naldo,Schalke 04,34.0,DF,3060.0,7.0,2.0,,1.0,1.1660333333333341,0.16603333333333414,fair
Mirco Antenucci,SPAL,32.0,FW,2571.0,11.0,4.0,,1.5,3.9030000000000005,2.4030000000000005,undervalued
Federico Bonazzoli,SPAL,20.0,FW,176.0,0.0,0.0,,1.5,1.2623159999999998,-0.23768400000000023,fair
Marco Borriello,SPAL,35.0,FW,773.0,1.0,0.0,,0.04,0.08144666666666624,0.041446666666666236,fair
Daniel Carriço,Sevilla,28.0,DF,461.0,0.0,0.0,,1.0,2.5888,1.5888,undervalued
Filippo Costa,SPAL,22.0,"DF,MF",1473.0,0.0,1.0,,1.0,2.0744833333333332,1.0744833333333332,fair
Steven Fortes,Toulouse,25.0,DF,155.0,0.0,0.0,,1.0,1.204183333333333,0.20418333333333294,fair
Boukary Dramé,SPAL,32.0,"DF,MF",95.0,0.0,0.0,,0.04,0.3280760000000011,0.2880760000000011,fair
Sergio Floccari,SPAL,35.0,"FW,MF",883.0,3.0,0.0,,0.03,0.17066966666666697,0.14066966666666697,fair
Alfred Gomis,SPAL,23.0,GK,2261.0,0.0,0.0,,3.0,4.546200000000001,1.5462000000000007,undervalued
Nicola Rigoni,Chievo,26.0,MF,933.0,0.0,0.0,,1.2,1.2990953333333288,0.09909533333332887,fair
Manuel Lazzari,SPAL,23.0,"DF,MF",3116.0,2.0,1.0,,6.0,8.97,2.9700000000000006,undervalued
Everton Luiz,SPAL,29.0,MF,642.0,0.0,0.0,,2.0,1.5502249999999993,-0.4497750000000007,fair
Gabriele Marchegiani,SPAL,21.0,GK,1.0,0.0,0.0,,0.02,0.5159166666666664,0.49591666666666634,fair
Federico Mattiello,SPAL,22.0,DF,2204.0,0.0,0.0,,2.5,4.690266666666666,2.190266666666666,undervalued
Alex Meret,SPAL,20.0,GK,1158.0,0.0,0.0,,12.0,8.84055,-3.1594499999999996,overvalued
Pasquale Schiattarella,SPAL,30.0,MF,1990.0,1.0,3.0,,1.2,2.109983333333335,0.9099833333333349,fair
Alberto Paloschi,SPAL,27.0,FW,2184.0,7.0,0.0,,3.5,4.786666666666667,1.286666666666667,fair
Emerson Hyndman,Bournemouth,21.0,MF,58.0,0.0,0.0,,1.0,0.6437220000000002,-0.35627799999999976,fair
Jimmy Giraudon,Troyes,25.0,DF,2093.0,0.0,0.0,,1.0,1.7947666666666668,0.7947666666666668,fair
Fabrizio Caligara,Cagliari,17.0,MF,18.0,0.0,0.0,,1.0,0.6898591666666669,-0.3101408333333331,fair
Vincent Sierro,Freiburg,21.0,"MF,FW",213.0,0.0,0.0,,1.0,1.216158,0.21615800000000007,fair
Gabriele Angella,Udinese,28.0,DF,893.0,0.0,0.0,,1.0,1.2962980000000002,0.2962980000000002,fair
Rúben Semedo,Villarreal,23.0,"DF,MF",229.0,0.0,0.0,,1.0,2.5996096666666664,1.5996096666666664,undervalued
Luca Rigoni,Genoa,32.0,"MF,FW",1574.0,2.0,2.0,,1.0,1.6507798333333337,0.6507798333333337,fair
Federico Viviani,SPAL,25.0,MF,2480.0,3.0,3.0,,3.5,10.976666666666667,7.476666666666667,undervalued
Aleix García,Girona,20.0,MF,863.0,1.0,0.0,,1.0,3.9604416666666666,2.9604416666666666,undervalued
Ibrahim Afellay,Stoke City,31.0,MF,166.0,0.0,0.0,,1.5,1.3316166666666667,-0.16838333333333333,fair
Marcel Büchel,Hellas Verona,26.0,MF,1696.0,0.0,0.0,,1.0,1.3262333333333332,0.32623333333333315,fair
Moritz Bauer,Stoke City,25.0,"DF,MF",1306.0,0.0,0.0,,5.0,6.2329333333333325,1.2329333333333325,fair
Saido Berahino,Stoke City,23.0,FW,494.0,0.0,1.0,,8.0,5.8606386666666666,-2.1393613333333334,overvalued
Jack Butland,Stoke City,24.0,GK,3150.0,0.0,0.0,,22.0,17.668333333333333,-4.331666666666667,overvalued
Geoff Cameron,Stoke City,32.0,"DF,MF",1525.0,0.0,0.0,,2.5,1.9187103333333335,-0.5812896666666665,fair
Peter Crouch,Stoke City,36.0,FW,1567.0,5.0,2.0,,1.0,1.0432908333333337,0.04329083333333372,fair
Tom Edwards,Stoke City,18.0,DF,481.0,0.0,0.0,,1.0,3.810943,2.810943,undervalued
Mattia Valoti,Hellas Verona,23.0,"MF,FW",1577.0,3.0,0.0,,1.0,1.8124666666666667,0.8124666666666667,fair
Lee Grant,Stoke City,34.0,GK,270.0,0.0,0.0,,1.0,0.7540666666666671,-0.2459333333333329,fair
Stephen Ireland,Stoke City,30.0,MF,131.0,0.0,0.0,,1.0,1.1017333333333335,0.10173333333333345,fair
Jesé,Stoke City,24.0,"FW,MF",614.0,1.0,1.0,,7.5,5.948066666666667,-1.5519333333333334,overvalued
Glen Johnson,Stoke City,32.0,DF,547.0,0.0,0.0,,2.5,1.8688833333333337,-0.6311166666666663,fair
Luca Caldirola,Werder Bremen,26.0,DF,90.0,0.0,0.0,,1.0,0.8659280000000005,-0.13407199999999952,fair
Eric Maxim Choupo-Moting,Stoke City,28.0,"FW,MF",2314.0,5.0,5.0,,8.0,7.538333333333333,-0.4616666666666669,fair
Cafú,Metz,24.0,MF,679.0,0.0,0.0,,1.0,2.0036333333333336,1.0036333333333336,fair
Julien Ngoy,Stoke City,19.0,"FW,MF",20.0,0.0,0.0,,0.025,0.03484466666666675,0.009844666666666751,fair
Erik Pieters,Stoke City,28.0,"DF,MF",2718.0,0.0,1.0,,6.0,5.856,-0.14400000000000013,fair
Xherdan Shaqiri,Stoke City,25.0,"FW,MF",3039.0,8.0,7.0,,18.0,17.563333333333333,-0.4366666666666674,fair
Gareth McAuley,West Brom,37.0,DF,458.0,0.0,0.0,,1.0,1.2901176666666656,0.2901176666666656,fair
Ramadan Sobhi,Stoke City,20.0,"MF,FW",1238.0,2.0,0.0,,7.0,4.779066666666665,-2.2209333333333348,overvalued
Josh Tymon,Stoke City,18.0,DF,163.0,0.0,0.0,,2.0,0.7477339166666678,-1.2522660833333323,fair
James Collins,West Ham,33.0,DF,1050.0,1.0,0.0,,1.0,1.0027500000000003,0.0027500000000002522,fair
Jean-Claude Billong,Benevento,23.0,DF,294.0,0.0,0.0,,0.09,0.31756666666666794,0.22756666666666794,fair
Jean-Eudes Aholou,Strasbourg,23.0,MF,3006.0,5.0,0.0,,3.0,16.238333333333333,13.238333333333333,undervalued
Stéphane Bahoken,Strasbourg,25.0,FW,1663.0,7.0,1.0,,3.0,4.351666666666667,1.3516666666666666,undervalued
Jérémy Blayac,Strasbourg,34.0,"FW,MF",916.0,3.0,1.0,,0.025,0.20013216666666586,0.17513216666666587,fair
Landry Bonnefoi,Strasbourg,33.0,GK,272.0,0.0,0.0,,0.025,0.11220833333333294,0.08720833333333294,fair
Benjamin Corgnet,Strasbourg,30.0,"MF,FW",1376.0,0.0,2.0,,1.0,1.296969333333333,0.296969333333333,fair
Nuno da Costa,Strasbourg,26.0,"FW,MF",1726.0,5.0,3.0,,2.0,6.802666666666664,4.802666666666664,undervalued
Dimitri Foulquier,Strasbourg,24.0,DF,1241.0,0.0,2.0,,2.0,1.9580416666666665,-0.04195833333333354,fair
Renaud Cohade,Metz,32.0,MF,3298.0,1.0,3.0,,1.0,2.1644026666666667,1.1644026666666667,fair
Jérémy Grimm,Strasbourg,30.0,MF,811.0,1.0,0.0,,0.06,2.4312110000000007,2.3712110000000006,undervalued
Bingourou Kamara,Strasbourg,20.0,GK,1691.0,0.0,0.0,,2.5,4.499316666666667,1.999316666666667,undervalued
Jawad El Yamiq,Genoa,25.0,DF,360.0,0.0,0.0,,0.09,0.4109120000000019,0.32091200000000186,fair
Kenny Lala,Strasbourg,25.0,DF,2724.0,3.0,5.0,,5.0,7.004333333333334,2.004333333333334,undervalued
Édgar Barreto,Sampdoria,33.0,MF,1965.0,1.0,2.0,,1.0,0.8514323333333338,-0.1485676666666662,fair
Luca Antei,Benevento,25.0,DF,592.0,0.0,0.0,,0.08,0.6536206666666696,0.5736206666666697,fair
Leon Britton,Swansea City,34.0,MF,302.0,0.0,0.0,,1.0,0.7146260000000008,-0.28537399999999924,fair
Pedro Alcalá,Girona,28.0,DF,688.0,1.0,0.0,,0.08,0.7191666666666697,0.6391666666666698,fair
Tristan Dingomé,Troyes,26.0,MF,1167.0,0.0,0.0,,1.0,1.3166666666666669,0.3166666666666669,fair
Alexandre Oukidja,Strasbourg,29.0,GK,1457.0,0.0,0.0,,0.07,1.3007526666666633,1.2307526666666633,fair
Idriss Saadi,Strasbourg,25.0,FW,939.0,4.0,0.0,,2.0,7.6178333333333335,5.6178333333333335,undervalued
Ihsan Sacko,Strasbourg,20.0,"FW,MF",709.0,0.0,1.0,,2.0,3.794933333333333,1.7949333333333328,undervalued
Matteo Bianchetti,Hellas Verona,24.0,DF,124.0,0.0,0.0,,0.08,0.2506803333333325,0.1706803333333325,fair
Antonio Caracciolo,Hellas Verona,27.0,DF,2857.0,2.0,4.0,,0.08,11.069600000000001,10.989600000000001,undervalued
Martin Terrier,Strasbourg,20.0,"FW,MF",1671.0,3.0,2.0,,9.0,6.182666666666666,-2.817333333333334,overvalued
Josip Brekalo,Stuttgart,19.0,"MF,FW",726.0,1.0,1.0,,5.5,4.603241666666667,-0.8967583333333327,fair
Jacob Bruun Larsen,Stuttgart,18.0,"MF,DF",107.0,0.0,0.0,,0.05,0.5855836666666668,0.5355836666666668,fair
Mario Gómez,Stuttgart,32.0,FW,1385.0,8.0,0.0,,6.0,3.8851899999999993,-2.1148100000000007,overvalued
Simon Terodde,Stuttgart,29.0,FW,955.0,2.0,1.0,,2.5,2.7988666666666666,0.2988666666666666,fair
Erik Thommy,Stuttgart,22.0,"MF,FW",980.0,2.0,4.0,,5.0,6.512333333333333,1.5123333333333333,undervalued
Tammy Abraham,Swansea City,19.0,"FW,MF",1726.0,5.0,1.0,,10.0,11.116000000000001,1.1160000000000014,fair
André Ayew,Swansea City,27.0,"FW,MF",950.0,0.0,2.0,,15.0,4.7633443333333325,-10.236655666666667,overvalued
Jordan Ayew,Swansea City,25.0,"FW,MF",2852.0,7.0,2.0,,8.0,10.715833333333334,2.715833333333334,undervalued
Jonathan Rivierez,Metz,28.0,DF,2064.0,0.0,1.0,,0.08,1.5376333333333307,1.4576333333333307,undervalued
Wilfried Bony,Swansea City,28.0,FW,707.0,2.0,0.0,,10.0,7.833168666666667,-2.1668313333333327,overvalued
Ben Watson,Watford,32.0,MF,456.0,0.0,0.0,,1.0,1.162216666666667,0.1622166666666669,fair
Josh Cullen,West Ham,21.0,"FW,MF",8.0,0.0,0.0,,1.0,1.4342499999999996,0.4342499999999996,fair
Loïc Puyo,Angers,28.0,MF,171.0,0.0,0.0,,0.09,0.48616800000000143,0.3961680000000014,fair
Elio Capradossi,Roma,21.0,DF,83.0,0.0,0.0,,0.08,1.9417333333333318,1.8617333333333317,undervalued
Nathan Dyer,Swansea City,29.0,"MF,FW",1307.0,0.0,0.0,,2.5,3.176728000000002,0.676728000000002,fair
Leroy Fer,Swansea City,27.0,MF,1397.0,1.0,1.0,,8.0,6.7283333333333335,-1.2716666666666665,fair
Nicolás Pareja,Sevilla,33.0,DF,405.0,0.0,0.0,,0.08,0.5867750000000017,0.5067750000000018,fair
Zinédine Machach,Toulouse,21.0,"FW,MF",192.0,1.0,0.0,,0.09,0.7465916666666687,0.6565916666666687,fair
Svante Ingelsson,Udinese,19.0,MF,325.0,1.0,1.0,,0.09,0.8806603333333342,0.7906603333333342,fair
Thiago Cionek,SPAL,31.0,DF,1350.0,1.0,0.0,,0.08,0.6981666666666698,0.6181666666666699,fair
Oliver McBurnie,Swansea City,21.0,FW,276.0,0.0,1.0,,1.0,2.9619979999999995,1.9619979999999995,undervalued
Guessouma Fofana,Amiens,24.0,MF,745.0,0.0,0.0,,0.08,1.8378833333333338,1.7578833333333337,undervalued
Luciano Narsingh,Swansea City,26.0,"FW,MF",625.0,1.0,0.0,,5.0,5.779204,0.779204,fair
Kyle Naughton,Swansea City,28.0,DF,3030.0,0.0,2.0,,5.0,4.984333333333333,-0.01566666666666716,fair
Martin Olsson,Swansea City,29.0,"DF,MF",3149.0,0.0,1.0,,5.0,5.278333333333333,0.2783333333333333,fair
Connor Roberts,Swansea City,21.0,MF,268.0,0.0,0.0,,1.0,1.965700666666668,0.9657006666666681,fair
Wayne Routledge,Swansea City,32.0,"MF,FW",429.0,0.0,0.0,,1.5,1.936283333333333,0.4362833333333329,fair
Ledian Memushaj,Benevento,30.0,MF,1258.0,0.0,0.0,,0.08,0.6751000000000013,0.5951000000000013,fair
Michael Krohn-Dehli,La Coruña,34.0,MF,726.0,0.0,0.0,,0.08,0.10116933333333286,0.02116933333333286,fair
Cristian Ansaldi,Torino,30.0,"DF,MF",1872.0,1.0,3.0,,5.0,4.3043,-0.6957000000000004,fair
Antonio Barreca,Torino,22.0,"DF,MF",468.0,0.0,0.0,,3.5,3.066905,-0.4330949999999998,fair
Gabriel Peñalba,Las Palmas,32.0,MF,570.0,0.0,1.0,,0.08,0.6317523333333356,0.5517523333333356,fair
Andrea Belotti,Torino,23.0,FW,2683.0,10.0,5.0,,38.0,32.483333333333334,-5.516666666666666,overvalued
Álex Berenguer,Torino,22.0,FW,1043.0,1.0,3.0,,5.0,4.96055,-0.03945000000000043,fair
Pablo Martinez,Strasbourg,28.0,DF,2115.0,0.0,1.0,,0.08,4.742916666666666,4.662916666666666,undervalued
Lucas Boyé,Torino,21.0,"FW,MF",155.0,0.0,0.0,,1.5,1.7919746666666667,0.2919746666666667,fair
Rolando,Marseille,31.0,DF,2511.0,1.0,0.0,,0.075,6.458608333333334,6.383608333333334,undervalued
Daniel Congré,Montpellier,32.0,DF,2635.0,1.0,0.0,,0.075,0.6543499999999983,0.5793499999999984,fair
Lorenzo De Silvestri,Torino,29.0,"DF,MF",2955.0,5.0,2.0,,4.0,5.6866666666666665,1.6866666666666665,undervalued
Simone Edera,Torino,20.0,FW,327.0,1.0,1.0,,1.5,1.6783026666666665,0.1783026666666665,fair
Iago Falque,Torino,27.0,FW,2821.0,12.0,8.0,,13.0,26.598333333333333,13.598333333333333,undervalued
Michael Krohn-Dehli,Sevilla,34.0,"MF,FW",540.0,1.0,0.0,,0.08,0.5419846666666668,0.46198466666666677,fair
Mehdi Tahrat,Angers,27.0,MF,437.0,0.0,0.0,,0.07,0.7812833333333306,0.7112833333333306,fair
Vanja Milinković-Savić,Torino,20.0,GK,90.0,0.0,0.0,,2.0,1.8265557777777766,-0.17344422222222344,fair
Cristian Molinaro,Torino,34.0,DF,1564.0,0.0,1.0,,0.03,0.19451166666666683,0.16451166666666683,fair
Andrea Costa,Benevento,31.0,DF,1375.0,0.0,0.0,,0.07,0.4481936666666644,0.3781936666666644,fair
M'Baye Niang,Torino,22.0,FW,1532.0,4.0,2.0,,10.0,6.049766666666667,-3.9502333333333333,overvalued
Samuel Gustafson,Torino,22.0,"MF,FW",77.0,0.0,0.0,,0.08,1.066833333333335,0.9868333333333351,fair
Tomás Rincón,Torino,29.0,MF,2995.0,1.0,0.0,,8.0,7.355,-0.6449999999999996,fair
Umar Sadiq,Torino,20.0,FW,225.0,0.0,0.0,,1.8,1.864607416666668,0.06460741666666792,fair
Salvatore Sirigu,Torino,30.0,GK,3330.0,0.0,0.0,,6.0,6.025,0.025000000000000355,fair
Mirko Valdifiori,Torino,31.0,MF,618.0,0.0,0.0,,1.0,1.3829083333333325,0.3829083333333325,fair
Davide Zappacosta,Torino,25.0,DF,96.0,0.0,0.0,,20.0,13.127915666666667,-6.8720843333333335,overvalued
Fabio Pisacane,Cagliari,31.0,DF,1927.0,0.0,0.0,,0.07,0.8985999999999962,0.8285999999999962,fair
Dele Alli,Tottenham,21.0,"MF,FW",2958.0,9.0,10.0,,100.0,84.50666666666666,-15.49333333333334,overvalued
Serge Aurier,Tottenham,24.0,DF,1429.0,2.0,2.0,,20.0,25.141666666666666,5.141666666666666,undervalued
Ben Davies,Tottenham,24.0,DF,2324.0,2.0,6.0,,25.0,22.552333333333333,-2.4476666666666667,overvalued
Jan Morávek,Augsburg,27.0,MF,702.0,0.0,0.0,,0.075,0.8132353333333303,0.7382353333333304,fair
Noë Dussenne,Crotone,25.0,DF,84.0,0.0,0.0,,0.07,1.0272149999999995,0.9572149999999995,fair
Christian Eriksen,Tottenham,25.0,"MF,FW",3218.0,10.0,10.0,,80.0,74.285,-5.715000000000003,overvalued
Paulo Gazzaniga,Tottenham,25.0,GK,90.0,0.0,0.0,,1.0,2.951891666666667,1.951891666666667,undervalued
Vincent Janssen,Tottenham,23.0,DF,1.0,0.0,0.0,,9.0,7.2970166666666625,-1.7029833333333375,overvalued
Harry Kane,Tottenham,24.0,FW,3076.0,30.0,2.0,,150.0,130.46,-19.539999999999992,overvalued
Fernando Llorente,Tottenham,32.0,"FW,DF",238.0,1.0,0.0,,7.0,7.460558000000001,0.4605580000000007,fair
Hugo Lloris,Tottenham,30.0,GK,3240.0,0.0,0.0,,25.0,25.65,0.6499999999999986,fair
Lucas Moura,Tottenham,24.0,FW,210.0,0.0,1.0,,28.0,19.390933333333336,-8.609066666666664,overvalued
Danny Rose,Tottenham,27.0,"DF,MF",800.0,0.0,1.0,,30.0,25.801666666666666,-4.198333333333334,overvalued
Samuel Souprayen,Hellas Verona,28.0,DF,1582.0,0.0,0.0,,0.07,0.8078999999999973,0.7378999999999973,fair
Daniele Dessena,Cagliari,30.0,"MF,DF",573.0,0.0,0.0,,0.07,0.8513333333333303,0.7813333333333303,fair
Kieran Trippier,Tottenham,26.0,"DF,MF",1914.0,0.0,5.0,,20.0,19.391666666666666,-0.6083333333333343,fair
Aythami Artiles,Las Palmas,31.0,DF,185.0,0.0,0.0,,0.07,0.4697193333333311,0.3997193333333311,fair
Michel Vorm,Tottenham,33.0,GK,90.0,0.0,0.0,,2.5,3.182434333333333,0.6824343333333331,fair
Kyle Walker-Peters,Tottenham,20.0,DF,189.0,0.0,2.0,,3.0,6.229533333333333,3.2295333333333334,undervalued
Victor Wanyama,Tottenham,26.0,MF,846.0,1.0,0.0,,30.0,25.656666666666666,-4.343333333333334,overvalued
Harry Winks,Tottenham,21.0,MF,774.0,0.0,1.0,,15.0,17.009166666666665,2.0091666666666654,undervalued
Kelvin Amian,Toulouse,19.0,DF,3154.0,1.0,1.0,,5.0,11.666666666666666,6.666666666666666,undervalued
Alexis Blin,Toulouse,20.0,MF,1886.0,1.0,3.0,,6.0,8.353333333333333,2.3533333333333335,undervalued
Alberto Aquilani,Las Palmas,33.0,MF,1298.0,0.0,0.0,,0.07,0.29901666666666554,0.22901666666666554,fair
Quentin Boisgard,Toulouse,20.0,"MF,FW",179.0,0.0,0.0,,0.005,1.289476999999998,1.284476999999998,fair
Yannick Cahuzac,Toulouse,32.0,MF,1517.0,0.0,0.0,,0.075,0.455308333333334,0.38030833333333397,fair
Andy Delort,Toulouse,25.0,FW,2334.0,5.0,4.0,,4.0,6.176666666666667,2.1766666666666667,undervalued
Lars Lukas Mai,Bayern Munich,17.0,DF,180.0,0.0,0.0,,0.06,3.3231333333333146,3.2631333333333146,undervalued
Jimmy Durmaz,Toulouse,28.0,"MF,FW",1030.0,3.0,3.0,,2.0,3.938166666666666,1.9381666666666661,undervalued
Leandro Cabrera,Crotone,26.0,DF,365.0,0.0,0.0,,0.06,0.38555166666666757,0.32555166666666757,fair
Max Gradel,Toulouse,29.0,"FW,MF",2415.0,8.0,3.0,,7.0,7.05,0.04999999999999982,fair
Giannelli Imbula,Toulouse,24.0,MF,2244.0,1.0,0.0,,6.0,5.613166666666666,-0.3868333333333336,fair
Corentin Jean,Toulouse,22.0,"MF,FW",1688.0,1.0,3.0,,2.5,4.422,1.9219999999999997,undervalued
Leandro Cabrera,Getafe,26.0,DF,720.0,0.0,0.0,,0.06,0.7792290000000013,0.7192290000000012,fair
Alban Lafont,Toulouse,18.0,GK,3420.0,0.0,0.0,,18.0,18.988333333333333,0.9883333333333333,fair
Luca Mora,SPAL,29.0,MF,934.0,0.0,1.0,,0.07,0.8898359999999971,0.8198359999999971,fair
Clément Michelin,Toulouse,20.0,"DF,FW",275.0,0.0,0.0,,1.25,1.211914666666666,-0.03808533333333397,fair
François Moubandje,Toulouse,27.0,DF,1700.0,0.0,0.0,,2.5,2.4361833333333327,-0.0638166666666673,fair
Ibrahim Sangaré,Toulouse,19.0,MF,1589.0,1.0,1.0,,5.0,6.031,1.0309999999999997,fair
Yaya Sanogo,Toulouse,24.0,FW,1515.0,6.0,1.0,,2.0,2.9291,0.9291,fair
Franco Zuculini,Hellas Verona,26.0,MF,329.0,0.0,0.0,,0.06,0.4900916666666677,0.4300916666666677,fair
Issiaga Sylla,Toulouse,23.0,"DF,MF",1602.0,1.0,3.0,,3.0,3.351666666666666,0.35166666666666613,fair
Ola Toivonen,Toulouse,31.0,"FW,MF",798.0,0.0,1.0,,1.5,1.1664583333333334,-0.3335416666666666,fair
Steeve Yago,Toulouse,24.0,DF,1577.0,0.0,0.0,,2.0,1.9947166666666662,-0.005283333333333751,fair
Rominigue Kouamé,Lille,20.0,"DF,MF",200.0,0.0,0.0,,0.06,1.6030940833333334,1.5430940833333333,undervalued
François Bellugou,Troyes,30.0,MF,2177.0,0.0,0.0,,1.5,2.0466000000000006,0.5466000000000006,fair
Chaouki Ben Saada,Troyes,33.0,"FW,MF",341.0,0.0,0.0,,0.05,0.3216436666666665,0.2716436666666665,fair
Jérémy Cordoval,Troyes,27.0,DF,919.0,0.0,1.0,,1.0,1.578009999999999,0.578009999999999,fair
Stéphane Darbion,Troyes,33.0,"FW,MF",1705.0,3.0,2.0,,0.05,0.9322073333333357,0.8822073333333357,fair
Mathieu Deplagne,Troyes,25.0,DF,2411.0,0.0,2.0,,1.25,2.2708333333333335,1.0208333333333335,fair
Emil Hallfreðsson,Udinese,33.0,MF,764.0,0.0,0.0,,0.06,0.23773466666666612,0.17773466666666612,fair
Ernest Seka,Strasbourg,30.0,DF,2179.0,1.0,1.0,,0.06,1.118300000000001,1.058300000000001,fair
Samuel Grandsir,Troyes,20.0,"FW,MF",2604.0,3.0,4.0,,5.0,9.551666666666666,4.551666666666666,undervalued
Khaled Adénon,Amiens,32.0,DF,2921.0,0.0,1.0,,0.05,0.7363166666666686,0.6863166666666686,fair
Saîf-Eddine Khaoui,Troyes,22.0,"MF,FW",1955.0,5.0,1.0,,5.0,7.341,2.341,undervalued
Bryan Mbeumo,Troyes,17.0,"FW,MF",64.0,0.0,0.0,,0.03,0.1644856666666669,0.1344856666666669,fair
Adama Niane,Troyes,24.0,FW,2166.0,8.0,2.0,,3.0,5.173333333333333,2.173333333333333,undervalued
Benjamin Nivet,Troyes,40.0,"MF,FW",1371.0,2.0,2.0,,0.025,0.7053701666666679,0.6803701666666678,fair
Johann Obiang,Troyes,24.0,DF,470.0,0.0,0.0,,0.09,0.5716266666666682,0.4816266666666682,fair
Bryan Pelé,Troyes,25.0,"FW,MF",1616.0,2.0,2.0,,1.0,1.9801,0.9801,fair
Mamadou Samassa,Troyes,27.0,GK,1890.0,0.0,0.0,,2.5,3.4993333333333316,0.9993333333333316,fair
Jonathan Tinhan,Troyes,28.0,"FW,MF",72.0,0.0,0.0,,0.09,0.45948333333333513,0.36948333333333516,fair
Iván Ramis,Eibar,32.0,DF,1302.0,3.0,0.0,,0.05,0.7708691666666693,0.7208691666666692,fair
Aiden O'Neill,Burnley,19.0,MF,1.0,0.0,0.0,,0.05,0.21604999999999927,0.16604999999999925,fair
Erwin Zelazny,Troyes,25.0,GK,1530.0,0.0,0.0,,0.05,0.9674666666666697,0.9174666666666697,fair
Felipe,Hannover 96,30.0,DF,457.0,0.0,0.0,,0.05,1.0369000000000046,0.9869000000000046,fair
Riad Bajić,Udinese,23.0,"FW,MF",80.0,0.0,0.0,,4.0,2.9423000000000004,-1.0576999999999996,fair
Valon Behrami,Udinese,32.0,MF,1398.0,1.0,0.0,,1.0,1.3713416666666665,0.37134166666666646,fair
Albano Bizzarri,Udinese,39.0,GK,2880.0,0.0,0.0,,0.02,0.42298633333333285,0.40298633333333284,fair
Gianluca Gaudino,Chievo,20.0,MF,18.0,0.0,0.0,,0.05,0.09300000000000025,0.043000000000000246,fair
Giovanni Crociata,Crotone,19.0,"FW,MF",290.0,1.0,0.0,,0.05,0.9696500000000043,0.9196500000000043,fair
Enzo Loiodice,Dijon,16.0,MF,167.0,0.0,0.0,,0.05,0.7579940000000017,0.7079940000000017,fair
Vasilije Janjicic,Hamburger SV,18.0,MF,320.0,0.0,0.0,,0.05,0.3680823333333315,0.3180823333333315,fair
Samuel Moutoussamy,Nantes,20.0,MF,431.0,0.0,0.0,,0.05,0.6621274166666672,0.6121274166666671,fair
Kevin Lasagna,Udinese,24.0,"FW,MF",2130.0,12.0,2.0,,7.5,10.63,3.130000000000001,undervalued
Maxi López,Udinese,33.0,FW,1684.0,2.0,2.0,,0.05,0.508240833333334,0.45824083333333404,fair
Ryder Matos,Udinese,24.0,MF,170.0,0.0,0.0,,1.3,2.3570346666666615,1.0570346666666615,fair
Martin Cranie,Huddersfield,30.0,"DF,MF",180.0,0.0,0.0,,0.05,0.7374833333333348,0.6874833333333348,fair
Stipe Perica,Udinese,22.0,"FW,MF",943.0,1.0,0.0,,2.4,2.7472749999999895,0.34727499999998956,fair
Giuseppe Pezzella,Udinese,19.0,DF,903.0,0.0,0.0,,3.0,2.9411666666666663,-0.05883333333333374,fair
Simone Pontisso,Udinese,20.0,MF,10.0,0.0,0.0,,0.02,0.1744466666666676,0.15444666666666762,fair
Simone Scuffet,Udinese,21.0,GK,540.0,0.0,0.0,,3.0,2.3414750000000013,-0.6585249999999987,fair
Jens Stryger Larsen,Udinese,26.0,DF,2531.0,1.0,1.0,,2.0,3.1323333333333325,1.1323333333333325,fair
Cyril Théréau,Udinese,34.0,FW,180.0,2.0,0.0,,1.0,0.8132963333333335,-0.1867036666666665,fair
Martín Mantovani,Leganés,33.0,DF,1021.0,1.0,0.0,,0.05,0.21692699999999898,0.166926999999999,fair
Silvan Widmer,Udinese,24.0,"DF,MF",1625.0,3.0,2.0,,8.5,7.176000000000001,-1.323999999999999,fair
Francesco Zampano,Udinese,23.0,"DF,MF",412.0,0.0,1.0,,1.8,2.036349999999999,0.23634999999999917,fair
João Cancelo,Valencia,23.0,MF,90.0,0.0,0.0,,35.0,22.951468000000027,-12.048531999999973,overvalued
Francis Coquelin,Valencia,26.0,"MF,DF",657.0,1.0,0.0,,12.0,9.723302,-2.2766979999999997,overvalued
Jaume Doménech,Valencia,26.0,GK,450.0,0.0,0.0,,2.5,3.07725,0.5772499999999998,fair
Kouadio-Yves Dabila,Lille,20.0,DF,944.0,0.0,0.0,,0.05,1.848633333333337,1.7986333333333369,undervalued
Nacho Gil,Valencia,21.0,"MF,FW",230.0,0.0,0.0,,0.08,1.5462386666666648,1.4662386666666647,undervalued
Gonçalo Guedes,Valencia,20.0,"MF,FW",2435.0,5.0,7.0,,40.0,36.151666666666664,-3.8483333333333363,overvalued
Mattia Vitale,SPAL,19.0,MF,98.0,0.0,0.0,,0.05,0.19264466666666602,0.14264466666666603,fair
Toni Lato,Valencia,19.0,DF,798.0,0.0,1.0,,8.0,7.342666666666667,-0.6573333333333329,fair
Anthony Gonçalves,Strasbourg,31.0,"MF,FW",1758.0,0.0,2.0,,0.05,1.2375333333333343,1.1875333333333342,fair
Santi Mina,Valencia,21.0,FW,1560.0,12.0,2.0,,20.0,24.743333333333332,4.743333333333332,undervalued
Martín Montoya,Valencia,26.0,DF,2152.0,0.0,4.0,,8.0,12.037,4.037000000000001,undervalued
Andrea Raggi,Monaco,33.0,DF,1606.0,1.0,0.0,,0.05,0.8445500000000042,0.7945500000000042,fair
Neto,Valencia,28.0,GK,2970.0,0.0,0.0,,15.0,15.088333333333333,0.08833333333333293,fair
Kader Mangane,Strasbourg,34.0,DF,1718.0,1.0,0.0,,0.05,0.28431833333333245,0.23431833333333246,fair
Andreas Pereira,Valencia,21.0,"MF,FW",1083.0,1.0,3.0,,6.0,10.593333333333334,4.593333333333334,undervalued
Rodrigo,Valencia,26.0,FW,2670.0,16.0,4.0,,40.0,34.406666666666666,-5.593333333333334,overvalued
Jay Fulton,Swansea City,23.0,MF,19.0,0.0,0.0,,0.05,1.2852333333333337,1.2352333333333336,fair
Oswaldo Vizcarrondo,Troyes,33.0,DF,1716.0,0.0,0.0,,0.05,0.31049999999999894,0.26049999999999895,fair
Nacho Vidal,Valencia,22.0,DF,447.0,1.0,0.0,,1.0,4.748883333333334,3.7488833333333336,undervalued
Luciano Vietto,Valencia,23.0,FW,535.0,2.0,1.0,,6.0,9.641566666666668,3.6415666666666677,undervalued
Simone Zaza,Valencia,26.0,FW,2074.0,13.0,2.0,,22.0,20.533333333333335,-1.466666666666665,overvalued
Sergio Asenjo,Villarreal,28.0,GK,2070.0,0.0,0.0,,8.0,7.0100999999999996,-0.9899000000000004,fair
Carlos Bacca,Villarreal,30.0,FW,2477.0,15.0,5.0,,10.0,26.425,16.425,undervalued
Cédric Bakambu,Villarreal,26.0,FW,1258.0,9.0,0.0,,22.0,19.293333333333333,-2.706666666666667,overvalued
Mariano Barbosa,Villarreal,33.0,GK,1125.0,0.0,0.0,,0.08,0.3729659999999987,0.29296599999999867,fair
Pau Torres,Villarreal,20.0,"DF,MF",53.0,0.0,0.0,,0.05,0.14827750000000006,0.09827750000000006,fair
Samu Castillejo,Villarreal,22.0,"MF,FW",2066.0,6.0,5.0,,15.0,19.823333333333334,4.823333333333334,undervalued
Denis Cheryshev,Villarreal,26.0,"MF,FW",931.0,2.0,1.0,,3.0,4.574,1.5739999999999998,undervalued
Chuca,Villarreal,20.0,MF,90.0,0.0,0.0,,0.05,0.22554999999999936,0.17554999999999937,fair
Jaume Costa,Villarreal,29.0,DF,2544.0,0.0,0.0,,9.0,8.600666666666665,-0.39933333333333465,fair
Salem Al-Dawsari,Villarreal,25.0,MF,33.0,0.0,0.0,,0.08,2.712266666666666,2.632266666666666,undervalued
Andrés Fernández,Villarreal,30.0,GK,225.0,0.0,0.0,,0.08,0.43475833333333325,0.35475833333333323,fair
Pablo Fornals,Villarreal,21.0,"MF,FW",2615.0,3.0,9.0,,25.0,25.428333333333335,0.42833333333333456,fair
Javi Fuego,Villarreal,33.0,MF,541.0,0.0,0.0,,1.0,0.8368276666666672,-0.1631723333333328,fair
Mario Gaspar,Villarreal,26.0,DF,2806.0,2.0,3.0,,18.0,11.790666666666667,-6.209333333333333,overvalued
Adrián Diéguez,Alavés,21.0,DF,435.0,0.0,0.0,,0.04,0.5055380000000009,0.46553800000000095,fair
Mario González,Villarreal,21.0,FW,20.0,0.0,0.0,,0.02,0.10028549999999982,0.08028549999999982,fair
Lorenzo Del Pinto,Benevento,27.0,MF,760.0,0.0,0.0,,0.04,0.7237333333333332,0.6837333333333332,fair
Adrián Marín,Villarreal,20.0,DF,233.0,0.0,0.0,,1.0,1.0364633333333335,0.036463333333333514,fair
Roger Martínez,Villarreal,23.0,FW,235.0,1.0,0.0,,2.5,2.6423583333333336,0.1423583333333336,fair
Alfred N'Diaye,Villarreal,27.0,"DF,MF",102.0,0.0,0.0,,5.0,3.739933,-1.2600669999999998,fair
Darío Poveda,Villarreal,20.0,FW,3.0,0.0,0.0,,0.02,0.02039166666666655,0.00039166666666655067,fair
Dani Raba,Villarreal,21.0,"MF,FW",1110.0,2.0,4.0,,2.0,5.825,3.825,undervalued
Rodri,Villarreal,21.0,MF,3227.0,1.0,3.0,,25.0,22.828333333333333,-2.171666666666667,overvalued
Fabio Lucioni,Benevento,29.0,DF,720.0,0.0,0.0,,0.04,0.5920166666666674,0.5520166666666674,fair
Antonio Rukavina,Villarreal,33.0,DF,1275.0,0.0,0.0,,1.0,0.7773760000000006,-0.22262399999999938,fair
Nicola Sansone,Villarreal,25.0,"FW,MF",649.0,5.0,1.0,,7.5,12.678166666666668,5.178166666666668,undervalued
Domenico Maietta,Bologna,34.0,DF,468.0,0.0,0.0,,0.04,0.1961023333333329,0.1561023333333329,fair
Niccolò Zanellato,Crotone,19.0,MF,75.0,0.0,0.0,,0.04,0.05443999999999979,0.014439999999999786,fair
Nicolás Spolli,Genoa,34.0,DF,1798.0,0.0,0.0,,0.04,0.29020033333333317,0.2502003333333332,fair
Simone Calvano,Hellas Verona,24.0,MF,644.0,0.0,0.0,,0.04,0.8490666666666646,0.8090666666666646,fair
Enes Ünal,Villarreal,20.0,FW,1134.0,5.0,1.0,,8.0,14.535166666666667,6.535166666666667,undervalued
Nordin Amrabat,Watford,30.0,FW,198.0,0.0,0.0,,3.0,2.6379083333333337,-0.36209166666666626,fair
Anthony Walongwa,Nantes,23.0,DF,90.0,0.0,0.0,,0.04,0.220833333333333,0.18083333333333299,fair
Étienne Capoue,Watford,29.0,MF,1542.0,1.0,0.0,,8.0,6.341241666666666,-1.658758333333334,overvalued
André Carrillo,Watford,26.0,"FW,MF",1540.0,1.0,2.0,,6.0,5.856,-0.14400000000000013,fair
Michele Cremonesi,SPAL,29.0,DF,385.0,0.0,0.0,,0.04,0.7089059999999984,0.6689059999999983,fair
Nathaniel Chalobah,Watford,22.0,MF,447.0,0.0,0.0,,5.0,2.373794,-2.626206,overvalued
Toni Moya,Atlético Madrid,19.0,DF,4.0,0.0,0.0,,0.03,0.15513138888888922,0.12513138888888922,fair
Troy Deeney,Watford,29.0,FW,1844.0,5.0,2.0,,10.0,7.850633333333332,-2.149366666666668,overvalued
Gerard Deulofeu,Watford,23.0,"FW,MF",435.0,1.0,0.0,,14.0,9.919500000000001,-4.080499999999999,overvalued
Mehdi Léris,Chievo,19.0,"MF,FW",42.0,0.0,0.0,,0.03,0.07754399999999997,0.047543999999999975,fair
Kiko Femenía,Watford,26.0,"DF,MF",1713.0,1.0,1.0,,5.0,5.927666666666666,0.9276666666666662,fair
Heurelho Gomes,Watford,36.0,GK,2128.0,0.0,0.0,,1.0,0.7422933333333341,-0.25770666666666586,fair
Andre Gray,Watford,26.0,FW,1498.0,5.0,2.0,,15.0,11.693575000000001,-3.306424999999999,overvalued
Imanol Sarriegi,Eibar,22.0,"MF,FW",43.0,0.0,0.0,,0.03,0.20711666666666717,0.17711666666666717,fair
Daryl Janmaat,Watford,28.0,DF,1820.0,3.0,0.0,,6.0,5.9164,-0.08359999999999967,fair
Sauli Väisänen,SPAL,23.0,DF,541.0,0.0,0.0,,0.04,0.5449913333333339,0.5049913333333339,fair
Yoann Salmier,Strasbourg,24.0,DF,1107.0,0.0,1.0,,0.04,0.6591999999999993,0.6191999999999993,fair
Orestis Karnezis,Watford,32.0,GK,1292.0,0.0,0.0,,3.0,2.39195,-0.60805,fair
Dodi Lukebakio,Watford,19.0,MF,16.0,0.0,0.0,,3.0,3.3591333333333324,0.3591333333333324,fair
Dario Dainelli,Chievo,38.0,DF,1507.0,0.0,0.0,,0.03,0.21692233333333297,0.18692233333333297,fair
Stefano Okaka,Watford,27.0,"FW,MF",453.0,1.0,1.0,,5.0,4.991902666666666,-0.008097333333333623,fair
Roberto Pereyra,Watford,26.0,"MF,FW",1624.0,5.0,2.0,,10.0,9.178,-0.8219999999999992,fair
Nicolás Burdisso,Torino,36.0,DF,2069.0,0.0,0.0,,0.03,0.11911866666666684,0.08911866666666685,fair
Richarlison,Watford,20.0,"FW,MF",2823.0,5.0,4.0,,25.0,23.316666666666666,-1.6833333333333336,overvalued
Jerome Sinclair,Watford,20.0,"MF,FW",31.0,0.0,0.0,,1.5,3.0044356666666663,1.5044356666666663,undervalued
Emiliano Moretti,Torino,36.0,DF,1782.0,0.0,0.0,,0.03,0.27597966666666707,0.24597966666666707,fair
Nikolas Nartey,Köln,17.0,MF,7.0,0.0,0.0,,0.03,0.06301049999999991,0.033010499999999915,fair
Marvin Zeegelaar,Watford,26.0,"DF,MF",994.0,0.0,1.0,,3.0,4.5317,1.5316999999999998,undervalued
Ludwig Augustinsson,Werder Bremen,23.0,"DF,MF",2532.0,1.0,1.0,,7.5,8.096333333333334,0.5963333333333338,fair
Philipp Bargfrede,Werder Bremen,28.0,MF,1859.0,1.0,1.0,,2.0,3.3971666666666662,1.3971666666666662,undervalued
Fin Bartels,Werder Bremen,30.0,FW,1121.0,2.0,3.0,,2.5,2.7458250000000004,0.2458250000000004,fair
Robert Bauer,Werder Bremen,22.0,DF,956.0,0.0,0.0,,2.5,3.001735333333333,0.501735333333333,fair
Ishak Belfodil,Werder Bremen,25.0,FW,1350.0,4.0,1.0,,5.5,5.052833333333333,-0.44716666666666693,fair
Alessandro Gamberini,Chievo,35.0,DF,1815.0,0.0,0.0,,0.025,0.08991033333333295,0.06491033333333296,fair
Edu Expósito,La Coruña,20.0,MF,97.0,0.0,0.0,,0.03,0.2047583333333338,0.1747583333333338,fair
Johannes Eggestein,Werder Bremen,19.0,"FW,MF",99.0,0.0,0.0,,0.05,0.1239493333333333,0.0739493333333333,fair
Sulley Muntari,La Coruña,32.0,MF,402.0,0.0,0.0,,0.03,0.3216833333333339,0.29168333333333385,fair
Cédric Varrault,Dijon,37.0,DF,883.0,1.0,0.0,,0.025,0.08801933333333319,0.06301933333333318,fair
Ulisses Garcia,Werder Bremen,21.0,DF,90.0,0.0,0.0,,0.04,0.11091199999999955,0.07091199999999956,fair
Theodor Gebre Selassie,Werder Bremen,30.0,"DF,MF",2828.0,3.0,0.0,,2.5,2.943058333333333,0.4430583333333331,fair
Jon Guridi,Real Sociedad,22.0,"MF,FW",55.0,0.0,0.0,,0.03,0.5908250000000008,0.5608250000000008,fair
Aron Jóhannsson,Werder Bremen,26.0,"MF,FW",276.0,1.0,0.0,,1.75,1.9977706666666677,0.2477706666666677,fair
Florian Kainz,Werder Bremen,24.0,"MF,FW",1712.0,3.0,3.0,,4.0,8.689500000000004,4.689500000000004,undervalued
Ole Käuper,Werder Bremen,20.0,MF,73.0,0.0,0.0,,0.045,0.08579566666666694,0.04079566666666694,fair
Max Kruse,Werder Bremen,29.0,FW,2453.0,6.0,6.0,,12.0,10.908766666666667,-1.0912333333333333,fair
Yann Aurel Bisseck,Köln,16.0,"DF,FW",156.0,0.0,0.0,,0.025,0.8919940000000012,0.8669940000000012,fair
Jérémy Morel,Lyon,33.0,DF,2916.0,0.0,0.0,,0.025,7.070333333333359,7.0453333333333585,undervalued
Milot Rashica,Werder Bremen,21.0,"FW,MF",384.0,1.0,0.0,,7.0,5.1763499999999985,-1.8236500000000015,overvalued
Santiago Gentiletti,Genoa,32.0,DF,291.0,0.0,0.0,,0.02,0.23831666666666712,0.21831666666666713,fair
Gareth Barry,West Brom,36.0,MF,1923.0,1.0,1.0,,1.0,0.9980613333333334,-0.0019386666666666441,fair
Nicolas Janvier,Rennes,18.0,"MF,FW",76.0,0.0,0.0,,0.03,0.27296100000000045,0.24296100000000045,fair
Oliver Burke,West Brom,20.0,"FW,MF",367.0,0.0,2.0,,10.0,7.624533333333332,-2.375466666666668,overvalued
Nacer Chadli,West Brom,27.0,"FW,MF",260.0,1.0,0.0,,10.0,7.6005666666666665,-2.3994333333333335,overvalued
Stephan Ambrosius,Hamburger SV,18.0,DF,45.0,0.0,0.0,,0.02,0.0375891666666665,0.0175891666666665,fair
Deian Boldor,Hellas Verona,22.0,DF,90.0,0.0,0.0,,0.02,0.23445933333333385,0.21445933333333386,fair
Ramiro Guerra,Villarreal,20.0,MF,74.0,0.0,0.0,,0.03,0.15049700000000008,0.12049700000000008,fair
Ben Foster,West Brom,34.0,GK,3330.0,0.0,0.0,,3.0,2.141441666666665,-0.8585583333333351,fair
Kieran Gibbs,West Brom,27.0,DF,2827.0,0.0,1.0,,8.0,7.285,-0.7149999999999999,fair
Florent Balmont,Dijon,37.0,MF,860.0,1.0,2.0,,0.025,0.4052426666666677,0.3802426666666677,fair
Grzegorz Krychowiak,West Brom,27.0,MF,1641.0,0.0,2.0,,18.0,11.862133333333333,-6.1378666666666675,overvalued
Jake Livermore,West Brom,27.0,MF,2674.0,2.0,2.0,,9.0,7.656000000000001,-1.3439999999999994,fair
Gerzino Nyamsi,Rennes,20.0,DF,270.0,0.0,0.0,,0.02,0.5850966666666679,0.5650966666666679,fair
James McClean,West Brom,28.0,"MF,FW",1406.0,1.0,0.0,,3.0,4.289266666666666,1.2892666666666663,undervalued
Dean Whitehead,Huddersfield,35.0,MF,71.0,0.0,0.0,,0.025,0.5463030000000028,0.5213030000000027,fair
Boaz Myhill,West Brom,34.0,GK,90.0,0.0,0.0,,1.0,1.5310176666666662,0.5310176666666662,fair
Allan Nyom,West Brom,29.0,DF,2310.0,0.0,1.0,,4.5,5.948333333333333,1.4483333333333333,undervalued
Matt Phillips,West Brom,26.0,"MF,FW",2093.0,2.0,2.0,,9.0,8.47565,-0.5243500000000001,fair
Hal Robson-Kanu,West Brom,28.0,"FW,MF",827.0,2.0,0.0,,2.5,3.0789999999999997,0.5789999999999997,fair
Salomón Rondón,West Brom,27.0,FW,2767.0,7.0,3.0,,13.0,10.819500000000001,-2.1804999999999986,overvalued
Daniel Sturridge,West Brom,27.0,FW,118.0,0.0,0.0,,15.0,10.611001833333331,-4.388998166666669,overvalued
Claudio Yacob,West Brom,30.0,MF,903.0,0.0,0.0,,3.5,2.7679360000000006,-0.7320639999999994,fair
Adrián,West Ham,30.0,GK,1710.0,0.0,0.0,,5.0,7.161833333333332,2.161833333333332,undervalued
Michail Antonio,West Ham,27.0,"FW,MF",1354.0,3.0,1.0,,15.0,14.089333333333334,-0.9106666666666658,fair
André Ayew,West Ham,27.0,"FW,MF",895.0,3.0,2.0,,15.0,13.521908333333334,-1.478091666666666,overvalued
Sam Byram,West Ham,23.0,DF,248.0,0.0,0.0,,4.0,3.927225,-0.07277500000000003,fair
Andy Carroll,West Ham,28.0,"FW,MF",751.0,3.0,0.0,,10.0,10.880833333333333,0.8808333333333334,fair
Daniele Bonera,Villarreal,36.0,DF,1192.0,0.0,1.0,,0.02,0.3573273333333329,0.33732733333333287,fair
Aaron Cresswell,West Ham,27.0,DF,3069.0,1.0,3.0,,12.0,11.056000000000001,-0.9439999999999991,fair
Davide Biondini,Sassuolo,34.0,"MF,FW",206.0,0.0,0.0,,0.02,1.6414943333333325,1.6214943333333325,undervalued
Patrice Evra,West Ham,36.0,DF,228.0,0.0,0.0,,1.0,0.8348500000000001,-0.1651499999999999,fair
Zaydou Youssouf,Bordeaux,18.0,FW,131.0,0.0,0.0,,0.015,0.7541193333333286,0.7391193333333286,fair
Christoph Janker,Augsburg,32.0,"DF,MF",78.0,0.0,0.0,,0.015,0.2986500000000004,0.2836500000000004,fair
Joe Hart,West Ham,30.0,GK,1710.0,0.0,1.0,,10.0,7.8044833333333345,-2.1955166666666655,overvalued
Jordan Hugill,West Ham,25.0,FW,25.0,0.0,0.0,,8.0,5.643966666666665,-2.356033333333335,overvalued
Cheikhou Kouyaté,West Ham,27.0,MF,2799.0,2.0,3.0,,12.0,12.441666666666666,0.44166666666666643,fair
Manuel Lanzini,West Ham,24.0,"MF,FW",2042.0,5.0,6.0,,20.0,18.266666666666666,-1.7333333333333343,overvalued
Fabio González,Las Palmas,20.0,MF,63.0,0.0,0.0,,0.015,0.16229500000000008,0.14729500000000006,fair
Arthur Masuaku,West Ham,23.0,"MF,DF",1870.0,0.0,3.0,,7.0,7.908333333333333,0.9083333333333332,fair
Giovanni Volpicelli,Benevento,17.0,FW,4.0,0.0,0.0,,0.01,0.06389833333333357,0.05389833333333357,fair
Sergio Mora,Getafe,37.0,MF,826.0,0.0,0.0,,0.01,0.11150566666666649,0.1015056666666665,fair
Olivier Verdon,Bordeaux,21.0,DF,11.0,0.0,0.0,,0.015,0.23479166666666718,0.21979166666666716,fair
Reece Oxford,West Ham,18.0,MF,5.0,0.0,0.0,,5.0,3.1464291666666657,-1.8535708333333343,overvalued
David García,Las Palmas,35.0,DF,861.0,1.0,0.0,,0.01,0.15910000000000005,0.14910000000000004,fair
Declan Rice,West Ham,18.0,"DF,MF",1430.0,0.0,0.0,,10.0,8.6202,-1.3797999999999995,fair
Diafra Sakho,West Ham,27.0,"FW,MF",306.0,2.0,0.0,,5.0,8.318816666666669,3.3188166666666685,undervalued
Pablo Zabaleta,West Ham,32.0,"DF,MF",3289.0,0.0,1.0,,5.0,4.312133333333332,-0.6878666666666682,fair
Eros Schiavon,SPAL,34.0,"MF,DF",390.0,0.0,0.0,,0.01,0.1325426666666669,0.1225426666666669,fair
Luca Sparandeo,Benevento,17.0,DF,32.0,0.0,0.0,,0.0075,0.15038650000000034,0.14288650000000033,fair
Josip Brekalo,Wolfsburg,19.0,"FW,MF",869.0,3.0,2.0,,5.5,6.553333333333334,1.0533333333333337,fair
Florian Mayer,M'Gladbach,19.0,DF,19.0,0.0,0.0,,0.0075,0.03369250000000011,0.02619250000000011,fair
Ignacio Camacho,Wolfsburg,27.0,"MF,DF",951.0,0.0,0.0,,10.0,7.738833333333334,-2.261166666666666,overvalued
Koen Casteels,Wolfsburg,25.0,GK,3060.0,0.0,0.0,,6.0,7.2316666666666665,1.2316666666666665,fair
Daniel Didavi,Wolfsburg,27.0,"MF,FW",2237.0,9.0,5.0,,7.0,10.617666666666667,3.6176666666666666,undervalued
Landry Dimata,Wolfsburg,19.0,"FW,MF",902.0,0.0,1.0,,6.0,5.1506333333333325,-0.8493666666666675,fair
Rekeem Harper,West Brom,17.0,MF,21.0,0.0,0.0,,0.01,0.7027623333333302,0.6927623333333301,fair
Mario Gómez,Wolfsburg,32.0,FW,936.0,1.0,2.0,,6.0,4.172110666666666,-1.8278893333333341,overvalued
Josuha Guilavogui,Wolfsburg,26.0,MF,2404.0,3.0,2.0,,7.0,8.230266666666667,1.230266666666667,fair
Kaylen Hinds,Wolfsburg,19.0,"MF,FW",90.0,0.0,0.0,,1.0,0.8200743333333329,-0.1799256666666671,fair
Alessandro Buongiorno,Torino,18.0,DF,9.0,0.0,0.0,,0.0075,0.3879179999999986,0.3804179999999986,fair
Sebastian Jung,Wolfsburg,27.0,DF,78.0,0.0,0.0,,0.05,0.7076333333333354,0.6576333333333354,fair
Christian Rutjens,Benevento,0.0,0,1.0,0.0,0.0,,0.005,0.6818374999999982,0.6768374999999982,fair
Admir Mehmedi,Wolfsburg,26.0,"FW,MF",290.0,1.0,0.0,,5.0,4.3402166666666675,-0.6597833333333325,fair
Paul-Georges Ntep,Wolfsburg,25.0,"FW,MF",165.0,0.0,0.0,,4.0,2.9976176666666676,-1.0023823333333324,fair
Divock Origi,Wolfsburg,22.0,FW,1967.0,6.0,2.0,,10.0,10.431666666666667,0.43166666666666664,fair
Victor Osimhen,Wolfsburg,18.0,"FW,MF",287.0,0.0,0.0,,1.0,1.0061293333333337,0.006129333333333653,fair
Renato Steffen,Wolfsburg,25.0,"FW,MF",659.0,0.0,0.0,,3.5,3.9226999999999976,0.42269999999999763,fair
Paul Jaeckel,Wolfsburg,19.0,DF,270.0,0.0,0.0,,0.005,0.6547333333333314,0.6497333333333314,fair
Paul Verhaegh,Wolfsburg,33.0,DF,2614.0,2.0,2.0,,1.0,1.0662470000000004,0.06624700000000039,fair
William,Wolfsburg,22.0,DF,1612.0,0.0,2.0,,4.0,4.560219333333333,0.5602193333333334,fair
Borja Bastón,Alavés,25.0,FW,1439.0,5.0,1.0,,2.0,2.6609333333333334,0.6609333333333334,fair
Burgui,Alavés,24.0,"MF,FW",555.0,1.0,0.0,,1.5,1.778770666666666,0.27877066666666606,fair
Jonathan Calleri,Alavés,24.0,FW,2869.0,9.0,2.0,,9.0,12.081666666666667,3.081666666666667,undervalued
Rubén Duarte,Alavés,22.0,DF,2772.0,0.0,0.0,,5.0,6.09,1.0899999999999999,fair
Rodrigo Ely,Alavés,24.0,DF,430.0,0.0,0.0,,2.0,1.6512476666666673,-0.34875233333333266,fair
Manu García,Alavés,32.0,MF,2330.0,2.0,1.0,,2.0,1.6717626666666667,-0.32823733333333327,fair
Ibai Gómez,Alavés,28.0,"MF,FW",580.0,0.0,2.0,,4.0,4.083633333333334,0.08363333333333411,fair
John Guidetti,Alavés,26.0,FW,631.0,2.0,1.0,,3.0,3.0701666666666667,0.07016666666666671,fair
Takashi Inui,Alavés,30.0,"MF,FW",828.0,2.0,0.0,,4.0,3.3134333333333332,-0.6865666666666668,fair
Jony,Alavés,27.0,"MF,FW",2971.0,4.0,11.0,,10.0,18.801666666666666,8.801666666666666,undervalued
Víctor Laguardia,Alavés,28.0,DF,3240.0,1.0,2.0,,10.0,7.9783333333333335,-2.0216666666666665,overvalued
Adrián Marín,Alavés,21.0,"DF,MF",290.0,0.0,0.0,,0.8,0.7941936666666694,-0.005806333333330693,fair
Guillermo Maripán,Alavés,24.0,DF,2008.0,2.0,2.0,,15.0,11.586150000000002,-3.4138499999999983,overvalued
Ximo Navarro,Alavés,28.0,DF,2533.0,2.0,2.0,,3.0,9.754741666666668,6.754741666666668,undervalued
Fernando Pacheco,Alavés,26.0,GK,3150.0,0.0,0.0,,15.0,12.24,-2.76,overvalued
Diego Rolán,Alavés,25.0,"FW,MF",215.0,0.0,0.0,,2.0,2.0689833333333327,0.06898333333333273,fair
Antonio Sivera,Alavés,21.0,GK,270.0,0.0,0.0,,1.5,1.1023250000000007,-0.39767499999999933,fair
Rubén Sobrino,Alavés,26.0,"FW,MF",965.0,3.0,1.0,,3.0,3.2630749999999997,0.2630749999999997,fair
Patrick Twumasi,Alavés,24.0,"MF,FW",170.0,0.0,0.0,,1.2,1.3521911666666615,0.15219116666666155,fair
Carlos Vigaray,Alavés,23.0,DF,647.0,0.0,0.0,,0.6,1.478500000000001,0.8785000000000011,fair
Khaled Adénon,Amiens,33.0,DF,1994.0,0.0,0.0,,0.5,0.517425,0.017425000000000024,fair
Alexis Blin,Amiens,21.0,MF,1990.0,1.0,1.0,,5.0,6.405,1.4050000000000002,undervalued
Mathieu Bodmer,Amiens,35.0,"MF,FW",1073.0,1.0,0.0,,0.25,0.26233949999999995,0.012339499999999948,fair
Quentin Cornette,Amiens,24.0,"MF,FW",209.0,0.0,0.0,,0.3,0.9444666666666706,0.6444666666666705,fair
Bakaye Dibassy,Amiens,28.0,DF,2942.0,1.0,1.0,,3.0,4.24,1.2400000000000002,fair
Juan Ferney Otero,Amiens,23.0,"FW,MF",2175.0,2.0,2.0,,4.0,4.549333333333333,0.5493333333333332,fair
Guessouma Fofana,Amiens,25.0,MF,186.0,0.0,0.0,,0.8,1.4346436666666667,0.6346436666666666,fair
Ganso,Amiens,28.0,"MF,FW",520.0,0.0,2.0,,2.0,2.2509379999999997,0.25093799999999966,fair
Saman Ghoddos,Amiens,24.0,"FW,MF",1827.0,4.0,4.0,,5.0,9.922333333333333,4.922333333333333,undervalued
Eddy Gnahoré,Amiens,24.0,MF,2243.0,4.0,2.0,,4.0,4.996666666666667,0.996666666666667,fair
Régis Gurtner,Amiens,31.0,GK,3420.0,0.0,0.0,,1.75,3.7925,2.0425,undervalued
Oualid El Hajjam,Amiens,27.0,"DF,MF",544.0,0.0,0.0,,1.0,1.498651000000001,0.49865100000000107,fair
Moussa Konaté,Amiens,25.0,FW,1876.0,7.0,2.0,,7.0,5.76,-1.2400000000000002,fair
Emil Krafth,Amiens,23.0,DF,2974.0,1.0,1.0,,2.5,5.39,2.8899999999999997,undervalued
Jordan Lefort,Amiens,24.0,"DF,MF",1802.0,0.0,1.0,,3.0,3.7010000000000005,0.7010000000000005,fair
Stiven Mendoza,Amiens,26.0,"FW,MF",1877.0,2.0,2.0,,3.0,3.668,0.6680000000000001,fair
Thomas Monconduit,Amiens,27.0,MF,2818.0,0.0,1.0,,3.5,6.385,2.885,undervalued
Erik Pieters,Amiens,29.0,DF,1261.0,1.0,1.0,,5.0,4.260469333333333,-0.739530666666667,fair
Sanasi Sy,Amiens,19.0,MF,1.0,0.0,0.0,,0.15,0.22651916666666655,0.07651916666666655,fair
Cheick Timite,Amiens,20.0,"FW,MF",1456.0,1.0,1.0,,2.0,5.690833333333333,3.690833333333333,undervalued
Gaoussou Traoré,Amiens,18.0,MF,107.0,0.0,0.0,,0.25,0.30448833333333297,0.05448833333333297,fair
Bongani Zungu,Amiens,25.0,MF,230.0,0.0,0.0,,2.5,1.6425803333333335,-0.8574196666666665,fair
Rayan Aït Nouri,Angers,17.0,DF,57.0,0.0,0.0,,0.5,0.41305766666666666,-0.08694233333333334,fair
Yoann Andreu,Angers,29.0,DF,4.0,0.0,0.0,,1.5,1.0457666666666667,-0.45423333333333327,fair
Stéphane Bahoken,Angers,26.0,FW,2469.0,11.0,1.0,,8.0,9.918333333333333,1.918333333333333,undervalued
Abdoulaye Bamba,Angers,28.0,DF,2573.0,0.0,4.0,,3.0,4.36,1.3600000000000003,undervalued
Zacharie Boucher,Angers,26.0,GK,180.0,0.0,0.0,,0.9,0.6422833333333349,-0.25771666666666515,fair
Ludovic Butelle,Angers,35.0,GK,3239.0,0.0,0.0,,0.5,0.42394166666666677,-0.07605833333333323,fair
Pierrick Capelle,Angers,31.0,"MF,DF",1842.0,3.0,3.0,,2.0,2.0437750000000006,0.04377500000000056,fair
Angelo Fulgini,Angers,21.0,"MF,FW",1635.0,4.0,1.0,,5.0,6.301166666666665,1.3011666666666653,undervalued
Wilfried Kanga,Angers,20.0,FW,493.0,2.0,0.0,,1.5,2.5176,1.0175999999999998,fair
Cristian López,Angers,29.0,FW,372.0,2.0,0.0,,1.5,3.4142583333333323,1.9142583333333323,undervalued
Vincent Manceau,Angers,29.0,DF,2790.0,1.0,1.0,,2.5,4.693333333333333,2.1933333333333334,undervalued
Thomas Mangani,Angers,31.0,MF,1598.0,3.0,0.0,,2.0,2.244025,0.24402500000000016,fair
Harrison Manzala,Angers,24.0,"MF,FW",74.0,0.0,0.0,,1.0,1.0430303333333326,0.043030333333332615,fair
Farid El Melali,Angers,21.0,"FW,MF",328.0,0.0,1.0,,0.8,1.584625000000006,0.7846250000000059,fair
Cheikh N'Doye,Angers,32.0,MF,2334.0,0.0,3.0,,2.0,1.8901916666666672,-0.10980833333333284,fair
Vincent Pajot,Angers,27.0,MF,713.0,0.0,0.0,,2.5,2.1601020000000006,-0.33989799999999937,fair
Elhadji Pape Diaw,Angers,23.0,DF,15.0,0.0,0.0,,0.25,0.4535000000000001,0.20350000000000013,fair
Théo Pellenard,Angers,24.0,DF,495.0,0.0,0.0,,2.0,1.800126,-0.1998740000000001,fair
Jeff Reine-Adélaïde,Angers,20.0,"FW,MF",2556.0,3.0,3.0,,11.0,13.065,2.0649999999999995,undervalued
Baptiste Santamaria,Angers,23.0,MF,3245.0,1.0,0.0,,6.0,8.076333333333332,2.0763333333333325,undervalued
Flavien Tait,Angers,25.0,"MF,FW",2985.0,5.0,7.0,,8.0,10.54,2.539999999999999,undervalued
Romain Thomas,Angers,30.0,DF,2394.0,2.0,1.0,,3.0,3.0416666666666665,0.04166666666666652,fair
Ismaël Traoré,Angers,31.0,DF,2636.0,3.0,1.0,,1.5,2.4062416666666664,0.9062416666666664,fair
Pierre-Emerick Aubameyang,Arsenal,29.0,FW,2726.0,22.0,5.0,,70.0,63.193333333333335,-6.806666666666665,overvalued
Héctor Bellerín,Arsenal,23.0,DF,1533.0,0.0,5.0,,40.0,31.9936,-8.0064,overvalued
Mohamed Elneny,Arsenal,26.0,MF,380.0,0.0,0.0,,8.0,7.6259999999999994,-0.37400000000000055,fair
Mattéo Guendouzi,Arsenal,19.0,MF,2149.0,0.0,0.0,,35.0,32.791666666666664,-2.2083333333333357,overvalued
Rob Holding,Arsenal,22.0,DF,807.0,0.0,0.0,,12.0,9.963583333333332,-2.0364166666666677,overvalued
Alex Iwobi,Arsenal,22.0,"FW,MF",1970.0,3.0,6.0,,25.0,30.71,5.710000000000001,undervalued
Carl Jenkinson,Arsenal,26.0,DF,166.0,0.0,0.0,,2.0,7.027466666666666,5.027466666666666,undervalued
Laurent Koscielny,Arsenal,32.0,DF,1331.0,3.0,0.0,,8.0,7.067599999999996,-0.9324000000000039,fair
Alexandre Lacazette,Arsenal,27.0,FW,2502.0,13.0,8.0,,70.0,60.81666666666667,-9.18333333333333,overvalued
Bernd Leno,Arsenal,26.0,GK,2836.0,0.0,0.0,,30.0,22.636666666666667,-7.363333333333333,overvalued
Stephan Lichtsteiner,Arsenal,34.0,DF,938.0,0.0,0.0,,1.5,1.622196666666667,0.12219666666666695,fair
Ainsley Maitland-Niles,Arsenal,20.0,DF,987.0,1.0,1.0,,12.0,14.168999999999999,2.1689999999999987,undervalued
Konstantinos Mavropanos,Arsenal,20.0,DF,148.0,0.0,0.0,,3.0,4.155419500000002,1.1554195000000016,fair
Henrikh Mkhitaryan,Arsenal,29.0,"FW,MF",1641.0,6.0,4.0,,25.0,32.163333333333334,7.163333333333334,undervalued
Nacho Monreal,Arsenal,32.0,DF,1861.0,1.0,3.0,,8.0,7.3763499999999995,-0.6236500000000005,fair
Shkodran Mustafi,Arsenal,26.0,DF,2611.0,2.0,0.0,,25.0,23.131,-1.8689999999999998,overvalued
Eddie Nketiah,Arsenal,19.0,"MF,FW",67.0,1.0,0.0,,8.0,8.41535,0.4153500000000001,fair
Mesut Özil,Arsenal,29.0,"MF,FW",1735.0,5.0,2.0,,25.0,20.206666666666667,-4.793333333333333,overvalued
Aaron Ramsey,Arsenal,27.0,"MF,FW",1331.0,4.0,6.0,,40.0,36.64833333333333,-3.3516666666666666,overvalued
Denis Suárez,Arsenal,24.0,FW,71.0,0.0,0.0,,12.0,10.971633333333333,-1.0283666666666669,fair
Lucas Torreira,Arsenal,22.0,MF,2382.0,2.0,2.0,,55.0,24.151666666666667,-30.848333333333333,overvalued
Danny Welbeck,Arsenal,27.0,"FW,MF",153.0,1.0,1.0,,12.0,11.895258333333333,-0.1047416666666674,fair
Granit Xhaka,Arsenal,25.0,"MF,DF",2498.0,4.0,2.0,,45.0,33.836666666666666,-11.163333333333334,overvalued
Musa Barrow,Atalanta,19.0,"FW,MF",601.0,1.0,2.0,,5.0,4.823433333333333,-0.17656666666666698,fair
Etrit Berisha,Atalanta,29.0,GK,1620.0,0.0,0.0,,3.0,3.3171693333333345,0.3171693333333345,fair
Timothy Castagne,Atalanta,22.0,"DF,MF",2006.0,4.0,3.0,,18.0,17.496000000000002,-0.5039999999999978,fair
Berat Djimsiti,Atalanta,25.0,DF,1807.0,1.0,2.0,,7.5,7.920999999999998,0.4209999999999976,fair
Remo Freuler,Atalanta,26.0,MF,3022.0,2.0,6.0,,20.0,18.718333333333334,-1.2816666666666663,fair
Pierluigi Gollini,Atalanta,23.0,GK,1799.0,0.0,0.0,,6.0,6.766000000000001,0.7660000000000009,fair
Papu Gómez,Atalanta,30.0,"MF,FW",2899.0,7.0,11.0,,16.0,17.010266666666666,1.0102666666666664,fair
Robin Gosens,Atalanta,24.0,"DF,MF",1942.0,3.0,2.0,,8.0,10.04,2.039999999999999,undervalued
Hans Hateboer,Atalanta,24.0,"DF,MF",2973.0,5.0,5.0,,15.0,14.846666666666666,-0.1533333333333342,fair
Dejan Kulusevski,Atalanta,18.0,"DF,MF",105.0,0.0,0.0,,1.0,1.3221345000000002,0.3221345000000002,fair
José Luis Palomino,Atalanta,28.0,DF,2261.0,1.0,1.0,,10.0,9.321,-0.6790000000000003,fair
Gianluca Mancini,Atalanta,22.0,DF,2246.0,5.0,2.0,,22.0,19.598333333333333,-2.4016666666666673,overvalued
Andrea Masiello,Atalanta,32.0,DF,1836.0,0.0,2.0,,1.0,1.1275500000000005,0.1275500000000005,fair
Matteo Pessina,Atalanta,21.0,MF,235.0,0.0,1.0,,1.5,2.3374663333333343,0.8374663333333343,fair
Arkadiusz Reca,Atalanta,23.0,"DF,FW",49.0,0.0,0.0,,3.5,2.901616666666666,-0.5983833333333339,fair
Emiliano Rigoni,Atalanta,25.0,"FW,MF",522.0,3.0,0.0,,8.0,6.99,-1.0099999999999998,fair
Marten de Roon,Atalanta,27.0,MF,2975.0,2.0,3.0,,24.0,20.265,-3.7349999999999994,overvalued
Francesco Rossi,Atalanta,27.0,GK,1.0,0.0,0.0,,0.1,0.372841666666666,0.272841666666666,fair
Rafael Tolói,Atalanta,27.0,DF,1746.0,1.0,3.0,,11.0,8.82713333333333,-2.1728666666666694,overvalued
Marco Tumminello,Atalanta,19.0,"FW,DF",9.0,0.0,0.0,,2.3,1.384166666666668,-0.9158333333333317,fair
Luca Valzania,Atalanta,22.0,"MF,FW",897.0,2.0,1.0,,1.7,2.254166666666669,0.5541666666666691,fair
Duván Zapata,Atalanta,27.0,FW,2896.0,23.0,7.0,,40.0,45.14333333333333,5.143333333333331,undervalued
Aritz Aduriz,Athletic Club,37.0,FW,943.0,2.0,0.0,,1.0,0.7674246666666671,-0.2325753333333329,fair
Yeray Álvarez,Athletic Club,23.0,DF,2613.0,0.0,0.0,,25.0,20.999,-4.001000000000001,overvalued
Mikel Balenziaga,Athletic Club,30.0,DF,523.0,0.0,0.0,,2.0,2.225935333333333,0.22593533333333315,fair
Yuri Berchiche,Athletic Club,28.0,"DF,FW",3120.0,2.0,2.0,,20.0,14.596908333333333,-5.403091666666667,overvalued
Ander Capa,Athletic Club,26.0,DF,1642.0,0.0,0.0,,3.0,11.452516666666668,8.452516666666668,undervalued
Iñigo Córdoba,Athletic Club,21.0,FW,1321.0,0.0,4.0,,4.0,5.358466666666667,1.3584666666666667,undervalued
Beñat Etxebarria,Athletic Club,31.0,MF,2031.0,1.0,2.0,,4.0,3.4211333333333354,-0.5788666666666646,fair
Cristian Ganea,Athletic Club,26.0,MF,49.0,0.0,0.0,,1.0,1.1982833333333331,0.19828333333333314,fair
Dani García,Athletic Club,28.0,MF,2476.0,0.0,1.0,,4.0,6.1,2.0999999999999996,undervalued
Raúl García,Athletic Club,32.0,"MF,FW",381.0,0.0,0.0,,7.5,5.157866666666665,-2.3421333333333347,overvalued
Ibai Gómez,Athletic Club,28.0,FW,580.0,0.0,2.0,,4.0,3.933533333333333,-0.0664666666666669,fair
Gorka Guruzeta,Athletic Club,21.0,"FW,MF",50.0,0.0,0.0,,0.5,0.5335175000000001,0.03351750000000009,fair
Iago Herrerín,Athletic Club,30.0,GK,2790.0,0.0,1.0,,4.0,4.745666666666668,0.7456666666666676,fair
Ander Iturraspe,Athletic Club,29.0,MF,98.0,0.0,0.0,,2.5,2.0270249999999996,-0.47297500000000037,fair
Kenan Kodro,Athletic Club,24.0,"FW,MF",161.0,1.0,0.0,,1.0,1.3974833333333332,0.3974833333333332,fair
Iñigo Lekue,Athletic Club,25.0,DF,211.0,0.0,0.0,,2.0,1.6745289999999995,-0.3254710000000005,fair
Unai López,Athletic Club,22.0,MF,328.0,0.0,0.0,,1.5,1.5568166666666674,0.056816666666667404,fair
Óscar de Marcos,Athletic Club,29.0,"DF,FW",2421.0,1.0,2.0,,6.0,6.028575,0.028575000000000017,fair
Iñigo Martínez,Athletic Club,27.0,DF,2902.0,0.0,0.0,,32.0,25.029333333333334,-6.970666666666666,overvalued
Iker Muniain,Athletic Club,25.0,"FW,MF",2383.0,7.0,3.0,,15.0,13.753333333333334,-1.2466666666666661,fair
Peru Nolaskoain,Athletic Club,19.0,DF,464.0,2.0,0.0,,5.0,4.623833333333334,-0.3761666666666663,fair
Unai Núñez,Athletic Club,21.0,DF,1064.0,0.0,0.0,,15.0,13.034033333333333,-1.9659666666666666,overvalued
Mikel Rico,Athletic Club,33.0,MF,242.0,0.0,0.0,,0.8,1.3077940000000017,0.5077940000000016,fair
Mikel San José,Athletic Club,29.0,MF,1733.0,0.0,0.0,,7.5,7.5111833333333315,0.011183333333331547,fair
Unai Simón,Athletic Club,21.0,GK,630.0,0.0,0.0,,6.0,6.436099999999999,0.4360999999999988,fair
Markel Susaeta,Athletic Club,30.0,FW,1379.0,1.0,2.0,,6.0,4.865144,-1.134856,fair
Iñaki Williams,Athletic Club,24.0,FW,3025.0,12.0,4.0,,50.0,41.718333333333334,-8.281666666666666,overvalued
Antonio Adán,Atlético Madrid,31.0,GK,90.0,0.0,0.0,,1.5,1.409258333333334,-0.09074166666666605,fair
Santiago Arias,Atlético Madrid,26.0,DF,1772.0,1.0,1.0,,18.0,26.281999999999996,8.281999999999996,undervalued
Sergio Camello,Atlético Madrid,17.0,FW,45.0,1.0,0.0,,2.5,6.380816666666667,3.880816666666667,undervalued
Ángel Correa,Atlético Madrid,23.0,"MF,FW",1919.0,3.0,2.0,,35.0,33.971666666666664,-1.028333333333336,fair
Diego Costa,Atlético Madrid,29.0,FW,1112.0,2.0,2.0,,25.0,24.380666666666666,-0.6193333333333335,fair
Borja Garcés,Atlético Madrid,18.0,"FW,MF",20.0,1.0,0.0,,3.0,5.604216666666665,2.604216666666665,undervalued
Diego Godín,Atlético Madrid,32.0,DF,2509.0,3.0,1.0,,20.0,3.1940360000000014,-16.805964,overvalued
Antoine Griezmann,Atlético Madrid,27.0,FW,3198.0,15.0,8.0,,130.0,100.44666666666667,-29.553333333333327,overvalued
Lucas Hernández,Atlético Madrid,22.0,DF,1117.0,1.0,0.0,,70.0,51.402816666666666,-18.597183333333334,overvalued
Carlos Isaac,Atlético Madrid,20.0,DF,90.0,0.0,0.0,,0.2,0.2649222222222225,0.06492222222222249,fair
Juanfran,Atlético Madrid,33.0,DF,1459.0,1.0,1.0,,3.0,4.877933333333332,1.8779333333333321,undervalued
Koke,Atlético Madrid,26.0,MF,2586.0,3.0,5.0,,70.0,59.406333333333336,-10.593666666666664,overvalued
Thomas Lemar,Atlético Madrid,22.0,"MF,FW",1817.0,2.0,3.0,,40.0,40.25,0.25,fair
Filipe Luís,Atlético Madrid,32.0,DF,2030.0,2.0,2.0,,3.0,2.9179193333333355,-0.08208066666666447,fair
Gelson Martins,Atlético Madrid,23.0,FW,229.0,0.0,0.0,,28.0,20.029133333333334,-7.970866666666666,overvalued
Francisco Montero,Atlético Madrid,19.0,DF,404.0,0.0,0.0,,10.0,8.57085,-1.42915,overvalued
Álvaro Morata,Atlético Madrid,25.0,FW,941.0,5.0,0.0,,50.0,40.068333333333335,-9.931666666666665,overvalued
Toni Moya,Atlético Madrid,20.0,DF,90.0,0.0,0.0,,0.3,0.2649222222222225,-0.035077777777777486,fair
Joaquín Muñoz,Atlético Madrid,19.0,MF,1.0,0.0,0.0,,0.3,0.16416666666666688,-0.1358333333333331,fair
Saúl Ñíguez,Atlético Madrid,23.0,"MF,DF",2925.0,4.0,1.0,,90.0,56.916666666666664,-33.083333333333336,overvalued
Jan Oblak,Atlético Madrid,25.0,GK,3330.0,0.0,0.0,,100.0,79.20333333333333,-20.796666666666667,overvalued
Thomas Partey,Atlético Madrid,25.0,MF,2070.0,3.0,4.0,,50.0,45.39333333333333,-4.606666666666669,overvalued
Rodri,Atlético Madrid,22.0,MF,2735.0,3.0,1.0,,80.0,66.45833333333333,-13.541666666666671,overvalued
Andrés Solano,Atlético Madrid,20.0,DF,45.0,0.0,0.0,,0.2,0.17571944444444515,-0.02428055555555486,fair
Vitolo,Atlético Madrid,28.0,"MF,FW",753.0,0.0,1.0,,18.0,16.9838,-1.0162000000000013,fair
Simon Asta,Augsburg,17.0,DF,90.0,0.0,0.0,,0.25,0.2462443333333333,-0.0037556666666667127,fair
Daniel Baier,Augsburg,34.0,MF,2815.0,0.0,1.0,,0.8,0.7556776666666692,-0.0443223333333308,fair
Sergio Córdova,Augsburg,20.0,FW,531.0,3.0,0.0,,2.0,2.7618416666666668,0.7618416666666668,fair
Raphael Framberger,Augsburg,22.0,"DF,MF",548.0,0.0,0.0,,1.0,1.3830999999999998,0.3830999999999998,fair
Fabian Giefer,Augsburg,28.0,GK,360.0,0.0,0.0,,0.3,0.5635750000000014,0.2635750000000014,fair
Felix Götze,Augsburg,20.0,MF,126.0,1.0,0.0,,1.0,0.8600294166666663,-0.13997058333333368,fair
Jeffrey Gouweleeuw,Augsburg,27.0,DF,2092.0,0.0,2.0,,12.0,9.94915,-2.0508500000000005,overvalued
Michael Gregoritsch,Augsburg,24.0,"MF,FW",2487.0,6.0,2.0,,12.0,11.475,-0.5250000000000004,fair
André Hahn,Augsburg,27.0,"FW,MF",2052.0,4.0,4.0,,3.5,5.0793333333333335,1.5793333333333335,undervalued
Martin Hinteregger,Augsburg,25.0,DF,1575.0,2.0,0.0,,16.0,11.181700000000005,-4.818299999999995,overvalued
Fredrik Jensen,Augsburg,20.0,"FW,MF",207.0,0.0,0.0,,2.5,1.9926509999999995,-0.5073490000000005,fair
Rani Khedira,Augsburg,24.0,"DF,MF",2624.0,4.0,1.0,,10.0,11.468333333333334,1.4683333333333337,undervalued
Andreas Luthe,Augsburg,31.0,GK,1311.0,0.0,0.0,,0.7,1.000066666666663,0.30006666666666315,fair
Philipp Max,Augsburg,24.0,"DF,MF",2569.0,4.0,2.0,,17.0,11.453333333333333,-5.546666666666667,overvalued
Jan Morávek,Augsburg,28.0,MF,757.0,0.0,2.0,,0.75,1.6848166666666662,0.9348166666666662,fair
Reece Oxford,Augsburg,19.0,DF,505.0,0.0,1.0,,4.0,3.6266499999999997,-0.3733500000000003,fair
Marco Richter,Augsburg,20.0,"FW,MF",1426.0,4.0,6.0,,7.0,11.455,4.455,undervalued
Julian Schieber,Augsburg,29.0,FW,258.0,1.0,0.0,,0.75,1.6811859999999996,0.9311859999999996,fair
Jonathan Schmid,Augsburg,28.0,DF,2520.0,3.0,7.0,,5.0,6.799183333333333,1.7991833333333327,undervalued
Georg Teigl,Augsburg,27.0,"MF,FW",296.0,0.0,0.0,,0.7,1.4634666666666614,0.7634666666666614,fair
Jordi Alba,Barcelona,29.0,DF,2991.0,2.0,8.0,,50.0,51.245,1.2449999999999974,fair
Carles Aleñá,Barcelona,20.0,MF,637.0,2.0,0.0,,30.0,32.3425,2.342500000000001,undervalued
Kevin-Prince Boateng,Barcelona,31.0,FW,239.0,0.0,0.0,,7.0,7.633933333333332,0.6339333333333323,fair
Sergio Busquets,Barcelona,30.0,MF,2715.0,0.0,1.0,,50.0,53.874,3.8740000000000023,undervalued
Jasper Cillessen,Barcelona,29.0,GK,270.0,0.0,0.0,,18.0,14.607158333333333,-3.3928416666666674,overvalued
Álex Collado,Barcelona,19.0,FW,85.0,0.0,0.0,,1.0,3.325,2.325,undervalued
Philippe Coutinho,Barcelona,26.0,"FW,MF",2018.0,5.0,2.0,,90.0,79.07333333333334,-10.926666666666662,overvalued
Ousmane Dembélé,Barcelona,21.0,"FW,MF",1661.0,8.0,5.0,,100.0,90.57333333333334,-9.426666666666662,overvalued
Munir El Haddadi,Barcelona,22.0,FW,152.0,1.0,1.0,,10.0,15.621333333333332,5.621333333333332,undervalued
Clément Lenglet,Barcelona,23.0,DF,1933.0,1.0,0.0,,60.0,54.05833333333333,-5.94166666666667,overvalued
Malcom,Barcelona,21.0,"FW,DF",614.0,1.0,2.0,,40.0,32.775,-7.225000000000001,overvalued
Lionel Messi,Barcelona,31.0,FW,2713.0,36.0,13.0,,150.0,129.005,-20.995000000000005,overvalued
Jeison Murillo,Barcelona,26.0,DF,113.0,0.0,0.0,,10.0,9.853333333333333,-0.1466666666666665,fair
Carles Pérez,Barcelona,20.0,FW,18.0,0.0,0.0,,1.5,2.088633333333333,0.5886333333333331,fair
Gerard Piqué,Barcelona,31.0,DF,3150.0,4.0,2.0,,35.0,33.92690833333334,-1.073091666666663,fair
Riqui Puig,Barcelona,18.0,MF,156.0,0.0,0.0,,10.0,9.033366666666668,-0.9666333333333323,fair
Rafinha,Barcelona,25.0,"FW,MF",223.0,0.0,0.0,,15.0,13.083333333333334,-1.916666666666666,overvalued
Sergi Roberto,Barcelona,26.0,"DF,MF",2088.0,0.0,7.0,,50.0,52.593333333333334,2.5933333333333337,undervalued
Abel Ruiz,Barcelona,18.0,FW,22.0,0.0,0.0,,3.0,2.3619,-0.6381000000000001,fair
Nélson Semedo,Barcelona,24.0,DF,1600.0,1.0,0.0,,40.0,37.09866666666667,-2.9013333333333335,overvalued
Denis Suárez,Barcelona,24.0,MF,71.0,0.0,0.0,,12.0,10.8852,-1.1148000000000007,fair
Luis Suárez,Barcelona,31.0,FW,2827.0,21.0,6.0,,50.0,39.975,-10.024999999999999,overvalued
Marc-André ter Stegen,Barcelona,26.0,GK,3150.0,0.0,0.0,,90.0,60.593333333333334,-29.406666666666666,overvalued
Jean-Clair Todibo,Barcelona,18.0,DF,157.0,0.0,0.0,,8.0,7.8933333333333335,-0.10666666666666647,fair
Samuel Umtiti,Barcelona,24.0,DF,1189.0,0.0,1.0,,45.0,39.44233333333334,-5.5576666666666625,overvalued
Thomas Vermaelen,Barcelona,32.0,DF,587.0,0.0,0.0,,2.5,5.677783333333326,3.177783333333326,undervalued
Arturo Vidal,Barcelona,31.0,MF,1929.0,3.0,7.0,,15.0,27.35,12.350000000000001,undervalued
Moussa Wagué,Barcelona,19.0,DF,225.0,0.0,0.0,,5.0,6.6036,1.6036000000000001,undervalued
David Alaba,Bayern Munich,26.0,DF,2530.0,3.0,3.0,,55.0,50.585,-4.414999999999999,overvalued
Jérôme Boateng,Bayern Munich,29.0,DF,1693.0,0.0,2.0,,20.0,20.829190666666666,0.8291906666666655,fair
Kingsley Coman,Bayern Munich,22.0,"FW,MF",1378.0,6.0,4.0,,50.0,45.311800000000005,-4.688199999999995,overvalued
Alphonso Davies,Bayern Munich,17.0,"FW,MF",80.0,1.0,0.0,,10.0,3.6245499999999926,-6.375450000000008,overvalued
Serge Gnabry,Bayern Munich,23.0,"FW,MF",1762.0,10.0,5.0,,60.0,52.39,-7.609999999999999,overvalued
Leon Goretzka,Bayern Munich,23.0,MF,2023.0,8.0,4.0,,50.0,44.903333333333336,-5.096666666666664,overvalued
Mats Hummels,Bayern Munich,29.0,DF,1775.0,1.0,1.0,,35.0,32.03686666666667,-2.9631333333333316,overvalued
Joshua Kimmich,Bayern Munich,23.0,"DF,MF",3060.0,2.0,13.0,,70.0,60.12166666666667,-9.87833333333333,overvalued
Robert Lewandowski,Bayern Munich,29.0,FW,2957.0,22.0,7.0,,65.0,57.13,-7.869999999999997,overvalued
Javi Martínez,Bayern Munich,29.0,MF,1309.0,3.0,0.0,,27.0,24.2798,-2.7201999999999984,overvalued
Thomas Müller,Bayern Munich,28.0,"MF,FW",2378.0,6.0,9.0,,35.0,33.041666666666664,-1.9583333333333357,overvalued
Manuel Neuer,Bayern Munich,32.0,GK,2302.0,0.0,0.0,,18.0,16.10685,-1.8931499999999986,overvalued
Rafinha,Bayern Munich,32.0,DF,223.0,0.0,0.0,,15.0,15.0011,0.0010999999999992127,fair
James Rodríguez,Bayern Munich,27.0,"MF,FW",1138.0,7.0,3.0,,50.0,43.22,-6.780000000000001,overvalued
Renato Sanches,Bayern Munich,20.0,MF,577.0,1.0,1.0,,18.0,19.486008333333334,1.4860083333333343,undervalued
Niklas Süle,Bayern Munich,22.0,DF,2654.0,2.0,0.0,,60.0,52.48833333333334,-7.511666666666663,overvalued
Corentin Tolisso,Bayern Munich,23.0,MF,52.0,1.0,0.0,,40.0,5.562516666666657,-34.43748333333335,overvalued
Sven Ulreich,Bayern Munich,29.0,GK,758.0,0.0,0.0,,4.5,9.318835999999997,4.8188359999999975,undervalued
Antonio Barragán,Betis,31.0,"DF,MF",934.0,0.0,0.0,,2.0,1.8092443333333328,-0.1907556666666672,fair
Marc Bartra,Betis,27.0,DF,2928.0,1.0,0.0,,22.0,17.836666666666666,-4.163333333333334,overvalued
Ryad Boudebouz,Betis,28.0,"MF,FW",717.0,1.0,2.0,,6.0,6.0118833333333335,0.011883333333333468,fair
Sergio Canales,Betis,27.0,"MF,FW",2655.0,7.0,2.0,,25.0,20.493333333333332,-4.506666666666668,overvalued
William Carvalho,Betis,26.0,MF,2385.0,0.0,5.0,,25.0,19.35333333333333,-5.646666666666668,overvalued
Emerson,Betis,19.0,DF,317.0,0.0,0.0,,15.0,2.4299479999999978,-12.570052000000002,overvalued
Zouhair Feddal,Betis,29.0,DF,1702.0,1.0,1.0,,5.0,4.731435999999999,-0.26856400000000136,fair
Javi García,Betis,31.0,"DF,MF",524.0,0.0,0.0,,2.0,2.199779,0.19977899999999993,fair
Andrés Guardado,Betis,31.0,"MF,DF",2335.0,0.0,4.0,,5.0,4.376266666666667,-0.623733333333333,fair
Francis Guerrero,Betis,22.0,"DF,MF",1778.0,0.0,1.0,,6.0,6.037000000000001,0.03700000000000081,fair
Takashi Inui,Betis,30.0,"FW,MF",828.0,2.0,0.0,,4.0,3.6379000000000006,-0.3620999999999994,fair
Jesé,Betis,25.0,"FW,MF",779.0,2.0,0.0,,5.0,5.078,0.07800000000000029,fair
Joaquín,Betis,37.0,"FW,DF",1696.0,6.0,0.0,,2.0,1.7584358333333336,-0.24156416666666636,fair
Wilfrid Kaptoum,Betis,22.0,MF,773.0,0.0,0.0,,4.0,4.487466666666666,0.48746666666666627,fair
Diego Lainez,Betis,18.0,"MF,FW",353.0,0.0,1.0,,14.0,10.309385333333337,-3.6906146666666633,overvalued
Sergio León,Betis,29.0,"FW,MF",638.0,0.0,1.0,,3.0,3.129377,0.12937699999999985,fair
Giovani Lo Celso,Betis,22.0,"MF,FW",11.0,0.0,0.0,,50.0,0.4067333333333341,-49.593266666666665,overvalued
Pau López,Betis,23.0,GK,2970.0,0.0,0.0,,20.0,17.493333333333332,-2.5066666666666677,overvalued
Aïssa Mandi,Betis,26.0,DF,3059.0,1.0,1.0,,16.0,14.99,-1.0099999999999998,fair
Loren Morón,Betis,24.0,FW,1957.0,6.0,0.0,,10.0,9.123333333333333,-0.8766666666666669,fair
Joel Robles,Betis,28.0,GK,450.0,0.0,0.0,,5.0,3.9051666666666667,-1.0948333333333333,fair
Antonio Sanabria,Betis,22.0,FW,766.0,3.0,0.0,,9.0,7.954,-1.0460000000000003,fair
Sidnei,Betis,28.0,DF,1742.0,1.0,0.0,,10.0,7.8572,-2.1428000000000003,overvalued
Cristian Tello,Betis,26.0,"DF,MF",1573.0,4.0,6.0,,10.0,10.901666666666667,0.9016666666666673,fair
Arturo Calabresi,Bologna,22.0,DF,1412.0,1.0,0.0,,1.8,2.516216666666659,0.7162166666666592,fair
Gabriele Corbo,Bologna,18.0,DF,5.0,0.0,0.0,,0.8,0.5344416666666674,-0.2655583333333327,fair
Sebastien De Maio,Bologna,31.0,DF,1173.0,1.0,0.0,,1.0,1.0471916666666667,0.04719166666666674,fair
Mattia Destro,Bologna,27.0,"FW,MF",493.0,4.0,1.0,,3.5,4.763166666666667,1.2631666666666668,fair
Mitchell Dijks,Bologna,25.0,"DF,MF",2023.0,1.0,0.0,,2.0,2.6991666666666667,0.6991666666666667,fair
Godfred Donsah,Bologna,22.0,MF,153.0,0.0,0.0,,7.0,4.7274259999999995,-2.2725740000000005,overvalued
Simone Edera,Bologna,21.0,FW,77.0,0.0,0.0,,1.0,2.1572,1.1572,fair
Diego Falcinelli,Bologna,27.0,FW,703.0,0.0,1.0,,3.0,5.168333333333333,2.168333333333333,undervalued
Giancarlo González,Bologna,30.0,DF,746.0,0.0,1.0,,1.0,1.5337383333333328,0.5337383333333328,fair
Filip Helander,Bologna,25.0,DF,1713.0,0.0,0.0,,2.0,3.3780166666666656,1.3780166666666656,undervalued
Lyanco,Bologna,21.0,DF,90.0,0.0,0.0,,8.0,5.319150833333331,-2.680849166666669,overvalued
Juan Manuel Valencia,Bologna,20.0,FW,28.0,0.0,0.0,,0.3,0.6047895000000029,0.3047895000000029,fair
Federico Mattiello,Bologna,23.0,"MF,DF",1333.0,1.0,1.0,,2.5,3.302833333333333,0.8028333333333331,fair
Ibrahima Mbaye,Bologna,23.0,DF,2010.0,2.0,0.0,,3.0,4.2355,1.2355,fair
Ádám Nagy,Bologna,23.0,MF,975.0,0.0,0.0,,2.0,2.1784333333333334,0.17843333333333344,fair
Orji Okwonkwo,Bologna,20.0,FW,257.0,0.0,0.0,,1.0,1.4564824166666666,0.45648241666666656,fair
Riccardo Orsolini,Bologna,21.0,"FW,MF",1964.0,8.0,5.0,,15.0,21.25,6.25,undervalued
Rodrigo Palacio,Bologna,36.0,FW,2329.0,3.0,6.0,,0.5,1.5528000000000004,1.0528000000000004,fair
Nehuén Paz,Bologna,25.0,DF,114.0,0.0,0.0,,0.4,0.9529799999999998,0.5529799999999998,fair
Andrea Poli,Bologna,28.0,MF,1932.0,4.0,1.0,,3.0,4.034133333333333,1.0341333333333331,fair
Erick Pulgar,Bologna,24.0,MF,2357.0,6.0,2.0,,10.0,9.576666666666666,-0.4233333333333338,fair
Nicola Sansone,Bologna,26.0,FW,1139.0,2.0,4.0,,7.5,6.405999999999999,-1.0940000000000012,fair
Federico Santander,Bologna,27.0,FW,2065.0,8.0,3.0,,6.0,6.832666666666667,0.8326666666666673,fair
Roberto Soriano,Bologna,27.0,MF,468.0,0.0,2.0,,7.0,5.506738666666666,-1.4932613333333338,overvalued
Mattias Svanberg,Bologna,19.0,MF,1176.0,0.0,3.0,,4.0,5.361666666666666,1.3616666666666664,undervalued
Yacine Adli,Bordeaux,18.0,"MF,FW",216.0,0.0,0.0,,5.5,4.12925,-1.3707500000000001,fair
Paul Baysse,Bordeaux,30.0,DF,74.0,0.0,0.0,,2.0,2.1119416666666653,0.11194166666666527,fair
Yassine Benrahou,Bordeaux,19.0,"MF,DF",177.0,0.0,0.0,,0.25,0.8823416666666662,0.6323416666666662,fair
Jimmy Briand,Bordeaux,32.0,FW,2495.0,7.0,3.0,,2.5,3.1110666666666673,0.6110666666666673,fair
Till Cissokho,Bordeaux,18.0,DF,78.0,0.0,0.0,,0.25,0.25459500000000046,0.00459500000000046,fair
Andreas Cornelius,Bordeaux,25.0,FW,792.0,3.0,1.0,,3.0,4.039666666666667,1.0396666666666672,fair
Benoît Costil,Bordeaux,31.0,GK,3330.0,0.0,0.0,,5.5,3.0053333333333336,-2.4946666666666664,overvalued
Samuel Kalu,Bordeaux,20.0,FW,1281.0,3.0,2.0,,10.0,7.2058333333333335,-2.7941666666666665,overvalued
François Kamano,Bordeaux,22.0,"FW,MF",2561.0,10.0,1.0,,15.0,16.821666666666665,1.8216666666666654,undervalued
Yann Karamoh,Bordeaux,20.0,"FW,MF",1224.0,3.0,1.0,,10.0,8.439499999999999,-1.560500000000001,overvalued
Jules Koundé,Bordeaux,19.0,DF,3330.0,0.0,1.0,,15.0,17.01,2.0100000000000016,undervalued
Gaëtan Laborde,Bordeaux,24.0,FW,90.0,0.0,0.0,,10.0,7.015008500000002,-2.984991499999998,overvalued
Alexandre Lauray,Bordeaux,21.0,DF,257.0,0.0,0.0,,0.25,2.2817469999999997,2.0317469999999997,undervalued
Lukas Lerager,Bordeaux,25.0,MF,1298.0,0.0,1.0,,6.0,5.3534999999999995,-0.6465000000000005,fair
Igor Lewczuk,Bordeaux,33.0,DF,449.0,0.0,0.0,,0.5,0.5037333333333341,0.0037333333333341434,fair
Josh Maja,Bordeaux,19.0,"FW,MF",198.0,1.0,0.0,,1.7,1.838191666666664,0.13819166666666405,fair
Otávio,Bordeaux,24.0,MF,2875.0,0.0,2.0,,7.0,7.536666666666667,0.5366666666666671,fair
Pablo,Bordeaux,27.0,DF,1936.0,1.0,1.0,,10.0,8.246599999999999,-1.753400000000001,overvalued
Sergi Palencia,Bordeaux,22.0,DF,1986.0,0.0,3.0,,6.0,7.8806666666666665,1.8806666666666665,undervalued
Maxime Poundjé,Bordeaux,25.0,DF,2537.0,0.0,2.0,,5.0,4.935,-0.06500000000000039,fair
Gaëtan Poussin,Bordeaux,19.0,GK,90.0,0.0,0.0,,0.8,0.6707008333333351,-0.12929916666666497,fair
Nicolas de Préville,Bordeaux,27.0,"FW,MF",1271.0,3.0,3.0,,4.0,4.550208333333333,0.550208333333333,fair
Youssouf Sabaly,Bordeaux,25.0,DF,1908.0,0.0,1.0,,10.0,8.008333333333333,-1.9916666666666671,overvalued
Younousse Sankharé,Bordeaux,28.0,MF,1476.0,1.0,3.0,,5.0,4.510666666666666,-0.4893333333333336,fair
Aurélien Tchouaméni,Bordeaux,18.0,MF,704.0,0.0,0.0,,7.0,6.837,-0.16300000000000026,fair
Valentín Vada,Bordeaux,22.0,MF,36.0,0.0,0.0,,4.0,1.1827,-2.8173,overvalued
Zaydou Youssouf,Bordeaux,19.0,"FW,MF",422.0,0.0,0.0,,4.0,3.4244749999999993,-0.5755250000000007,fair
Nathan Aké,Bournemouth,23.0,DF,3411.0,4.0,0.0,,30.0,26.533333333333335,-3.466666666666665,overvalued
Artur Boruc,Bournemouth,38.0,GK,1080.0,0.0,0.0,,1.0,0.8313033333333333,-0.16869666666666672,fair
David Brooks,Bournemouth,21.0,"MF,FW",2261.0,7.0,5.0,,30.0,28.388333333333332,-1.6116666666666681,overvalued
Nathaniel Clyne,Bournemouth,27.0,DF,1143.0,0.0,1.0,,12.0,10.120049999999997,-1.8799500000000027,overvalued
Lewis Cook,Bournemouth,21.0,MF,723.0,0.0,0.0,,20.0,8.943183333333332,-11.056816666666668,overvalued
Steve Cook,Bournemouth,27.0,DF,2786.0,1.0,1.0,,10.0,9.079333333333334,-0.9206666666666656,fair
Charlie Daniels,Bournemouth,31.0,DF,1585.0,1.0,0.0,,3.0,2.6233750000000002,-0.37662499999999977,fair
Jermain Defoe,Bournemouth,35.0,"DF,FW",25.0,0.0,0.0,,2.0,1.5011093333333332,-0.4988906666666668,fair
Simon Francis,Bournemouth,33.0,DF,1229.0,0.0,2.0,,2.0,1.6785765000000001,-0.32142349999999986,fair
Ryan Fraser,Bournemouth,24.0,"MF,FW",3166.0,7.0,14.0,,30.0,38.47666666666667,8.476666666666667,undervalued
Dan Gosling,Bournemouth,28.0,MF,1739.0,2.0,1.0,,3.5,4.074599999999999,0.5745999999999993,fair
Emerson Hyndman,Bournemouth,22.0,MF,38.0,0.0,0.0,,1.0,1.0845333333333336,0.08453333333333357,fair
Jordon Ibe,Bournemouth,22.0,"MF,FW",797.0,1.0,1.0,,8.0,6.723300000000002,-1.2766999999999982,fair
Joshua King,Bournemouth,26.0,FW,2961.0,12.0,3.0,,20.0,19.555,-0.4450000000000003,fair
Jefferson Lerma,Bournemouth,23.0,MF,2506.0,2.0,0.0,,25.0,21.82,-3.1799999999999997,overvalued
Chris Mepham,Bournemouth,20.0,DF,850.0,0.0,1.0,,13.0,10.4067,-2.5932999999999993,overvalued
Tyrone Mings,Bournemouth,25.0,DF,143.0,0.0,0.0,,5.0,4.2524999999999995,-0.7475000000000005,fair
Lys Mousset,Bournemouth,22.0,"FW,MF",368.0,1.0,0.0,,3.5,5.883174999999999,2.3831749999999987,undervalued
Diego Rico,Bournemouth,25.0,"DF,MF",612.0,0.0,0.0,,9.0,8.826983333333335,-0.1730166666666655,fair
Jack Simpson,Bournemouth,21.0,DF,403.0,0.0,0.0,,1.5,2.432535333333332,0.9325353333333322,fair
Adam Smith,Bournemouth,27.0,DF,2066.0,1.0,1.0,,7.0,6.476999999999999,-0.5230000000000006,fair
Dominic Solanke,Bournemouth,20.0,FW,347.0,0.0,1.0,,18.0,12.465080333333335,-5.534919666666665,overvalued
Junior Stanislas,Bournemouth,28.0,"MF,FW",1031.0,2.0,3.0,,4.5,4.960833333333333,0.46083333333333343,fair
Andrew Surman,Bournemouth,31.0,MF,1439.0,0.0,0.0,,2.5,2.12765,-0.37234999999999996,fair
Mark Travers,Bournemouth,19.0,GK,180.0,0.0,0.0,,0.25,0.4214250000000002,0.17142500000000022,fair
Callum Wilson,Bournemouth,26.0,FW,2528.0,14.0,9.0,,30.0,41.545,11.545000000000002,undervalued
Florin Andone,Brighton,25.0,FW,881.0,3.0,0.0,,6.0,5.846333333333334,-0.15366666666666617,fair
Leon Balogun,Brighton,30.0,DF,594.0,1.0,0.0,,2.0,2.237891666666666,0.23789166666666617,fair
Bernardo,Brighton,23.0,DF,1752.0,0.0,1.0,,9.0,7.836333333333334,-1.163666666666666,fair
Yves Bissouma,Brighton,21.0,MF,1774.0,0.0,0.0,,15.0,12.573333333333334,-2.426666666666666,overvalued
Gaëtan Bong,Brighton,30.0,DF,1808.0,0.0,0.0,,2.0,1.9367999999999999,-0.06320000000000014,fair
Bruno,Brighton,37.0,DF,1131.0,0.0,1.0,,0.75,0.5801926666666671,-0.16980733333333287,fair
David Button,Brighton,29.0,GK,360.0,0.0,0.0,,1.5,2.386416666666666,0.886416666666666,fair
Shane Duffy,Brighton,26.0,DF,3087.0,5.0,1.0,,12.0,12.265,0.26500000000000057,fair
Lewis Dunk,Brighton,26.0,DF,3151.0,2.0,1.0,,12.0,13.51,1.5099999999999998,undervalued
Pascal Groß,Brighton,27.0,MF,1864.0,3.0,3.0,,10.0,6.875,-3.125,overvalued
José Izquierdo,Brighton,26.0,"MF,FW",795.0,0.0,1.0,,10.0,8.30565,-1.69435,overvalued
Alireza Jahanbakhsh,Brighton,24.0,"FW,MF",1020.0,0.0,0.0,,15.0,11.316866666666671,-3.6831333333333287,overvalued
Beram Kayal,Brighton,30.0,MF,940.0,1.0,1.0,,1.5,2.731652333333334,1.2316523333333338,fair
Anthony Knockaert,Brighton,26.0,"FW,MF",1837.0,2.0,6.0,,8.0,7.770000000000005,-0.2299999999999951,fair
Jürgen Locadia,Brighton,24.0,"FW,MF",1236.0,2.0,0.0,,12.0,9.922666666666668,-2.077333333333332,overvalued
Solly March,Brighton,24.0,"FW,MF",2463.0,1.0,5.0,,8.0,8.434000000000001,0.43400000000000105,fair
Martín Montoya,Brighton,27.0,DF,2167.0,0.0,1.0,,8.0,7.3002666666666665,-0.6997333333333335,fair
Glenn Murray,Brighton,34.0,FW,2508.0,13.0,1.0,,3.0,4.135979833333334,1.1359798333333337,fair
Davy Pröpper,Brighton,26.0,MF,2546.0,1.0,1.0,,15.0,12.0365,-2.9635,overvalued
Mathew Ryan,Brighton,26.0,GK,3060.0,0.0,0.0,,10.0,9.068333333333333,-0.9316666666666666,fair
Dale Stephens,Brighton,29.0,MF,2485.0,1.0,1.0,,6.0,5.23,-0.7699999999999996,fair
Phil Bardsley,Burnley,33.0,DF,1670.0,0.0,0.0,,1.5,1.2917416666666675,-0.20825833333333255,fair
Ashley Barnes,Burnley,28.0,FW,2388.0,12.0,2.0,,10.0,9.993333333333334,-0.0066666666666659324,fair
Robbie Brady,Burnley,26.0,"MF,FW",720.0,0.0,1.0,,8.0,6.557216666666665,-1.4427833333333346,overvalued
Jack Cork,Burnley,29.0,MF,3312.0,1.0,2.0,,15.0,12.028333333333334,-2.971666666666666,overvalued
Peter Crouch,Burnley,37.0,FW,92.0,0.0,0.0,,1.0,1.2560816666666668,0.25608166666666676,fair
Steven Defour,Burnley,30.0,MF,448.0,0.0,0.0,,5.0,4.2303999999999995,-0.7696000000000005,fair
Ben Gibson,Burnley,25.0,DF,62.0,1.0,0.0,,10.0,2.3465249999999993,-7.653475,overvalued
Joe Hart,Burnley,31.0,GK,1710.0,0.0,0.0,,6.0,5.078533333333334,-0.9214666666666664,fair
Tom Heaton,Burnley,32.0,GK,1710.0,0.0,0.0,,3.0,2.93835,-0.061650000000000205,fair
Jeff Hendrick,Burnley,26.0,"MF,FW",2063.0,3.0,0.0,,10.0,6.588433333333334,-3.4115666666666664,overvalued
Aaron Lennon,Burnley,31.0,"FW,MF",1215.0,1.0,1.0,,5.0,4.217983333333333,-0.7820166666666672,fair
Kevin Long,Burnley,27.0,DF,514.0,0.0,1.0,,2.5,2.7136346666666666,0.21363466666666664,fair
Matthew Lowton,Burnley,29.0,DF,1750.0,0.0,0.0,,5.0,4.4160499999999985,-0.5839500000000015,fair
Dwight McNeil,Burnley,18.0,"MF,FW",1591.0,3.0,5.0,,15.0,15.788333333333334,0.788333333333334,fair
Ben Mee,Burnley,28.0,DF,3420.0,0.0,2.0,,10.0,9.488333333333333,-0.5116666666666667,fair
James Tarkowski,Burnley,25.0,DF,3086.0,3.0,1.0,,18.0,14.605,-3.3949999999999996,overvalued
Charlie Taylor,Burnley,24.0,DF,3243.0,0.0,1.0,,7.0,8.494666666666665,1.4946666666666655,undervalued
Sam Vokes,Burnley,28.0,FW,915.0,3.0,0.0,,5.0,4.7651666666666666,-0.23483333333333345,fair
Stephen Ward,Burnley,32.0,DF,228.0,0.0,0.0,,2.0,1.8187333333333338,-0.18126666666666624,fair
Ashley Westwood,Burnley,28.0,MF,2824.0,2.0,7.0,,7.0,9.208575000000002,2.2085750000000015,undervalued
Chris Wood,Burnley,26.0,FW,2588.0,10.0,2.0,,18.0,15.933333333333334,-2.0666666666666664,overvalued
Paul Baysse,Caen,30.0,DF,74.0,0.0,0.0,,2.0,1.576725,-0.42327500000000007,fair
Claudio Beauvue,Caen,30.0,FW,1499.0,3.0,0.0,,2.5,2.8446,0.3445999999999998,fair
Saîf-Eddine Khaoui,Caen,23.0,"MF,FW",1353.0,3.0,1.0,,3.5,3.569433333333333,0.06943333333333301,fair
Aly Ndom,Caen,22.0,MF,45.0,0.0,0.0,,0.6,0.7118916666666646,0.11189166666666461,fair
Marco Andreolli,Cagliari,32.0,DF,106.0,0.0,0.0,,0.5,0.5468926666666669,0.046892666666666916,fair
Nicolò Barella,Cagliari,21.0,"MF,FW",3107.0,1.0,3.0,,36.0,29.576666666666668,-6.423333333333332,overvalued
Valter Birsa,Cagliari,31.0,"MF,FW",353.0,0.0,0.0,,2.0,1.945825,-0.054175000000000084,fair
Fabrizio Cacciatore,Cagliari,31.0,DF,580.0,0.0,2.0,,0.8,1.2830166666666705,0.4830166666666704,fair
Lucas Castro,Cagliari,29.0,"MF,FW",896.0,1.0,3.0,,6.0,5.153816666666667,-0.8461833333333333,fair
Luca Ceppitelli,Cagliari,28.0,DF,2051.0,2.0,1.0,,2.5,4.213266666666667,1.7132666666666667,undervalued
Alberto Cerri,Cagliari,22.0,FW,670.0,0.0,0.0,,6.0,3.439199999999999,-2.560800000000001,overvalued
Luca Cigarini,Cagliari,32.0,MF,1682.0,0.0,2.0,,0.8,0.9666500000000032,0.16665000000000318,fair
Alessio Cragno,Cagliari,24.0,GK,3420.0,0.0,0.0,,20.0,17.946666666666665,-2.0533333333333346,overvalued
Alessandro Deiola,Cagliari,22.0,MF,450.0,0.0,0.0,,1.2,1.143000000000001,-0.05699999999999905,fair
Kiril Despodov,Cagliari,21.0,"FW,MF",105.0,0.0,0.0,,3.0,0.30712175,-2.69287825,overvalued
Daniele Dessena,Cagliari,31.0,MF,352.0,0.0,0.0,,0.5,2.0299666666666663,1.5299666666666663,undervalued
Riccardo Doratiotto,Cagliari,19.0,FW,78.0,0.0,0.0,,0.25,0.23805175000000015,-0.011948249999999855,fair
Paolo Faragò,Cagliari,25.0,"MF,DF",1703.0,1.0,1.0,,5.0,5.636833333333334,0.6368333333333336,fair
Diego Farias,Cagliari,28.0,FW,1193.0,4.0,4.0,,4.5,6.481,1.9809999999999999,undervalued
Ragnar Klavan,Cagliari,32.0,DF,1230.0,0.0,0.0,,1.5,1.303125,-0.1968749999999999,fair
Simone Padoin,Cagliari,34.0,"DF,MF",1915.0,0.0,2.0,,0.5,0.5760753333333335,0.0760753333333335,fair
Leonardo Pavoletti,Cagliari,29.0,FW,2734.0,16.0,1.0,,12.0,12.138333333333334,0.13833333333333364,fair
João Pedro,Cagliari,26.0,"FW,MF",2555.0,7.0,2.0,,8.0,9.055,1.0549999999999997,fair
Luca Pellegrini,Cagliari,19.0,DF,940.0,0.0,1.0,,5.0,4.169666666666665,-0.8303333333333347,fair
Fabio Pisacane,Cagliari,32.0,DF,2266.0,1.0,1.0,,0.7,0.9919663333333295,0.29196633333332955,fair
Filippo Romagna,Cagliari,21.0,DF,1474.0,0.0,0.0,,6.0,5.972666666666667,-0.027333333333332988,fair
Marco Sau,Cagliari,30.0,FW,55.0,0.0,0.0,,0.4,0.5908355000000025,0.1908355000000025,fair
Darijo Srna,Cagliari,36.0,DF,2087.0,0.0,3.0,,0.8,0.7302176666666694,-0.06978233333333062,fair
Cyril Théréau,Cagliari,35.0,"FW,MF",30.0,0.0,0.0,,0.5,0.4135593333333333,-0.08644066666666672,fair
Francesco Verde,Cagliari,19.0,FW,12.0,0.0,0.0,,0.1,0.28373833333333265,0.18373833333333264,fair
Harry Arter,Cardiff City,28.0,MF,1997.0,0.0,1.0,,7.0,5.994299999999999,-1.005700000000001,fair
Leandro Bacuna,Cardiff City,26.0,"MF,DF",561.0,0.0,0.0,,3.0,3.1207666666666674,0.12076666666666735,fair
Sol Bamba,Cardiff City,33.0,DF,2474.0,4.0,1.0,,1.0,1.0905723333333335,0.09057233333333348,fair
Joe Bennett,Cardiff City,28.0,DF,2639.0,0.0,1.0,,3.0,3.79,0.79,fair
Víctor Camarasa,Cardiff City,24.0,MF,2569.0,5.0,4.0,,10.0,11.486666666666666,1.4866666666666664,undervalued
Greg Cunningham,Cardiff City,27.0,DF,630.0,0.0,0.0,,3.0,2.772400000000001,-0.22759999999999891,fair
Loïc Damour,Cardiff City,27.0,MF,23.0,0.0,0.0,,0.75,0.72335,-0.02664999999999995,fair
Bruno Ecuele Manga,Cardiff City,30.0,DF,3376.0,0.0,1.0,,3.0,3.7175,0.7174999999999998,fair
Neil Etheridge,Cardiff City,28.0,GK,3420.0,0.0,0.0,,8.0,7.716666666666667,-0.2833333333333332,fair
Aron Gunnarsson,Cardiff City,29.0,MF,2266.0,1.0,1.0,,2.5,2.868108333333333,0.3681083333333328,fair
Kadeem Harris,Cardiff City,25.0,"MF,FW",375.0,1.0,0.0,,0.75,2.0281166666666666,1.2781166666666666,fair
Rhys Healey,Cardiff City,23.0,"FW,MF",52.0,0.0,0.0,,0.25,0.5856916666666669,0.33569166666666694,fair
Junior Hoilett,Cardiff City,28.0,"FW,MF",2141.0,3.0,1.0,,4.5,6.9422,2.4421999999999997,undervalued
Gary Madine,Cardiff City,27.0,"FW,MF",37.0,0.0,0.0,,4.0,0.572833333333334,-3.427166666666666,overvalued
Nathaniel Mendez-Laing,Cardiff City,26.0,"MF,FW",985.0,4.0,1.0,,3.0,3.8281666666666663,0.8281666666666663,fair
Sean Morrison,Cardiff City,27.0,DF,3039.0,1.0,3.0,,5.0,5.398000000000001,0.3980000000000006,fair
Josh Murphy,Cardiff City,23.0,"FW,MF",1817.0,3.0,2.0,,10.0,6.947333333333333,-3.052666666666667,overvalued
Oumar Niasse,Cardiff City,28.0,FW,931.0,0.0,0.0,,6.0,5.061108333333333,-0.9388916666666667,fair
Callum Paterson,Cardiff City,23.0,"FW,MF",1998.0,4.0,1.0,,5.0,6.093333333333334,1.0933333333333337,fair
Lee Peltier,Cardiff City,31.0,DF,1544.0,0.0,0.0,,1.5,1.4400999999999993,-0.05990000000000073,fair
Joe Ralls,Cardiff City,24.0,MF,1959.0,0.0,0.0,,5.0,4.9158333333333335,-0.0841666666666665,fair
Bobby Reid,Cardiff City,25.0,"FW,MF",1424.0,5.0,2.0,,10.0,8.484241666666668,-1.5157583333333324,overvalued
Jazz Richards,Cardiff City,27.0,"DF,MF",132.0,0.0,0.0,,0.75,0.9619590000000017,0.21195900000000167,fair
Danny Ward,Cardiff City,26.0,FW,445.0,1.0,0.0,,8.0,6.216666666666666,-1.783333333333334,overvalued
Kenneth Zohore,Cardiff City,24.0,FW,753.0,1.0,1.0,,7.0,6.565666666666667,-0.434333333333333,fair
Júnior Alonso,Celta Vigo,25.0,"DF,MF",536.0,0.0,0.0,,3.0,2.5242753333333336,-0.47572466666666635,fair
Sergio Álvarez,Celta Vigo,31.0,GK,1170.0,0.0,0.0,,2.0,1.8553666666666664,-0.1446333333333336,fair
Emmanuel Apeh,Celta Vigo,21.0,MF,14.0,0.0,0.0,,0.3,0.3292424999999987,0.029242499999998728,fair
Iago Aspas,Celta Vigo,30.0,FW,2251.0,20.0,6.0,,25.0,54.63166666666667,29.631666666666668,undervalued
Fran Beltrán,Celta Vigo,19.0,MF,1517.0,1.0,0.0,,18.0,13.273266666666668,-4.726733333333332,overvalued
Rubén Blanco,Celta Vigo,23.0,GK,2250.0,0.0,0.0,,3.0,7.335466666666666,4.335466666666666,undervalued
Ryad Boudebouz,Celta Vigo,28.0,MF,717.0,1.0,2.0,,6.0,5.203283333333334,-0.7967166666666659,fair
Sofiane Boufal,Celta Vigo,24.0,"MF,FW",2085.0,3.0,3.0,,12.0,9.611333333333333,-2.3886666666666674,overvalued
Gustavo Cabral,Celta Vigo,32.0,DF,1897.0,0.0,0.0,,1.5,1.4133166666666666,-0.08668333333333345,fair
David Costas,Celta Vigo,23.0,DF,1173.0,0.0,0.0,,3.0,5.383866666666666,2.383866666666666,undervalued
Maxi Gómez,Celta Vigo,21.0,FW,2960.0,13.0,5.0,,40.0,37.575,-2.424999999999997,overvalued
Andrew Hjulsager,Celta Vigo,23.0,"MF,FW",359.0,0.0,3.0,,1.0,2.153379333333334,1.153379333333334,fair
Wesley Hoedt,Celta Vigo,24.0,DF,1170.0,0.0,0.0,,12.0,9.1534,-2.8466000000000005,overvalued
Mathias Jensen,Celta Vigo,22.0,"MF,FW",235.0,0.0,0.0,,2.5,1.9728859999999993,-0.5271140000000007,fair
David Juncà,Celta Vigo,24.0,DF,1754.0,0.0,3.0,,1.5,6.799733333333333,5.299733333333333,undervalued
Stanislav Lobotka,Celta Vigo,23.0,MF,2489.0,0.0,1.0,,25.0,19.1,-5.899999999999999,overvalued
Hugo Mallo,Celta Vigo,27.0,DF,3092.0,1.0,4.0,,15.0,14.846666666666666,-0.1533333333333342,fair
Brais Méndez,Celta Vigo,21.0,"MF,FW",2349.0,6.0,7.0,,20.0,24.545,4.545000000000002,undervalued
Emre Mor,Celta Vigo,21.0,"FW,MF",369.0,0.0,0.0,,2.0,1.6472916666666668,-0.3527083333333332,fair
Lucas Olaza,Celta Vigo,24.0,DF,897.0,0.0,2.0,,3.5,3.5525000000000015,0.052500000000001545,fair
Facundo Roncaglia,Celta Vigo,31.0,DF,601.0,0.0,0.0,,2.5,2.169708333333334,-0.3302916666666662,fair
Pione Sisto,Celta Vigo,23.0,"FW,MF",844.0,2.0,1.0,,8.0,3.692300000000001,-4.307699999999999,overvalued
Kevin Vázquez,Celta Vigo,25.0,DF,220.0,0.0,0.0,,0.5,0.8961166666666666,0.39611666666666656,fair
Marcos Alonso,Chelsea,27.0,DF,2759.0,2.0,4.0,,40.0,42.61333333333334,2.613333333333337,undervalued
César Azpilicueta,Chelsea,28.0,DF,3402.0,1.0,5.0,,35.0,39.625,4.625,undervalued
Ross Barkley,Chelsea,24.0,MF,1245.0,3.0,5.0,,30.0,29.249000000000002,-0.7509999999999977,fair
Willy Caballero,Chelsea,36.0,GK,180.0,0.0,0.0,,1.0,2.596683333333332,1.5966833333333321,undervalued
Gary Cahill,Chelsea,32.0,DF,24.0,0.0,0.0,,8.0,6.185733333333332,-1.8142666666666676,overvalued
Andreas Christensen,Chelsea,22.0,DF,617.0,0.0,0.0,,30.0,23.733133333333335,-6.266866666666665,overvalued
Cesc Fàbregas,Chelsea,31.0,MF,180.0,0.0,0.0,,15.0,5.490074999999998,-9.509925000000003,overvalued
Olivier Giroud,Chelsea,31.0,FW,847.0,2.0,4.0,,15.0,19.454941666666667,4.454941666666667,undervalued
Eden Hazard,Chelsea,27.0,FW,2923.0,16.0,15.0,,150.0,124.61666666666666,-25.38333333333334,overvalued
Gonzalo Higuaín,Chelsea,30.0,FW,1085.0,5.0,0.0,,35.0,29.121666666666666,-5.878333333333334,overvalued
Callum Hudson-Odoi,Chelsea,17.0,FW,393.0,0.0,1.0,,35.0,13.218969333333334,-21.781030666666666,overvalued
Jorginho,Chelsea,26.0,MF,3156.0,2.0,0.0,,65.0,62.72666666666667,-2.2733333333333334,overvalued
N'Golo Kanté,Chelsea,27.0,MF,3092.0,4.0,4.0,,100.0,74.90666666666667,-25.093333333333334,overvalued
Ruben Loftus-Cheek,Chelsea,22.0,"MF,FW",998.0,6.0,2.0,,30.0,28.778333333333332,-1.2216666666666676,fair
David Luiz,Chelsea,31.0,DF,3238.0,3.0,2.0,,20.0,18.921800000000005,-1.0781999999999954,fair
Álvaro Morata,Chelsea,25.0,FW,941.0,5.0,0.0,,50.0,27.091666666666665,-22.908333333333335,overvalued
Victor Moses,Chelsea,27.0,FW,28.0,0.0,0.0,,11.0,11.909058333333332,0.9090583333333324,fair
Pedro,Chelsea,31.0,FW,1778.0,8.0,2.0,,20.0,22.59593333333333,2.595933333333331,undervalued
Antonio Rüdiger,Chelsea,25.0,DF,2871.0,1.0,0.0,,50.0,44.98433333333333,-5.015666666666668,overvalued
Willian,Chelsea,29.0,FW,2097.0,3.0,6.0,,40.0,35.365,-4.634999999999998,overvalued
Davide Zappacosta,Chelsea,26.0,DF,128.0,0.0,0.0,,15.0,15.363808333333333,0.36380833333333307,fair
Marco Andreolli,Chievo,32.0,DF,106.0,0.0,0.0,,0.5,0.6017343333333334,0.10173433333333337,fair
Mattia Bani,Chievo,24.0,DF,2610.0,0.0,0.0,,2.5,2.965666666666667,0.4656666666666669,fair
Federico Barba,Chievo,24.0,DF,2483.0,0.0,0.0,,2.0,2.6286666666666663,0.6286666666666663,fair
Valter Birsa,Chievo,31.0,"MF,FW",353.0,0.0,0.0,,2.0,1.8287999999999995,-0.17120000000000046,fair
Fabrizio Cacciatore,Chievo,31.0,DF,580.0,0.0,2.0,,0.8,1.317908333333336,0.5179083333333359,fair
Fabio Depaoli,Chievo,21.0,DF,2468.0,0.0,4.0,,5.0,8.215,3.215,undervalued
Assane Dioussé,Chievo,20.0,MF,892.0,0.0,0.0,,4.5,4.253166666666667,-0.24683333333333302,fair
Nicolas Frey,Chievo,34.0,DF,227.0,0.0,0.0,,0.1,0.26624266666666646,0.16624266666666646,fair
Emanuele Giaccherini,Chievo,33.0,"MF,FW",2009.0,3.0,1.0,,0.6,0.6362159999999978,0.036215999999997806,fair
Sergej Grubac,Chievo,18.0,"FW,MF",157.0,0.0,0.0,,0.2,0.5666373333333332,0.3666373333333332,fair
Musa Juwara,Chievo,16.0,FW,12.0,0.0,0.0,,0.5,0.5244791666666666,0.024479166666666607,fair
Sofian Kiyine,Chievo,20.0,"MF,DF",816.0,0.0,1.0,,1.5,2.3862,0.8862000000000001,fair
Mehdi Léris,Chievo,20.0,"MF,FW",1607.0,0.0,2.0,,2.5,5.922999999999999,3.422999999999999,undervalued
Riccardo Meggiorini,Chievo,32.0,FW,1548.0,3.0,1.0,,0.5,1.0333858333333337,0.5333858333333337,fair
Joel Obi,Chievo,27.0,MF,659.0,1.0,0.0,,2.0,2.1260166666666667,0.12601666666666667,fair
Sergio Pellissier,Chievo,39.0,FW,953.0,4.0,1.0,,0.2,0.5454161666666658,0.3454161666666658,fair
Manuel Pucciarelli,Chievo,27.0,FW,302.0,0.0,0.0,,2.0,1.5833279999999998,-0.41667200000000015,fair
Nicola Rigoni,Chievo,27.0,MF,1951.0,0.0,1.0,,0.8,2.354649999999998,1.554649999999998,undervalued
Luca Rossettini,Chievo,33.0,DF,1823.0,0.0,0.0,,0.5,0.5759750000000006,0.07597500000000057,fair
Ezequiel Schelotto,Chievo,29.0,"DF,MF",143.0,0.0,0.0,,3.0,2.3974333333333324,-0.6025666666666676,fair
Andrea Seculin,Chievo,28.0,GK,91.0,0.0,0.0,,0.3,0.38400833333333195,0.08400833333333196,fair
Stefano Sorrentino,Chievo,39.0,GK,2789.0,0.0,0.0,,0.5,0.4063196666666663,-0.0936803333333337,fair
Nenad Tomović,Chievo,30.0,DF,739.0,1.0,0.0,,0.6,1.1480000000000015,0.5480000000000015,fair
Emanuel Vignato,Chievo,17.0,MF,655.0,1.0,1.0,,2.5,3.963616666666666,1.463616666666666,undervalued
Patrick van Aanholt,Crystal Palace,27.0,DF,3195.0,3.0,2.0,,10.0,11.888333333333334,1.8883333333333336,undervalued
Jordan Ayew,Crystal Palace,26.0,FW,1181.0,1.0,2.0,,8.0,9.278333333333334,1.2783333333333342,fair
Michy Batshuayi,Crystal Palace,24.0,FW,750.0,5.0,0.0,,30.0,20.746833333333335,-9.253166666666665,overvalued
Christian Benteke,Crystal Palace,27.0,FW,814.0,1.0,1.0,,15.0,12.142883333333334,-2.8571166666666663,overvalued
Scott Dann,Crystal Palace,31.0,DF,663.0,0.0,1.0,,4.0,3.762841666666667,-0.23715833333333292,fair
Vicente Guaita,Crystal Palace,31.0,GK,1754.0,0.0,0.0,,5.0,2.9656583333333355,-2.0343416666666645,overvalued
Wayne Hennessey,Crystal Palace,31.0,GK,1576.0,0.0,0.0,,5.0,4.156833333333335,-0.8431666666666651,fair
Martin Kelly,Crystal Palace,28.0,DF,1111.0,0.0,0.0,,3.0,3.2178166666666663,0.21781666666666633,fair
Cheikhou Kouyaté,Crystal Palace,28.0,MF,1899.0,0.0,2.0,,10.0,8.627983333333333,-1.372016666666667,fair
James McArthur,Crystal Palace,30.0,MF,3058.0,3.0,6.0,,7.0,6.586841666666666,-0.4131583333333344,fair
Max Meyer,Crystal Palace,22.0,"MF,FW",1416.0,1.0,2.0,,15.0,12.395500000000002,-2.604499999999998,overvalued
Jason Puncheon,Crystal Palace,32.0,MF,13.0,0.0,0.0,,3.0,2.3214174999999995,-0.6785825000000005,fair
Mamadou Sakho,Crystal Palace,28.0,DF,2416.0,0.0,0.0,,15.0,11.760999999999997,-3.2390000000000025,overvalued
Bakary Sako,Crystal Palace,30.0,"FW,MF",29.0,0.0,0.0,,4.0,2.8824674999999997,-1.1175325000000003,fair
Jeffrey Schlupp,Crystal Palace,25.0,"MF,FW",1670.0,4.0,1.0,,10.0,8.982433333333335,-1.0175666666666654,fair
Pape Souaré,Crystal Palace,28.0,DF,1.0,0.0,0.0,,2.0,2.283008333333333,0.2830083333333331,fair
Julián Speroni,Crystal Palace,39.0,GK,90.0,0.0,0.0,,0.25,0.6533416666666667,0.4033416666666667,fair
James Tomkins,Crystal Palace,29.0,DF,2560.0,1.0,1.0,,8.0,7.652666666666668,-0.3473333333333324,fair
Andros Townsend,Crystal Palace,27.0,"FW,MF",3009.0,6.0,4.0,,15.0,15.223333333333333,0.22333333333333272,fair
Aaron Wan-Bissaka,Crystal Palace,20.0,DF,3134.0,0.0,3.0,,35.0,19.66,-15.34,overvalued
Joel Ward,Crystal Palace,28.0,DF,552.0,1.0,0.0,,4.0,4.821055333333335,0.8210553333333346,fair
Connor Wickham,Crystal Palace,25.0,FW,67.0,0.0,1.0,,3.0,3.213041666666666,0.2130416666666659,fair
Wilfried Zaha,Crystal Palace,25.0,FW,3036.0,10.0,5.0,,45.0,36.17,-8.829999999999998,overvalued
Kaan Ayhan,Düsseldorf,23.0,DF,2449.0,4.0,1.0,,9.0,9.866000000000001,0.8660000000000014,fair
Aymen Barkok,Düsseldorf,20.0,MF,510.0,0.0,0.0,,2.0,2.307485999999996,0.30748599999999593,fair
Adam Bodzek,Düsseldorf,32.0,"MF,DF",1596.0,0.0,1.0,,0.4,0.620916666666669,0.22091666666666898,fair
Robin Bormuth,Düsseldorf,22.0,DF,616.0,0.0,0.0,,1.75,2.2044666666666664,0.45446666666666635,fair
Oliver Fink,Düsseldorf,36.0,MF,1055.0,3.0,0.0,,0.25,0.35845266666666675,0.10845266666666675,fair
Niko Gießelmann,Düsseldorf,26.0,DF,2593.0,0.0,3.0,,4.0,4.719500000000002,0.7195000000000018,fair
Rouwen Hennings,Düsseldorf,30.0,FW,1833.0,7.0,4.0,,1.5,4.384666666666667,2.884666666666667,undervalued
Kenan Karaman,Düsseldorf,24.0,"FW,MF",919.0,3.0,1.0,,2.5,3.1959166666666667,0.6959166666666667,fair
Dawid Kownacki,Düsseldorf,21.0,"MF,FW",168.0,1.0,1.0,,9.0,6.337874999999996,-2.662125000000004,overvalued
Dodi Lukebakio,Düsseldorf,20.0,"FW,MF",1972.0,10.0,3.0,,18.0,14.938333333333333,-3.0616666666666674,overvalued
Alfredo Morales,Düsseldorf,28.0,MF,1532.0,1.0,1.0,,2.5,2.897166666666667,0.3971666666666671,fair
Benito Raman,Düsseldorf,23.0,"MF,FW",1681.0,10.0,4.0,,12.0,17.02,5.02,undervalued
Michael Rensing,Düsseldorf,34.0,GK,2880.0,0.0,0.0,,0.5,0.5255000000000002,0.02550000000000019,fair
Marcel Sobottka,Düsseldorf,24.0,MF,942.0,0.0,0.0,,3.5,2.8238019999999997,-0.6761980000000003,fair
Kevin Stöger,Düsseldorf,24.0,MF,2118.0,1.0,7.0,,5.0,13.191,8.191,undervalued
Markus Suttner,Düsseldorf,31.0,"DF,MF",489.0,1.0,1.0,,1.5,1.9375166666666666,0.43751666666666655,fair
Jean Zimmer,Düsseldorf,24.0,"DF,MF",1435.0,1.0,2.0,,2.75,3.4776666666666665,0.7276666666666665,fair
Matthias Zimmermann,Düsseldorf,26.0,"DF,MF",3049.0,1.0,3.0,,5.0,5.277333333333334,0.2773333333333339,fair
Mehdi Abeid,Dijon,25.0,MF,2023.0,3.0,0.0,,1.75,3.619333333333333,1.869333333333333,undervalued
Nayef Aguerd,Dijon,22.0,DF,1050.0,3.0,0.0,,1.5,2.6337416666666664,1.1337416666666664,fair
Rúnar Alex Rúnarsson,Dijon,23.0,GK,2250.0,0.0,0.0,,3.0,4.799366666666668,1.7993666666666677,undervalued
Bobby Allain,Dijon,26.0,GK,1170.0,0.0,0.0,,0.8,1.1040000000000039,0.3040000000000038,fair
Mickaël Alphonse,Dijon,29.0,DF,571.0,1.0,0.0,,0.9,1.5986783333333292,0.6986783333333292,fair
Romain Amalfitano,Dijon,28.0,"MF,FW",2522.0,0.0,0.0,,2.0,3.395,1.395,undervalued
Florent Balmont,Dijon,38.0,MF,1076.0,0.0,1.0,,0.25,0.29320399999999985,0.043203999999999854,fair
Arnold Bouka Moutou,Dijon,29.0,"DF,FW",66.0,0.0,0.0,,0.75,0.9553439999999996,0.20534399999999964,fair
Fouad Chafik,Dijon,31.0,DF,1847.0,0.0,2.0,,0.8,1.0805693333333373,0.2805693333333372,fair
Laurent Ciman,Dijon,32.0,DF,717.0,0.0,0.0,,0.6,0.512538666666665,-0.08746133333333495,fair
Senou Coulibaly,Dijon,23.0,"DF,MF",411.0,1.0,0.0,,1.0,1.6372333333333333,0.6372333333333333,fair
Yoann Gourcuff,Dijon,32.0,"MF,FW",134.0,0.0,0.0,,2.0,1.987983333333333,-0.012016666666667009,fair
Oussama Haddadi,Dijon,26.0,"DF,MF",2674.0,2.0,2.0,,3.5,5.405666666666667,1.9056666666666668,undervalued
Benjamin Jeannot,Dijon,26.0,FW,1436.0,2.0,0.0,,2.5,2.6471666666666662,0.14716666666666622,fair
Sory Kaba,Dijon,23.0,"FW,MF",232.0,0.0,0.0,,2.0,1.7600513333333334,-0.2399486666666666,fair
Jules Keita,Dijon,20.0,"FW,MF",456.0,2.0,1.0,,2.0,2.712633333333333,0.7126333333333328,fair
Wesley Lautoa,Dijon,30.0,"DF,MF",3024.0,0.0,0.0,,2.0,2.9266666666666667,0.9266666666666667,fair
Enzo Loiodice,Dijon,17.0,MF,850.0,0.0,1.0,,5.5,5.366866666666667,-0.13313333333333333,fair
Jordan Marié,Dijon,26.0,MF,1803.0,1.0,1.0,,1.5,2.227266666666667,0.727266666666667,fair
Valentin Rosier,Dijon,21.0,"DF,MF",1460.0,0.0,4.0,,8.0,7.0360000000000005,-0.9639999999999995,fair
Wesley Saïd,Dijon,23.0,"FW,MF",2253.0,4.0,1.0,,6.0,6.273499999999999,0.2734999999999994,fair
Frédéric Sammaritano,Dijon,32.0,"FW,MF",538.0,0.0,0.0,,0.5,0.6990513333333331,0.19905133333333314,fair
Naïm Sliti,Dijon,26.0,"MF,FW",2286.0,3.0,4.0,,7.0,7.322999999999999,0.3229999999999986,fair
Manuel Akanji,Dortmund,23.0,DF,2205.0,1.0,0.0,,40.0,31.04693333333333,-8.953066666666668,overvalued
Paco Alcácer,Dortmund,24.0,FW,1211.0,18.0,0.0,,37.0,43.348333333333336,6.348333333333336,undervalued
Jacob Bruun Larsen,Dortmund,19.0,"FW,MF",1265.0,2.0,2.0,,15.0,17.288166666666665,2.2881666666666653,undervalued
Roman Bürki,Dortmund,27.0,GK,2880.0,0.0,0.0,,14.0,12.581666666666667,-1.418333333333333,overvalued
Mahmoud Dahoud,Dortmund,22.0,MF,697.0,1.0,0.0,,14.0,10.587900000000003,-3.412099999999997,overvalued
Thomas Delaney,Dortmund,26.0,MF,2283.0,3.0,5.0,,27.0,23.245,-3.754999999999999,overvalued
Mario Götze,Dortmund,26.0,"FW,MF",1674.0,7.0,7.0,,25.0,25.84,0.8399999999999999,fair
Raphaël Guerreiro,Dortmund,24.0,"FW,DF",1527.0,2.0,6.0,,25.0,21.28,-3.719999999999999,overvalued
Achraf Hakimi,Dortmund,19.0,DF,1740.0,2.0,4.0,,30.0,23.261666666666667,-6.738333333333333,overvalued
Marwin Hitz,Dortmund,30.0,GK,180.0,0.0,0.0,,2.5,2.9103499999999993,0.4103499999999993,fair
Christian Pulisic,Dortmund,19.0,"FW,MF",932.0,4.0,4.0,,60.0,44.97666666666667,-15.023333333333333,overvalued
Marco Reus,Dortmund,29.0,"MF,FW",2316.0,17.0,8.0,,50.0,51.86,1.8599999999999994,undervalued
Jadon Sancho,Dortmund,18.0,"FW,MF",2461.0,12.0,14.0,,100.0,94.02666666666667,-5.973333333333329,overvalued
Marcel Schmelzer,Dortmund,30.0,DF,566.0,0.0,1.0,,2.5,3.1339693333333334,0.6339693333333334,fair
Ömer Toprak,Dortmund,29.0,DF,236.0,0.0,0.0,,5.0,4.785091333333332,-0.21490866666666797,fair
Julian Weigl,Dortmund,22.0,"DF,MF",1455.0,1.0,0.0,,25.0,21.286333333333335,-3.713666666666665,overvalued
Axel Witsel,Dortmund,29.0,MF,2873.0,4.0,1.0,,32.0,26.025,-5.975000000000001,overvalued
Marius Wolf,Dortmund,23.0,"DF,FW",828.0,1.0,0.0,,8.0,11.206883333333334,3.2068833333333338,undervalued
Dan-Axel Zagadou,Dortmund,19.0,DF,1267.0,2.0,0.0,,28.0,23.865,-4.135000000000002,overvalued
Sergio Álvarez,Eibar,26.0,"MF,DF",1170.0,0.0,0.0,,2.0,2.011293333333333,0.011293333333333155,fair
José Ángel,Eibar,28.0,DF,3028.0,1.0,1.0,,5.0,5.411666666666667,0.41166666666666707,fair
Anaitz Arbilla,Eibar,31.0,DF,1950.0,1.0,2.0,,2.0,1.8277443333333325,-0.17225566666666747,fair
Bebé,Eibar,28.0,MF,1302.0,1.0,1.0,,2.0,2.9198166666666663,0.9198166666666663,fair
Pedro Bigas,Eibar,27.0,DF,585.0,0.0,1.0,,3.0,3.0008106666666663,0.0008106666666662932,fair
Pablo de Blasis,Eibar,30.0,"DF,MF",90.0,0.0,0.0,,2.0,0.9083466666666665,-1.0916533333333334,fair
Jordi Calavera,Eibar,22.0,DF,1.0,0.0,0.0,,0.6,0.6657108333333311,0.06571083333333116,fair
Marc Cardona,Eibar,23.0,"FW,MF",604.0,3.0,1.0,,1.5,3.027816666666667,1.5278166666666668,undervalued
Charles,Eibar,34.0,FW,1739.0,14.0,1.0,,2.0,11.502692833333336,9.502692833333336,undervalued
Marc Cucurella,Eibar,20.0,"MF,FW",2354.0,1.0,2.0,,10.0,10.385,0.3849999999999998,fair
Sergi Enrich,Eibar,28.0,FW,2582.0,7.0,4.0,,7.5,9.006666666666666,1.506666666666666,undervalued
Gonzalo Escalante,Eibar,25.0,MF,1789.0,4.0,1.0,,4.0,4.805,0.8049999999999997,fair
Pablo Hervías,Eibar,25.0,MF,160.0,0.0,0.0,,0.7,0.903468999999997,0.203468999999997,fair
Joan Jordán,Eibar,24.0,MF,2875.0,4.0,4.0,,12.0,14.293333333333333,2.293333333333333,undervalued
Pedro León,Eibar,31.0,"MF,FW",425.0,1.0,0.0,,1.8,1.8654666666666682,0.06546666666666812,fair
Miguel Marí,Eibar,21.0,MF,69.0,0.0,0.0,,0.25,0.34329566666666705,0.09329566666666705,fair
Pere Milla,Eibar,25.0,"FW,MF",341.0,0.0,0.0,,0.7,1.008303999999996,0.30830399999999614,fair
Paulo Oliveira,Eibar,26.0,DF,2245.0,0.0,0.0,,6.0,5.166333333333333,-0.8336666666666668,fair
Fabián Orellana,Eibar,32.0,"MF,FW",2733.0,3.0,5.0,,2.5,3.2466500000000003,0.7466500000000003,fair
Rubén Peña,Eibar,27.0,DF,2674.0,1.0,2.0,,10.0,4.861666666666666,-5.138333333333334,overvalued
Iván Ramis,Eibar,33.0,DF,1677.0,0.0,0.0,,1.0,0.8440663333333344,-0.15593366666666564,fair
Asier Riesgo,Eibar,34.0,GK,1260.0,0.0,0.0,,0.4,0.3522226666666672,-0.04777733333333284,fair
David Abraham,Eint Frankfurt,32.0,DF,1420.0,0.0,0.0,,2.5,1.9039416666666662,-0.5960583333333338,fair
Allan,Eint Frankfurt,21.0,"MF,DF",176.0,0.0,0.0,,60.0,1.471678750000002,-58.52832125,overvalued
Timothy Chandler,Eint Frankfurt,28.0,FW,17.0,0.0,0.0,,4.0,2.828008333333332,-1.1719916666666679,fair
Danny da Costa,Eint Frankfurt,25.0,"DF,MF",3033.0,2.0,4.0,,15.0,14.625,-0.375,fair
Simon Falette,Eint Frankfurt,26.0,DF,600.0,0.0,0.0,,4.0,3.5115686666666672,-0.4884313333333328,fair
Gelson Fernandes,Eint Frankfurt,31.0,MF,2225.0,1.0,0.0,,1.5,2.2266166666666662,0.7266166666666662,fair
Jonathan de Guzmán,Eint Frankfurt,30.0,MF,1564.0,3.0,6.0,,2.5,4.349666666666667,1.8496666666666668,undervalued
Makoto Hasebe,Eint Frankfurt,34.0,"DF,MF",2520.0,0.0,0.0,,1.0,0.692287000000001,-0.307712999999999,fair
Martin Hinteregger,Eint Frankfurt,25.0,DF,1575.0,2.0,0.0,,16.0,4.1225666666666605,-11.87743333333334,overvalued
Gonçalo Paciência,Eint Frankfurt,23.0,FW,390.0,3.0,1.0,,6.0,5.836741666666666,-0.16325833333333417,fair
Sebastian Rode,Eint Frankfurt,27.0,MF,923.0,0.0,0.0,,3.0,2.951666333333334,-0.04833366666666583,fair
Marco Russ,Eint Frankfurt,32.0,DF,380.0,0.0,0.0,,0.75,1.003568666666667,0.253568666666667,fair
Lucas Torró,Eint Frankfurt,24.0,MF,560.0,0.0,0.0,,6.0,4.851233333333335,-1.1487666666666652,fair
Almamy Touré,Eint Frankfurt,22.0,DF,519.0,0.0,0.0,,6.5,1.9623813333333335,-4.537618666666667,overvalued
Kevin Trapp,Eint Frankfurt,28.0,GK,2937.0,0.0,0.0,,10.0,9.41,-0.5899999999999999,fair
Afriyie Acquah,Empoli,26.0,MF,1510.0,2.0,0.0,,1.8,3.1037333333333335,1.3037333333333334,undervalued
Luca Antonelli,Empoli,31.0,"DF,MF",755.0,0.0,1.0,,0.5,0.682385333333334,0.18238533333333395,fair
Ismaël Bennacer,Empoli,20.0,MF,2961.0,0.0,5.0,,12.0,12.883333333333333,0.8833333333333329,fair
Matteo Brighi,Empoli,37.0,MF,231.0,1.0,0.0,,0.2,0.3427373333333347,0.14273733333333471,fair
Leonardo Capezzi,Empoli,23.0,MF,772.0,0.0,0.0,,0.8,1.370666666666671,0.5706666666666709,fair
Francesco Caputo,Empoli,30.0,FW,3420.0,16.0,3.0,,4.0,11.81,7.8100000000000005,undervalued
Cristian Dell'Orco,Empoli,24.0,DF,1035.0,1.0,0.0,,1.0,1.3612166666666672,0.3612166666666672,fair
Giovanni Di Lorenzo,Empoli,24.0,DF,3330.0,5.0,3.0,,9.0,12.823333333333334,3.823333333333334,undervalued
Diego Farias,Empoli,28.0,FW,1193.0,4.0,4.0,,4.5,6.796666666666667,2.296666666666667,undervalued
Hamed Junior Traorè,Empoli,18.0,MF,2259.0,2.0,2.0,,14.0,15.218333333333334,1.2183333333333337,fair
Antonino La Gumina,Empoli,22.0,FW,1090.0,2.0,2.0,,6.0,5.482,-0.5179999999999998,fair
Domenico Maietta,Empoli,35.0,DF,1714.0,0.0,0.0,,0.3,0.25876699999999936,-0.04123300000000063,fair
Levan Mchedlidze,Empoli,28.0,"FW,DF",208.0,0.0,1.0,,0.4,1.439849999999997,1.0398499999999968,fair
Dimitri Oberlin,Empoli,20.0,FW,139.0,0.0,0.0,,2.8,2.1830244166666635,-0.6169755833333364,fair
Manuel Pasqual,Empoli,36.0,"DF,MF",1342.0,1.0,2.0,,0.3,0.48997499999999927,0.18997499999999928,fair
Ivan Provedel,Empoli,24.0,GK,1440.0,0.0,0.0,,0.9,3.2839333333333323,2.3839333333333323,undervalued
Jacob Rasmussen,Empoli,21.0,"DF,MF",1016.0,0.0,1.0,,4.0,3.6354833333333327,-0.36451666666666727,fair
Alejandro Rodríguez,Empoli,27.0,FW,25.0,0.0,0.0,,0.4,0.7896936666666693,0.38969366666666927,fair
Matías Silvestre,Empoli,33.0,DF,3060.0,2.0,0.0,,0.8,0.9221860000000032,0.12218600000000313,fair
Pietro Terracciano,Empoli,28.0,GK,180.0,0.0,0.0,,0.8,0.7419666666666695,-0.058033333333330495,fair
Joel Untersee,Empoli,24.0,DF,126.0,0.0,0.0,,0.7,0.5764126666666662,-0.12358733333333372,fair
Miha Zajc,Empoli,24.0,"FW,MF",1166.0,3.0,2.0,,5.5,5.214275,-0.28572500000000023,fair
Sergi Darder,Espanyol,24.0,MF,2709.0,5.0,2.0,,14.0,13.113333333333333,-0.8866666666666667,fair
Óscar Duarte,Espanyol,29.0,"DF,MF",660.0,0.0,0.0,,1.0,1.3321666666666665,0.3321666666666665,fair
Facundo Ferreyra,Espanyol,27.0,"FW,MF",211.0,1.0,0.0,,4.0,3.6857499999999996,-0.31425000000000036,fair
Sergio García,Espanyol,35.0,"FW,MF",1486.0,2.0,1.0,,1.0,0.7768968333333341,-0.22310316666666585,fair
Esteban Granero,Espanyol,31.0,MF,2013.0,3.0,1.0,,3.0,2.7310916666666674,-0.26890833333333264,fair
Mario Hermoso,Espanyol,23.0,DF,2806.0,3.0,0.0,,25.0,12.67,-12.33,overvalued
Borja Iglesias,Espanyol,25.0,FW,3075.0,17.0,3.0,,28.0,27.665,-0.33500000000000085,fair
David López,Espanyol,28.0,DF,1819.0,0.0,0.0,,9.0,7.0583333333333345,-1.9416666666666655,overvalued
Diego López,Espanyol,36.0,GK,3420.0,0.0,0.0,,1.0,0.8896750000000017,-0.11032499999999834,fair
Javi López,Espanyol,32.0,DF,1948.0,0.0,1.0,,1.0,1.0903193333333334,0.09031933333333342,fair
Lluis López,Espanyol,21.0,DF,521.0,0.0,0.0,,0.3,1.3286123333333322,1.0286123333333321,fair
Óscar Melendo,Espanyol,20.0,"MF,FW",1997.0,0.0,5.0,,10.0,11.816666666666666,1.8166666666666664,undervalued
Naldo,Espanyol,29.0,DF,630.0,0.0,0.0,,2.0,2.0582000000000003,0.05820000000000025,fair
Hernán Pérez,Espanyol,29.0,"FW,MF",795.0,1.0,2.0,,1.5,2.3636,0.8635999999999999,fair
Pablo Piatti,Espanyol,29.0,"FW,MF",743.0,1.0,0.0,,4.0,3.446500000000001,-0.5534999999999992,fair
Javi Puado,Espanyol,20.0,"FW,MF",359.0,0.0,0.0,,1.0,1.1087233333333333,0.10872333333333328,fair
Marc Roca,Espanyol,21.0,MF,3112.0,1.0,2.0,,30.0,20.35,-9.649999999999999,overvalued
Roberto Rosales,Espanyol,29.0,DF,1749.0,3.0,1.0,,2.5,2.939808333333333,0.43980833333333313,fair
Víctor Sánchez,Espanyol,30.0,MF,1265.0,0.0,2.0,,3.0,2.5028666666666672,-0.49713333333333276,fair
Alfa Semedo,Espanyol,20.0,MF,45.0,0.0,0.0,,2.0,1.3547123333333342,-0.6452876666666658,fair
Dídac Vilà,Espanyol,29.0,DF,2354.0,0.0,2.0,,4.0,3.8373333333333344,-0.16266666666666563,fair
Leighton Baines,Everton,33.0,DF,375.0,0.0,0.0,,3.5,2.67825,-0.8217500000000002,fair
Bernard,Everton,25.0,"FW,MF",2116.0,1.0,3.0,,20.0,18.872666666666667,-1.1273333333333326,fair
Dominic Calvert-Lewin,Everton,21.0,FW,1784.0,6.0,2.0,,20.0,11.331000000000001,-8.668999999999999,overvalued
Tom Davies,Everton,20.0,MF,980.0,0.0,0.0,,15.0,9.237666666666668,-5.762333333333332,overvalued
Lucas Digne,Everton,25.0,DF,2965.0,4.0,4.0,,30.0,24.53,-5.469999999999999,overvalued
André Gomes,Everton,25.0,MF,1980.0,1.0,1.0,,28.0,24.128333333333334,-3.871666666666666,overvalued
Mason Holgate,Everton,21.0,DF,408.0,0.0,0.0,,7.0,6.026283333333333,-0.9737166666666672,fair
Phil Jagielka,Everton,35.0,"DF,MF",331.0,1.0,0.0,,1.0,1.7596073333333337,0.7596073333333337,fair
Michael Keane,Everton,25.0,DF,2969.0,1.0,2.0,,30.0,25.251666666666665,-4.748333333333335,overvalued
Jonjoe Kenny,Everton,21.0,DF,791.0,0.0,1.0,,5.0,8.155533333333333,3.1555333333333326,undervalued
Ademola Lookman,Everton,20.0,"FW,MF",618.0,0.0,2.0,,20.0,15.281933333333333,-4.718066666666667,overvalued
James McCarthy,Everton,27.0,MF,15.0,0.0,0.0,,5.0,6.850999999999999,1.850999999999999,undervalued
Yerry Mina,Everton,23.0,DF,892.0,1.0,0.0,,25.0,21.558400000000002,-3.4415999999999976,overvalued
Oumar Niasse,Everton,28.0,"FW,MF",931.0,0.0,0.0,,6.0,8.961835333333331,2.9618353333333314,undervalued
Jordan Pickford,Everton,24.0,GK,3420.0,0.0,0.0,,40.0,35.0,-5.0,overvalued
Richarlison,Everton,21.0,"FW,MF",2665.0,13.0,1.0,,50.0,42.388333333333335,-7.611666666666665,overvalued
Morgan Schneiderlin,Everton,28.0,MF,834.0,0.0,1.0,,15.0,13.143966666666666,-1.8560333333333343,overvalued
Cenk Tosun,Everton,27.0,FW,1059.0,3.0,3.0,,18.0,16.384000000000004,-1.615999999999996,overvalued
Theo Walcott,Everton,29.0,"FW,MF",2119.0,5.0,2.0,,18.0,14.816666666666666,-3.1833333333333336,overvalued
Kurt Zouma,Everton,23.0,DF,2612.0,2.0,2.0,,25.0,22.115,-2.8850000000000016,overvalued
Marco Benassi,Fiorentina,23.0,MF,2282.0,7.0,1.0,,20.0,17.708333333333332,-2.291666666666668,overvalued
Cristiano Biraghi,Fiorentina,25.0,DF,3194.0,1.0,4.0,,10.0,12.167333333333334,2.1673333333333336,undervalued
Federico Ceccherini,Fiorentina,26.0,DF,994.0,0.0,0.0,,3.5,3.892154000000001,0.392154000000001,fair
Federico Chiesa,Fiorentina,20.0,"FW,MF",3034.0,6.0,3.0,,60.0,47.37166666666667,-12.62833333333333,overvalued
Bryan Dabo,Fiorentina,26.0,"MF,DF",831.0,1.0,1.0,,3.5,5.808833333333333,2.3088333333333333,undervalued
Valentin Eysseric,Fiorentina,26.0,"FW,MF",358.0,0.0,1.0,,3.0,2.546416666666668,-0.4535833333333321,fair
Edimilson Fernandes,Fiorentina,22.0,MF,1970.0,2.0,0.0,,8.0,9.475166666666667,1.4751666666666665,undervalued
Gerson,Fiorentina,21.0,"MF,FW",2426.0,3.0,3.0,,13.0,15.202666666666667,2.2026666666666674,undervalued
Vitor Hugo,Fiorentina,27.0,DF,2470.0,0.0,2.0,,7.5,6.974333333333334,-0.5256666666666661,fair
Alban Lafont,Fiorentina,19.0,GK,3015.0,0.0,0.0,,17.0,20.043333333333333,3.043333333333333,undervalued
Vincent Laurini,Fiorentina,29.0,DF,920.0,0.0,0.0,,1.5,1.7325273333333338,0.23252733333333375,fair
Kevin Mirallas,Fiorentina,30.0,"FW,MF",1299.0,2.0,1.0,,5.0,2.9902583333333332,-2.0097416666666668,overvalued
Luis Muriel,Fiorentina,27.0,FW,1441.0,6.0,0.0,,13.0,5.791333333333333,-7.208666666666667,overvalued
Germán Pezzella,Fiorentina,27.0,DF,2850.0,2.0,1.0,,18.0,16.049333333333333,-1.9506666666666668,overvalued
Marko Pjaca,Fiorentina,23.0,"FW,MF",750.0,1.0,1.0,,10.0,8.344066666666667,-1.6559333333333335,overvalued
Giovanni Simeone,Fiorentina,23.0,FW,2454.0,6.0,3.0,,20.0,12.698333333333334,-7.301666666666666,overvalued
Riccardo Sottil,Fiorentina,19.0,"FW,MF",20.0,0.0,0.0,,1.5,1.280691666666666,-0.2193083333333341,fair
Pietro Terracciano,Fiorentina,28.0,GK,180.0,0.0,0.0,,0.8,0.7146916666666691,-0.08530833333333099,fair
Cyril Théréau,Fiorentina,35.0,FW,30.0,0.0,0.0,,0.5,0.605384333333333,0.10538433333333297,fair
Jordan Veretout,Fiorentina,25.0,MF,2941.0,5.0,3.0,,20.0,18.173333333333332,-1.826666666666668,overvalued
Amir Abrashi,Freiburg,28.0,MF,790.0,0.0,0.0,,2.5,2.2338,-0.2662,fair
Mark Flekken,Freiburg,25.0,GK,90.0,0.0,0.0,,0.6,0.5412749999999982,-0.058725000000001804,fair
Mike Frantz,Freiburg,31.0,"MF,FW",2216.0,2.0,1.0,,1.0,1.519058333333333,0.519058333333333,fair
Jérôme Gondorf,Freiburg,30.0,"MF,FW",1296.0,2.0,2.0,,1.5,2.087291666666667,0.5872916666666672,fair
Vincenzo Grifo,Freiburg,25.0,"MF,FW",335.0,1.0,2.0,,9.0,5.3405266666666655,-3.6594733333333345,overvalued
Manuel Gulde,Freiburg,27.0,DF,1712.0,1.0,0.0,,4.0,4.5432,0.5431999999999997,fair
Christian Günter,Freiburg,25.0,DF,2879.0,0.0,5.0,,9.0,9.241666666666667,0.24166666666666714,fair
Janik Haberer,Freiburg,24.0,"MF,FW",2340.0,1.0,3.0,,10.0,7.58,-2.42,overvalued
Dominique Heintz,Freiburg,24.0,DF,3053.0,1.0,1.0,,7.5,7.747666666666667,0.24766666666666737,fair
Nicolas Höfler,Freiburg,28.0,MF,1615.0,0.0,0.0,,4.0,2.3370333333333333,-1.6629666666666667,overvalued
Lucas Höler,Freiburg,24.0,"FW,MF",1006.0,4.0,0.0,,3.0,4.195333333333333,1.1953333333333331,fair
Tim Kleindienst,Freiburg,22.0,FW,200.0,0.0,0.0,,1.5,1.4721333333333335,-0.027866666666666484,fair
Robin Koch,Freiburg,22.0,"MF,DF",1901.0,1.0,0.0,,10.0,8.507166666666667,-1.4928333333333335,overvalued
Lukas Kübler,Freiburg,25.0,DF,1184.0,0.0,2.0,,2.5,2.390083333333333,-0.10991666666666688,fair
Philipp Lienhart,Freiburg,22.0,DF,614.0,0.0,0.0,,4.0,3.2192499999999997,-0.7807500000000003,fair
Florian Niederlechner,Freiburg,27.0,"FW,MF",970.0,4.0,1.0,,3.5,4.023241666666666,0.5232416666666664,fair
Nils Petersen,Freiburg,29.0,FW,1929.0,10.0,3.0,,8.0,7.702333333333333,-0.2976666666666672,fair
Yoric Ravet,Freiburg,28.0,"MF,FW",75.0,0.0,0.0,,1.25,1.1061666666666665,-0.14383333333333348,fair
Roland Sallai,Freiburg,21.0,"MF,FW",527.0,2.0,0.0,,4.5,3.831316666666666,-0.668683333333334,fair
Keven Schlotterbeck,Freiburg,21.0,DF,773.0,0.0,0.0,,1.0,1.4600166666666667,0.46001666666666674,fair
Nico Schlotterbeck,Freiburg,18.0,DF,226.0,0.0,0.0,,0.3,0.9965811666666711,0.696581166666671,fair
Alexander Schwolow,Freiburg,26.0,GK,2970.0,0.0,1.0,,9.0,8.423333333333334,-0.5766666666666662,fair
Luca Waldschmidt,Freiburg,22.0,"FW,MF",1717.0,9.0,1.0,,12.0,12.596,0.5960000000000001,fair
Joaquín Ardaiz,Frosinone,19.0,FW,20.0,0.0,0.0,,1.25,0.8218954999999991,-0.4281045000000009,fair
Lorenzo Ariaudo,Frosinone,29.0,DF,1682.0,0.0,0.0,,1.0,1.8006026666666666,0.8006026666666666,fair
Francesco Bardi,Frosinone,26.0,GK,270.0,0.0,0.0,,0.8,0.8764500000000033,0.07645000000000324,fair
Andrea Beghetto,Frosinone,23.0,"DF,MF",2226.0,0.0,3.0,,2.0,4.312266666666668,2.312266666666668,undervalued
Nicolò Brighenti,Frosinone,28.0,DF,990.0,0.0,0.0,,0.5,1.7917100000000001,1.2917100000000001,undervalued
Joel Campbell,Frosinone,26.0,"FW,MF",891.0,0.0,3.0,,2.5,2.499007333333334,-0.0009926666666659756,fair
Marco Capuano,Frosinone,26.0,DF,2307.0,0.0,0.0,,0.7,2.0199999999999987,1.3199999999999987,undervalued
Francesco Cassata,Frosinone,21.0,"MF,FW",1124.0,2.0,2.0,,3.5,4.405333333333333,0.9053333333333331,fair
Raman Chibsah,Frosinone,25.0,MF,2622.0,1.0,0.0,,1.5,2.5853333333333337,1.0853333333333337,fair
Camillo Ciano,Frosinone,28.0,"FW,MF",2454.0,7.0,4.0,,3.0,6.4976666666666665,3.4976666666666665,undervalued
Daniel Ciofani,Frosinone,33.0,FW,1618.0,5.0,2.0,,0.7,1.792609333333334,1.092609333333334,fair
Lorenzo Crisetig,Frosinone,25.0,MF,507.0,0.0,0.0,,0.8,1.3185666666666715,0.5185666666666715,fair
Federico Dionisi,Frosinone,31.0,FW,204.0,1.0,0.0,,1.0,1.2421273333333327,0.2421273333333327,fair
Paolo Ghiglione,Frosinone,21.0,"MF,DF",514.0,1.0,0.0,,1.0,1.5741083333333332,0.5741083333333332,fair
Edoardo Goldaniga,Frosinone,24.0,DF,2610.0,1.0,1.0,,2.0,2.6170000000000004,0.6170000000000004,fair
Mirko Gori,Frosinone,25.0,MF,329.0,0.0,0.0,,1.1,1.4011686666666705,0.3011686666666704,fair
Emil Hallfreðsson,Frosinone,34.0,MF,137.0,1.0,0.0,,0.5,0.4548940000000002,-0.04510599999999981,fair
Luka Krajnc,Frosinone,23.0,DF,788.0,0.0,0.0,,0.8,1.169583333333337,0.3695833333333369,fair
Raffaele Maiello,Frosinone,27.0,MF,2043.0,0.0,0.0,,1.2,1.9421499999999987,0.7421499999999988,fair
Luca Matarese,Frosinone,20.0,FW,16.0,0.0,0.0,,0.2,0.4338608333333342,0.23386083333333418,fair
Cristian Molinaro,Frosinone,35.0,"DF,MF",1159.0,0.0,0.0,,0.3,0.249015999999999,-0.050984000000001,fair
Luca Paganini,Frosinone,25.0,"DF,MF",1123.0,2.0,0.0,,1.5,2.0346666666666664,0.5346666666666664,fair
Stipe Perica,Frosinone,23.0,FW,480.0,0.0,0.0,,1.0,1.3215550000000005,0.3215550000000005,fair
Andrea Pinamonti,Frosinone,19.0,FW,1625.0,5.0,3.0,,10.0,10.104333333333335,0.10433333333333472,fair
Bartosz Salamon,Frosinone,27.0,DF,1725.0,0.0,0.0,,0.8,2.0823333333333314,1.2823333333333313,fair
Paolo Sammarco,Frosinone,35.0,MF,553.0,1.0,0.0,,0.2,0.25340966666666753,0.05340966666666752,fair
Danilo Soddimo,Frosinone,30.0,MF,252.0,0.0,1.0,,0.4,0.7572000000000022,0.3572000000000022,fair
Marco Sportiello,Frosinone,26.0,GK,3150.0,0.0,0.0,,4.0,5.745,1.745,undervalued
Marcello Trotta,Frosinone,25.0,FW,398.0,0.0,0.0,,1.0,1.0420036666666668,0.04200366666666677,fair
Luca Valzania,Frosinone,22.0,MF,897.0,2.0,1.0,,1.7,2.157000000000002,0.45700000000000185,fair
Federico Viviani,Frosinone,26.0,MF,337.0,0.0,0.0,,3.0,2.1667666666666685,-0.8332333333333315,fair
Rai Vloet,Frosinone,23.0,"FW,DF",122.0,0.0,0.0,,0.35,1.0093575000000001,0.6593575000000002,fair
Francesco Zampano,Frosinone,24.0,"DF,MF",2102.0,0.0,1.0,,1.5,2.5979333333333336,1.0979333333333336,fair
Floyd Ayité,Fulham,29.0,"FW,MF",476.0,1.0,0.0,,2.5,2.8097736666666653,0.3097736666666653,fair
Ryan Babel,Fulham,31.0,FW,1251.0,5.0,3.0,,5.0,4.792666666666666,-0.2073333333333336,fair
Marcus Bettinelli,Fulham,26.0,GK,630.0,0.0,0.0,,4.0,4.515766666666665,0.5157666666666652,fair
Joe Bryan,Fulham,24.0,DF,2345.0,0.0,1.0,,6.0,5.5184999999999995,-0.4815000000000005,fair
Tom Cairney,Fulham,27.0,"MF,FW",2194.0,1.0,1.0,,15.0,11.306000000000001,-3.693999999999999,overvalued
Calum Chambers,Fulham,23.0,"MF,DF",2588.0,2.0,0.0,,14.0,13.793999999999999,-0.2060000000000013,fair
Cyrus Christie,Fulham,25.0,DF,1948.0,0.0,1.0,,3.5,4.632833333333333,1.1328333333333331,fair
Ibrahima Cissé,Fulham,24.0,"MF,FW",88.0,0.0,0.0,,1.5,1.295566666666666,-0.2044333333333339,fair
Timothy Fosu-Mensah,Fulham,20.0,DF,793.0,0.0,0.0,,7.0,5.745333333333333,-1.254666666666667,fair
Stefan Johansen,Fulham,27.0,MF,417.0,0.0,0.0,,4.0,1.001430999999998,-2.998569000000002,overvalued
Aboubakar Kamara,Fulham,23.0,"FW,MF",693.0,3.0,0.0,,2.75,3.759333333333334,1.009333333333334,fair
Neeskens Kebano,Fulham,26.0,"FW,MF",108.0,0.0,0.0,,3.0,0.5831933333333341,-2.416806666666666,overvalued
Maxime Le Marchand,Fulham,28.0,DF,2250.0,0.0,1.0,,5.0,5.592866666666667,0.5928666666666667,fair
Alfie Mawson,Fulham,24.0,DF,1131.0,0.0,0.0,,15.0,10.740391666666667,-4.2596083333333326,overvalued
Kevin McDonald,Fulham,29.0,MF,841.0,0.0,0.0,,3.0,2.7892490000000008,-0.21075099999999924,fair
Denis Odoi,Fulham,30.0,DF,2594.0,0.0,1.0,,2.5,3.3913333333333338,0.8913333333333338,fair
Tim Ream,Fulham,30.0,DF,2047.0,0.0,0.0,,4.0,3.374033333333334,-0.6259666666666659,fair
Sergio Rico,Fulham,24.0,GK,2610.0,0.0,0.0,,12.0,8.040666666666667,-3.9593333333333334,overvalued
André Schürrle,Fulham,27.0,"FW,MF",1641.0,6.0,0.0,,12.0,9.331666666666667,-2.668333333333333,overvalued
Ryan Sessegnon,Fulham,18.0,"FW,DF",2300.0,2.0,6.0,,35.0,31.5,-3.5,overvalued
Luciano Vietto,Fulham,24.0,"FW,MF",986.0,1.0,4.0,,7.0,7.791333333333333,0.7913333333333332,fair
Daniel Bessa,Genoa,25.0,MF,2441.0,1.0,3.0,,4.5,4.987333333333334,0.48733333333333384,fair
Davide Biraschi,Genoa,24.0,DF,2841.0,0.0,0.0,,4.5,5.156,0.6559999999999997,fair
Domenico Criscito,Genoa,31.0,DF,3070.0,2.0,4.0,,4.0,5.239816666666666,1.2398166666666661,fair
Nicola Dalmonte,Genoa,20.0,"MF,FW",44.0,0.0,0.0,,1.0,0.7704999999999994,-0.2295000000000006,fair
Andrea Favilli,Genoa,21.0,"FW,MF",170.0,0.0,2.0,,6.0,4.706818666666665,-1.2931813333333348,fair
Koray Günter,Genoa,23.0,DF,835.0,0.0,0.0,,1.0,1.222566666666667,0.22256666666666702,fair
Oscar Hiljemark,Genoa,26.0,MF,1196.0,1.0,0.0,,3.0,3.4152416666666667,0.41524166666666673,fair
Jandrei,Genoa,25.0,GK,90.0,0.0,0.0,,2.0,1.3072083333333342,-0.6927916666666658,fair
Christian Kouamé,Genoa,20.0,"FW,MF",3066.0,4.0,5.0,,15.0,18.536666666666665,3.5366666666666653,undervalued
Gianluca Lapadula,Genoa,28.0,"FW,MF",404.0,1.0,0.0,,5.0,4.852875,-0.14712499999999995,fair
Lukas Lerager,Genoa,25.0,MF,1298.0,0.0,1.0,,6.0,5.202666666666667,-0.7973333333333326,fair
Federico Marchetti,Genoa,35.0,GK,360.0,0.0,0.0,,0.3,0.24459999999999926,-0.055400000000000726,fair
Luca Mazzitelli,Genoa,22.0,"MF,FW",323.0,0.0,0.0,,3.5,2.6069916666666666,-0.8930083333333334,fair
Iuri Medeiros,Genoa,24.0,"MF,FW",106.0,0.0,0.0,,4.5,3.010292333333334,-1.489707666666666,overvalued
Stephane Omeonga,Genoa,22.0,MF,57.0,0.0,0.0,,1.8,1.5748583333333381,-0.2251416666666619,fair
Goran Pandev,Genoa,35.0,"FW,MF",1122.0,4.0,2.0,,0.4,0.662911500000003,0.26291150000000296,fair
Pedro Pereira,Genoa,20.0,"DF,MF",1384.0,0.0,0.0,,2.0,4.407466666666665,2.4074666666666653,undervalued
Giuseppe Pezzella,Genoa,20.0,DF,184.0,0.0,0.0,,3.0,1.4554916666666657,-1.5445083333333343,overvalued
Ionuț Radu,Genoa,21.0,GK,2970.0,0.0,0.0,,15.0,15.095,0.09500000000000064,fair
Esteban Rolón,Genoa,23.0,MF,1046.0,0.0,0.0,,1.0,1.8466666666666667,0.8466666666666667,fair
Cristian Romero,Genoa,20.0,DF,2336.0,2.0,2.0,,15.0,13.77,-1.2300000000000004,fair
Rômulo,Genoa,31.0,"MF,DF",1351.0,1.0,2.0,,2.5,2.2022023333333345,-0.2977976666666655,fair
Antonio Sanabria,Genoa,22.0,FW,766.0,3.0,0.0,,9.0,7.539666666666667,-1.4603333333333328,overvalued
Sandro,Genoa,29.0,MF,594.0,0.0,0.0,,2.0,2.0650750000000007,0.06507500000000066,fair
Nicolás Spolli,Genoa,35.0,DF,538.0,0.0,0.0,,0.25,0.33705833333333324,0.08705833333333324,fair
Stefano Sturaro,Genoa,25.0,MF,213.0,1.0,0.0,,10.0,7.818108333333333,-2.181891666666667,overvalued
Miguel Veloso,Genoa,32.0,MF,1257.0,0.0,1.0,,1.0,1.0138833333333337,0.013883333333333692,fair
Iván Alejo,Getafe,23.0,"MF,FW",146.0,0.0,0.0,,1.2,1.4587809999999992,0.25878099999999926,fair
Vitorino Antunes,Getafe,31.0,DF,2181.0,1.0,3.0,,2.5,2.45585,-0.044150000000000134,fair
Mauro Arambarri,Getafe,22.0,MF,2676.0,1.0,2.0,,15.0,13.938333333333333,-1.0616666666666674,fair
Markel Bergara,Getafe,32.0,MF,53.0,0.0,0.0,,0.8,0.7169416666666697,-0.08305833333333035,fair
Leandro Cabrera,Getafe,27.0,DF,2794.0,2.0,0.0,,5.0,12.151666666666667,7.151666666666667,undervalued
Leandro Chichizola,Getafe,28.0,GK,90.0,0.0,0.0,,1.0,0.8453583333333338,-0.15464166666666623,fair
Sebastián Cristóforo,Getafe,24.0,"MF,FW",450.0,0.0,2.0,,1.8,2.411405333333329,0.6114053333333291,fair
Djené,Getafe,26.0,DF,2976.0,0.0,0.0,,25.0,19.63266666666667,-5.367333333333331,overvalued
Hugo Duro,Getafe,18.0,"MF,FW",417.0,0.0,0.0,,2.0,2.103026999999999,0.10302699999999909,fair
Mathieu Flamini,Getafe,34.0,MF,453.0,0.0,0.0,,0.6,0.47004266666666533,-0.12995733333333465,fair
Dimitri Foulquier,Getafe,25.0,"MF,FW",1799.0,3.0,2.0,,3.5,4.116666666666666,0.6166666666666663,fair
Bruno González,Getafe,28.0,DF,1701.0,0.0,1.0,,2.0,2.7675166666666664,0.7675166666666664,fair
Sergi Guardiola,Getafe,27.0,"MF,FW",1514.0,3.0,1.0,,5.0,4.727033333333332,-0.2729666666666679,fair
Jaime Mata,Getafe,29.0,"FW,MF",2432.0,14.0,6.0,,10.0,38.925,28.924999999999997,undervalued
Ignasi Miquel,Getafe,25.0,DF,316.0,0.0,0.0,,2.0,1.8567353333333336,-0.14326466666666637,fair
Jorge Molina,Getafe,36.0,FW,2648.0,14.0,5.0,,2.0,15.103966666666665,13.103966666666665,undervalued
Francisco Portillo,Getafe,28.0,"MF,FW",1994.0,1.0,4.0,,4.0,4.728316666666665,0.7283166666666654,fair
Ángel Rodríguez,Getafe,31.0,FW,1819.0,8.0,3.0,,3.0,3.691666666666667,0.6916666666666669,fair
Gaku Shibasaki,Getafe,26.0,"MF,FW",389.0,0.0,0.0,,2.0,1.8181853333333329,-0.18181466666666712,fair
David Soria,Getafe,25.0,GK,3330.0,0.0,0.0,,15.0,15.4,0.40000000000000036,fair
Damián Suárez,Getafe,30.0,DF,3240.0,0.0,3.0,,3.5,3.7743333333333333,0.2743333333333333,fair
Aday,Girona,30.0,"DF,MF",645.0,0.0,2.0,,1.5,1.5297666666666658,0.02976666666666583,fair
Pedro Alcalá,Girona,29.0,DF,1868.0,1.0,1.0,,0.8,1.274327666666672,0.47432766666667203,fair
Seydou Doumbia,Girona,30.0,FW,541.0,2.0,0.0,,1.5,1.8762666666666663,0.3762666666666663,fair
Bernardo Espinosa,Girona,29.0,DF,2727.0,1.0,1.0,,6.0,5.756666666666667,-0.24333333333333318,fair
Aleix García,Girona,21.0,MF,1663.0,2.0,1.0,,3.0,4.350499999999999,1.3504999999999994,undervalued
Borja García,Girona,27.0,"FW,MF",2629.0,1.0,3.0,,7.0,6.428933333333333,-0.5710666666666668,fair
Raúl García,Girona,29.0,DF,381.0,0.0,0.0,,7.5,5.375351999999998,-2.1246480000000023,overvalued
Álex Granell,Girona,29.0,"MF,DF",2391.0,0.0,4.0,,5.0,4.907333333333334,-0.09266666666666623,fair
Gorka Iraizoz,Girona,37.0,GK,559.0,0.0,0.0,,0.2,0.32373033333333323,0.12373033333333322,fair
Juanpe,Girona,27.0,DF,2767.0,0.0,0.0,,7.0,3.916,-3.084,overvalued
Douglas Luiz,Girona,20.0,MF,1490.0,0.0,0.0,,2.5,3.4859999999999998,0.9859999999999998,fair
Johan Mojica,Girona,25.0,"DF,MF",20.0,0.0,0.0,,3.0,2.0861583333333322,-0.9138416666666678,fair
Marc Muniesa,Girona,26.0,"DF,MF",1406.0,0.0,0.0,,3.0,2.6702,-0.3298000000000001,fair
Carles Planas,Girona,27.0,"DF,MF",419.0,0.0,1.0,,0.8,1.534216666666671,0.734216666666671,fair
Pere Pons,Girona,25.0,MF,2792.0,1.0,2.0,,4.0,4.8933333333333335,0.8933333333333335,fair
Pedro Porro,Girona,18.0,"DF,MF",2211.0,0.0,4.0,,10.0,13.635,3.635,undervalued
Portu,Girona,26.0,"FW,MF",2821.0,9.0,2.0,,10.0,12.238333333333333,2.2383333333333333,undervalued
Jonás Ramalho,Girona,25.0,DF,1619.0,1.0,0.0,,3.0,3.3624666666666654,0.3624666666666654,fair
Patrick Roberts,Girona,21.0,FW,601.0,0.0,0.0,,5.0,4.1691,-0.8308999999999997,fair
Kévin Soni,Girona,20.0,"FW,DF",82.0,0.0,0.0,,0.3,0.30263333333333264,0.0026333333333326547,fair
Cristhian Stuani,Girona,31.0,FW,2729.0,19.0,0.0,,7.0,10.727150000000002,3.7271500000000017,undervalued
David Timor,Girona,28.0,"MF,FW",163.0,0.0,0.0,,1.5,1.5554786666666651,0.05547866666666512,fair
Guessouma Fofana,Guingamp,25.0,MF,186.0,0.0,0.0,,0.8,0.9559990000000005,0.15599900000000044,fair
Alexandre Mendy,Guingamp,24.0,FW,767.0,3.0,0.0,,2.25,3.591666666666667,1.3416666666666668,undervalued
Yannis Salibur,Guingamp,27.0,FW,885.0,1.0,3.0,,3.5,3.8927666666666663,0.39276666666666626,fair
Kevin Akpoguma,Hannover 96,23.0,DF,499.0,0.0,0.0,,6.5,4.4998956666666645,-2.0001043333333355,overvalued
Takuma Asano,Hannover 96,23.0,"MF,FW",699.0,0.0,0.0,,1.5,2.382583333333332,0.8825833333333319,fair
Felipe,Hannover 96,31.0,DF,1095.0,2.0,0.0,,0.5,1.5479103333333342,1.0479103333333342,fair
Florian Baak,Hertha BSC,19.0,MF,1.0,0.0,0.0,,0.4,0.6313583333333355,0.23135833333333544,fair
Per Ciljan Skjelbred,Hertha BSC,31.0,MF,997.0,0.0,1.0,,1.75,1.6089746666666664,-0.14102533333333356,fair
Javairô Dilrosun,Hertha BSC,20.0,"FW,MF",898.0,2.0,3.0,,12.0,9.5255,-2.474500000000001,overvalued
Ondrej Duda,Hertha BSC,23.0,MF,2563.0,11.0,5.0,,17.0,22.301666666666666,5.301666666666666,undervalued
Rune Jarstein,Hertha BSC,33.0,GK,2745.0,0.0,0.0,,2.0,1.513758333333333,-0.4862416666666669,fair
Dennis Jastrzembski,Hertha BSC,18.0,"DF,MF",61.0,0.0,0.0,,0.8,0.7952526666666699,-0.004747333333330106,fair
Salomon Kalou,Hertha BSC,32.0,"FW,MF",2317.0,8.0,2.0,,3.0,3.5240496666666696,0.5240496666666696,fair
Lukas Klünter,Hertha BSC,22.0,DF,592.0,0.0,0.0,,3.0,4.067233333333332,1.0672333333333324,fair
Pascal Köpke,Hertha BSC,22.0,"FW,MF",74.0,0.0,0.0,,1.5,1.2434531666666662,-0.25654683333333383,fair
Thomas Kraft,Hertha BSC,30.0,GK,315.0,0.0,0.0,,0.75,0.9291750000000004,0.17917500000000042,fair
Mathew Leckie,Hertha BSC,27.0,"FW,MF",941.0,2.0,0.0,,3.5,3.7186749999999997,0.21867499999999973,fair
Arne Maier,Hertha BSC,19.0,MF,2064.0,0.0,0.0,,24.0,21.9,-2.1000000000000014,overvalued
Maximilian Mittelstädt,Hertha BSC,21.0,"DF,MF",1804.0,1.0,1.0,,11.0,11.527000000000001,0.527000000000001,fair
Marvin Plattenhardt,Hertha BSC,26.0,DF,1924.0,1.0,2.0,,10.0,8.251933333333334,-1.7480666666666664,overvalued
Karim Rekik,Hertha BSC,23.0,DF,2068.0,0.0,0.0,,15.0,13.498933333333333,-1.5010666666666665,overvalued
Davie Selke,Hertha BSC,23.0,"FW,MF",1739.0,3.0,5.0,,18.0,13.597999999999999,-4.402000000000001,overvalued
Niklas Stark,Hertha BSC,23.0,DF,1868.0,1.0,0.0,,20.0,15.754333333333333,-4.245666666666667,overvalued
Jordan Torunarigha,Hertha BSC,20.0,DF,1158.0,2.0,2.0,,10.0,8.6936,-1.3064,fair
Kevin Akpoguma,Hoffenheim,23.0,DF,499.0,0.0,0.0,,6.5,4.282053666666664,-2.2179463333333356,overvalued
Nadiem Amiri,Hoffenheim,21.0,"MF,FW",754.0,3.0,1.0,,17.0,12.88,-4.119999999999999,overvalued
Oliver Baumann,Hoffenheim,28.0,GK,2970.0,0.0,1.0,,8.0,8.02,0.019999999999999574,fair
Christoph Baumgartner,Hoffenheim,18.0,MF,85.0,0.0,0.0,,0.5,0.7187926666666673,0.2187926666666673,fair
Ishak Belfodil,Hoffenheim,26.0,FW,1863.0,16.0,3.0,,15.0,26.63,11.629999999999999,undervalued
Leonardo Bittencourt,Hoffenheim,24.0,MF,1069.0,1.0,3.0,,7.0,6.373883333333334,-0.6261166666666664,fair
Joshua Brenet,Hoffenheim,24.0,"DF,MF",906.0,2.0,1.0,,4.5,4.9890000000000025,0.48900000000000254,fair
Kerem Demirbay,Hoffenheim,25.0,MF,2017.0,4.0,9.0,,32.0,29.439666666666664,-2.560333333333336,overvalued
Dennis Geiger,Hoffenheim,20.0,"MF,FW",246.0,0.0,1.0,,8.5,4.519916666666665,-3.9800833333333347,overvalued
Vincenzo Grifo,Hoffenheim,25.0,"MF,FW",335.0,1.0,2.0,,9.0,7.510138666666666,-1.4898613333333337,overvalued
Florian Grillitsch,Hoffenheim,22.0,MF,2394.0,0.0,3.0,,22.0,18.875833333333333,-3.1241666666666674,overvalued
Benjamin Hübner,Hoffenheim,29.0,DF,813.0,0.0,0.0,,7.0,4.921358000000001,-2.0786419999999994,overvalued
Reiss Nelson,Hoffenheim,18.0,"MF,FW",643.0,7.0,0.0,,17.0,16.876041666666666,-0.12395833333333428,fair
Stefan Posch,Hoffenheim,21.0,DF,1402.0,0.0,0.0,,5.5,5.153999999999999,-0.346000000000001,fair
Lukas Rupp,Hoffenheim,27.0,MF,25.0,0.0,0.0,,2.5,2.6412666666666667,0.14126666666666665,fair
Nico Schulz,Hoffenheim,25.0,"DF,MF",2537.0,1.0,5.0,,25.0,18.785666666666668,-6.214333333333332,overvalued
Ádám Szalai,Hoffenheim,30.0,FW,1627.0,6.0,3.0,,3.0,4.8676691666666665,1.8676691666666665,undervalued
Kevin Vogt,Hoffenheim,26.0,DF,2391.0,0.0,0.0,,12.0,10.853666666666665,-1.1463333333333345,fair
Steven Zuber,Hoffenheim,26.0,"MF,FW",571.0,0.0,1.0,,7.0,7.4299333333333335,0.4299333333333335,fair
Juninho Bacuna,Huddersfield,20.0,"MF,DF",1412.0,1.0,0.0,,3.5,3.5109999999999992,0.010999999999999233,fair
Philip Billing,Huddersfield,22.0,MF,2188.0,2.0,0.0,,7.0,7.693333333333333,0.6933333333333334,fair
Joel Coleman,Huddersfield,22.0,GK,90.0,0.0,0.0,,0.5,0.9592583333333329,0.4592583333333329,fair
Laurent Depoitre,Huddersfield,29.0,FW,1068.0,0.0,1.0,,3.5,3.2179636666666673,-0.28203633333333267,fair
Adama Diakhaby,Huddersfield,22.0,"FW,MF",552.0,0.0,0.0,,8.0,5.548383333333334,-2.4516166666666663,overvalued
Erik Durm,Huddersfield,26.0,DF,2055.0,0.0,1.0,,2.0,2.8668,0.8668,fair
Karlan Grant,Huddersfield,20.0,"FW,MF",877.0,3.0,0.0,,5.0,6.706833333333333,1.706833333333333,undervalued
Florent Hadergjonaj,Huddersfield,24.0,"DF,MF",1842.0,0.0,0.0,,7.0,5.594,-1.4059999999999997,fair
Ben Hamer,Huddersfield,30.0,GK,552.0,0.0,0.0,,0.5,1.3409166666666665,0.8409166666666665,fair
Jonathan Hogg,Huddersfield,29.0,MF,2367.0,0.0,1.0,,3.5,3.4632416666666677,-0.03675833333333234,fair
Elias Kachunga,Huddersfield,26.0,"FW,MF",1182.0,0.0,0.0,,3.0,3.2063333333333337,0.2063333333333337,fair
Terence Kongolo,Huddersfield,24.0,DF,2716.0,1.0,1.0,,15.0,4.2219999999999995,-10.778,overvalued
Rajiv van La Parra,Huddersfield,27.0,"MF,FW",405.0,0.0,0.0,,4.0,2.1076623333333324,-1.8923376666666676,overvalued
Jonas Lössl,Huddersfield,29.0,GK,2778.0,0.0,1.0,,5.0,5.441666666666666,0.44166666666666643,fair
Chris Löwe,Huddersfield,29.0,"DF,MF",2057.0,0.0,2.0,,2.0,2.6454333333333335,0.6454333333333335,fair
Isaac Mbenza,Huddersfield,22.0,"FW,MF",986.0,1.0,1.0,,5.0,7.043508333333335,2.0435083333333353,undervalued
Aaron Mooy,Huddersfield,27.0,"MF,FW",2330.0,3.0,1.0,,14.0,11.697666666666667,-2.3023333333333333,overvalued
Steve Mounié,Huddersfield,23.0,FW,1778.0,2.0,3.0,,10.0,9.580666666666668,-0.41933333333333245,fair
Alex Pritchard,Huddersfield,25.0,"MF,FW",2081.0,2.0,0.0,,9.0,7.6883333333333335,-1.3116666666666665,fair
Jason Puncheon,Huddersfield,32.0,"MF,FW",13.0,0.0,0.0,,3.0,2.2208166666666656,-0.7791833333333344,fair
Collin Quaner,Huddersfield,27.0,"FW,MF",39.0,0.0,0.0,,1.5,1.2401499999999996,-0.25985000000000036,fair
Abdelhamid Sabiri,Huddersfield,21.0,FW,48.0,0.0,0.0,,1.5,1.8996843333333322,0.3996843333333322,fair
Christopher Schindler,Huddersfield,28.0,DF,3260.0,1.0,0.0,,7.0,6.2959999999999985,-0.7040000000000015,fair
Tommy Smith,Huddersfield,26.0,DF,1141.0,0.0,0.0,,3.0,3.632816666666666,0.6328166666666659,fair
Ramadan Sobhi,Huddersfield,21.0,FW,79.0,0.0,0.0,,5.0,3.6490186666666657,-1.3509813333333343,fair
Danny Williams,Huddersfield,29.0,MF,96.0,0.0,0.0,,2.0,1.876716666666666,-0.12328333333333408,fair
Juan Aguilera,Huesca,32.0,MF,344.0,0.0,0.0,,0.3,0.43719999999999887,0.13719999999999888,fair
Carlos Akapo,Huesca,25.0,DF,1023.0,0.0,0.0,,0.8,1.0959166666666709,0.2959166666666708,fair
Juanjo Camacho,Huesca,37.0,MF,37.0,0.0,0.0,,0.1,0.16894166666666716,0.06894166666666715,fair
Adrián Diéguez,Huesca,22.0,DF,749.0,0.0,0.0,,0.3,1.6967666666666672,1.3967666666666672,undervalued
David Ferreiro,Huesca,30.0,"FW,MF",2280.0,1.0,3.0,,1.8,2.340141666666665,0.540141666666665,fair
Javi Galán,Huesca,23.0,"DF,MF",1440.0,0.0,2.0,,1.5,2.2451666666666665,0.7451666666666665,fair
Álex Gallar,Huesca,26.0,"MF,FW",1009.0,4.0,1.0,,1.4,2.7083833333333236,1.3083833333333237,undervalued
Enric Gallego,Huesca,31.0,FW,1539.0,5.0,1.0,,3.0,3.6537000000000006,0.6537000000000006,fair
Moi Gómez,Huesca,24.0,MF,3055.0,2.0,7.0,,5.0,15.238333333333333,10.238333333333333,undervalued
Serdar Gürler,Huesca,26.0,"FW,MF",482.0,0.0,1.0,,1.5,1.9408663333333334,0.44086633333333336,fair
Yangel Herrera,Huesca,20.0,"MF,DF",1154.0,0.0,0.0,,2.0,2.7999999999999985,0.7999999999999985,fair
Pablo Insua,Huesca,24.0,DF,776.0,0.0,0.0,,1.5,1.5206166666666672,0.02061666666666717,fair
Samuele Longo,Huesca,26.0,"FW,MF",556.0,1.0,2.0,,1.0,1.4576666666666664,0.45766666666666644,fair
Luisinho,Huesca,33.0,DF,507.0,0.0,0.0,,0.5,0.4497610000000002,-0.05023899999999981,fair
Martín Mantovani,Huesca,34.0,DF,701.0,2.0,0.0,,0.4,0.3433083333333346,-0.05669166666666542,fair
Gonzalo Melero,Huesca,24.0,MF,1345.0,2.0,1.0,,4.0,4.8914333333333335,0.8914333333333335,fair
Jorge Miramón,Huesca,29.0,DF,2492.0,1.0,0.0,,3.0,3.5573333333333337,0.5573333333333337,fair
Damián Musto,Huesca,31.0,MF,1686.0,0.0,0.0,,1.2,1.2297083333333287,0.029708333333328785,fair
Jorge Pulido,Huesca,27.0,DF,2785.0,3.0,3.0,,3.0,10.536000000000001,7.536000000000001,undervalued
Roberto Santamaría,Huesca,33.0,GK,1800.0,0.0,0.0,,0.3,0.8421043333333346,0.5421043333333346,fair
Rúben Semedo,Huesca,24.0,DF,850.0,0.0,0.0,,2.0,1.053362333333333,-0.9466376666666669,fair
Axel Werner,Huesca,22.0,GK,540.0,0.0,0.0,,0.6,0.9251083333333319,0.3251083333333319,fair
Kwadwo Asamoah,Inter,29.0,DF,2671.0,0.0,1.0,,13.0,12.131666666666666,-0.8683333333333341,fair
Keita Baldé,Inter,23.0,"FW,MF",889.0,5.0,2.0,,25.0,22.05,-2.9499999999999993,overvalued
Antonio Candreva,Inter,31.0,"FW,MF",502.0,1.0,0.0,,5.0,4.4573583333333335,-0.5426416666666665,fair
Danilo D'Ambrosio,Inter,29.0,DF,2579.0,2.0,5.0,,13.0,13.386000000000001,0.386000000000001,fair
Roberto Gagliardini,Inter,24.0,MF,1087.0,5.0,0.0,,15.0,12.777833333333334,-2.2221666666666664,overvalued
Mauro Icardi,Inter,25.0,FW,2267.0,11.0,4.0,,80.0,58.28333333333333,-21.71666666666667,overvalued
Yann Karamoh,Inter,20.0,MF,1224.0,3.0,1.0,,10.0,12.276833333333332,2.2768333333333324,undervalued
João Mário,Inter,25.0,"MF,FW",1082.0,1.0,2.0,,18.0,17.646933333333333,-0.35306666666666686,fair
Lautaro Martínez,Inter,20.0,FW,1344.0,6.0,2.0,,30.0,18.558333333333334,-11.441666666666666,overvalued
Miranda,Inter,33.0,DF,1158.0,0.0,0.0,,3.5,3.413683333333333,-0.08631666666666682,fair
Radja Nainggolan,Inter,30.0,MF,1967.0,6.0,3.0,,28.0,19.528466666666667,-8.471533333333333,overvalued
Matteo Politano,Inter,24.0,"FW,MF",2549.0,5.0,6.0,,30.0,28.783333333333335,-1.216666666666665,fair
Andrea Ranocchia,Inter,30.0,"DF,MF",62.0,0.0,0.0,,3.0,2.9985749999999998,-0.0014250000000002316,fair
Cédric Soares,Inter,26.0,DF,1495.0,1.0,2.0,,12.0,13.344333333333333,1.3443333333333332,undervalued
Borja Valero,Inter,33.0,MF,1231.0,0.0,1.0,,2.5,2.9569166666666677,0.45691666666666775,fair
Matías Vecino,Inter,26.0,MF,2015.0,3.0,1.0,,23.0,23.33,0.3299999999999983,fair
Stefan de Vrij,Inter,26.0,DF,2520.0,2.0,0.0,,50.0,40.79933333333333,-9.20066666666667,overvalued
Andrea Barzagli,Juventus,37.0,DF,260.0,0.0,0.0,,1.0,1.5108166666666663,0.5108166666666663,fair
Medhi Benatia,Juventus,31.0,DF,450.0,0.0,0.0,,9.0,7.178875,-1.8211250000000003,overvalued
Rodrigo Bentancur,Juventus,21.0,MF,2003.0,2.0,3.0,,35.0,36.81166666666667,1.8116666666666674,undervalued
Federico Bernardeschi,Juventus,24.0,"FW,MF",1473.0,2.0,3.0,,45.0,38.50833333333333,-6.491666666666667,overvalued
Leonardo Bonucci,Juventus,31.0,DF,2472.0,3.0,0.0,,28.0,25.199333333333335,-2.8006666666666646,overvalued
Martín Cáceres,Juventus,31.0,DF,307.0,0.0,0.0,,1.5,3.1261999999999994,1.6261999999999994,undervalued
Emre Can,Juventus,24.0,MF,1811.0,4.0,1.0,,40.0,35.35166666666667,-4.648333333333333,overvalued
João Cancelo,Juventus,24.0,DF,1968.0,1.0,3.0,,55.0,47.028333333333336,-7.971666666666664,overvalued
Giorgio Chiellini,Juventus,33.0,DF,1991.0,1.0,1.0,,7.5,6.882483333333333,-0.6175166666666669,fair
Douglas Costa,Juventus,27.0,"FW,MF",621.0,1.0,0.0,,38.0,30.422208333333334,-7.577791666666666,overvalued
Juan Cuadrado,Juventus,30.0,"MF,DF",1220.0,1.0,2.0,,18.0,15.547999999999998,-2.4520000000000017,overvalued
Mattia De Sciglio,Juventus,25.0,DF,1743.0,0.0,1.0,,14.0,20.631666666666668,6.631666666666668,undervalued
Paulo Dybala,Juventus,24.0,"FW,MF",2137.0,5.0,4.0,,85.0,66.94433333333333,-18.055666666666667,overvalued
Grigoris Kastanos,Juventus,20.0,MF,60.0,0.0,0.0,,0.4,0.4844250000000014,0.08442500000000136,fair
Moise Kean,Juventus,18.0,FW,541.0,6.0,0.0,,40.0,33.11533333333333,-6.884666666666668,overvalued
Sami Khedira,Juventus,31.0,MF,706.0,2.0,1.0,,7.0,8.003566666666666,1.003566666666666,fair
Blaise Matuidi,Juventus,31.0,MF,2418.0,3.0,2.0,,22.0,22.22149166666667,0.22149166666666886,fair
Stephy Mavididi,Juventus,20.0,FW,22.0,0.0,0.0,,0.55,0.40085483333333216,-0.14914516666666788,fair
Hans Nicolussi Caviglia,Juventus,18.0,"MF,FW",57.0,0.0,0.0,,0.5,0.231858,-0.268142,fair
Mattia Perin,Juventus,25.0,GK,810.0,0.0,0.0,,13.0,11.470116666666666,-1.5298833333333341,overvalued
Carlo Pinsoglio,Juventus,28.0,GK,90.0,0.0,0.0,,0.5,1.9907666666666664,1.4907666666666664,undervalued
Manolo Portanova,Juventus,18.0,MF,33.0,0.0,0.0,,0.8,0.34709266666666705,-0.452907333333333,fair
Cristiano Ronaldo,Juventus,33.0,FW,2688.0,21.0,8.0,,90.0,71.55166666666666,-18.448333333333338,overvalued
Daniele Rugani,Juventus,24.0,DF,1350.0,2.0,0.0,,22.0,23.906666666666666,1.9066666666666663,undervalued
Alex Sandro,Juventus,27.0,DF,2387.0,1.0,2.0,,45.0,38.328166666666654,-6.671833333333346,overvalued
Leonardo Spinazzola,Juventus,25.0,DF,601.0,0.0,1.0,,15.0,13.983333333333333,-1.0166666666666675,fair
Francesco Acerbi,Lazio,30.0,DF,3309.0,3.0,1.0,,12.0,10.327541666666667,-1.6724583333333332,overvalued
Luis Alberto,Lazio,25.0,"MF,FW",1990.0,4.0,5.0,,28.0,24.793333333333333,-3.206666666666667,overvalued
Milan Badelj,Lazio,29.0,MF,1141.0,1.0,0.0,,9.0,6.535983333333333,-2.4640166666666667,overvalued
Bastos,Lazio,27.0,DF,1139.0,1.0,0.0,,4.0,4.318408333333332,0.3184083333333323,fair
Valon Berisha,Lazio,25.0,MF,198.0,0.0,0.0,,7.0,5.832667999999999,-1.167332000000001,fair
Martín Cáceres,Lazio,31.0,"DF,FW",307.0,0.0,0.0,,1.5,1.876683333333333,0.37668333333333304,fair
Felipe Caicedo,Lazio,29.0,FW,1371.0,8.0,2.0,,3.0,6.921002499999999,3.9210024999999993,undervalued
Luan Capanni,Lazio,18.0,FW,9.0,0.0,0.0,,0.1,1.1127268333333316,1.0127268333333315,fair
Danilo Cataldi,Lazio,23.0,"MF,FW",578.0,2.0,1.0,,4.0,3.921466666666667,-0.07853333333333312,fair
Joaquín Correa,Lazio,23.0,"FW,MF",1927.0,5.0,6.0,,20.0,20.869333333333334,0.8693333333333335,fair
Riza Durmisi,Lazio,24.0,"DF,MF",326.0,0.0,1.0,,4.0,3.286199999999999,-0.7138000000000009,fair
Luiz Felipe,Lazio,21.0,DF,1289.0,1.0,1.0,,10.0,8.669333333333334,-1.3306666666666658,fair
Guido Guerrieri,Lazio,22.0,GK,90.0,0.0,0.0,,0.3,0.4910750000000004,0.19107500000000038,fair
Ciro Immobile,Lazio,28.0,FW,2859.0,15.0,6.0,,40.0,35.68,-4.32,overvalued
Bruno Jordão,Lazio,19.0,MF,88.0,0.0,0.0,,1.0,0.8506378333333334,-0.14936216666666657,fair
Lucas Leiva,Lazio,31.0,MF,1987.0,0.0,2.0,,9.0,4.228666666666669,-4.771333333333331,overvalued
Jordan Lukaku,Lazio,24.0,"MF,DF",175.0,0.0,0.0,,6.0,4.783843499999997,-1.216156500000003,fair
Alessandro Murgia,Lazio,21.0,MF,1072.0,0.0,3.0,,5.0,5.379666666666667,0.37966666666666704,fair
Pedro Neto,Lazio,18.0,FW,46.0,0.0,0.0,,2.5,1.6658139999999992,-0.8341860000000008,fair
Marco Parolo,Lazio,33.0,MF,2563.0,4.0,3.0,,3.0,2.677313666666666,-0.32268633333333385,fair
Patric,Lazio,25.0,"DF,MF",1085.0,0.0,0.0,,1.8,2.778466666666657,0.9784666666666568,fair
Silvio Proto,Lazio,35.0,GK,180.0,0.0,0.0,,0.4,0.42261666666666836,0.02261666666666834,fair
Rômulo,Lazio,31.0,"DF,MF",1351.0,1.0,2.0,,2.5,2.436056333333333,-0.06394366666666684,fair
Thomas Strakosha,Lazio,23.0,GK,3150.0,0.0,0.0,,20.0,18.893333333333334,-1.1066666666666656,fair
Wallace,Lazio,23.0,DF,1233.0,0.0,0.0,,6.5,4.224916666666665,-2.2750833333333347,overvalued
Martin Braithwaite,Leganés,27.0,FW,1402.0,4.0,5.0,,8.0,8.128000000000002,0.1280000000000019,fair
Unai Bustinza,Leganés,26.0,DF,2023.0,0.0,1.0,,4.0,3.7606,-0.23939999999999984,fair
Guido Carrillo,Leganés,27.0,FW,1992.0,6.0,1.0,,7.5,7.537666666666667,0.0376666666666674,fair
Iván Cuéllar,Leganés,34.0,GK,3055.0,0.0,0.0,,0.8,0.6318166666666685,-0.16818333333333157,fair
Youssef En-Nesyri,Leganés,21.0,FW,2106.0,9.0,2.0,,12.0,12.923333333333334,0.9233333333333338,fair
Raúl García,Leganés,29.0,DF,381.0,0.0,0.0,,7.5,5.4272916666666635,-2.0727083333333365,overvalued
Gerard Gumbau,Leganés,23.0,MF,1199.0,1.0,1.0,,2.5,3.2629666666666663,0.7629666666666663,fair
Juanfran,Leganés,29.0,DF,1459.0,1.0,1.0,,3.0,3.0508333333333337,0.05083333333333373,fair
Vasyl Kravets,Leganés,20.0,DF,481.0,0.0,0.0,,3.0,3.3023173333333347,0.30231733333333466,fair
Andriy Lunin,Leganés,19.0,GK,365.0,0.0,0.0,,7.5,3.238151999999995,-4.261848000000005,overvalued
Sabin Merino,Leganés,26.0,"FW,MF",295.0,0.0,0.0,,1.0,1.261158333333333,0.26115833333333294,fair
Ezequiel Muñoz,Leganés,27.0,DF,211.0,0.0,0.0,,1.0,1.3363499999999997,0.3363499999999997,fair
Allan Nyom,Leganés,30.0,DF,1708.0,1.0,1.0,,3.0,2.699344333333333,-0.3006556666666671,fair
Dani Ojeda,Leganés,23.0,"MF,DF",193.0,0.0,0.0,,0.4,0.6473340000000024,0.24733400000000239,fair
Kenneth Omeruo,Leganés,24.0,DF,2433.0,0.0,0.0,,5.0,4.616666666666666,-0.38333333333333375,fair
Rubén Pérez,Leganés,29.0,MF,2474.0,0.0,0.0,,7.5,6.211,-1.2889999999999997,fair
Recio,Leganés,27.0,MF,1285.0,0.0,0.0,,3.0,3.0325,0.032500000000000195,fair
Diego Reyes,Leganés,25.0,DF,320.0,0.0,0.0,,2.0,1.7967353333333331,-0.20326466666666687,fair
Diego Rolán,Leganés,25.0,"MF,DF",215.0,0.0,0.0,,2.0,1.3638593333333326,-0.6361406666666674,fair
Michael Santos,Leganés,25.0,"FW,MF",557.0,1.0,3.0,,2.0,3.3158133333333337,1.3158133333333337,undervalued
Jonathan Silva,Leganés,24.0,DF,2700.0,3.0,6.0,,3.0,7.556333333333334,4.556333333333334,undervalued
Mikel Vesga,Leganés,25.0,MF,2070.0,1.0,1.0,,4.0,4.360483333333334,0.3604833333333337,fair
Nabil El Zhar,Leganés,31.0,"MF,FW",966.0,4.0,0.0,,2.0,2.4553166666666666,0.4553166666666666,fair
Marc Albrighton,Leicester City,28.0,"FW,MF",1625.0,2.0,2.0,,10.0,9.922666666666668,-0.07733333333333192,fair
Daniel Amartey,Leicester City,23.0,DF,641.0,0.0,0.0,,7.0,4.541066666666663,-2.458933333333337,overvalued
Harvey Barnes,Leicester City,20.0,"FW,MF",1004.0,1.0,2.0,,12.0,11.357666666666667,-0.6423333333333332,fair
Ben Chilwell,Leicester City,21.0,DF,3240.0,0.0,4.0,,35.0,31.516666666666666,-3.4833333333333343,overvalued
Hamza Choudhury,Leicester City,20.0,MF,595.0,0.0,0.0,,5.0,5.0384166666666665,0.038416666666666544,fair
Fousseni Diabaté,Leicester City,22.0,FW,54.0,0.0,0.0,,3.0,3.721299999999999,0.7212999999999989,fair
Jonny Evans,Leicester City,30.0,DF,1996.0,1.0,0.0,,10.0,8.221800000000002,-1.7781999999999982,overvalued
Christian Fuchs,Leicester City,32.0,DF,207.0,0.0,0.0,,3.0,2.715269333333334,-0.284730666666666,fair
Rachid Ghezzal,Leicester City,26.0,"FW,MF",743.0,1.0,0.0,,8.0,7.188833333333332,-0.8111666666666677,fair
Demarai Gray,Leicester City,22.0,"FW,MF",1985.0,4.0,1.0,,20.0,19.263333333333332,-0.7366666666666681,fair
Vicente Iborra,Leicester City,30.0,MF,1665.0,3.0,1.0,,9.0,8.250966666666667,-0.7490333333333332,fair
Kelechi Iheanacho,Leicester City,21.0,"FW,MF",941.0,1.0,3.0,,12.0,10.787,-1.2129999999999992,fair
James Maddison,Leicester City,21.0,"MF,FW",2831.0,7.0,7.0,,40.0,36.11666666666667,-3.883333333333333,overvalued
Harry Maguire,Leicester City,25.0,DF,2596.0,3.0,0.0,,50.0,38.888333333333335,-11.111666666666665,overvalued
Nampalys Mendy,Leicester City,26.0,MF,2092.0,0.0,0.0,,8.0,9.871999999999998,1.871999999999998,undervalued
Wes Morgan,Leicester City,34.0,DF,1925.0,3.0,0.0,,2.0,1.9062666666666666,-0.09373333333333345,fair
Wilfred Ndidi,Leicester City,21.0,MF,3296.0,2.0,0.0,,35.0,32.08,-2.9200000000000017,overvalued
Shinji Okazaki,Leicester City,32.0,"FW,MF",288.0,0.0,1.0,,4.0,3.469691666666666,-0.530308333333334,fair
Ricardo Pereira,Leicester City,24.0,"DF,FW",3123.0,2.0,6.0,,25.0,22.176666666666666,-2.823333333333334,overvalued
Kasper Schmeichel,Leicester City,31.0,GK,3420.0,0.0,0.0,,12.0,10.326666666666666,-1.6733333333333338,overvalued
Adrien Silva,Leicester City,29.0,MF,88.0,0.0,0.0,,13.0,8.904549999999999,-4.095450000000001,overvalued
Danny Simpson,Leicester City,31.0,DF,292.0,0.0,0.0,,3.5,3.145358333333332,-0.3546416666666681,fair
Youri Tielemans,Leicester City,21.0,MF,1086.0,3.0,4.0,,38.0,31.683333333333334,-6.316666666666666,overvalued
Jamie Vardy,Leicester City,31.0,FW,2726.0,18.0,4.0,,20.0,18.773333333333333,-1.2266666666666666,fair
Enis Bardhi,Levante,23.0,MF,2836.0,3.0,4.0,,15.0,15.943333333333333,0.9433333333333334,fair
Emmanuel Boateng,Levante,22.0,FW,699.0,1.0,0.0,,2.5,2.577166666666667,0.07716666666666683,fair
Erick Cabaco,Levante,23.0,DF,1632.0,2.0,0.0,,4.0,3.801333333333332,-0.19866666666666788,fair
José Campaña,Levante,25.0,MF,3210.0,4.0,9.0,,15.0,19.876666666666665,4.876666666666665,undervalued
Chema,Levante,26.0,DF,1254.0,2.0,0.0,,2.5,2.7202416666666664,0.22024166666666645,fair
Coke,Levante,31.0,DF,1817.0,4.0,0.0,,2.0,2.1274499999999996,0.12744999999999962,fair
Cheick Doukouré,Levante,25.0,MF,318.0,0.0,0.0,,1.0,1.0464943333333339,0.04649433333333386,fair
Raphael Dwamena,Levante,22.0,FW,222.0,0.0,1.0,,2.5,2.421798000000001,-0.07820199999999922,fair
Aitor Fernández,Levante,27.0,GK,1440.0,0.0,0.0,,2.5,2.8820359999999994,0.3820359999999994,fair
Jason,Levante,24.0,"MF,DF",2330.0,2.0,5.0,,5.0,7.022666666666667,2.022666666666667,undervalued
José Luis Morales,Levante,31.0,"FW,MF",3195.0,12.0,5.0,,10.0,11.176933333333332,1.1769333333333325,fair
Antonio Luna,Levante,27.0,DF,1258.0,0.0,2.0,,1.5,1.6975333333333338,0.19753333333333378,fair
Roger Martí,Levante,27.0,FW,1887.0,13.0,0.0,,10.0,12.561666666666667,2.5616666666666674,undervalued
Borja Mayoral,Levante,21.0,FW,1621.0,3.0,2.0,,4.0,5.284,1.2839999999999998,fair
Oier Olazábal,Levante,28.0,GK,1890.0,0.0,0.0,,2.5,3.0346693333333334,0.5346693333333334,fair
Sergio Postigo,Levante,29.0,DF,1449.0,1.0,1.0,,2.5,2.6956040000000008,0.19560400000000078,fair
Rubén Rochina,Levante,27.0,MF,1800.0,4.0,5.0,,4.0,8.542333333333334,4.542333333333334,undervalued
Moses Simon,Levante,23.0,"DF,MF",785.0,0.0,1.0,,3.0,3.2858333333333336,0.2858333333333336,fair
Toño,Levante,28.0,"DF,MF",1763.0,2.0,2.0,,1.0,3.0148360000000003,2.0148360000000003,undervalued
Koke Vegas,Levante,22.0,GK,90.0,0.0,0.0,,0.8,0.5684198333333341,-0.23158016666666592,fair
Rúben Vezo,Levante,24.0,DF,1339.0,2.0,1.0,,6.0,5.3283,-0.6717000000000004,fair
Lucas Alario,Leverkusen,25.0,FW,1265.0,9.0,3.0,,17.0,18.468333333333334,1.4683333333333337,undervalued
Charles Aránguiz,Leverkusen,29.0,MF,1891.0,2.0,7.0,,15.0,12.138833333333341,-2.8611666666666586,overvalued
Leon Bailey,Leverkusen,20.0,"FW,MF",1914.0,5.0,1.0,,40.0,18.458333333333332,-21.541666666666668,overvalued
Julian Baumgartlinger,Leverkusen,30.0,MF,1559.0,0.0,1.0,,3.5,3.489174666666668,-0.010825333333332132,fair
Karim Bellarabi,Leverkusen,28.0,"FW,MF",1057.0,5.0,4.0,,15.0,17.08,2.0799999999999983,undervalued
Lars Bender,Leverkusen,29.0,"DF,MF",1361.0,1.0,4.0,,9.0,8.468333333333334,-0.5316666666666663,fair
Sven Bender,Leverkusen,29.0,DF,1991.0,0.0,0.0,,9.0,7.329333333333335,-1.6706666666666647,overvalued
Julian Brandt,Leverkusen,22.0,"MF,FW",2666.0,7.0,11.0,,50.0,48.92,-1.0799999999999983,fair
Kai Havertz,Leverkusen,19.0,"MF,FW",2894.0,17.0,3.0,,90.0,44.093333333333334,-45.906666666666666,overvalued
Benjamin Henrichs,Leverkusen,21.0,DF,63.0,0.0,0.0,,15.0,6.524428499999998,-8.475571500000001,overvalued
Tin Jedvaj,Leverkusen,22.0,DF,1121.0,0.0,0.0,,7.5,7.702683333333335,0.20268333333333466,fair
Dominik Kohr,Leverkusen,24.0,MF,973.0,0.0,2.0,,4.0,4.674983333333334,0.6749833333333344,fair
Ramazan Özcan,Leverkusen,34.0,GK,180.0,0.0,0.0,,0.3,8.15565266666667,7.85565266666667,undervalued
Paulinho,Leverkusen,18.0,"FW,MF",180.0,0.0,0.0,,15.0,13.331491666666672,-1.6685083333333282,overvalued
Jonathan Tah,Leverkusen,22.0,DF,2937.0,3.0,1.0,,40.0,31.321666666666665,-8.678333333333335,overvalued
Kevin Volland,Leverkusen,26.0,FW,2814.0,14.0,9.0,,30.0,57.76166666666666,27.761666666666663,undervalued
Mitchell Weiser,Leverkusen,24.0,DF,2111.0,1.0,3.0,,14.0,13.445666666666666,-0.554333333333334,fair
Wendell,Leverkusen,25.0,DF,2277.0,2.0,2.0,,20.0,17.191666666666666,-2.8083333333333336,overvalued
Luiz Araújo,Lille,22.0,"FW,MF",781.0,3.0,2.0,,7.0,6.833266666666667,-0.16673333333333318,fair
Fodé Ballo-Touré,Lille,21.0,DF,1593.0,0.0,1.0,,12.0,10.288333333333334,-1.711666666666666,overvalued
Jonathan Bamba,Lille,22.0,"FW,MF",3004.0,13.0,3.0,,17.0,23.531666666666666,6.531666666666666,undervalued
Yassine Benzia,Lille,23.0,MF,160.0,0.0,1.0,,1.5,1.551708333333334,0.05170833333333391,fair
Kouadio-Yves Dabila,Lille,21.0,DF,782.0,0.0,0.0,,4.0,3.2866833333333303,-0.7133166666666697,fair
José Fonte,Lille,34.0,DF,3110.0,3.0,1.0,,2.0,1.6607693333333342,-0.3392306666666658,fair
Rui Fonte,Lille,28.0,FW,627.0,1.0,0.0,,2.5,2.676,0.17600000000000016,fair
Edgar Ié,Lille,24.0,DF,239.0,0.0,0.0,,3.5,2.5259969999999985,-0.9740030000000015,fair
Youssouf Koné,Lille,23.0,DF,1709.0,0.0,1.0,,5.0,8.838666666666668,3.8386666666666684,undervalued
Rafael Leão,Lille,19.0,FW,1287.0,8.0,3.0,,15.0,16.405,1.4050000000000011,undervalued
Thiago Maia,Lille,21.0,MF,1021.0,0.0,1.0,,4.0,7.54493333333333,3.54493333333333,undervalued
Mike Maignan,Lille,22.0,GK,3420.0,0.0,0.0,,17.5,17.046666666666667,-0.45333333333333314,fair
Reinildo Mandava,Lille,24.0,DF,97.0,0.0,0.0,,0.6,1.8526680000000002,1.2526680000000003,fair
Thiago Mendes,Lille,26.0,MF,3074.0,0.0,5.0,,25.0,20.85333333333333,-4.146666666666668,overvalued
Lebo Mothiba,Lille,22.0,FW,1771.0,9.0,2.0,,7.0,8.03,1.0299999999999994,fair
Nicolas Pépé,Lille,23.0,"FW,MF",3324.0,22.0,11.0,,65.0,72.78666666666666,7.786666666666662,undervalued
Jérémy Pied,Lille,29.0,DF,469.0,0.0,2.0,,2.5,2.7084416666666655,0.20844166666666553,fair
Loïc Rémy,Lille,31.0,FW,1204.0,7.0,2.0,,3.0,3.673348333333333,0.6733483333333332,fair
Adama Soumaoro,Lille,26.0,DF,1723.0,0.0,1.0,,10.0,7.414000000000001,-2.5859999999999994,overvalued
Boubakary Soumaré,Lille,19.0,MF,564.0,1.0,1.0,,7.5,6.57515,-0.9248500000000002,fair
Xeka,Lille,23.0,MF,2260.0,2.0,0.0,,10.0,8.974166666666667,-1.025833333333333,fair
Arton Zekaj,Lille,18.0,FW,1.0,0.0,0.0,,0.25,0.2861191666666667,0.0361191666666667,fair
Trent Alexander-Arnold,Liverpool,19.0,DF,2462.0,1.0,12.0,,80.0,64.48833333333333,-15.51166666666667,overvalued
Alisson,Liverpool,25.0,GK,3420.0,0.0,0.0,,80.0,71.48,-8.519999999999996,overvalued
Nathaniel Clyne,Liverpool,27.0,DF,1143.0,0.0,1.0,,12.0,36.751000000000005,24.751000000000005,undervalued
Virgil van Dijk,Liverpool,27.0,DF,3384.0,4.0,2.0,,90.0,80.07333333333334,-9.926666666666662,overvalued
Fabinho,Liverpool,24.0,MF,2017.0,1.0,2.0,,50.0,44.53333333333333,-5.466666666666669,overvalued
Roberto Firmino,Liverpool,26.0,"FW,MF",2607.0,12.0,6.0,,80.0,69.61833333333334,-10.38166666666666,overvalued
Joe Gomez,Liverpool,21.0,DF,1063.0,0.0,0.0,,35.0,34.49216666666666,-0.5078333333333376,fair
Jordan Henderson,Liverpool,28.0,MF,1987.0,1.0,3.0,,35.0,34.397333333333336,-0.6026666666666642,fair
Naby Keïta,Liverpool,23.0,MF,1390.0,2.0,1.0,,60.0,48.06166666666667,-11.938333333333333,overvalued
Adam Lallana,Liverpool,30.0,"MF,FW",468.0,0.0,0.0,,15.0,19.241858333333337,4.241858333333337,undervalued
Dejan Lovren,Liverpool,29.0,DF,986.0,1.0,0.0,,20.0,19.60745,-0.39254999999999995,fair
Sadio Mané,Liverpool,26.0,FW,3077.0,22.0,1.0,,120.0,98.64333333333333,-21.35666666666667,overvalued
James Milner,Liverpool,32.0,"MF,DF",1789.0,5.0,4.0,,15.0,14.929666666666666,-0.07033333333333402,fair
Alberto Moreno,Liverpool,26.0,DF,154.0,0.0,0.0,,9.0,13.7837,4.7837,undervalued
Divock Origi,Liverpool,23.0,FW,371.0,3.0,1.0,,20.0,18.213666666666665,-1.786333333333335,overvalued
Alex Oxlade-Chamberlain,Liverpool,24.0,"MF,FW",21.0,0.0,0.0,,35.0,25.10513333333333,-9.894866666666669,overvalued
Andrew Robertson,Liverpool,24.0,DF,3216.0,0.0,11.0,,60.0,55.42166666666667,-4.578333333333333,overvalued
Mohamed Salah,Liverpool,26.0,FW,3250.0,22.0,8.0,,150.0,123.97666666666667,-26.023333333333326,overvalued
Xherdan Shaqiri,Liverpool,26.0,"FW,MF",1064.0,6.0,3.0,,25.0,33.916333333333334,8.916333333333334,undervalued
Daniel Sturridge,Liverpool,28.0,"FW,MF",509.0,2.0,1.0,,15.0,15.38,0.3800000000000008,fair
Georginio Wijnaldum,Liverpool,27.0,MF,2725.0,3.0,0.0,,50.0,48.36333333333334,-1.6366666666666632,overvalued
Houssem Aouar,Lyon,20.0,MF,3061.0,7.0,7.0,,45.0,41.47,-3.530000000000001,overvalued
Maxwel Cornet,Lyon,21.0,FW,1281.0,7.0,5.0,,15.0,29.845,14.844999999999999,undervalued
Moussa Dembélé,Lyon,22.0,FW,2016.0,15.0,4.0,,27.0,32.17166666666667,5.171666666666667,undervalued
Jason Denayer,Lyon,23.0,DF,2754.0,2.0,0.0,,12.5,13.275,0.7750000000000004,fair
Memphis Depay,Lyon,24.0,"FW,MF",2737.0,10.0,10.0,,45.0,46.17,1.1700000000000017,fair
Nabil Fekir,Lyon,25.0,MF,1988.0,9.0,7.0,,60.0,50.24,-9.759999999999998,overvalued
Jordan Ferri,Lyon,26.0,MF,1874.0,2.0,1.0,,4.0,5.377033333333333,1.3770333333333333,undervalued
Mathieu Gorgelin,Lyon,27.0,GK,360.0,0.0,0.0,,1.0,2.361916666666667,1.361916666666667,undervalued
Anthony Lopes,Lyon,27.0,GK,3060.0,0.0,0.0,,25.0,20.4636,-4.5364,overvalued
Marcelo,Lyon,31.0,DF,1853.0,2.0,2.0,,25.0,25.880466666666663,0.8804666666666634,fair
Ferland Mendy,Lyon,23.0,DF,2531.0,2.0,1.0,,30.0,23.255333333333336,-6.744666666666664,overvalued
Jérémy Morel,Lyon,34.0,DF,1064.0,0.0,0.0,,0.25,0.6909413333333337,0.44094133333333374,fair
Lenny Pintor,Lyon,17.0,FW,1.0,0.0,0.0,,5.0,3.568258333333335,-1.4317416666666651,overvalued
Rafael,Lyon,28.0,DF,1023.0,0.0,1.0,,0.2,5.220166666666666,5.0201666666666656,undervalued
Oumar Solet,Lyon,18.0,DF,59.0,0.0,0.0,,1.0,2.124483333333333,1.124483333333333,fair
Martin Terrier,Lyon,21.0,FW,1486.0,9.0,0.0,,15.0,16.429333333333332,1.4293333333333322,undervalued
Kenny Tete,Lyon,22.0,DF,1048.0,0.0,3.0,,8.0,7.092599999999999,-0.9074000000000009,fair
Lucas Tousart,Lyon,21.0,MF,1727.0,0.0,0.0,,20.0,17.15066666666667,-2.8493333333333304,overvalued
Bertrand Traoré,Lyon,22.0,FW,2117.0,7.0,2.0,,15.0,13.816666666666666,-1.1833333333333336,fair
Ridle Baku,Mainz 05,20.0,MF,937.0,0.0,0.0,,3.5,3.6606666666666654,0.1606666666666654,fair
Stefan Bell,Mainz 05,26.0,DF,2250.0,0.0,0.0,,3.5,4.0856,0.5856000000000003,fair
Pablo de Blasis,Mainz 05,30.0,FW,90.0,0.0,0.0,,2.0,1.5415553333333332,-0.45844466666666683,fair
Jean-Paul Boëtius,Mainz 05,24.0,"MF,FW",2127.0,4.0,7.0,,6.0,8.461333333333334,2.461333333333334,undervalued
Daniel Brosinski,Mainz 05,30.0,DF,2203.0,3.0,5.0,,2.5,3.6879333333333335,1.1879333333333335,fair
Jonathan Burkardt,Mainz 05,18.0,"FW,MF",259.0,0.0,0.0,,1.75,1.611777666666667,-0.138222333333333,fair
Ahmet Gürleyen,Mainz 05,19.0,DF,13.0,0.0,0.0,,0.4,0.34641216666666774,-0.05358783333333228,fair
Alexander Hack,Mainz 05,24.0,DF,1020.0,1.0,1.0,,2.5,3.45065,0.95065,fair
Gerrit Holtmann,Mainz 05,23.0,"FW,MF",145.0,0.0,0.0,,1.5,1.435984333333333,-0.06401566666666691,fair
Danny Latza,Mainz 05,28.0,MF,1863.0,0.0,3.0,,4.0,3.966816666666667,-0.03318333333333312,fair
Aarón Martín,Mainz 05,21.0,DF,2878.0,0.0,3.0,,20.0,17.503333333333334,-2.496666666666666,overvalued
Jean-Philippe Mateta,Mainz 05,21.0,FW,2483.0,14.0,2.0,,22.0,34.27333333333333,12.273333333333333,undervalued
Alexandru Maxim,Mainz 05,28.0,MF,579.0,1.0,0.0,,2.0,2.346141666666667,0.346141666666667,fair
Florian Müller,Mainz 05,20.0,GK,2160.0,0.0,0.0,,10.0,9.47,-0.5299999999999994,fair
Phillipp Mwene,Mainz 05,24.0,DF,274.0,0.0,0.0,,1.5,1.2021999999999997,-0.2978000000000003,fair
Karim Onisiwo,Mainz 05,26.0,"FW,MF",1161.0,7.0,3.0,,3.5,7.335,3.835,undervalued
Robin Quaison,Mainz 05,24.0,"FW,MF",2194.0,7.0,3.0,,8.0,7.452,-0.548,fair
Anthony Ujah,Mainz 05,27.0,FW,735.0,4.0,0.0,,1.5,3.589166666666667,2.089166666666667,undervalued
Robin Zentner,Mainz 05,23.0,GK,900.0,0.0,0.0,,1.0,1.1173166666666667,0.11731666666666674,fair
Sergio Agüero,Manchester City,30.0,FW,2459.0,21.0,8.0,,65.0,64.78166666666667,-0.2183333333333337,fair
Danilo,Manchester City,27.0,DF,807.0,1.0,0.0,,20.0,24.422666666666668,4.422666666666668,undervalued
Kevin De Bruyne,Manchester City,27.0,MF,975.0,2.0,2.0,,130.0,21.3675,-108.6325,overvalued
Fabian Delph,Manchester City,28.0,DF,725.0,0.0,1.0,,15.0,18.552249999999997,3.5522499999999972,undervalued
Ederson,Manchester City,24.0,GK,3420.0,0.0,1.0,,70.0,61.24666666666667,-8.75333333333333,overvalued
Fernandinho,Manchester City,33.0,MF,2377.0,1.0,3.0,,12.0,10.067558333333332,-1.9324416666666675,overvalued
Phil Foden,Manchester City,18.0,MF,335.0,1.0,0.0,,25.0,20.987858333333335,-4.012141666666665,overvalued
Gabriel Jesus,Manchester City,21.0,FW,1036.0,7.0,3.0,,70.0,26.965,-43.035,overvalued
Vincent Kompany,Manchester City,32.0,DF,1224.0,1.0,0.0,,8.0,9.4585,1.4585000000000008,undervalued
Aymeric Laporte,Manchester City,24.0,DF,3057.0,3.0,3.0,,75.0,49.45333333333333,-25.546666666666667,overvalued
Riyad Mahrez,Manchester City,27.0,"FW,MF",1343.0,7.0,4.0,,60.0,38.27,-21.729999999999997,overvalued
Benjamin Mendy,Manchester City,24.0,DF,900.0,0.0,5.0,,35.0,37.085,2.085000000000001,undervalued
Nicolás Otamendi,Manchester City,30.0,DF,1236.0,0.0,0.0,,25.0,22.053333333333335,-2.9466666666666654,overvalued
Leroy Sané,Manchester City,22.0,FW,1867.0,10.0,10.0,,100.0,86.45,-13.549999999999997,overvalued
Bernardo Silva,Manchester City,23.0,"MF,FW",2854.0,7.0,7.0,,100.0,77.85333333333334,-22.14666666666666,overvalued
David Silva,Manchester City,32.0,MF,2401.0,6.0,8.0,,20.0,19.689216666666667,-0.3107833333333332,fair
Raheem Sterling,Manchester City,23.0,FW,2771.0,17.0,9.0,,140.0,109.68666666666667,-30.313333333333333,overvalued
John Stones,Manchester City,24.0,DF,1764.0,0.0,0.0,,60.0,53.806666666666665,-6.193333333333335,overvalued
Kyle Walker,Manchester City,28.0,DF,2779.0,1.0,1.0,,50.0,45.24166666666667,-4.758333333333333,overvalued
Oleksandr Zinchenko,Manchester City,21.0,DF,1151.0,0.0,3.0,,20.0,21.448333333333334,1.4483333333333341,undervalued
Eric Bailly,Manchester Utd,24.0,DF,638.0,0.0,0.0,,25.0,22.677666666666667,-2.322333333333333,overvalued
Diogo Dalot,Manchester Utd,19.0,"DF,MF",1013.0,0.0,2.0,,20.0,15.857833333333334,-4.142166666666666,overvalued
Matteo Darmian,Manchester Utd,28.0,DF,443.0,0.0,0.0,,10.0,10.689166666666667,0.6891666666666669,fair
Marouane Fellaini,Manchester Utd,30.0,MF,752.0,0.0,1.0,,12.0,10.780869,-1.2191310000000009,fair
Fred,Manchester Utd,25.0,MF,1041.0,1.0,1.0,,30.0,26.906666666666666,-3.0933333333333337,overvalued
David de Gea,Manchester Utd,27.0,GK,3420.0,0.0,0.0,,65.0,59.72833333333333,-5.271666666666668,overvalued
Ander Herrera,Manchester Utd,28.0,MF,1403.0,2.0,3.0,,25.0,25.429333333333332,0.42933333333333223,fair
Phil Jones,Manchester Utd,26.0,DF,1263.0,0.0,1.0,,20.0,20.439,0.43900000000000006,fair
Victor Lindelöf,Manchester Utd,24.0,DF,2601.0,1.0,1.0,,35.0,32.64333333333333,-2.356666666666669,overvalued
Jesse Lingard,Manchester Utd,25.0,"FW,MF",1663.0,4.0,2.0,,40.0,35.26166666666666,-4.738333333333337,overvalued
Romelu Lukaku,Manchester Utd,25.0,FW,2136.0,12.0,0.0,,75.0,55.556666666666665,-19.443333333333335,overvalued
Anthony Martial,Manchester Utd,22.0,FW,1621.0,10.0,2.0,,60.0,47.873333333333335,-12.126666666666665,overvalued
Juan Mata,Manchester Utd,30.0,"FW,MF",1289.0,3.0,2.0,,20.0,19.38133333333333,-0.6186666666666696,fair
Scott McTominay,Manchester Utd,21.0,"MF,DF",867.0,2.0,0.0,,12.0,13.615666666666668,1.6156666666666677,undervalued
Andreas Pereira,Manchester Utd,22.0,MF,599.0,1.0,1.0,,10.0,15.136866666666668,5.136866666666668,undervalued
Paul Pogba,Manchester Utd,25.0,MF,3006.0,13.0,9.0,,100.0,79.97833333333334,-20.02166666666666,overvalued
Marcus Rashford,Manchester Utd,20.0,FW,2334.0,10.0,6.0,,80.0,38.13666666666666,-41.86333333333334,overvalued
Marcos Rojo,Manchester Utd,28.0,DF,212.0,0.0,0.0,,12.0,11.446666666666667,-0.5533333333333328,fair
Alexis Sánchez,Manchester Utd,29.0,"FW,MF",880.0,1.0,3.0,,35.0,15.1035,-19.8965,overvalued
Luke Shaw,Manchester Utd,23.0,DF,2591.0,1.0,4.0,,30.0,26.825,-3.1750000000000007,overvalued
Chris Smalling,Manchester Utd,28.0,DF,2127.0,1.0,0.0,,20.0,23.530833333333334,3.5308333333333337,undervalued
Antonio Valencia,Manchester Utd,32.0,"DF,MF",466.0,0.0,0.0,,5.0,5.6550666666666665,0.6550666666666665,fair
Ashley Young,Manchester Utd,33.0,DF,2569.0,2.0,2.0,,5.0,3.4654720000000014,-1.5345279999999986,overvalued
Jordan Amavi,Marseille,24.0,DF,2177.0,0.0,2.0,,8.0,8.28,0.27999999999999936,fair
Mario Balotelli,Marseille,27.0,FW,752.0,0.0,1.0,,20.0,15.407950000000001,-4.592049999999999,overvalued
Valère Germain,Marseille,28.0,FW,2170.0,8.0,2.0,,7.0,7.676666666666667,0.6766666666666667,fair
Luiz Gustavo,Marseille,31.0,"MF,DF",2436.0,2.0,0.0,,10.0,7.956908333333333,-2.043091666666667,overvalued
Boubacar Kamara,Marseille,18.0,DF,2411.0,1.0,0.0,,18.0,24.68,6.68,undervalued
Steve Mandanda,Marseille,33.0,GK,2735.0,0.0,0.0,,2.5,2.166816666666666,-0.33318333333333383,fair
Clinton N'Jie,Marseille,24.0,"FW,MF",364.0,3.0,2.0,,3.5,5.404933333333335,1.904933333333335,undervalued
Lucas Ocampos,Marseille,24.0,"FW,MF",2708.0,4.0,8.0,,15.0,14.995,-0.005000000000000782,fair
Dimitri Payet,Marseille,31.0,"MF,FW",1904.0,4.0,6.0,,12.5,8.198766666666668,-4.301233333333332,overvalued
Yohann Pelé,Marseille,35.0,GK,682.0,0.0,0.0,,0.5,0.1947286666666666,-0.3052713333333334,fair
Adil Rami,Marseille,32.0,DF,1412.0,1.0,1.0,,3.0,2.657133333333334,-0.3428666666666662,fair
Christopher Rocchia,Marseille,20.0,DF,3.0,0.0,0.0,,0.2,0.7421499999999983,0.5421499999999984,fair
Rolando,Marseille,32.0,DF,804.0,0.0,0.0,,0.75,0.7371510000000003,-0.012848999999999666,fair
Hiroki Sakai,Marseille,28.0,DF,2374.0,1.0,4.0,,8.0,7.097999999999999,-0.902000000000001,fair
Morgan Sanson,Marseille,23.0,MF,2403.0,5.0,3.0,,28.0,21.77,-6.23,overvalued
Bouna Sarr,Marseille,26.0,"DF,FW",2242.0,1.0,1.0,,6.0,6.108666666666666,0.10866666666666625,fair
Grégory Sertic,Marseille,28.0,MF,108.0,0.0,0.0,,1.0,2.627441666666667,1.627441666666667,undervalued
Kevin Strootman,Marseille,28.0,MF,1942.0,1.0,5.0,,20.0,7.607983333333333,-12.392016666666667,overvalued
Florian Thauvin,Marseille,25.0,"FW,MF",2613.0,16.0,8.0,,45.0,60.25,15.25,undervalued
Nico Elvedi,M'Gladbach,21.0,DF,2623.0,2.0,1.0,,30.0,26.515,-3.4849999999999994,overvalued
Matthias Ginter,M'Gladbach,24.0,DF,2379.0,2.0,0.0,,35.0,26.850333333333335,-8.149666666666665,overvalued
Thorgan Hazard,M'Gladbach,25.0,"FW,DF",2873.0,10.0,11.0,,38.0,46.25666666666667,8.256666666666668,undervalued
Patrick Herrmann,M'Gladbach,27.0,"FW,DF",1079.0,3.0,2.0,,4.5,5.636833333333334,1.1368333333333336,fair
Jonas Hofmann,M'Gladbach,26.0,MF,1911.0,5.0,5.0,,9.0,13.907000000000002,4.907000000000002,undervalued
Tony Jantschke,M'Gladbach,28.0,DF,933.0,0.0,1.0,,3.0,2.764920666666667,-0.2350793333333332,fair
Fabian Johnson,M'Gladbach,30.0,"DF,FW",1012.0,1.0,0.0,,3.0,2.9510353333333343,-0.04896466666666566,fair
Christoph Kramer,M'Gladbach,27.0,MF,1136.0,2.0,1.0,,10.0,8.082166666666668,-1.9178333333333324,overvalued
Michael Lang,M'Gladbach,27.0,DF,1255.0,1.0,0.0,,4.5,4.455333333333333,-0.044666666666667076,fair
Florian Neuhaus,M'Gladbach,21.0,MF,2062.0,3.0,8.0,,22.0,24.65,2.6499999999999986,undervalued
Raffael,M'Gladbach,33.0,FW,543.0,2.0,1.0,,2.5,1.9739351666666671,-0.5260648333333329,fair
Yann Sommer,M'Gladbach,29.0,GK,3060.0,0.0,0.0,,12.0,9.686666666666667,-2.3133333333333326,overvalued
Lars Stindl,M'Gladbach,29.0,"FW,MF",1508.0,3.0,1.0,,10.0,7.8304,-2.1696,overvalued
Tobias Strobl,M'Gladbach,28.0,"MF,DF",2293.0,0.0,4.0,,7.0,7.331666666666667,0.331666666666667,fair
Ibrahima Traoré,M'Gladbach,30.0,"FW,MF",552.0,0.0,2.0,,2.0,2.1142443333333336,0.11424433333333361,fair
Oscar Wendt,M'Gladbach,32.0,DF,2731.0,1.0,1.0,,2.0,1.9915166666666673,-0.008483333333332732,fair
Denis Zakaria,M'Gladbach,21.0,MF,1959.0,4.0,0.0,,20.0,17.706833333333336,-2.2931666666666644,overvalued
Ignazio Abate,Milan,31.0,DF,1302.0,0.0,0.0,,2.0,3.1661020000000004,1.1661020000000004,fair
Tiemoué Bakayoko,Milan,23.0,MF,2301.0,1.0,1.0,,35.0,26.370933333333333,-8.629066666666667,overvalued
Lucas Biglia,Milan,32.0,MF,1114.0,1.0,0.0,,6.0,4.451575,-1.548425,overvalued
Giacomo Bonaventura,Milan,28.0,MF,646.0,3.0,1.0,,20.0,17.3875,-2.6125000000000007,overvalued
Fabio Borini,Milan,27.0,"FW,MF",1054.0,2.0,2.0,,7.0,9.823333333333334,2.823333333333334,undervalued
Davide Calabria,Milan,21.0,DF,1950.0,1.0,2.0,,20.0,19.685666666666666,-0.3143333333333338,fair
Samu Castillejo,Milan,23.0,"FW,MF",1023.0,4.0,2.0,,18.0,16.87,-1.129999999999999,fair
Andrea Conti,Milan,24.0,DF,500.0,0.0,2.0,,15.0,11.6237,-3.3763000000000005,overvalued
Patrick Cutrone,Milan,20.0,FW,1457.0,3.0,2.0,,28.0,23.578333333333333,-4.421666666666667,overvalued
Gianluigi Donnarumma,Milan,19.0,GK,3090.0,0.0,0.0,,55.0,44.373333333333335,-10.626666666666665,overvalued
Gonzalo Higuaín,Milan,30.0,FW,1085.0,5.0,0.0,,35.0,10.215158333333333,-24.784841666666665,overvalued
Franck Kessié,Milan,21.0,MF,3018.0,8.0,2.0,,33.0,31.423333333333332,-1.576666666666668,overvalued
Diego Laxalt,Milan,25.0,"DF,MF",651.0,0.0,0.0,,12.0,5.411366666666664,-6.588633333333336,overvalued
José Mauri,Milan,22.0,MF,208.0,0.0,0.0,,1.0,1.6251776666666666,0.6251776666666666,fair
Mateo Musacchio,Milan,27.0,DF,2610.0,1.0,0.0,,15.0,15.137666666666668,0.13766666666666794,fair
Lucas Paquetá,Milan,20.0,MF,842.0,1.0,1.0,,35.0,27.726,-7.274000000000001,overvalued
Pepe Reina,Milan,35.0,GK,330.0,0.0,0.0,,1.0,0.8285416666666674,-0.1714583333333326,fair
Ricardo Rodríguez,Milan,25.0,DF,3047.0,0.0,3.0,,17.0,21.131,4.131,undervalued
Alessio Romagnoli,Milan,23.0,DF,2847.0,2.0,0.0,,50.0,39.485,-10.515,overvalued
Suso,Milan,24.0,"FW,MF",3018.0,7.0,10.0,,40.0,40.455,0.4549999999999983,fair
Cristián Zapata,Milan,31.0,DF,1026.0,0.0,0.0,,2.0,2.7821353333333336,0.7821353333333336,fair
Jean-Eudes Aholou,Monaco,24.0,MF,1075.0,0.0,1.0,,7.0,6.990166666666666,-0.009833333333333805,fair
Youssef Aït Bennasser,Monaco,22.0,MF,936.0,0.0,0.0,,10.0,8.737333333333334,-1.2626666666666662,fair
Fodé Ballo-Touré,Monaco,21.0,DF,1593.0,0.0,1.0,,12.0,11.261333333333333,-0.738666666666667,fair
Antonio Barreca,Monaco,23.0,DF,5.0,0.0,0.0,,7.0,8.7886,1.7886000000000006,undervalued
Diego Benaglio,Monaco,34.0,GK,2058.0,0.0,0.0,,0.5,0.3997166666666669,-0.10028333333333311,fair
Giulian Biancone,Monaco,18.0,DF,90.0,0.0,0.0,,0.5,2.666616666666666,2.166616666666666,undervalued
Nacer Chadli,Monaco,28.0,"MF,FW",691.0,0.0,0.0,,8.0,7.045649999999999,-0.9543500000000007,fair
Sofiane Diop,Monaco,18.0,"MF,FW",741.0,0.0,0.0,,5.0,6.131916666666667,1.1319166666666671,fair
Cesc Fàbregas,Monaco,31.0,MF,180.0,0.0,0.0,,15.0,11.428733333333334,-3.5712666666666664,overvalued
Romain Faivre,Monaco,20.0,"MF,FW",90.0,0.0,0.0,,0.5,3.0056666666666665,2.5056666666666665,undervalued
Willem Geubbels,Monaco,16.0,MF,8.0,0.0,0.0,,10.0,8.355483333333337,-1.6445166666666626,overvalued
Kamil Glik,Monaco,30.0,DF,2970.0,1.0,0.0,,8.0,7.485,-0.5149999999999997,fair
Aleksandr Golovin,Monaco,22.0,"MF,FW",2290.0,3.0,3.0,,25.0,21.962666666666667,-3.0373333333333328,overvalued
Samuel Grandsir,Monaco,21.0,"FW,MF",237.0,0.0,0.0,,3.0,12.002333333333334,9.002333333333334,undervalued
Benjamin Henrichs,Monaco,21.0,"DF,MF",63.0,0.0,0.0,,15.0,10.4535,-4.5465,overvalued
Wilson Isidor,Monaco,17.0,FW,42.0,0.0,0.0,,0.15,1.1246666666666643,0.9746666666666642,fair
Jemerson,Monaco,25.0,"DF,MF",2224.0,0.0,1.0,,10.0,10.44,0.4399999999999995,fair
Rony Lopes,Monaco,22.0,"FW,MF",1849.0,2.0,2.0,,25.0,21.821,-3.1789999999999985,overvalued
Gelson Martins,Monaco,23.0,"FW,MF",229.0,0.0,0.0,,28.0,23.581666666666667,-4.418333333333333,overvalued
Han-Noah Massengo,Monaco,17.0,"FW,MF",61.0,0.0,0.0,,2.5,28.460233333333328,25.960233333333328,undervalued
Jordi Mboula,Monaco,19.0,FW,276.0,0.0,0.0,,3.0,3.4681676666666665,0.46816766666666654,fair
Kévin N'Doram,Monaco,22.0,"DF,MF",195.0,0.0,0.0,,4.0,4.9432833333333335,0.9432833333333335,fair
Naldo,Monaco,35.0,DF,630.0,0.0,0.0,,2.0,2.197978,0.197978,fair
Pelé,Monaco,26.0,MF,469.0,0.0,0.0,,4.5,6.789408333333333,2.2894083333333333,undervalued
Pietro Pellegri,Monaco,17.0,"FW,MF",82.0,1.0,0.0,,7.0,27.550974999999987,20.550974999999987,undervalued
Ronaël Pierre-Gabriel,Monaco,20.0,DF,355.0,0.0,0.0,,4.0,3.5219333333333345,-0.47806666666666553,fair
Andrea Raggi,Monaco,34.0,"DF,MF",494.0,0.0,0.0,,0.25,2.136283333333333,1.886283333333333,undervalued
Julien Serrano,Monaco,20.0,"MF,DF",119.0,0.0,0.0,,1.5,1.917833333333333,0.41783333333333306,fair
Djibril Sidibé,Monaco,26.0,"DF,MF",2076.0,0.0,2.0,,15.0,13.106166666666667,-1.8938333333333333,overvalued
Adrien Silva,Monaco,29.0,MF,88.0,0.0,0.0,,13.0,9.791825000000001,-3.208174999999999,overvalued
Seydou Sy,Monaco,22.0,GK,226.0,0.0,0.0,,0.75,2.4297500000000007,1.6797500000000007,undervalued
Moussa Sylla,Monaco,18.0,"FW,MF",769.0,0.0,0.0,,4.0,11.0086,7.0085999999999995,undervalued
Youri Tielemans,Monaco,21.0,MF,1086.0,3.0,4.0,,38.0,32.604,-5.396000000000001,overvalued
Almamy Touré,Monaco,22.0,DF,519.0,0.0,0.0,,6.5,5.966775,-0.5332249999999998,fair
Adama Traoré,Monaco,23.0,"MF,FW",240.0,0.0,1.0,,15.0,11.853466666666664,-3.146533333333336,overvalued
William Vainqueur,Monaco,29.0,MF,80.0,0.0,0.0,,1.25,8.499825000000001,7.249825000000001,undervalued
Carlos Vinícius,Monaco,23.0,"FW,MF",523.0,2.0,1.0,,7.0,6.286635999999999,-0.7133640000000012,fair
Ruben Aguilar,Montpellier,25.0,"DF,MF",2528.0,1.0,4.0,,8.0,9.114666666666665,1.1146666666666647,fair
Yanis Ammour,Montpellier,19.0,MF,2.0,0.0,0.0,,0.15,0.16290499999999955,0.012904999999999556,fair
Dimitry Bertaud,Montpellier,20.0,GK,90.0,0.0,0.0,,0.5,0.46547208333333356,-0.034527916666666436,fair
Bilal Boutobba,Montpellier,19.0,MF,32.0,0.0,0.0,,0.5,0.3587306666666669,-0.14126933333333308,fair
Souleymane Camara,Montpellier,35.0,"FW,MF",137.0,3.0,0.0,,0.25,0.3852321666666667,0.1352321666666667,fair
Daniel Congré,Montpellier,33.0,DF,3292.0,2.0,2.0,,0.75,2.165430666666665,1.4154306666666652,undervalued
Nicolas Cozza,Montpellier,19.0,DF,984.0,0.0,1.0,,4.0,4.513233333333333,0.513233333333333,fair
Andy Delort,Montpellier,26.0,FW,3115.0,14.0,7.0,,12.5,21.641666666666666,9.141666666666666,undervalued
Keagan Dolly,Montpellier,25.0,FW,88.0,0.0,0.0,,1.3,3.471086333333335,2.171086333333335,undervalued
Gaëtan Laborde,Montpellier,24.0,"FW,MF",90.0,0.0,0.0,,10.0,6.358740833333333,-3.641259166666667,overvalued
Paul Lasne,Montpellier,29.0,"MF,DF",1789.0,2.0,0.0,,2.5,2.6005666666666665,0.10056666666666647,fair
Damien Le Tallec,Montpellier,28.0,MF,2805.0,3.0,0.0,,4.0,7.016666666666667,3.0166666666666666,undervalued
Benjamin Lecomte,Montpellier,27.0,GK,3330.0,0.0,0.0,,17.0,7.681666666666667,-9.318333333333333,overvalued
Pedro Mendes,Montpellier,27.0,DF,2667.0,1.0,0.0,,6.0,5.467666666666666,-0.5323333333333338,fair
Florent Mollet,Montpellier,26.0,"MF,FW",2564.0,6.0,4.0,,9.0,12.683666666666667,3.6836666666666673,undervalued
Ambroise Oyongo,Montpellier,27.0,"DF,MF",2136.0,2.0,0.0,,4.0,4.114166666666666,0.11416666666666586,fair
Facundo Píriz,Montpellier,28.0,MF,116.0,0.0,0.0,,1.0,0.9801330000000004,-0.019866999999999635,fair
Morgan Poaty,Montpellier,21.0,MF,90.0,0.0,0.0,,1.0,0.9773605,-0.022639500000000035,fair
Junior Sambia,Montpellier,21.0,"MF,FW",926.0,0.0,1.0,,4.0,3.8625666666666665,-0.13743333333333352,fair
Giovanni Sio,Montpellier,29.0,FW,63.0,0.0,0.0,,2.0,1.2605639999999991,-0.7394360000000009,fair
Ellyes Skhiri,Montpellier,23.0,MF,3090.0,3.0,2.0,,12.0,11.695,-0.3049999999999997,fair
Mathías Suárez,Montpellier,22.0,DF,550.0,0.0,0.0,,1.5,1.473153666666667,-0.026846333333333083,fair
Sofiane Alakouch,Nîmes,20.0,DF,1895.0,1.0,0.0,,5.0,7.271000000000001,2.271000000000001,undervalued
Rachid Alioui,Nîmes,26.0,FW,1252.0,5.0,0.0,,4.0,3.7165000000000004,-0.28349999999999964,fair
Paul Bernardoni,Nîmes,21.0,GK,3420.0,0.0,0.0,,9.0,12.555,3.5549999999999997,undervalued
Antonin Bobichon,Nîmes,22.0,MF,2153.0,7.0,2.0,,5.0,8.298333333333334,3.298333333333334,undervalued
Denis Bouanga,Nîmes,23.0,"FW,MF",2633.0,8.0,2.0,,6.0,8.333333333333334,2.333333333333334,undervalued
Umut Bozok,Nîmes,21.0,FW,1235.0,2.0,3.0,,4.0,5.3181666666666665,1.3181666666666665,undervalued
Clément Depres,Nîmes,23.0,FW,441.0,4.0,0.0,,1.5,3.382791666666666,1.882791666666666,undervalued
Jordan Ferri,Nîmes,26.0,MF,1874.0,2.0,1.0,,4.0,4.116499999999999,0.11649999999999938,fair
Baptiste Guillaume,Nîmes,23.0,FW,1183.0,2.0,1.0,,3.0,4.267833333333332,1.267833333333332,fair
Féthi Harek,Nîmes,35.0,DF,177.0,0.0,0.0,,0.25,0.367375,0.11737500000000001,fair
Loïck Landre,Nîmes,26.0,DF,1591.0,3.0,0.0,,3.5,3.379533333333333,-0.12046666666666717,fair
Hervé Lybohy,Nîmes,35.0,DF,1480.0,2.0,0.0,,0.15,0.2686803333333334,0.11868033333333342,fair
Faitout Maouassa,Nîmes,20.0,DF,2137.0,0.0,1.0,,8.0,7.475666666666666,-0.5243333333333338,fair
Florian Miguel,Nîmes,21.0,DF,1117.0,0.0,1.0,,1.5,5.633333333333333,4.133333333333333,undervalued
Gaëtan Paquiez,Nîmes,24.0,DF,1329.0,0.0,0.0,,1.0,1.836933333333333,0.8369333333333331,fair
Renaud Ripart,Nîmes,25.0,"FW,DF",3006.0,8.0,4.0,,4.0,10.063333333333333,6.063333333333333,undervalued
Téji Savanier,Nîmes,26.0,MF,2864.0,6.0,14.0,,12.0,23.826666666666668,11.826666666666668,undervalued
Sada Thioub,Nîmes,23.0,"FW,MF",2476.0,3.0,5.0,,5.5,8.848333333333333,3.3483333333333327,undervalued
Pierrick Valdivia,Nîmes,30.0,MF,31.0,0.0,0.0,,0.6,0.5879166666666645,-0.012083333333335444,fair
Matheus Pereira,Nürnberg,22.0,"MF,FW",1232.0,3.0,2.0,,0.45,3.103166666666676,2.6531666666666758,undervalued
Thomas Basila,Nantes,19.0,DF,92.0,0.0,0.0,,0.5,0.44299741666666675,-0.057002583333333245,fair
Gabriel Boschilia,Nantes,22.0,"FW,MF",1319.0,4.0,4.0,,7.5,9.84,2.34,undervalued
Diego Carlos,Nantes,25.0,DF,3148.0,2.0,0.0,,13.0,13.046000000000001,0.04600000000000115,fair
Kalifa Coulibaly,Nantes,26.0,FW,1751.0,8.0,2.0,,5.0,6.754166666666666,1.7541666666666664,undervalued
Abdoulaye Dabo,Nantes,17.0,FW,116.0,0.0,0.0,,1.0,0.8508545833333332,-0.1491454166666668,fair
Koffi Djidji,Nantes,25.0,DF,1387.0,0.0,0.0,,5.0,4.25145,-0.7485499999999998,fair
Maxime Dupé,Nantes,25.0,GK,940.0,0.0,0.0,,1.0,1.1765020000000004,0.17650200000000038,fair
Lucas Evangelista,Nantes,23.0,"FW,MF",720.0,1.0,0.0,,4.0,2.429866666666666,-1.570133333333334,overvalued
Valentin Eysseric,Nantes,26.0,"MF,FW",358.0,0.0,1.0,,3.0,7.600204416666665,4.600204416666665,undervalued
Fábio,Nantes,28.0,DF,1276.0,0.0,2.0,,2.5,2.8323333333333336,0.3323333333333336,fair
Andrei Girotto,Nantes,26.0,MF,1475.0,2.0,0.0,,3.0,3.0777,0.0777000000000001,fair
Edgar Ié,Nantes,24.0,DF,239.0,0.0,0.0,,3.5,1.8513386666666627,-1.6486613333333373,overvalued
Randal Kolo Muani,Nantes,19.0,"FW,MF",122.0,0.0,0.0,,0.3,0.3864394166666655,0.08643941666666549,fair
Rene Krhin,Nantes,28.0,MF,1057.0,0.0,0.0,,2.0,2.1006416666666663,0.1006416666666663,fair
Enock Kwateng,Nantes,21.0,DF,2040.0,0.0,1.0,,4.0,4.812333333333334,0.812333333333334,fair
Lucas Lima,Nantes,26.0,"DF,FW",2496.0,0.0,4.0,,6.5,6.696666666666666,0.19666666666666632,fair
Anthony Limbombe,Nantes,24.0,FW,1237.0,1.0,1.0,,6.0,5.2781666666666665,-0.7218333333333335,fair
Antonio Mance,Nantes,22.0,"FW,MF",50.0,0.0,0.0,,0.5,0.5904333333333334,0.09043333333333337,fair
Matt Miazga,Nantes,23.0,DF,720.0,0.0,0.0,,3.0,2.2327833333333333,-0.7672166666666667,fair
Samuel Moutoussamy,Nantes,21.0,"MF,FW",1648.0,2.0,3.0,,5.0,7.638999999999999,2.6389999999999993,undervalued
Alexandre Olliero,Nantes,22.0,GK,90.0,0.0,0.0,,0.4,0.37227500000000124,-0.02772499999999878,fair
Nicolas Pallois,Nantes,30.0,DF,2160.0,2.0,0.0,,2.5,2.3100833333333317,-0.1899166666666683,fair
Valentin Rongier,Nantes,23.0,MF,3226.0,4.0,5.0,,15.0,16.60333333333333,1.6033333333333317,undervalued
Abdoulaye Touré,Nantes,24.0,MF,2749.0,3.0,1.0,,10.0,10.017666666666667,0.01766666666666694,fair
Anthony Walongwa,Nantes,24.0,DF,90.0,0.0,0.0,,0.4,0.4170683333333349,0.01706833333333485,fair
Raúl Albiol,Napoli,32.0,DF,1713.0,1.0,0.0,,5.0,4.109466666666666,-0.8905333333333338,fair
Allan,Napoli,27.0,MF,176.0,0.0,0.0,,60.0,39.02343333333334,-20.976566666666663,overvalued
José Callejón,Napoli,31.0,"MF,FW",2650.0,3.0,10.0,,20.0,16.18906666666667,-3.810933333333331,overvalued
Vlad Chiricheș,Napoli,28.0,DF,147.0,0.0,0.0,,4.5,7.887333333333332,3.3873333333333324,undervalued
Amadou Diawara,Napoli,21.0,MF,661.0,0.0,0.0,,15.0,11.4646,-3.535399999999999,overvalued
Gianluca Gaetano,Napoli,18.0,FW,8.0,0.0,0.0,,0.8,1.179535833333337,0.37953583333333696,fair
Faouzi Ghoulam,Napoli,27.0,DF,1154.0,1.0,3.0,,23.0,18.86766666666667,-4.132333333333332,overvalued
Elseid Hysaj,Napoli,24.0,DF,2107.0,0.0,2.0,,23.0,23.99,0.9899999999999984,fair
Lorenzo Insigne,Napoli,27.0,"FW,MF",2073.0,10.0,6.0,,65.0,49.48833333333334,-15.511666666666663,overvalued
Orestis Karnezis,Napoli,33.0,GK,810.0,0.0,0.0,,1.5,1.0981113333333343,-0.4018886666666657,fair
Kalidou Koulibaly,Napoli,27.0,DF,3132.0,2.0,2.0,,75.0,58.11333333333334,-16.886666666666663,overvalued
Sebastiano Luperto,Napoli,21.0,DF,728.0,0.0,0.0,,4.0,5.906933333333333,1.906933333333333,undervalued
Kévin Malcuit,Napoli,27.0,DF,1805.0,0.0,2.0,,16.0,17.365,1.3649999999999984,undervalued
Alex Meret,Napoli,21.0,GK,1151.0,0.0,0.0,,25.0,11.6081,-13.3919,overvalued
Dries Mertens,Napoli,31.0,FW,2252.0,16.0,11.0,,25.0,48.99333333333333,23.993333333333332,undervalued
Arkadiusz Milik,Napoli,24.0,FW,2396.0,17.0,3.0,,40.0,39.556666666666665,-0.44333333333333513,fair
David Ospina,Napoli,29.0,GK,1457.0,0.0,0.0,,4.0,4.091736,0.09173600000000004,fair
Adam Ounas,Napoli,21.0,"MF,FW",538.0,3.0,0.0,,10.0,9.234835333333335,-0.7651646666666654,fair
Marko Rog,Napoli,23.0,MF,357.0,0.0,0.0,,6.0,16.22716666666667,10.227166666666669,undervalued
Mário Rui,Napoli,27.0,DF,1417.0,1.0,1.0,,12.0,16.648500000000002,4.648500000000002,undervalued
Simone Verdi,Napoli,26.0,"MF,FW",704.0,3.0,3.0,,23.0,18.392333333333333,-4.607666666666667,overvalued
Amin Younes,Napoli,24.0,"FW,MF",498.0,3.0,2.0,,8.0,9.226,1.2260000000000009,fair
Miguel Almirón,Newcastle Utd,24.0,"FW,MF",759.0,0.0,0.0,,20.0,14.184166666666666,-5.815833333333334,overvalued
Christian Atsu,Newcastle Utd,26.0,"MF,FW",1493.0,1.0,0.0,,6.0,6.761950000000001,0.7619500000000006,fair
Antonio Barreca,Newcastle Utd,23.0,DF,5.0,0.0,0.0,,7.0,4.9675916666666655,-2.0324083333333345,overvalued
Ciaran Clark,Newcastle Utd,28.0,DF,858.0,3.0,0.0,,6.0,5.733333333333333,-0.2666666666666666,fair
Mohamed Diamé,Newcastle Utd,31.0,MF,2166.0,0.0,0.0,,5.0,4.186133333333334,-0.8138666666666659,fair
Paul Dummett,Newcastle Utd,26.0,DF,1990.0,0.0,0.0,,5.0,9.539983333333334,4.539983333333334,undervalued
Federico Fernández,Newcastle Utd,29.0,DF,1484.0,0.0,1.0,,7.0,6.860236,-0.13976400000000044,fair
Isaac Hayden,Newcastle Utd,23.0,MF,1859.0,1.0,4.0,,8.0,10.823333333333334,2.823333333333334,undervalued
Joselu,Newcastle Utd,28.0,FW,596.0,2.0,0.0,,4.0,4.7475,0.7474999999999996,fair
Kenedy,Newcastle Utd,22.0,"MF,FW",1348.0,1.0,1.0,,10.0,9.141666666666667,-0.8583333333333325,fair
Jamaal Lascelles,Newcastle Utd,24.0,DF,2745.0,0.0,1.0,,15.0,11.696666666666667,-3.303333333333333,overvalued
Florian Lejeune,Newcastle Utd,27.0,DF,1054.0,0.0,0.0,,8.0,6.792066666666665,-1.2079333333333349,fair
Sean Longstaff,Newcastle Utd,20.0,MF,687.0,1.0,0.0,,7.0,6.754333333333333,-0.2456666666666667,fair
Javier Manquillo,Newcastle Utd,24.0,DF,1101.0,0.0,3.0,,5.0,4.976333333333332,-0.023666666666668057,fair
Jacob Murphy,Newcastle Utd,23.0,"MF,FW",302.0,0.0,1.0,,6.0,4.363158333333333,-1.6368416666666672,overvalued
Ayoze Pérez,Newcastle Utd,25.0,"FW,MF",2917.0,12.0,2.0,,20.0,17.163333333333334,-2.836666666666666,overvalued
Matt Ritchie,Newcastle Utd,28.0,"DF,MF",2928.0,2.0,8.0,,12.0,11.750183333333332,-0.24981666666666769,fair
Salomón Rondón,Newcastle Utd,28.0,FW,2603.0,11.0,7.0,,15.0,16.238333333333333,1.2383333333333333,fair
Fabian Schär,Newcastle Utd,26.0,DF,1999.0,4.0,1.0,,8.0,8.0125,0.01249999999999929,fair
Jonjo Shelvey,Newcastle Utd,26.0,MF,948.0,1.0,1.0,,15.0,11.692566666666664,-3.3074333333333357,overvalued
DeAndre Yedlin,Newcastle Utd,25.0,DF,2473.0,1.0,2.0,,8.0,9.359,1.359,undervalued
Mario Balotelli,Nice,27.0,FW,752.0,0.0,1.0,,20.0,14.37375,-5.626250000000001,overvalued
Walter Benítez,Nice,25.0,GK,3150.0,0.0,0.0,,10.0,8.431666666666667,-1.5683333333333334,overvalued
Olivier Boscagli,Nice,20.0,"DF,MF",863.0,0.0,1.0,,3.0,3.5665999999999993,0.5665999999999993,fair
Patrick Burner,Nice,22.0,DF,1352.0,0.0,0.0,,3.5,4.29855,0.7985499999999996,fair
Yoan Cardinale,Nice,24.0,GK,270.0,0.0,0.0,,2.0,1.3903,-0.6096999999999999,fair
Racine Coly,Nice,22.0,"DF,MF",503.0,0.0,1.0,,2.5,2.75945,0.2594500000000002,fair
Wylan Cyprien,Nice,23.0,MF,2360.0,4.0,1.0,,14.0,12.271,-1.7289999999999992,overvalued
Dante,Nice,34.0,DF,3226.0,1.0,1.0,,1.5,1.2484833333333336,-0.2515166666666664,fair
Ignatius Ganago,Nice,19.0,FW,1036.0,2.0,0.0,,3.0,4.071833333333333,1.0718333333333332,fair
Christophe Hérelle,Nice,25.0,DF,2937.0,0.0,0.0,,9.0,7.64,-1.3600000000000003,fair
Christophe Jallet,Nice,34.0,"DF,MF",885.0,1.0,0.0,,0.5,0.17127499999999957,-0.32872500000000043,fair
Mickaël Le Bihan,Nice,28.0,FW,204.0,1.0,0.0,,0.9,1.8972103333333277,0.9972103333333276,fair
Jean-Victor Makengo,Nice,20.0,"FW,MF",1029.0,1.0,0.0,,4.0,5.212833333333333,1.2128333333333332,fair
Myziane Maolida,Nice,19.0,"FW,MF",952.0,0.0,3.0,,8.0,7.246166666666665,-0.7538333333333354,fair
Ihsan Sacko,Nice,21.0,FW,442.0,0.0,1.0,,2.0,2.861073666666666,0.8610736666666661,fair
Allan Saint-Maximin,Nice,21.0,"FW,MF",2900.0,5.0,3.0,,25.0,22.973333333333333,-2.0266666666666673,overvalued
Malang Sarr,Nice,19.0,DF,2994.0,1.0,1.0,,18.0,19.236666666666668,1.2366666666666681,fair
Bassem Srarfi,Nice,21.0,"FW,MF",817.0,1.0,0.0,,3.0,3.266752666666666,0.2667526666666662,fair
Rémi Walter,Nice,23.0,"MF,FW",833.0,2.0,0.0,,3.5,4.013833333333333,0.5138333333333334,fair
Dani Alves,Paris S-G,35.0,"MF,DF",1622.0,1.0,7.0,,2.5,6.223018333333334,3.723018333333334,undervalued
Alphonse Areola,Paris S-G,25.0,GK,1890.0,0.0,0.0,,17.5,26.186333333333334,8.686333333333334,undervalued
Juan Bernat,Paris S-G,25.0,"DF,MF",1836.0,1.0,2.0,,15.0,26.685533333333332,11.685533333333332,undervalued
Antoine Bernede,Paris S-G,19.0,MF,169.0,0.0,0.0,,3.0,3.567869333333334,0.5678693333333338,fair
Gianluigi Buffon,Paris S-G,40.0,GK,1530.0,0.0,0.0,,1.0,2.394454,1.394454,undervalued
Edinson Cavani,Paris S-G,31.0,FW,1671.0,18.0,5.0,,40.0,72.95333333333333,32.95333333333333,undervalued
Colin Dagba,Paris S-G,19.0,DF,918.0,0.0,2.0,,12.0,14.370469666666668,2.3704696666666685,undervalued
Ángel Di María,Paris S-G,30.0,"FW,MF",2324.0,12.0,11.0,,40.0,45.985,5.984999999999999,undervalued
Moussa Diaby,Paris S-G,19.0,"MF,FW",1141.0,2.0,6.0,,12.0,18.503333333333334,6.503333333333334,undervalued
Julian Draxler,Paris S-G,24.0,"MF,FW",2046.0,3.0,7.0,,35.0,34.111666666666665,-0.8883333333333354,fair
Thilo Kehrer,Paris S-G,21.0,DF,1902.0,1.0,2.0,,35.0,36.4,1.3999999999999986,undervalued
Presnel Kimpembe,Paris S-G,22.0,DF,2005.0,0.0,1.0,,30.0,39.854666666666674,9.854666666666674,undervalued
Layvin Kurzawa,Paris S-G,25.0,"DF,MF",1010.0,1.0,2.0,,17.5,19.013333333333332,1.5133333333333319,undervalued
Giovani Lo Celso,Paris S-G,22.0,MF,11.0,0.0,0.0,,50.0,37.96652399999999,-12.033476000000007,overvalued
Marquinhos,Paris S-G,24.0,"DF,MF",2693.0,3.0,2.0,,65.0,48.065,-16.935000000000002,overvalued
Eric Maxim Choupo-Moting,Paris S-G,29.0,"FW,MF",802.0,3.0,0.0,,5.0,13.211833333333335,8.211833333333335,undervalued
Kylian Mbappé,Paris S-G,19.0,FW,2343.0,33.0,7.0,,200.0,167.19666666666666,-32.80333333333334,overvalued
Loïc Mbe Soh,Paris S-G,17.0,DF,180.0,0.0,0.0,,3.0,3.080836333333334,0.08083633333333395,fair
Thomas Meunier,Paris S-G,26.0,"DF,MF",1610.0,3.0,3.0,,30.0,26.031666666666666,-3.9683333333333337,overvalued
Neymar,Paris S-G,26.0,"MF,FW",1439.0,15.0,7.0,,180.0,144.87333333333333,-35.126666666666665,overvalued
Christopher Nkunku,Paris S-G,20.0,"MF,FW",1156.0,3.0,2.0,,12.0,22.382666666666665,10.382666666666665,undervalued
Leandro Paredes,Paris S-G,24.0,MF,1249.0,0.0,2.0,,35.0,32.81596666666667,-2.184033333333332,overvalued
Adrien Rabiot,Paris S-G,23.0,MF,1063.0,2.0,1.0,,35.0,30.636666666666667,-4.363333333333333,overvalued
Kévin Rimane,Paris S-G,27.0,MF,5.0,0.0,0.0,,0.25,14.587666666666667,14.337666666666667,undervalued
Thiago Silva,Paris S-G,33.0,DF,2077.0,0.0,1.0,,10.0,7.647366666666662,-2.352633333333338,overvalued
Marco Verratti,Paris S-G,25.0,MF,1879.0,0.0,2.0,,75.0,56.55166666666667,-18.44833333333333,overvalued
Timothy Weah,Paris S-G,18.0,FW,54.0,1.0,0.0,,6.0,8.886853666666665,2.8868536666666653,undervalued
Bruno Alves,Parma,36.0,DF,2922.0,4.0,1.0,,1.0,1.3687666666666671,0.36876666666666713,fair
Antonino Barillà,Parma,30.0,MF,2618.0,3.0,2.0,,1.0,2.7619083333333334,1.7619083333333334,undervalued
Alessandro Bastoni,Parma,19.0,DF,1690.0,1.0,0.0,,15.0,11.764666666666669,-3.2353333333333314,overvalued
Jonathan Biabiany,Parma,30.0,"FW,MF",1069.0,0.0,0.0,,1.5,1.8464766666666665,0.34647666666666654,fair
Fabio Ceravolo,Parma,31.0,FW,1185.0,2.0,0.0,,1.5,1.6299083333333335,0.12990833333333351,fair
Amato Ciciretti,Parma,24.0,"FW,MF",139.0,0.0,0.0,,1.5,1.4089443333333327,-0.09105566666666731,fair
Alessio da Cruz,Parma,21.0,"FW,MF",144.0,0.0,0.0,,1.5,1.2049340833333329,-0.29506591666666715,fair
Alessandro Deiola,Parma,22.0,MF,450.0,0.0,0.0,,1.2,1.8576333333333312,0.6576333333333313,fair
Jacopo Dezi,Parma,26.0,MF,90.0,0.0,0.0,,1.0,1.0458986666666663,0.04589866666666631,fair
Antonio Di Gaudio,Parma,28.0,"FW,MF",699.0,0.0,1.0,,1.4,3.411599999999997,2.011599999999997,undervalued
Federico Dimarco,Parma,20.0,DF,892.0,1.0,0.0,,5.0,4.6778999999999975,-0.3221000000000025,fair
Pierluigi Frattali,Parma,32.0,GK,90.0,0.0,0.0,,0.3,0.17278433333333318,-0.1272156666666668,fair
Riccardo Gagliolo,Parma,28.0,DF,3045.0,0.0,2.0,,3.0,3.8866666666666667,0.8866666666666667,fair
Marcello Gazzola,Parma,33.0,"DF,MF",921.0,1.0,0.0,,0.3,0.26418766666666554,-0.035812333333334445,fair
Gervinho,Parma,31.0,FW,2304.0,11.0,2.0,,9.0,6.525,-2.4749999999999996,overvalued
Massimo Gobbi,Parma,37.0,DF,1183.0,0.0,1.0,,0.3,0.3229786666666656,0.022978666666665593,fair
Alberto Grassi,Parma,23.0,MF,462.0,0.0,0.0,,7.0,4.958894,-2.041106,overvalued
Simone Iacoponi,Parma,31.0,DF,3346.0,0.0,0.0,,1.0,1.8203166666666668,0.8203166666666668,fair
Roberto Inglese,Parma,26.0,FW,1965.0,9.0,0.0,,15.0,13.670833333333333,-1.3291666666666675,fair
Juraj Kucka,Parma,31.0,MF,1535.0,4.0,3.0,,5.0,4.347391666666666,-0.6526083333333341,fair
Gianni Munari,Parma,35.0,MF,3.0,0.0,0.0,,0.1,0.2429666666666671,0.1429666666666671,fair
Luca Rigoni,Parma,33.0,MF,1761.0,2.0,1.0,,0.5,0.6176986666666668,0.11769866666666684,fair
Nicolás Schiappacasse,Parma,19.0,FW,81.0,0.0,0.0,,1.0,0.7357313333333331,-0.26426866666666693,fair
Matteo Scozzarella,Parma,30.0,MF,1459.0,0.0,3.0,,0.8,1.2445500000000034,0.44455000000000333,fair
Luigi Sepe,Parma,27.0,GK,3330.0,0.0,0.0,,5.0,8.401666666666667,3.4016666666666673,undervalued
Francisco Sierralta,Parma,21.0,DF,269.0,0.0,0.0,,0.4,0.6389263333333356,0.23892633333333557,fair
Luca Siligardi,Parma,30.0,FW,1639.0,1.0,2.0,,0.8,1.583966666666672,0.783966666666672,fair
Mattia Sprocati,Parma,25.0,"FW,MF",644.0,1.0,0.0,,1.5,2.1102,0.6101999999999999,fair
Luis Advíncula,Rayo Vallecano,28.0,DF,2389.0,1.0,3.0,,3.0,3.8622666666666667,0.8622666666666667,fair
Sergio Akieme,Rayo Vallecano,20.0,DF,180.0,0.0,1.0,,0.3,0.8299024166666696,0.5299024166666697,fair
Jordi Amat,Rayo Vallecano,26.0,DF,2763.0,0.0,0.0,,3.0,3.8013333333333335,0.8013333333333335,fair
Abdoulaye Ba,Rayo Vallecano,27.0,DF,2110.0,1.0,0.0,,2.5,2.9223333333333334,0.42233333333333345,fair
Bebé,Rayo Vallecano,28.0,"FW,MF",1302.0,1.0,1.0,,2.0,3.224908333333333,1.224908333333333,fair
Santi Comesaña,Rayo Vallecano,21.0,MF,2032.0,1.0,1.0,,4.0,5.480666666666667,1.480666666666667,undervalued
Franco Di Santo,Rayo Vallecano,29.0,FW,172.0,0.0,0.0,,2.0,1.7346940833333337,-0.26530591666666625,fair
Stole Dimitrievski,Rayo Vallecano,24.0,GK,1890.0,0.0,0.0,,3.0,3.844666666666667,0.8446666666666669,fair
Gorka Elustondo,Rayo Vallecano,31.0,MF,285.0,0.0,0.0,,0.4,1.0441333333333345,0.6441333333333344,fair
Alberto García,Rayo Vallecano,33.0,GK,1530.0,0.0,0.0,,0.5,0.4949676666666665,-0.005032333333333527,fair
Álvaro García,Rayo Vallecano,25.0,"FW,MF",1766.0,4.0,2.0,,5.0,4.905666666666667,-0.09433333333333316,fair
Javi Guerra,Rayo Vallecano,36.0,"FW,MF",236.0,0.0,1.0,,0.2,0.41889433333333465,0.21889433333333463,fair
Giannelli Imbula,Rayo Vallecano,25.0,MF,1732.0,1.0,1.0,,5.0,4.428166666666667,-0.5718333333333332,fair
Gaël Kakuta,Rayo Vallecano,27.0,"MF,FW",717.0,1.0,0.0,,2.0,1.988570666666667,-0.01142933333333307,fair
Álvaro Medrán,Rayo Vallecano,24.0,MF,1149.0,3.0,0.0,,1.8,2.5274083333333266,0.7274083333333266,fair
Álex Moreno,Rayo Vallecano,25.0,DF,3136.0,1.0,1.0,,12.0,9.727333333333334,-2.272666666666666,overvalued
José Pozo,Rayo Vallecano,22.0,"MF,FW",1617.0,3.0,0.0,,3.0,3.0936333333333335,0.09363333333333346,fair
Mario Suárez,Rayo Vallecano,31.0,MF,1026.0,2.0,0.0,,2.0,1.899127,-0.10087299999999999,fair
Tito,Rayo Vallecano,33.0,DF,1098.0,0.0,0.0,,0.5,0.426160333333333,-0.07383966666666703,fair
Raúl de Tomás,Rayo Vallecano,23.0,FW,2813.0,14.0,1.0,,20.0,20.56,0.5599999999999987,fair
Óscar Trejo,Rayo Vallecano,30.0,"MF,FW",1764.0,1.0,4.0,,2.0,2.306058333333333,0.3060583333333331,fair
Emiliano Velázquez,Rayo Vallecano,24.0,DF,1277.0,0.0,2.0,,1.5,2.0454000000000003,0.5454000000000003,fair
Tyler Adams,RB Leipzig,19.0,MF,721.0,0.0,2.0,,13.0,13.543333333333333,0.543333333333333,fair
Jean-Kévin Augustin,RB Leipzig,21.0,FW,461.0,3.0,0.0,,16.0,15.148233333333334,-0.8517666666666663,fair
Matheus Cunha,RB Leipzig,19.0,"FW,MF",853.0,2.0,0.0,,15.0,14.800199999999998,-0.19980000000000153,fair
Diego Demme,RB Leipzig,26.0,MF,2055.0,0.0,2.0,,17.0,14.936266666666667,-2.0637333333333334,overvalued
Emil Forsberg,RB Leipzig,26.0,"MF,FW",1249.0,4.0,7.0,,25.0,23.013333333333332,-1.9866666666666681,overvalued
Péter Gulácsi,RB Leipzig,28.0,GK,2925.0,0.0,0.0,,12.0,10.638333333333334,-1.3616666666666664,fair
Amadou Haidara,RB Leipzig,20.0,MF,378.0,1.0,0.0,,20.0,11.449658333333339,-8.550341666666661,overvalued
Marcel Halstenberg,RB Leipzig,26.0,DF,2414.0,3.0,6.0,,22.0,15.869666666666669,-6.130333333333331,overvalued
Stefan Ilsanker,RB Leipzig,29.0,"DF,MF",933.0,0.0,0.0,,4.5,5.459526666666666,0.9595266666666662,fair
Kevin Kampl,RB Leipzig,27.0,MF,2113.0,2.0,5.0,,22.0,18.230000000000004,-3.769999999999996,overvalued
Lukas Klostermann,RB Leipzig,22.0,DF,2003.0,5.0,1.0,,30.0,23.767666666666667,-6.232333333333333,overvalued
Ibrahima Konaté,RB Leipzig,19.0,DF,2431.0,1.0,1.0,,45.0,33.861666666666665,-11.138333333333335,overvalued
Konrad Laimer,RB Leipzig,21.0,"MF,DF",1874.0,1.0,1.0,,17.0,15.786000000000001,-1.2139999999999986,fair
Nordi Mukiele,RB Leipzig,20.0,DF,1225.0,1.0,1.0,,15.0,13.729333333333335,-1.2706666666666653,fair
Yvon Mvogo,RB Leipzig,24.0,GK,135.0,0.0,0.0,,3.0,2.6057916666666654,-0.3942083333333346,fair
Willi Orban,RB Leipzig,25.0,DF,2049.0,4.0,0.0,,20.0,17.657666666666668,-2.3423333333333325,overvalued
Yussuf Poulsen,RB Leipzig,24.0,FW,2451.0,15.0,3.0,,35.0,33.848333333333336,-1.1516666666666637,fair
Marcel Sabitzer,RB Leipzig,24.0,"MF,FW",2352.0,4.0,3.0,,25.0,21.233333333333334,-3.7666666666666657,overvalued
Marcelo Saracchi,RB Leipzig,20.0,DF,653.0,0.0,1.0,,10.0,13.721666666666666,3.721666666666666,undervalued
Dayot Upamecano,RB Leipzig,19.0,DF,1293.0,0.0,0.0,,30.0,11.040000000000003,-18.959999999999997,overvalued
Timo Werner,RB Leipzig,22.0,FW,2509.0,16.0,7.0,,65.0,61.21666666666667,-3.7833333333333314,overvalued
Marco Asensio,Real Madrid,22.0,FW,1779.0,1.0,4.0,,60.0,53.528333333333336,-6.471666666666664,overvalued
Gareth Bale,Real Madrid,29.0,FW,1786.0,8.0,3.0,,60.0,35.58,-24.42,overvalued
Karim Benzema,Real Madrid,30.0,FW,2953.0,21.0,6.0,,40.0,38.75666666666667,-1.2433333333333323,fair
Casemiro,Real Madrid,26.0,MF,2312.0,3.0,0.0,,60.0,56.350833333333334,-3.649166666666666,overvalued
Dani Ceballos,Real Madrid,21.0,"MF,FW",1248.0,3.0,0.0,,30.0,32.458333333333336,2.4583333333333357,undervalued
Thibaut Courtois,Real Madrid,26.0,GK,2430.0,0.0,0.0,,55.0,55.38666666666666,0.38666666666666316,fair
Brahim Díaz,Real Madrid,18.0,FW,376.0,1.0,1.0,,17.0,20.050083333333337,3.050083333333337,undervalued
Isco,Real Madrid,26.0,"MF,FW",1192.0,3.0,2.0,,60.0,30.640224999999997,-29.359775000000003,overvalued
Toni Kroos,Real Madrid,28.0,MF,2221.0,0.0,4.0,,60.0,55.72,-4.280000000000001,overvalued
Marcos Llorente,Real Madrid,23.0,MF,540.0,0.0,0.0,,20.0,17.045266666666667,-2.9547333333333334,overvalued
Marcelo,Real Madrid,30.0,DF,1853.0,2.0,2.0,,25.0,26.327725,1.327725000000001,undervalued
Keylor Navas,Real Madrid,31.0,GK,900.0,0.0,0.0,,10.0,9.687066666666666,-0.3129333333333335,fair
Álvaro Odriozola,Real Madrid,22.0,DF,1178.0,0.0,2.0,,25.0,20.1236,-4.8764,overvalued
Sergio Ramos,Real Madrid,32.0,DF,2474.0,6.0,1.0,,25.0,22.7874,-2.2125999999999983,overvalued
Sergio Reguilón,Real Madrid,21.0,DF,1119.0,0.0,2.0,,15.0,20.011666666666667,5.011666666666667,undervalued
Javi Sánchez,Real Madrid,21.0,DF,46.0,0.0,0.0,,2.0,4.341,2.341,undervalued
Jesús Vallejo,Real Madrid,21.0,"DF,MF",311.0,1.0,0.0,,10.0,13.62666666666667,3.6266666666666705,undervalued
Federico Valverde,Real Madrid,20.0,MF,656.0,0.0,0.0,,20.0,19.00725,-0.9927500000000009,fair
Raphaël Varane,Real Madrid,25.0,DF,2754.0,2.0,0.0,,70.0,57.185,-12.814999999999998,overvalued
Lucas Vázquez,Real Madrid,27.0,FW,1510.0,1.0,3.0,,25.0,42.25933333333333,17.25933333333333,undervalued
Luca Zidane,Real Madrid,20.0,GK,90.0,0.0,0.0,,1.0,2.8207333333333224,1.8207333333333224,undervalued
Miguel Ángel Moyá,Real Sociedad,34.0,GK,990.0,0.0,0.0,,1.5,1.2222499999999996,-0.2777500000000004,fair
Ander Barrenetxea,Real Sociedad,16.0,"FW,MF",399.0,1.0,0.0,,10.0,11.4342,1.4342000000000006,undervalued
Jon Bautista,Real Sociedad,23.0,FW,597.0,1.0,0.0,,2.0,2.732783333333333,0.7327833333333329,fair
Aritz Elustondo,Real Sociedad,24.0,DF,2254.0,1.0,0.0,,10.0,12.418333333333333,2.418333333333333,undervalued
Andoni Gorosabel,Real Sociedad,21.0,DF,455.0,0.0,0.0,,1.5,1.8883759999999996,0.3883759999999996,fair
Ander Guevara,Real Sociedad,21.0,MF,90.0,0.0,0.0,,2.5,1.9372771666666662,-0.5627228333333338,fair
Theo Hernández,Real Sociedad,20.0,DF,1976.0,1.0,2.0,,15.0,15.423333333333334,0.4233333333333338,fair
Asier Illarramendi,Real Sociedad,28.0,MF,1821.0,1.0,1.0,,25.0,9.829066666666668,-15.170933333333332,overvalued
Adnan Januzaj,Real Sociedad,23.0,"FW,MF",1254.0,1.0,3.0,,15.0,4.6995,-10.3005,overvalued
Willian José,Real Sociedad,26.0,FW,2367.0,11.0,5.0,,30.0,27.091666666666665,-2.908333333333335,overvalued
Juanmi,Real Sociedad,25.0,"FW,MF",1523.0,5.0,2.0,,8.0,6.666666666666667,-1.333333333333333,fair
Robin Le Normand,Real Sociedad,21.0,DF,284.0,0.0,1.0,,4.0,3.4021859999999986,-0.5978140000000014,fair
Diego Llorente,Real Sociedad,24.0,DF,1752.0,0.0,0.0,,25.0,18.197333333333333,-6.802666666666667,overvalued
Roberto López,Real Sociedad,18.0,MF,29.0,0.0,0.0,,1.0,0.34286933333333275,-0.6571306666666672,fair
Mikel Merino,Real Sociedad,22.0,MF,2055.0,3.0,3.0,,15.0,18.481666666666666,3.4816666666666656,undervalued
Martín Merquelanz,Real Sociedad,23.0,MF,6.0,0.0,0.0,,0.4,1.8212083333333347,1.4212083333333347,undervalued
Héctor Moreno,Real Sociedad,30.0,DF,1933.0,1.0,0.0,,6.0,4.612566666666668,-1.3874333333333322,fair
Aihen Muñoz,Real Sociedad,20.0,DF,951.0,0.0,0.0,,7.5,3.570449999999998,-3.929550000000002,overvalued
Raúl Navas,Real Sociedad,30.0,DF,1310.0,0.0,0.0,,3.0,2.667666666666667,-0.33233333333333315,fair
Mikel Oyarzabal,Real Sociedad,21.0,"FW,MF",3153.0,13.0,2.0,,50.0,32.015,-17.985,overvalued
Rubén Pardo,Real Sociedad,25.0,"MF,FW",1368.0,1.0,2.0,,4.0,4.815991666666667,0.8159916666666671,fair
Sandro Ramírez,Real Sociedad,23.0,"FW,MF",1055.0,0.0,0.0,,4.0,3.8846999999999996,-0.1153000000000004,fair
Kévin Rodrigues,Real Sociedad,24.0,DF,484.0,0.0,0.0,,3.0,2.5515393333333343,-0.44846066666666573,fair
Luca Sangalli,Real Sociedad,23.0,"MF,FW",999.0,1.0,3.0,,4.0,4.874033333333333,0.8740333333333332,fair
Alex Sola,Real Sociedad,19.0,DF,90.0,0.0,0.0,,0.2,0.37862016666666803,0.17862016666666802,fair
Igor Zubeldia,Real Sociedad,21.0,MF,2549.0,0.0,1.0,,30.0,23.538333333333334,-6.461666666666666,overvalued
Martín Zubimendi,Real Sociedad,19.0,MF,7.0,0.0,0.0,,0.1,0.21400966666666732,0.11400966666666731,fair
David Zurutuza,Real Sociedad,32.0,"MF,FW",1222.0,2.0,0.0,,2.5,2.0915833333333325,-0.40841666666666754,fair
Yunis Abdelhamid,Reims,30.0,DF,3420.0,0.0,0.0,,2.5,4.836666666666667,2.336666666666667,undervalued
Mathieu Cafaro,Reims,21.0,"FW,MF",2095.0,7.0,3.0,,7.5,8.711666666666666,1.211666666666666,fair
Xavier Chavalerin,Reims,27.0,MF,3240.0,2.0,2.0,,4.0,8.189333333333334,4.189333333333334,undervalued
Pablo Chavarría,Reims,30.0,FW,1973.0,5.0,3.0,,2.5,2.8666000000000014,0.36660000000000137,fair
Boulaye Dia,Reims,21.0,FW,747.0,3.0,0.0,,2.0,5.9205,3.9204999999999997,undervalued
Tristan Dingomé,Reims,27.0,MF,1344.0,1.0,3.0,,2.5,4.905166666666665,2.4051666666666653,undervalued
Axel Disasi,Reims,20.0,DF,159.0,0.0,0.0,,0.4,0.5820935833333349,0.18209358333333492,fair
Moussa Doumbia,Reims,23.0,"FW,MF",1600.0,3.0,1.0,,2.0,2.4853333333333336,0.4853333333333336,fair
Björn Engels,Reims,23.0,DF,2970.0,1.0,1.0,,6.0,6.933333333333334,0.9333333333333336,fair
Thomas Foket,Reims,23.0,DF,2880.0,0.0,0.0,,6.0,7.434333333333334,1.434333333333334,undervalued
Thomas Fontaine,Reims,27.0,"DF,MF",420.0,0.0,1.0,,1.0,1.2898583333333344,0.28985833333333444,fair
Hassane Kamara,Reims,23.0,"DF,FW",926.0,0.0,0.0,,0.7,1.6688913333333337,0.9688913333333338,fair
Ghislain Konan,Reims,22.0,DF,1800.0,0.0,1.0,,5.0,4.861000000000001,-0.13899999999999935,fair
Grejohn Kyei,Reims,22.0,FW,2.0,0.0,0.0,,0.6,1.5216738333333317,0.9216738333333317,fair
Marvin Martin,Reims,30.0,"MF,FW",623.0,0.0,1.0,,0.7,1.1086666666666634,0.4086666666666634,fair
Nolan Mbemba,Reims,23.0,"MF,DF",357.0,0.0,0.0,,0.75,1.0825930000000001,0.33259300000000014,fair
Edouard Mendy,Reims,26.0,GK,3420.0,0.0,0.0,,9.0,8.676666666666666,-0.32333333333333414,fair
Romain Métanire,Reims,28.0,"DF,MF",313.0,0.0,0.0,,1.75,1.2480770000000005,-0.5019229999999995,fair
Aly Ndom,Reims,22.0,MF,45.0,0.0,0.0,,0.6,1.0106416666666673,0.41064166666666735,fair
Sheyi Ojo,Reims,21.0,"FW,MF",468.0,0.0,0.0,,2.0,1.799588,-0.20041200000000003,fair
Alaixys Romao,Reims,34.0,MF,3160.0,0.0,3.0,,0.5,0.5056703333333338,0.005670333333333777,fair
Benjamin André,Rennes,27.0,MF,2495.0,3.0,1.0,,10.0,11.610666666666669,1.6106666666666687,undervalued
Ludovic Baal,Rennes,32.0,DF,126.0,0.0,0.0,,0.5,0.6450333333333333,0.14503333333333335,fair
Hatem Ben Arfa,Rennes,31.0,"MF,FW",2033.0,7.0,2.0,,6.0,5.309099999999999,-0.690900000000001,fair
Ramy Bensebaini,Rennes,23.0,DF,2152.0,1.0,0.0,,8.0,7.13,-0.8700000000000001,fair
Sacha Boey,Rennes,17.0,"DF,MF",14.0,0.0,0.0,,0.25,0.4523199999999999,0.2023199999999999,fair
Benjamin Bourigeaud,Rennes,24.0,"MF,FW",2425.0,6.0,5.0,,12.0,13.056000000000001,1.056000000000001,fair
Eduardo Camavinga,Rennes,15.0,MF,364.0,0.0,0.0,,4.0,6.2614519999999985,2.2614519999999985,undervalued
Damien Da Silva,Rennes,30.0,DF,2874.0,2.0,1.0,,5.0,4.709000000000002,-0.2909999999999977,fair
Romain Del Castillo,Rennes,22.0,"FW,MF",1343.0,0.0,3.0,,3.5,3.7002666666666664,0.20026666666666637,fair
Abdoulaye Diallo,Rennes,26.0,GK,495.0,0.0,0.0,,1.0,2.351994333333332,1.351994333333332,undervalued
Souleyman Doumbia,Rennes,21.0,DF,605.0,0.0,0.0,,3.0,3.0601666666666665,0.06016666666666648,fair
Jérémy Gélin,Rennes,21.0,"DF,MF",1278.0,0.0,0.0,,6.0,5.119866666666666,-0.8801333333333341,fair
Clément Grenier,Rennes,27.0,MF,2668.0,2.0,5.0,,7.5,8.866933333333334,1.3669333333333338,undervalued
Adrien Hunou,Rennes,24.0,"FW,MF",1240.0,8.0,1.0,,6.0,6.960833333333333,0.9608333333333334,fair
Nicolas Janvier,Rennes,19.0,MF,3.0,0.0,0.0,,0.3,0.36421916666666565,0.06421916666666566,fair
Jakob Johansson,Rennes,28.0,MF,712.0,1.0,0.0,,2.5,2.790016666666667,0.2900166666666668,fair
Mexer,Rennes,29.0,DF,2469.0,0.0,0.0,,4.0,3.957333333333334,-0.042666666666665964,fair
M'Baye Niang,Rennes,23.0,FW,1793.0,11.0,4.0,,12.0,17.411,5.411000000000001,undervalued
Gerzino Nyamsi,Rennes,21.0,DF,539.0,0.0,0.0,,0.8,2.9085623333333332,2.1085623333333334,undervalued
Diafra Sakho,Rennes,28.0,FW,144.0,0.0,0.0,,2.0,1.8361433333333337,-0.16385666666666632,fair
Hamari Traoré,Rennes,26.0,DF,2972.0,0.0,2.0,,6.0,6.879333333333334,0.8793333333333342,fair
Mehdi Zeffane,Rennes,26.0,DF,1214.0,1.0,0.0,,2.0,2.5959999999999996,0.5959999999999996,fair
Bryan Cristante,Roma,23.0,MF,2425.0,4.0,3.0,,25.0,19.315,-5.684999999999999,overvalued
Daniele De Rossi,Roma,35.0,MF,1270.0,1.0,1.0,,1.5,1.472427666666667,-0.027572333333333088,fair
Federico Fazio,Roma,31.0,DF,2806.0,5.0,0.0,,6.0,9.918658333333337,3.9186583333333367,undervalued
Alessandro Florenzi,Roma,27.0,"DF,FW",2180.0,3.0,2.0,,25.0,16.42,-8.579999999999998,overvalued
Juan Jesus,Roma,27.0,DF,1403.0,1.0,0.0,,9.0,10.436,1.436,undervalued
Rick Karsdorp,Roma,23.0,DF,593.0,0.0,1.0,,7.0,6.890433333333332,-0.1095666666666677,fair
Justin Kluivert,Roma,19.0,FW,1341.0,1.0,6.0,,20.0,19.535,-0.46499999999999986,fair
Aleksandar Kolarov,Roma,32.0,DF,2906.0,8.0,2.0,,8.0,6.709425,-1.2905749999999996,fair
Iván Marcano,Roma,31.0,DF,810.0,0.0,0.0,,4.0,3.409474999999999,-0.5905250000000009,fair
Antonio Mirante,Roma,35.0,GK,990.0,0.0,0.0,,0.8,0.7601860000000029,-0.03981399999999713,fair
Steven Nzonzi,Roma,29.0,MF,2617.0,1.0,2.0,,23.0,19.092333333333332,-3.9076666666666675,overvalued
Robin Olsen,Roma,28.0,GK,2430.0,0.0,0.0,,7.5,12.158333333333333,4.658333333333333,undervalued
Javier Pastore,Roma,29.0,MF,597.0,3.0,0.0,,15.0,13.519333333333334,-1.4806666666666661,overvalued
Lorenzo Pellegrini,Roma,22.0,MF,1821.0,3.0,3.0,,35.0,30.758333333333333,-4.241666666666667,overvalued
Luca Pellegrini,Roma,19.0,DF,940.0,0.0,1.0,,5.0,7.025,2.0250000000000004,undervalued
Diego Perotti,Roma,30.0,"FW,MF",668.0,5.0,0.0,,12.0,10.830833333333333,-1.1691666666666674,fair
Davide Santon,Roma,27.0,DF,1009.0,0.0,1.0,,5.0,10.496450000000005,5.496450000000005,undervalued
Patrik Schick,Roma,22.0,FW,1314.0,3.0,0.0,,15.0,16.522666666666666,1.522666666666666,undervalued
Stephan El Shaarawy,Roma,25.0,FW,2104.0,11.0,3.0,,30.0,19.621666666666666,-10.378333333333334,overvalued
Kevin Strootman,Roma,28.0,MF,1942.0,1.0,5.0,,20.0,16.485333333333333,-3.514666666666667,overvalued
Cengiz Ünder,Roma,21.0,FW,1375.0,3.0,7.0,,35.0,29.321666666666665,-5.678333333333335,overvalued
Nicolò Zaniolo,Roma,19.0,"MF,FW",1766.0,4.0,2.0,,40.0,24.884000000000004,-15.115999999999996,overvalued
Charles Abi,Saint-Étienne,18.0,"FW,MF",32.0,0.0,0.0,,0.5,0.4795773333333334,-0.02042266666666659,fair
Youssef Aït Bennasser,Saint-Étienne,22.0,MF,936.0,0.0,0.0,,10.0,2.300541666666667,-7.699458333333332,overvalued
Rémy Cabella,Saint-Étienne,28.0,"MF,FW",2997.0,8.0,4.0,,14.0,12.093333333333334,-1.9066666666666663,overvalued
Mahdi Camara,Saint-Étienne,20.0,FW,10.0,0.0,0.0,,0.3,0.2812658333333324,-0.018734166666667607,fair
Mathieu Debuchy,Saint-Étienne,33.0,DF,1941.0,4.0,3.0,,3.0,2.514791666666667,-0.485208333333333,fair
Assane Dioussé,Saint-Étienne,20.0,MF,892.0,0.0,0.0,,4.5,4.231216666666667,-0.2687833333333334,fair
Lamine Ghezali,Saint-Étienne,19.0,"FW,MF",44.0,1.0,0.0,,0.5,1.0094083333333335,0.5094083333333335,fair
Makhtar Gueye,Saint-Étienne,20.0,"FW,MF",50.0,1.0,1.0,,0.35,2.4046333333333396,2.0546333333333395,undervalued
Romain Hamouma,Saint-Étienne,31.0,"FW,MF",1586.0,4.0,4.0,,2.5,3.6386,1.1385999999999998,fair
Wahbi Khazri,Saint-Étienne,27.0,"FW,MF",2817.0,13.0,6.0,,16.0,20.013333333333332,4.013333333333332,undervalued
Timothée Kolodziejczak,Saint-Étienne,26.0,DF,3184.0,3.0,3.0,,6.0,11.86,5.859999999999999,undervalued
Yann M'Vila,Saint-Étienne,28.0,MF,3258.0,0.0,1.0,,10.0,8.325,-1.6750000000000007,overvalued
Kévin Monnet-Paquet,Saint-Étienne,29.0,"MF,DF",1482.0,1.0,1.0,,2.0,3.0809333333333337,1.0809333333333337,fair
Jessy Moulin,Saint-Étienne,32.0,GK,90.0,0.0,0.0,,0.25,0.5428416666666668,0.2928416666666668,fair
Arnaud Nordin,Saint-Étienne,20.0,"FW,MF",1050.0,3.0,1.0,,3.5,4.981833333333333,1.4818333333333333,undervalued
Mickaël Panos,Saint-Étienne,21.0,DF,25.0,0.0,0.0,,0.25,1.0010749999999997,0.7510749999999997,fair
Loïc Perrin,Saint-Étienne,32.0,DF,2700.0,1.0,1.0,,2.0,2.043916666666667,0.04391666666666705,fair
Pierre-Yves Polomat,Saint-Étienne,24.0,"DF,MF",950.0,0.0,2.0,,1.5,3.039400000000001,1.539400000000001,undervalued
Kenny Rocha Santos,Saint-Étienne,18.0,DF,1.0,0.0,0.0,,0.15,0.2280999999999996,0.07809999999999961,fair
Stéphane Ruffier,Saint-Étienne,31.0,GK,3330.0,0.0,0.0,,3.5,3.377166666666667,-0.1228333333333329,fair
William Saliba,Saint-Étienne,17.0,DF,1277.0,0.0,0.0,,12.0,9.548333333333334,-2.451666666666666,overvalued
Yannis Salibur,Saint-Étienne,27.0,"FW,MF",885.0,1.0,3.0,,3.5,3.7384999999999997,0.2384999999999997,fair
Gabriel Silva,Saint-Étienne,27.0,"DF,MF",1429.0,0.0,2.0,,2.5,2.8826666666666667,0.3826666666666667,fair
Valentín Vada,Saint-Étienne,22.0,MF,36.0,0.0,0.0,,4.0,2.6628916666666655,-1.3371083333333345,fair
Joachim Andersen,Sampdoria,22.0,DF,2880.0,0.0,1.0,,25.0,19.095,-5.905000000000001,overvalued
Emil Audero,Sampdoria,21.0,GK,3240.0,0.0,0.0,,15.0,15.103333333333333,0.1033333333333335,fair
Édgar Barreto,Sampdoria,34.0,MF,785.0,0.0,2.0,,1.0,0.45832983333333316,-0.5416701666666668,fair
Gianluca Caprari,Sampdoria,25.0,"FW,MF",1031.0,6.0,2.0,,10.0,11.239499999999998,1.2394999999999978,fair
Omar Colley,Sampdoria,25.0,DF,1762.0,0.0,0.0,,8.0,6.509666666666668,-1.4903333333333322,overvalued
Grégoire Defrel,Sampdoria,27.0,"FW,MF",2339.0,11.0,3.0,,12.0,12.34,0.33999999999999986,fair
Albin Ekdal,Sampdoria,29.0,MF,2646.0,0.0,0.0,,5.0,5.581666666666667,0.581666666666667,fair
Alex Ferrari,Sampdoria,24.0,DF,540.0,0.0,0.0,,1.5,1.7705800000000007,0.2705800000000007,fair
Manolo Gabbiadini,Sampdoria,26.0,FW,476.0,1.0,0.0,,12.0,8.519302,-3.4806980000000003,overvalued
Jakub Jankto,Sampdoria,22.0,MF,963.0,0.0,0.0,,12.0,8.606433333333335,-3.393566666666665,overvalued
Dawid Kownacki,Sampdoria,21.0,FW,168.0,1.0,1.0,,9.0,3.3087509999999978,-5.691249000000003,overvalued
Karol Linetty,Sampdoria,23.0,MF,2507.0,3.0,3.0,,15.0,15.128333333333334,0.12833333333333385,fair
Nicola Murru,Sampdoria,23.0,DF,2934.0,0.0,5.0,,7.0,9.006666666666666,2.006666666666666,undervalued
Dennis Praet,Sampdoria,24.0,MF,2890.0,2.0,3.0,,24.0,16.035,-7.965,overvalued
Fabio Quagliarella,Sampdoria,35.0,FW,3199.0,26.0,8.0,,2.5,28.925,26.425,undervalued
Gastón Ramírez,Sampdoria,27.0,"MF,FW",1578.0,4.0,4.0,,10.0,9.220666666666666,-0.7793333333333337,fair
Jacopo Sala,Sampdoria,26.0,DF,1518.0,0.0,1.0,,1.6,3.492266666666666,1.892266666666666,undervalued
Riccardo Saponara,Sampdoria,26.0,"MF,FW",905.0,2.0,4.0,,8.5,9.303333333333333,0.8033333333333328,fair
Marco Sau,Sampdoria,30.0,"MF,FW",55.0,0.0,0.0,,0.4,0.4838583333333356,0.08385833333333559,fair
Júnior Tavares,Sampdoria,21.0,DF,184.0,0.0,0.0,,1.0,1.2606133333333331,0.26061333333333314,fair
Lorenzo Tonelli,Sampdoria,28.0,DF,1655.0,1.0,0.0,,7.0,5.8132666666666655,-1.1867333333333345,fair
Ronaldo Vieira,Sampdoria,20.0,MF,599.0,0.0,0.0,,5.0,5.345,0.34499999999999975,fair
Claud Adjapong,Sassuolo,20.0,"MF,DF",270.0,1.0,0.0,,3.5,2.1384916666666665,-1.3615083333333335,fair
Khouma Babacar,Sassuolo,25.0,FW,1488.0,7.0,2.0,,8.0,8.354166666666666,0.3541666666666661,fair
Domenico Berardi,Sassuolo,23.0,"FW,MF",2875.0,8.0,4.0,,20.0,20.426666666666666,0.42666666666666586,fair
Kevin-Prince Boateng,Sassuolo,31.0,FW,239.0,0.0,0.0,,7.0,4.696742666666665,-2.3032573333333346,overvalued
Mehdi Bourabia,Sassuolo,26.0,MF,2010.0,1.0,0.0,,4.0,5.608483333333334,1.608483333333334,undervalued
Enrico Brignola,Sassuolo,19.0,FW,175.0,1.0,0.0,,3.5,1.7277236666666682,-1.7722763333333318,overvalued
Andrea Consigli,Sassuolo,31.0,GK,3213.0,0.0,0.0,,4.0,3.7533333333333343,-0.2466666666666657,fair
Cristian Dell'Orco,Sassuolo,24.0,DF,1035.0,1.0,0.0,,1.0,2.278491666666665,1.2784916666666648,fair
Merih Demiral,Sassuolo,20.0,DF,1260.0,2.0,0.0,,15.0,6.0158999999999985,-8.984100000000002,overvalued
Federico Di Francesco,Sassuolo,24.0,"FW,MF",1074.0,2.0,2.0,,4.5,4.983241666666666,0.48324166666666635,fair
Alfred Duncan,Sassuolo,25.0,MF,1848.0,4.0,4.0,,17.0,14.953999999999999,-2.046000000000001,overvalued
Mauricio Lemos,Sassuolo,22.0,DF,179.0,0.0,0.0,,3.5,3.1099333333333337,-0.39006666666666634,fair
Pol Lirola,Sassuolo,20.0,"DF,MF",2975.0,2.0,6.0,,13.0,16.255,3.254999999999999,undervalued
Manuel Locatelli,Sassuolo,20.0,MF,1847.0,2.0,4.0,,12.0,20.656666666666666,8.656666666666666,undervalued
Francesco Magnanelli,Sassuolo,33.0,MF,1859.0,0.0,0.0,,0.8,0.703358333333336,-0.09664166666666407,fair
Giangiacomo Magnani,Sassuolo,22.0,DF,1516.0,0.0,1.0,,5.0,4.947583333333333,-0.05241666666666678,fair
Gian Marco Ferrari,Sassuolo,26.0,DF,2790.0,4.0,0.0,,14.0,14.373333333333333,0.3733333333333331,fair
Marlon,Sassuolo,22.0,DF,1508.0,1.0,0.0,,10.0,7.822766666666669,-2.177233333333331,overvalued
Alessandro Matri,Sassuolo,33.0,FW,603.0,2.0,0.0,,0.3,0.42889366666666556,0.12889366666666557,fair
Jens Odgaard,Sassuolo,19.0,FW,16.0,0.0,0.0,,1.8,1.1673675000000032,-0.6326324999999968,fair
Gianluca Pegolo,Sassuolo,37.0,GK,203.0,0.0,0.0,,0.15,0.4584833333333344,0.30848333333333444,fair
Federico Peluso,Sassuolo,34.0,DF,1356.0,1.0,0.0,,0.5,0.4309201666666665,-0.0690798333333335,fair
Giacomo Raspadori,Sassuolo,18.0,DF,1.0,0.0,0.0,,0.5,0.3763249999999999,-0.12367500000000009,fair
Rogério,Sassuolo,20.0,"DF,MF",2672.0,1.0,2.0,,10.0,10.748333333333333,0.7483333333333331,fair
Stefano Sensi,Sassuolo,22.0,MF,1972.0,2.0,4.0,,18.0,17.96,-0.03999999999999915,fair
Leonardo Sernicola,Sassuolo,21.0,FW,6.0,0.0,0.0,,0.2,0.34691666666666765,0.14691666666666764,fair
Marcello Trotta,Sassuolo,25.0,FW,398.0,0.0,0.0,,1.0,1.3540676666666664,0.35406766666666645,fair
Nassim Boujellab,Schalke 04,19.0,MF,378.0,0.0,1.0,,1.5,2.3682166666666666,0.8682166666666666,fair
Jeffrey Bruma,Schalke 04,26.0,DF,624.0,0.0,0.0,,2.5,3.9378750000000005,1.4378750000000005,undervalued
Guido Burgstaller,Schalke 04,29.0,FW,1526.0,4.0,0.0,,5.5,5.161266666666666,-0.3387333333333338,fair
Daniel Caligiuri,Schalke 04,30.0,DF,2756.0,7.0,3.0,,6.5,6.366433333333333,-0.13356666666666683,fair
Jonas Carls,Schalke 04,21.0,DF,90.0,0.0,0.0,,0.2,0.5615184999999999,0.3615184999999999,fair
Franco Di Santo,Schalke 04,29.0,"FW,MF",172.0,0.0,0.0,,2.0,2.264233333333334,0.2642333333333342,fair
Breel Embolo,Schalke 04,21.0,FW,1345.0,5.0,1.0,,14.0,10.109,-3.891,overvalued
Amine Harit,Schalke 04,21.0,"MF,FW",1082.0,1.0,1.0,,10.0,8.595333333333333,-1.4046666666666674,fair
Ahmed Kutucu,Schalke 04,18.0,"FW,MF",425.0,2.0,0.0,,4.5,5.537408333333333,1.0374083333333326,fair
Omar Mascarell,Schalke 04,25.0,MF,993.0,0.0,2.0,,8.0,6.312333333333333,-1.6876666666666669,overvalued
Rabbi Matondo,Schalke 04,17.0,"FW,MF",189.0,0.0,0.0,,9.0,6.6435346666666675,-2.3564653333333325,overvalued
Weston McKennie,Schalke 04,19.0,"MF,DF",1746.0,1.0,4.0,,20.0,19.066666666666666,-0.9333333333333336,fair
Naldo,Schalke 04,35.0,DF,630.0,0.0,0.0,,2.0,1.3094180000000006,-0.6905819999999994,fair
Alexander Nübel,Schalke 04,21.0,GK,1588.0,0.0,0.0,,12.0,10.130416666666669,-1.8695833333333312,overvalued
Bastian Oczipka,Schalke 04,29.0,DF,1875.0,1.0,5.0,,4.0,5.870666666666666,1.8706666666666658,undervalued
Sebastian Rudy,Schalke 04,28.0,MF,1356.0,0.0,0.0,,9.0,8.436,-0.5640000000000001,fair
Salif Sané,Schalke 04,27.0,DF,2614.0,2.0,0.0,,12.0,10.852,-1.1479999999999997,fair
Alessandro Schöpf,Schalke 04,24.0,"MF,DF",1004.0,1.0,0.0,,5.0,6.166908333333334,1.1669083333333337,fair
Suat Serdar,Schalke 04,21.0,MF,1729.0,2.0,1.0,,13.0,14.703333333333333,1.7033333333333331,undervalued
Steven Skrzybski,Schalke 04,25.0,"FW,MF",664.0,3.0,1.0,,3.5,5.1055,1.6055000000000001,undervalued
Benjamin Stambouli,Schalke 04,27.0,"DF,MF",1763.0,0.0,2.0,,10.0,8.569366666666667,-1.4306333333333328,overvalued
Mark Uth,Schalke 04,26.0,"FW,MF",1407.0,2.0,1.0,,12.0,4.929433333333332,-7.070566666666668,overvalued
Ibrahim Amadou,Sevilla,25.0,"MF,DF",762.0,0.0,0.0,,7.0,5.766549999999999,-1.2334500000000013,fair
Guilherme Arana,Sevilla,21.0,"MF,DF",629.0,0.0,0.0,,3.0,5.321666666666666,2.3216666666666663,undervalued
Éver Banega,Sevilla,30.0,MF,2667.0,3.0,5.0,,15.0,6.3625333333333325,-8.637466666666668,overvalued
Wissam Ben Yedder,Sevilla,27.0,FW,2812.0,18.0,9.0,,40.0,54.02,14.020000000000003,undervalued
Daniel Carriço,Sevilla,29.0,DF,2130.0,1.0,1.0,,3.0,8.739766666666666,5.739766666666666,undervalued
Sergio Escudero,Sevilla,28.0,"DF,MF",1545.0,0.0,1.0,,7.5,6.927899999999999,-0.5721000000000007,fair
Joris Gnagnon,Sevilla,21.0,"DF,MF",446.0,0.0,0.0,,6.0,5.385666666666666,-0.6143333333333336,fair
Sergi Gómez,Sevilla,26.0,DF,2765.0,0.0,0.0,,9.0,9.827,0.827,fair
Maxime Gonalons,Sevilla,29.0,MF,540.0,0.0,0.0,,4.0,4.333733333333333,0.333733333333333,fair
Munir El Haddadi,Sevilla,22.0,"FW,MF",152.0,1.0,1.0,,10.0,4.988591666666663,-5.011408333333337,overvalued
Gabriel Mercado,Sevilla,31.0,DF,1738.0,2.0,1.0,,2.5,3.2741083333333334,0.7741083333333334,fair
Roque Mesa,Sevilla,29.0,MF,1746.0,2.0,2.0,,7.0,6.985,-0.01499999999999968,fair
Luis Muriel,Sevilla,27.0,"MF,FW",1441.0,6.0,0.0,,13.0,10.625666666666666,-2.3743333333333343,overvalued
Jesús Navas,Sevilla,32.0,"DF,MF",2712.0,1.0,5.0,,4.0,3.9048166666666666,-0.0951833333333334,fair
Nolito,Sevilla,31.0,FW,76.0,0.0,0.0,,2.0,2.0820853333333327,0.08208533333333268,fair
Quincy Promes,Sevilla,26.0,"DF,MF",1583.0,2.0,3.0,,18.0,15.089666666666666,-2.910333333333334,overvalued
Marko Rog,Sevilla,23.0,MF,357.0,0.0,0.0,,6.0,5.919853333333333,-0.08014666666666681,fair
Pablo Sarabia,Sevilla,26.0,"MF,FW",2724.0,13.0,13.0,,40.0,61.24,21.240000000000002,undervalued
André Silva,Sevilla,22.0,FW,2159.0,9.0,0.0,,22.0,18.363333333333333,-3.6366666666666667,overvalued
Juan Soriano,Sevilla,20.0,GK,359.0,0.0,0.0,,2.5,3.4233083333333307,0.9233083333333307,fair
Franco Vázquez,Sevilla,29.0,"MF,FW",2280.0,3.0,4.0,,15.0,12.728933333333332,-2.271066666666668,overvalued
Aleix Vidal,Sevilla,28.0,"DF,MF",528.0,0.0,0.0,,4.0,4.196334666666667,0.196334666666667,fair
Maximilian Wöber,Sevilla,20.0,DF,536.0,0.0,0.0,,10.0,7.557152333333334,-2.4428476666666663,overvalued
Stuart Armstrong,Southampton,26.0,"MF,FW",1432.0,3.0,2.0,,8.0,8.7186,0.7186000000000003,fair
Charlie Austin,Southampton,29.0,FW,983.0,2.0,2.0,,8.0,7.402669333333333,-0.5973306666666671,fair
Jan Bednarek,Southampton,22.0,DF,2151.0,0.0,1.0,,15.0,13.021666666666667,-1.9783333333333335,overvalued
Ryan Bertrand,Southampton,28.0,DF,2160.0,1.0,0.0,,15.0,12.609166666666667,-2.390833333333333,overvalued
Steven Davis,Southampton,33.0,MF,98.0,0.0,1.0,,2.0,2.347304666666667,0.34730466666666704,fair
Mohamed Elyounoussi,Southampton,23.0,"MF,FW",793.0,0.0,0.0,,15.0,12.396766666666668,-2.603233333333332,overvalued
Fraser Forster,Southampton,30.0,GK,90.0,0.0,0.0,,8.0,5.38184333333333,-2.6181566666666702,overvalued
Manolo Gabbiadini,Southampton,26.0,"FW,MF",476.0,1.0,0.0,,12.0,6.088729000000002,-5.911270999999998,overvalued
Sam Gallagher,Southampton,22.0,FW,34.0,0.0,0.0,,3.0,2.510181499999998,-0.48981850000000193,fair
Angus Gunn,Southampton,22.0,GK,1080.0,0.0,0.0,,10.0,11.261316666666666,1.2613166666666658,fair
Wesley Hoedt,Southampton,24.0,DF,1170.0,0.0,0.0,,12.0,12.523333333333333,0.5233333333333334,fair
Danny Ings,Southampton,26.0,FW,1651.0,7.0,3.0,,15.0,12.878,-2.122,overvalued
Mario Lemina,Southampton,24.0,MF,1613.0,1.0,1.0,,15.0,12.376666666666667,-2.623333333333333,overvalued
Shane Long,Southampton,31.0,"FW,MF",1272.0,5.0,1.0,,7.0,6.050458333333333,-0.9495416666666667,fair
Alex McCarthy,Southampton,28.0,GK,2250.0,0.0,0.0,,5.0,7.407333333333333,2.407333333333333,undervalued
Michael Obafemi,Southampton,18.0,FW,137.0,1.0,1.0,,1.0,1.886099999999999,0.886099999999999,fair
Nathan Redmond,Southampton,24.0,"FW,MF",3270.0,6.0,4.0,,20.0,21.99,1.9899999999999984,undervalued
Oriol Romeu,Southampton,26.0,MF,2136.0,1.0,0.0,,10.0,11.399166666666666,1.399166666666666,undervalued
Josh Sims,Southampton,21.0,"FW,MF",212.0,0.0,1.0,,2.0,2.897063666666667,0.8970636666666669,fair
Cédric Soares,Southampton,26.0,DF,1495.0,1.0,2.0,,12.0,12.076666666666666,0.07666666666666622,fair
Jack Stephens,Southampton,24.0,DF,1700.0,1.0,0.0,,8.0,10.04,2.039999999999999,undervalued
Matt Targett,Southampton,22.0,"DF,MF",1186.0,1.0,3.0,,7.0,7.828,0.8280000000000003,fair
Yan Valery,Southampton,19.0,"DF,MF",1712.0,2.0,1.0,,7.0,9.504333333333333,2.5043333333333333,undervalued
Jannik Vestergaard,Southampton,25.0,DF,2027.0,0.0,0.0,,20.0,15.869333333333334,-4.1306666666666665,overvalued
James Ward-Prowse,Southampton,23.0,"MF,DF",1945.0,7.0,0.0,,18.0,14.9575,-3.0425000000000004,overvalued
Maya Yoshida,Southampton,29.0,DF,1518.0,0.0,1.0,,7.0,7.586936000000001,0.5869360000000006,fair
Mirco Antenucci,SPAL,33.0,FW,2133.0,5.0,0.0,,0.8,0.9327456666666701,0.1327456666666701,fair
Kevin Bonifazi,SPAL,22.0,DF,2301.0,2.0,1.0,,5.5,7.279333333333334,1.7793333333333337,undervalued
Thiago Cionek,SPAL,32.0,DF,2542.0,0.0,3.0,,0.8,1.1435420000000043,0.34354200000000423,fair
Filippo Costa,SPAL,23.0,"MF,DF",564.0,0.0,0.0,,0.8,2.4766360000000005,1.6766360000000005,undervalued
Lorenzo Dickmann,SPAL,21.0,"DF,MF",175.0,0.0,0.0,,1.6,1.2898936666666692,-0.31010633333333093,fair
Johan Djourou,SPAL,31.0,DF,279.0,0.0,0.0,,0.8,0.7309386666666692,-0.06906133333333087,fair
Mohamed Fares,SPAL,22.0,"DF,MF",2949.0,3.0,0.0,,6.0,17.136666666666667,11.136666666666667,undervalued
Sergio Floccari,SPAL,36.0,FW,976.0,3.0,1.0,,0.3,0.3434949999999991,0.04349499999999912,fair
Alfred Gomis,SPAL,24.0,GK,1724.0,0.0,0.0,,2.0,2.9474999999999993,0.9474999999999993,fair
Manuel Lazzari,SPAL,24.0,"MF,DF",2835.0,0.0,8.0,,18.0,13.020666666666665,-4.979333333333335,overvalued
Everton Luiz,SPAL,30.0,MF,317.0,0.0,0.0,,1.0,1.4838026666666693,0.48380266666666927,fair
Vanja Milinković-Savić,SPAL,21.0,GK,164.0,0.0,0.0,,1.2,0.8717263333333292,-0.3282736666666708,fair
Simone Missiroli,SPAL,32.0,MF,2741.0,0.0,0.0,,2.0,1.8948333333333336,-0.10516666666666641,fair
Gabriele Moncini,SPAL,22.0,MF,8.0,0.0,0.0,,2.0,1.535266666666665,-0.464733333333335,fair
Alessandro Murgia,SPAL,21.0,MF,1072.0,0.0,3.0,,5.0,5.298333333333333,0.2983333333333329,fair
Alberto Paloschi,SPAL,28.0,FW,863.0,2.0,0.0,,2.0,2.1663333333333337,0.16633333333333367,fair
Andrea Petagna,SPAL,23.0,FW,3031.0,16.0,1.0,,20.0,20.588333333333335,0.5883333333333347,fair
Giacomo Poluzzi,SPAL,30.0,GK,6.0,0.0,0.0,,0.1,0.32339166666666574,0.22339166666666574,fair
Vasco Regini,SPAL,27.0,DF,81.0,0.0,0.0,,1.4,1.1037243333333326,-0.29627566666666727,fair
Pasquale Schiattarella,SPAL,31.0,MF,1841.0,0.0,4.0,,1.0,1.9022083333333335,0.9022083333333335,fair
Mirko Valdifiori,SPAL,32.0,MF,668.0,0.0,1.0,,0.5,0.6538783333333339,0.1538783333333339,fair
Mattia Valoti,SPAL,24.0,MF,1222.0,2.0,0.0,,1.0,1.7265166666666665,0.7265166666666665,fair
Francesco Vicari,SPAL,23.0,DF,2335.0,2.0,1.0,,5.0,6.6226666666666665,1.6226666666666665,undervalued
Emiliano Viviano,SPAL,32.0,GK,1524.0,0.0,0.0,,1.0,1.0002199999999994,0.00021999999999944286,fair
Ludovic Ajorque,Strasbourg,24.0,FW,1531.0,9.0,1.0,,4.0,7.483333333333333,3.4833333333333334,undervalued
Anthony Caci,Strasbourg,21.0,DF,2298.0,0.0,1.0,,3.0,4.968333333333334,1.9683333333333337,undervalued
Lionel Carole,Strasbourg,27.0,"DF,MF",1727.0,0.0,3.0,,3.0,4.053666666666667,1.0536666666666674,fair
Benjamin Corgnet,Strasbourg,31.0,"MF,FW",671.0,1.0,2.0,,0.8,1.2078000000000049,0.4078000000000048,fair
Nuno da Costa,Strasbourg,27.0,FW,2052.0,8.0,5.0,,5.0,13.734333333333334,8.734333333333334,undervalued
Youssouf Fofana,Strasbourg,19.0,MF,912.0,2.0,1.0,,5.0,4.985833333333335,-0.014166666666665328,fair
Anthony Gonçalves,Strasbourg,32.0,"MF,FW",1058.0,5.0,2.0,,0.5,1.966825,1.466825,undervalued
Samuel Grandsir,Strasbourg,21.0,"FW,MF",237.0,0.0,0.0,,3.0,1.2213676666666677,-1.7786323333333323,overvalued
Jérémy Grimm,Strasbourg,31.0,MF,168.0,0.0,0.0,,0.5,0.6665833333333335,0.16658333333333353,fair
Eiji Kawashima,Strasbourg,35.0,GK,90.0,0.0,0.0,,0.25,0.15824566666666673,-0.09175433333333327,fair
Lamine Koné,Strasbourg,29.0,DF,2152.0,1.0,1.0,,3.0,2.693466666666665,-0.3065333333333351,fair
Kenny Lala,Strasbourg,26.0,"DF,MF",3060.0,5.0,9.0,,14.0,16.0,2.0,undervalued
Dimitri Liénard,Strasbourg,30.0,"MF,DF",1291.0,0.0,2.0,,2.0,1.9234583333333337,-0.07654166666666629,fair
Jonas Martin,Strasbourg,28.0,MF,2059.0,3.0,1.0,,5.0,5.857008333333333,0.8570083333333329,fair
Pablo Martinez,Strasbourg,29.0,DF,2815.0,3.0,1.0,,3.5,4.698,1.1980000000000004,fair
Lebo Mothiba,Strasbourg,22.0,FW,1771.0,9.0,2.0,,7.0,7.968333333333334,0.9683333333333337,fair
Idriss Saadi,Strasbourg,26.0,MF,10.0,0.0,0.0,,1.3,1.0209333333333366,-0.27906666666666347,fair
Matz Sels,Strasbourg,26.0,GK,3330.0,0.0,0.0,,7.0,7.773333333333333,0.7733333333333334,fair
Ibrahima Sissoko,Strasbourg,20.0,MF,2665.0,3.0,2.0,,6.5,11.523333333333333,5.023333333333333,undervalued
Adrien Thomasson,Strasbourg,24.0,"MF,FW",2479.0,5.0,8.0,,8.0,10.028333333333334,2.028333333333334,undervalued
Kévin Zohi,Strasbourg,21.0,"FW,MF",627.0,1.0,1.0,,2.0,2.9799499999999997,0.9799499999999997,fair
Alexander Esswein,Stuttgart,28.0,"FW,MF",1251.0,0.0,0.0,,1.0,1.6404833333333333,0.6404833333333333,fair
Steven Zuber,Stuttgart,26.0,"FW,MF",571.0,0.0,1.0,,7.0,6.048269333333333,-0.9517306666666672,fair
Ola Aina,Torino,21.0,"DF,MF",2160.0,1.0,3.0,,10.0,8.533333333333333,-1.4666666666666668,overvalued
Cristian Ansaldi,Torino,31.0,"DF,MF",1807.0,3.0,2.0,,5.0,4.214150000000001,-0.785849999999999,fair
Daniele Baselli,Torino,26.0,MF,2379.0,4.0,1.0,,10.0,9.870833333333334,-0.12916666666666643,fair
Andrea Belotti,Torino,24.0,FW,3299.0,15.0,3.0,,35.0,33.12833333333333,-1.8716666666666697,overvalued
Álex Berenguer,Torino,23.0,"MF,FW",1486.0,2.0,3.0,,6.0,6.579599999999999,0.5795999999999992,fair
Lorenzo De Silvestri,Torino,30.0,"DF,MF",2415.0,2.0,4.0,,4.0,4.097666666666666,0.09766666666666612,fair
Koffi Djidji,Torino,25.0,DF,1387.0,0.0,0.0,,5.0,4.379933333333333,-0.6200666666666672,fair
Simone Edera,Torino,21.0,"FW,MF",77.0,0.0,0.0,,1.0,1.5397833333333324,0.5397833333333324,fair
Iago Falque,Torino,28.0,"FW,MF",1612.0,6.0,4.0,,17.5,14.009333333333334,-3.490666666666666,overvalued
Salvador Ichazo,Torino,26.0,GK,251.0,0.0,0.0,,0.4,2.6106249999999886,2.2106249999999887,undervalued
Armando Izzo,Torino,26.0,DF,3271.0,4.0,1.0,,20.0,19.403333333333332,-0.5966666666666676,fair
Lyanco,Torino,21.0,DF,90.0,0.0,0.0,,8.0,5.88038333333333,-2.11961666666667,overvalued
Soualiho Meïté,Torino,24.0,MF,2659.0,2.0,4.0,,13.0,12.128333333333334,-0.8716666666666661,fair
Vincenzo Millico,Torino,17.0,MF,1.0,0.0,0.0,,1.0,0.8148999999999997,-0.18510000000000026,fair
Emiliano Moretti,Torino,37.0,DF,2010.0,0.0,0.0,,0.5,0.35134366666666683,-0.14865633333333317,fair
Vittorio Parigini,Torino,22.0,"MF,FW",377.0,0.0,0.0,,2.0,1.9650083333333328,-0.0349916666666672,fair
Tomás Rincón,Torino,30.0,MF,2799.0,3.0,1.0,,8.0,4.475,-3.5250000000000004,overvalued
Salvatore Sirigu,Torino,31.0,GK,3169.0,0.0,0.0,,7.5,6.154075000000001,-1.3459249999999994,fair
Roberto Soriano,Torino,27.0,"MF,FW",468.0,0.0,2.0,,7.0,6.089552666666664,-0.9104473333333356,fair
Simone Zaza,Torino,27.0,FW,1437.0,4.0,3.0,,10.0,5.382666666666657,-4.617333333333343,overvalued
Toby Alderweireld,Tottenham,29.0,DF,2922.0,0.0,0.0,,40.0,35.02166666666667,-4.978333333333332,overvalued
Dele Alli,Tottenham,22.0,"MF,FW",1825.0,5.0,3.0,,90.0,37.28433333333333,-52.71566666666667,overvalued
Luke Amos,Tottenham,21.0,MF,3.0,0.0,0.0,,0.1,1.8849666666666751,1.784966666666675,undervalued
Serge Aurier,Tottenham,25.0,"DF,MF",564.0,0.0,2.0,,18.0,18.356666666666666,0.3566666666666656,fair
Ben Davies,Tottenham,25.0,DF,1844.0,0.0,0.0,,25.0,27.564666666666664,2.564666666666664,undervalued
Mousa Dembélé,Tottenham,31.0,MF,515.0,0.0,0.0,,12.0,11.408233333333333,-0.5917666666666666,fair
Eric Dier,Tottenham,24.0,MF,1506.0,3.0,0.0,,40.0,23.600833333333338,-16.399166666666662,overvalued
Christian Eriksen,Tottenham,26.0,"MF,FW",2774.0,8.0,12.0,,100.0,82.03,-17.97,overvalued
Juan Foyth,Tottenham,20.0,DF,888.0,1.0,0.0,,15.0,17.846833333333333,2.8468333333333327,undervalued
Paulo Gazzaniga,Tottenham,26.0,GK,270.0,0.0,0.0,,2.0,5.6239083333333335,3.6239083333333335,undervalued
Vincent Janssen,Tottenham,24.0,FW,39.0,0.0,0.0,,8.0,8.505783333333332,0.5057833333333317,fair
Harry Kane,Tottenham,25.0,FW,2424.0,17.0,4.0,,150.0,124.90666666666667,-25.093333333333334,overvalued
Fernando Llorente,Tottenham,33.0,FW,694.0,1.0,4.0,,3.5,5.336426666666666,1.8364266666666662,undervalued
Hugo Lloris,Tottenham,31.0,GK,2970.0,0.0,0.0,,25.0,24.648333333333333,-0.35166666666666657,fair
Lucas Moura,Tottenham,25.0,"FW,MF",2121.0,10.0,0.0,,40.0,38.475,-1.5249999999999986,overvalued
Danny Rose,Tottenham,28.0,"DF,MF",1798.0,0.0,3.0,,25.0,26.126666666666665,1.1266666666666652,fair
Davinson Sánchez,Tottenham,22.0,DF,1942.0,1.0,1.0,,55.0,45.87266666666667,-9.127333333333333,overvalued
Moussa Sissoko,Tottenham,28.0,MF,2330.0,0.0,3.0,,25.0,26.400666666666666,1.400666666666666,undervalued
Oliver Skipp,Tottenham,17.0,"MF,FW",220.0,0.0,0.0,,5.0,7.948166666666666,2.9481666666666664,undervalued
Kieran Trippier,Tottenham,27.0,DF,2276.0,1.0,3.0,,35.0,32.356833333333334,-2.6431666666666658,overvalued
Jan Vertonghen,Tottenham,31.0,DF,1911.0,1.0,0.0,,28.0,25.76083333333333,-2.2391666666666694,overvalued
Michel Vorm,Tottenham,34.0,GK,180.0,0.0,0.0,,1.0,4.087866666666665,3.087866666666665,undervalued
Kyle Walker-Peters,Tottenham,21.0,DF,376.0,0.0,3.0,,3.5,7.799266666666666,4.299266666666666,undervalued
Victor Wanyama,Tottenham,27.0,MF,516.0,1.0,0.0,,20.0,20.205,0.2049999999999983,fair
Harry Winks,Tottenham,22.0,MF,1597.0,1.0,0.0,,25.0,24.69,-0.3099999999999987,fair
Kelvin Amian,Toulouse,20.0,DF,2880.0,0.0,1.0,,5.0,8.425,3.4250000000000007,undervalued
Yann Bodiger,Toulouse,23.0,MF,13.0,0.0,0.0,,2.0,1.625675,-0.374325,fair
John Bostock,Toulouse,26.0,MF,984.0,0.0,0.0,,1.0,1.2253873333333336,0.2253873333333336,fair
Yannick Cahuzac,Toulouse,33.0,"MF,DF",1431.0,1.0,0.0,,0.5,0.6424110000000004,0.1424110000000004,fair
Bafodé Diakité,Toulouse,17.0,DF,633.0,1.0,0.0,,2.0,3.608299999999997,1.6082999999999972,undervalued
Mathieu Dossevi,Toulouse,30.0,"FW,MF",2469.0,4.0,2.0,,2.5,3.1253333333333337,0.6253333333333337,fair
Jimmy Durmaz,Toulouse,29.0,"MF,FW",1899.0,4.0,1.0,,2.0,2.572566666666667,0.5725666666666669,fair
Steven Fortes,Toulouse,26.0,DF,136.0,0.0,0.0,,1.0,1.105871666666667,0.10587166666666703,fair
Manu García,Toulouse,20.0,MF,2330.0,2.0,1.0,,2.0,5.848333333333334,3.8483333333333336,undervalued
Mauro Goicoechea,Toulouse,30.0,GK,713.0,0.0,0.0,,0.8,1.2825303333333347,0.4825303333333346,fair
Max Gradel,Toulouse,30.0,"FW,MF",3240.0,11.0,5.0,,8.0,8.273333333333333,0.27333333333333343,fair
Corentin Jean,Toulouse,23.0,"FW,MF",629.0,0.0,0.0,,2.5,1.955383333333333,-0.544616666666667,fair
Christopher Jullien,Toulouse,25.0,DF,3015.0,1.0,0.0,,6.0,6.938666666666666,0.9386666666666663,fair
Aaron Leya Iseka,Toulouse,20.0,FW,1444.0,4.0,0.0,,3.0,4.285999999999998,1.2859999999999978,fair
Stéphane Mbia,Toulouse,32.0,"DF,MF",446.0,0.0,0.0,,2.0,1.6026916666666662,-0.3973083333333338,fair
Clément Michelin,Toulouse,21.0,DF,90.0,0.0,0.0,,0.7,0.6919499999999984,-0.008050000000001556,fair
Hakim El Mokeddem,Toulouse,19.0,"FW,MF",25.0,0.0,0.0,,0.3,0.2981166666666661,-0.001883333333333903,fair
Steven Moreira,Toulouse,23.0,"DF,MF",863.0,0.0,0.0,,1.25,1.26185,0.011849999999999916,fair
François Moubandje,Toulouse,28.0,DF,1935.0,0.0,0.0,,2.5,2.649916666666667,0.14991666666666692,fair
Baptiste Reynet,Toulouse,27.0,GK,2704.0,0.0,0.0,,5.0,5.59,0.5899999999999999,fair
Ibrahim Sangaré,Toulouse,20.0,MF,2467.0,1.0,3.0,,15.0,14.143333333333333,-0.8566666666666674,fair
Yaya Sanogo,Toulouse,25.0,FW,1243.0,3.0,0.0,,2.5,2.7464999999999993,0.24649999999999928,fair
Gen Shoji,Toulouse,25.0,DF,1620.0,0.0,0.0,,3.5,2.1721499999999994,-1.3278500000000006,fair
Kalidou Sidibé,Toulouse,19.0,MF,1259.0,1.0,0.0,,3.5,5.110499999999999,1.6104999999999992,undervalued
Issiaga Sylla,Toulouse,24.0,"DF,MF",1994.0,2.0,0.0,,3.5,4.239,0.7389999999999999,fair
Jean-Clair Todibo,Toulouse,18.0,DF,157.0,0.0,0.0,,8.0,5.477291333333336,-2.522708666666664,overvalued
Valon Behrami,Udinese,33.0,MF,1361.0,1.0,0.0,,1.0,0.7642036666666668,-0.23579633333333316,fair
Álex Centelles,Udinese,20.0,DF,583.0,0.0,0.0,,1.0,2.076719,1.0767190000000002,fair
Marco D'Alessandro,Udinese,27.0,"DF,MF",1495.0,0.0,2.0,,2.0,2.5634333333333332,0.5634333333333332,fair
Sebastien De Maio,Udinese,31.0,DF,1173.0,1.0,0.0,,1.0,1.0378083333333332,0.03780833333333322,fair
Rodrigo De Paul,Udinese,24.0,"MF,FW",3189.0,9.0,9.0,,25.0,26.325,1.3249999999999993,undervalued
Seko Fofana,Udinese,23.0,MF,2639.0,2.0,4.0,,13.0,13.401666666666667,0.4016666666666673,fair
Emil Hallfreðsson,Udinese,34.0,MF,137.0,1.0,0.0,,0.5,0.4984906666666667,-0.001509333333333307,fair
Svante Ingelsson,Udinese,20.0,"MF,DF",97.0,0.0,0.0,,0.9,0.9511127500000005,0.051112750000000484,fair
Kevin Lasagna,Udinese,25.0,FW,2453.0,6.0,2.0,,7.5,7.550666666666666,0.050666666666666416,fair
Darwin Machís,Udinese,25.0,"FW,MF",463.0,0.0,1.0,,3.0,2.807738666666667,-0.19226133333333317,fair
Rolando Mandragora,Udinese,21.0,MF,2918.0,3.0,2.0,,15.0,17.227666666666668,2.227666666666668,undervalued
Juan Musso,Udinese,24.0,GK,2610.0,0.0,0.0,,10.0,6.934333333333334,-3.065666666666666,overvalued
Bram Nuytinck,Udinese,28.0,DF,2127.0,1.0,0.0,,3.5,3.5380999999999996,0.03809999999999958,fair
Stefano Okaka,Udinese,28.0,FW,970.0,6.0,1.0,,5.0,5.26,0.2599999999999998,fair
Nicholas Opoku,Udinese,20.0,DF,327.0,0.0,0.0,,1.0,1.044553666666667,0.04455366666666705,fair
Giuseppe Pezzella,Udinese,20.0,"DF,MF",184.0,0.0,0.0,,3.0,2.3615607499999998,-0.6384392500000002,fair
Ignacio Pussetto,Udinese,22.0,"FW,MF",2178.0,4.0,4.0,,10.0,14.821,4.821,undervalued
Sandro,Udinese,29.0,MF,594.0,0.0,0.0,,2.0,2.032175,0.032175000000000065,fair
Simone Scuffet,Udinese,22.0,GK,810.0,0.0,0.0,,1.75,1.933933333333333,0.18393333333333306,fair
Jens Stryger Larsen,Udinese,27.0,"DF,MF",3234.0,1.0,4.0,,4.0,14.07,10.07,undervalued
Hidde ter Avest,Udinese,21.0,"DF,MF",973.0,0.0,1.0,,2.0,3.646833333333334,1.6468333333333338,undervalued
William Troost-Ekong,Udinese,24.0,DF,3064.0,0.0,0.0,,4.0,5.605,1.6050000000000004,undervalued
Felipe Vizeu,Udinese,21.0,"FW,DF",32.0,0.0,0.0,,1.5,1.3153999999999992,-0.18460000000000076,fair
Molla Wagué,Udinese,27.0,DF,95.0,0.0,0.0,,1.0,1.1997236666666669,0.19972366666666685,fair
Ben Wilmot,Udinese,18.0,"DF,MF",199.0,0.0,0.0,,1.5,1.6816500000000003,0.1816500000000003,fair
Marvin Zeegelaar,Udinese,27.0,DF,956.0,0.0,0.0,,2.5,2.32066,-0.17933999999999983,fair
Michy Batshuayi,Valencia,24.0,FW,750.0,5.0,0.0,,30.0,14.119333333333334,-15.880666666666666,overvalued
Denis Cheryshev,Valencia,27.0,"MF,FW",1706.0,2.0,2.0,,6.0,9.192266666666667,3.192266666666667,undervalued
Francis Coquelin,Valencia,27.0,MF,1761.0,0.0,1.0,,17.5,17.488333333333333,-0.011666666666666714,fair
Mouctar Diakhaby,Valencia,21.0,DF,1580.0,2.0,0.0,,20.0,17.631666666666668,-2.3683333333333323,overvalued
Jaume Doménech,Valencia,27.0,GK,360.0,0.0,0.0,,2.5,2.910741666666667,0.410741666666667,fair
Kévin Gameiro,Valencia,31.0,FW,1612.0,6.0,1.0,,9.0,7.0786,-1.9214000000000002,overvalued
Ezequiel Garay,Valencia,31.0,DF,2136.0,2.0,0.0,,8.0,8.442608333333332,0.4426083333333324,fair
Gonçalo Guedes,Valencia,21.0,"MF,FW",1465.0,5.0,3.0,,40.0,30.090333333333334,-9.909666666666666,overvalued
Geoffrey Kondogbia,Valencia,25.0,MF,1245.0,1.0,1.0,,30.0,22.053333333333335,-7.946666666666665,overvalued
Toni Lato,Valencia,20.0,DF,270.0,0.0,0.0,,5.0,3.8776859999999997,-1.1223140000000003,fair
Santi Mina,Valencia,22.0,FW,1852.0,7.0,5.0,,30.0,30.463333333333335,0.4633333333333347,fair
Jeison Murillo,Valencia,26.0,DF,113.0,0.0,0.0,,10.0,9.868015666666665,-0.13198433333333526,fair
Neto,Valencia,29.0,GK,3060.0,0.0,0.0,,18.0,15.51,-2.49,overvalued
Gabriel Paulista,Valencia,27.0,DF,2623.0,0.0,1.0,,20.0,18.593333333333334,-1.4066666666666663,fair
Cristiano Piccini,Valencia,25.0,DF,1868.0,1.0,0.0,,10.0,13.354166666666666,3.354166666666666,undervalued
Rodrigo,Valencia,27.0,FW,2528.0,8.0,6.0,,50.0,39.51,-10.490000000000002,overvalued
Facundo Roncaglia,Valencia,31.0,DF,601.0,0.0,0.0,,2.5,2.457166666666667,-0.042833333333332835,fair
Rubén Sobrino,Valencia,26.0,"FW,MF",965.0,3.0,1.0,,3.0,5.167666666666667,2.1676666666666673,undervalued
Carlos Soler,Valencia,21.0,MF,2460.0,2.0,6.0,,50.0,41.846666666666664,-8.153333333333336,overvalued
Rúben Vezo,Valencia,24.0,DF,1339.0,2.0,1.0,,6.0,9.415,3.414999999999999,undervalued
Daniel Wass,Valencia,29.0,"DF,MF",2354.0,1.0,3.0,,14.0,12.94,-1.0600000000000005,fair
Rubén Alcaraz,Valladolid,27.0,MF,2976.0,3.0,2.0,,10.0,10.773333333333333,0.7733333333333334,fair
Antoñito,Valladolid,30.0,"DF,MF",1863.0,2.0,1.0,,2.0,2.1139333333333328,0.11393333333333278,fair
Anuar,Valladolid,23.0,MF,1081.0,1.0,0.0,,1.5,2.049808333333334,0.5498083333333339,fair
Fernando Calero,Valladolid,22.0,DF,3130.0,1.0,0.0,,10.0,10.647666666666668,0.6476666666666677,fair
Borja Fernández,Valladolid,37.0,"MF,DF",841.0,0.0,0.0,,0.1,0.15544733333333383,0.05544733333333382,fair
Joaquín Fernández,Valladolid,22.0,"DF,MF",839.0,1.0,0.0,,3.0,3.0027416666666666,0.0027416666666666423,fair
Sergi Guardiola,Valladolid,27.0,FW,1514.0,3.0,1.0,,5.0,3.464158333333334,-1.5358416666666659,overvalued
Pablo Hervías,Valladolid,25.0,"FW,MF",160.0,0.0,0.0,,0.7,1.0445666666666629,0.3445666666666629,fair
Jordi Masip,Valladolid,29.0,GK,3150.0,0.0,0.0,,6.0,5.826666666666667,-0.1733333333333329,fair
Javi Moyano,Valladolid,32.0,DF,2098.0,0.0,0.0,,0.8,0.9854666666666698,0.18546666666666978,fair
Kiko Olivas,Valladolid,29.0,DF,3100.0,0.0,0.0,,2.0,3.546666666666667,1.5466666666666669,undervalued
Óscar Plano,Valladolid,27.0,"MF,FW",2693.0,3.0,4.0,,4.0,5.520666666666666,1.5206666666666662,undervalued
Stiven Plaza,Valladolid,19.0,"FW,MF",38.0,0.0,0.0,,1.5,1.0317716666666654,-0.4682283333333346,fair
Chris Ramos,Valladolid,21.0,FW,63.0,0.0,0.0,,0.25,0.5560115000000002,0.3060115000000002,fair
Waldo Rubio,Valladolid,22.0,"MF,FW",492.0,1.0,0.0,,1.0,1.6303353333333328,0.6303353333333328,fair
Enes Ünal,Valladolid,21.0,FW,2148.0,6.0,3.0,,5.0,7.555,2.5549999999999997,undervalued
Daniele Verde,Valladolid,22.0,"FW,MF",657.0,2.0,0.0,,2.5,2.8169166666666663,0.3169166666666663,fair
Toni Villa,Valladolid,23.0,"MF,FW",1762.0,2.0,2.0,,4.0,6.7041666666666675,2.7041666666666675,undervalued
Sergio Asenjo,Villarreal,29.0,GK,2880.0,0.0,0.0,,12.0,10.343333333333334,-1.6566666666666663,overvalued
Carlos Bacca,Villarreal,31.0,FW,1270.0,6.0,1.0,,5.0,5.539000000000001,0.5390000000000006,fair
Daniele Bonera,Villarreal,37.0,DF,230.0,0.0,0.0,,0.2,0.2808666666666674,0.08086666666666736,fair
Santiago Cáseres,Villarreal,21.0,MF,1588.0,0.0,1.0,,10.0,8.32885,-1.6711500000000008,overvalued
Santi Cazorla,Villarreal,33.0,"MF,FW",2647.0,4.0,10.0,,4.0,7.740166666666666,3.740166666666666,undervalued
Jaume Costa,Villarreal,30.0,DF,1495.0,1.0,0.0,,4.0,4.289583333333334,0.28958333333333375,fair
Andrés Fernández,Villarreal,31.0,GK,540.0,0.0,0.0,,1.5,1.4093833333333332,-0.09061666666666679,fair
Pablo Fornals,Villarreal,22.0,"MF,FW",2479.0,2.0,3.0,,25.0,21.571666666666665,-3.4283333333333346,overvalued
Javi Fuego,Villarreal,34.0,MF,233.0,0.0,0.0,,0.8,0.6034093333333349,-0.19659066666666514,fair
Ramiro Funes Mori,Villarreal,27.0,"DF,MF",2627.0,2.0,1.0,,8.0,11.179333333333334,3.179333333333334,undervalued
Mario Gaspar,Villarreal,27.0,DF,2599.0,1.0,2.0,,10.0,8.286999999999999,-1.713000000000001,overvalued
Álvaro González,Villarreal,28.0,DF,2964.0,1.0,2.0,,8.0,7.443333333333333,-0.5566666666666666,fair
Vicente Iborra,Villarreal,30.0,"MF,FW",1665.0,3.0,1.0,,9.0,7.488966666666668,-1.511033333333332,overvalued
Manuel Iturra,Villarreal,34.0,MF,74.0,0.0,0.0,,0.4,0.4553363333333351,0.0553363333333351,fair
Miguel Layún,Villarreal,30.0,"MF,DF",506.0,0.0,1.0,,3.0,2.568687999999999,-0.43131200000000103,fair
Gerard Moreno,Villarreal,26.0,FW,2315.0,8.0,1.0,,17.5,14.756666666666666,-2.743333333333334,overvalued
Manu Morlanes,Villarreal,19.0,MF,610.0,0.0,3.0,,2.5,6.925738666666666,4.425738666666666,undervalued
Alfonso Pedraza,Villarreal,22.0,"DF,FW",2095.0,3.0,3.0,,22.0,20.961000000000002,-1.038999999999998,fair
Xavi Quintillà,Villarreal,21.0,DF,627.0,0.0,0.0,,1.0,1.67205,0.67205,fair
Dani Raba,Villarreal,22.0,MF,191.0,0.0,1.0,,2.0,1.9758596666666668,-0.024140333333333208,fair
Víctor Ruiz,Villarreal,29.0,DF,1975.0,0.0,0.0,,7.0,5.9366666666666665,-1.0633333333333335,fair
Nicola Sansone,Villarreal,26.0,"FW,MF",1139.0,2.0,4.0,,7.5,6.76,-0.7400000000000002,fair
Karl Toko Ekambi,Villarreal,25.0,FW,2144.0,10.0,1.0,,17.5,15.62,-1.8800000000000008,overvalued
Manu Trigueros,Villarreal,26.0,MF,1547.0,0.0,0.0,,15.0,4.026066666666667,-10.973933333333333,overvalued
Miguel Britos,Watford,33.0,DF,185.0,0.0,0.0,,2.0,1.7307666666666668,-0.2692333333333332,fair
Étienne Capoue,Watford,30.0,MF,2944.0,1.0,3.0,,8.0,7.009000000000001,-0.9909999999999988,fair
Craig Cathcart,Watford,29.0,DF,3096.0,3.0,0.0,,5.0,5.890025,0.8900249999999996,fair
Nathaniel Chalobah,Watford,23.0,"MF,FW",270.0,0.0,0.0,,7.0,5.188200000000001,-1.811799999999999,overvalued
Tom Cleverley,Watford,28.0,"MF,FW",478.0,1.0,0.0,,7.0,6.359605999999999,-0.6403940000000006,fair
Troy Deeney,Watford,30.0,FW,2545.0,9.0,5.0,,10.0,9.823333333333334,-0.17666666666666586,fair
Gerard Deulofeu,Watford,24.0,FW,2066.0,10.0,5.0,,25.0,26.86,1.8599999999999994,undervalued
Abdoulaye Doucouré,Watford,25.0,MF,3062.0,5.0,6.0,,25.0,16.248333333333335,-8.751666666666665,overvalued
Kiko Femenía,Watford,27.0,DF,2049.0,1.0,1.0,,5.0,4.9943333333333335,-0.005666666666666487,fair
Ben Foster,Watford,35.0,GK,3420.0,0.0,0.0,,3.0,2.3303166666666666,-0.6696833333333334,fair
Andre Gray,Watford,27.0,FW,1366.0,7.0,2.0,,15.0,13.024166666666666,-1.975833333333334,overvalued
Will Hughes,Watford,23.0,"MF,FW",2418.0,2.0,4.0,,18.0,15.576666666666666,-2.423333333333334,overvalued
Daryl Janmaat,Watford,29.0,DF,1520.0,0.0,2.0,,6.0,5.392180000000001,-0.6078199999999994,fair
Christian Kabasele,Watford,27.0,DF,1586.0,0.0,0.0,,8.0,6.090619333333334,-1.9093806666666664,overvalued
Adrian Mariappa,Watford,31.0,DF,1927.0,0.0,0.0,,3.0,2.171941666666667,-0.8280583333333329,fair
Adam Masina,Watford,24.0,DF,1004.0,0.0,1.0,,7.0,5.285183333333335,-1.7148166666666649,overvalued
Marc Navarro,Watford,23.0,DF,84.0,0.0,0.0,,2.0,2.692991666666667,0.6929916666666669,fair
Stefano Okaka,Watford,28.0,FW,970.0,6.0,1.0,,5.0,5.631666666666667,0.6316666666666668,fair
Roberto Pereyra,Watford,27.0,"FW,MF",2815.0,6.0,1.0,,13.0,12.868333333333334,-0.13166666666666593,fair
Sebastian Prödl,Watford,31.0,DF,13.0,0.0,0.0,,3.5,3.2205083333333335,-0.27949166666666647,fair
Domingos Quina,Watford,18.0,MF,338.0,1.0,0.0,,5.0,5.340664333333332,0.3406643333333319,fair
Ken Sema,Watford,24.0,"FW,MF",754.0,1.0,2.0,,3.5,4.4042666666666666,0.9042666666666666,fair
Isaac Success,Watford,22.0,"FW,MF",1052.0,1.0,1.0,,5.0,4.98933333333333,-0.010666666666669933,fair
Ben Wilmot,Watford,18.0,MF,199.0,0.0,0.0,,1.5,2.3406103333333332,0.8406103333333332,fair
Ludwig Augustinsson,Werder Bremen,24.0,DF,3026.0,1.0,4.0,,12.0,11.38,-0.6199999999999992,fair
Philipp Bargfrede,Werder Bremen,29.0,"MF,DF",1079.0,0.0,0.0,,2.5,2.8862213333333337,0.38622133333333375,fair
Fin Bartels,Werder Bremen,31.0,FW,23.0,0.0,0.0,,1.5,1.1240583333333332,-0.37594166666666684,fair
Johannes Eggestein,Werder Bremen,20.0,"FW,MF",1113.0,4.0,1.0,,10.0,9.001666666666667,-0.9983333333333331,fair
Maximilian Eggestein,Werder Bremen,21.0,MF,3052.0,5.0,4.0,,30.0,30.276666666666667,0.2766666666666673,fair
Marco Friedl,Werder Bremen,20.0,DF,474.0,0.0,0.0,,2.5,1.9498286666666658,-0.5501713333333342,fair
Theodor Gebre Selassie,Werder Bremen,31.0,DF,2814.0,3.0,2.0,,2.5,2.8603000000000014,0.3603000000000014,fair
Martin Harnik,Werder Bremen,31.0,"FW,MF",828.0,4.0,2.0,,2.0,2.709708333333334,0.7097083333333338,fair
Florian Kainz,Werder Bremen,25.0,FW,373.0,0.0,1.0,,3.0,2.7484213333333343,-0.25157866666666573,fair
Stefanos Kapino,Werder Bremen,24.0,GK,45.0,0.0,0.0,,1.0,0.7072250000000001,-0.2927749999999999,fair
Davy Klaassen,Werder Bremen,25.0,MF,2816.0,5.0,4.0,,22.0,19.71,-2.289999999999999,overvalued
Sebastian Langkamp,Werder Bremen,30.0,DF,1414.0,0.0,0.0,,2.0,2.033633333333333,0.03363333333333296,fair
Kevin Möhwald,Werder Bremen,25.0,"MF,FW",873.0,3.0,1.0,,4.0,3.7609500000000002,-0.23904999999999976,fair
Niklas Moisander,Werder Bremen,32.0,DF,2637.0,0.0,0.0,,2.0,1.6580083333333329,-0.34199166666666714,fair
Yuya Osako,Werder Bremen,28.0,"FW,MF",1346.0,3.0,2.0,,5.0,4.9808916666666665,-0.019108333333333505,fair
Claudio Pizarro,Werder Bremen,39.0,FW,692.0,5.0,2.0,,0.5,1.4621993333333327,0.9621993333333327,fair
Luca Plogmann,Werder Bremen,18.0,GK,38.0,0.0,0.0,,0.5,0.3628213333333335,-0.1371786666666665,fair
Milot Rashica,Werder Bremen,22.0,"FW,MF",1550.0,9.0,5.0,,20.0,22.575,2.5749999999999993,undervalued
Josh Sargent,Werder Bremen,18.0,FW,212.0,2.0,0.0,,4.0,3.40905,-0.5909499999999999,fair
Felipe Anderson,West Ham,25.0,"FW,MF",3043.0,9.0,4.0,,40.0,19.706666666666667,-20.293333333333333,overvalued
Michail Antonio,West Ham,28.0,"FW,MF",2103.0,6.0,4.0,,15.0,13.712666666666667,-1.2873333333333328,fair
Fabián Balbuena,West Ham,26.0,DF,2013.0,1.0,0.0,,12.0,9.545333333333334,-2.4546666666666663,overvalued
Andy Carroll,West Ham,29.0,FW,461.0,0.0,0.0,,8.0,6.123734999999999,-1.876265000000001,overvalued
Aaron Cresswell,West Ham,28.0,DF,1589.0,0.0,1.0,,10.0,9.3012,-0.6988000000000003,fair
Grady Diangana,West Ham,20.0,"FW,MF",609.0,0.0,1.0,,5.0,5.559866666666667,0.5598666666666672,fair
Issa Diop,West Ham,21.0,DF,2970.0,1.0,0.0,,35.0,29.741666666666667,-5.258333333333333,overvalued
Ryan Fredericks,West Ham,25.0,DF,1086.0,1.0,0.0,,5.0,7.225,2.2249999999999996,undervalued
Manuel Lanzini,West Ham,25.0,MF,686.0,1.0,1.0,,20.0,16.4643,-3.5356999999999985,overvalued
Arthur Masuaku,West Ham,24.0,DF,1759.0,0.0,1.0,,7.0,7.043666666666667,0.04366666666666674,fair
Samir Nasri,West Ham,31.0,MF,245.0,0.0,2.0,,5.0,4.625041666666665,-0.3749583333333346,fair
Mark Noble,West Ham,31.0,MF,2291.0,5.0,5.0,,7.0,6.808466666666667,-0.1915333333333331,fair
Pedro Obiang,West Ham,26.0,MF,1128.0,0.0,1.0,,7.0,9.331133333333334,2.3311333333333337,undervalued
Angelo Ogbonna,West Ham,30.0,DF,1874.0,1.0,1.0,,8.0,5.212416666666667,-2.787583333333333,overvalued
Lucas Pérez,West Ham,29.0,FW,475.0,3.0,0.0,,4.0,5.970133333333333,1.970133333333333,undervalued
Declan Rice,West Ham,19.0,MF,3003.0,2.0,0.0,,45.0,40.681666666666665,-4.318333333333335,overvalued
Carlos Sánchez,West Ham,32.0,MF,245.0,0.0,0.0,,1.5,1.4980583333333335,-0.0019416666666665083,fair
Xande Silva,West Ham,21.0,FW,18.0,0.0,0.0,,1.0,1.4164999999999999,0.41649999999999987,fair
Robert Snodgrass,West Ham,30.0,"MF,FW",2220.0,2.0,5.0,,7.0,6.126666666666667,-0.8733333333333331,fair
Jack Wilshere,West Ham,26.0,MF,392.0,0.0,1.0,,10.0,7.807508333333332,-2.192491666666668,overvalued
Andriy Yarmolenko,West Ham,28.0,"FW,MF",459.0,2.0,0.0,,20.0,15.568766666666667,-4.431233333333333,overvalued
Pablo Zabaleta,West Ham,33.0,DF,2092.0,0.0,1.0,,3.5,3.0047666666666673,-0.49523333333333275,fair
Maximilian Arnold,Wolfsburg,24.0,MF,2872.0,2.0,6.0,,15.0,15.011666666666667,0.011666666666666714,fair
Josip Brekalo,Wolfsburg,20.0,"FW,MF",1415.0,3.0,3.0,,10.0,8.8775,-1.1225000000000005,fair
Ignacio Camacho,Wolfsburg,28.0,MF,540.0,0.0,0.0,,13.0,2.1975249999999997,-10.802475000000001,overvalued
Koen Casteels,Wolfsburg,26.0,GK,2295.0,0.0,0.0,,13.0,11.918000000000001,-1.081999999999999,fair
Yannick Gerhardt,Wolfsburg,24.0,MF,2455.0,2.0,2.0,,10.0,9.609333333333334,-0.3906666666666663,fair
Daniel Ginczek,Wolfsburg,27.0,FW,1276.0,6.0,2.0,,12.0,10.909335833333335,-1.0906641666666648,fair
Josuha Guilavogui,Wolfsburg,27.0,MF,1570.0,2.0,1.0,,12.0,9.832666666666666,-2.1673333333333336,overvalued
Felix Klaus,Wolfsburg,25.0,"FW,MF",443.0,1.0,1.0,,3.0,2.999733333333332,-0.00026666666666796957,fair
Robin Knoche,Wolfsburg,26.0,DF,2790.0,3.0,0.0,,8.0,11.598333333333333,3.5983333333333327,undervalued
Admir Mehmedi,Wolfsburg,27.0,"FW,MF",1692.0,6.0,5.0,,10.0,10.58,0.5800000000000001,fair
Pavao Pervan,Wolfsburg,30.0,GK,765.0,0.0,0.0,,0.8,1.3074386666666706,0.5074386666666706,fair
Jérôme Roussillon,Wolfsburg,25.0,DF,2461.0,3.0,4.0,,20.0,15.773333333333333,-4.226666666666667,overvalued
Renato Steffen,Wolfsburg,26.0,"FW,DF",1503.0,5.0,1.0,,5.0,6.826433333333334,1.826433333333334,undervalued
Marcel Tisserand,Wolfsburg,25.0,DF,886.0,1.0,0.0,,4.5,4.918333333333333,0.418333333333333,fair
Wout Weghorst,Wolfsburg,25.0,FW,2925.0,17.0,7.0,,20.0,28.733333333333334,8.733333333333334,undervalued
William,Wolfsburg,23.0,DF,2675.0,2.0,1.0,,7.0,8.106666666666667,1.1066666666666674,fair
Ryan Bennett,Wolves,28.0,DF,3060.0,1.0,0.0,,7.0,7.336,0.3360000000000003,fair
Willy Boly,Wolves,27.0,DF,3167.0,4.0,0.0,,12.0,16.988333333333333,4.988333333333333,undervalued
Léo Bonatini,Wolves,24.0,FW,135.0,0.0,1.0,,4.0,4.534716666666665,0.5347166666666654,fair
Ivan Cavaleiro,Wolves,24.0,"FW,MF",693.0,3.0,1.0,,10.0,9.075166666666668,-0.9248333333333321,fair
Conor Coady,Wolves,25.0,DF,3420.0,0.0,0.0,,10.0,10.006333333333332,0.006333333333332192,fair
Hélder Costa,Wolves,24.0,"FW,MF",1341.0,1.0,2.0,,15.0,8.686,-6.314,overvalued
Leander Dendoncker,Wolves,23.0,MF,1467.0,2.0,0.0,,18.0,13.838333333333333,-4.161666666666667,overvalued
Matt Doherty,Wolves,26.0,"DF,MF",3144.0,4.0,5.0,,15.0,15.331666666666667,0.331666666666667,fair
Morgan Gibbs-White,Wolves,18.0,"MF,FW",663.0,0.0,1.0,,8.0,7.095,-0.9050000000000002,fair
Raúl Jiménez,Wolves,27.0,FW,3111.0,13.0,7.0,,35.0,30.866666666666667,-4.133333333333333,overvalued
Diogo Jota,Wolves,21.0,"FW,MF",2355.0,9.0,5.0,,35.0,32.666666666666664,-2.3333333333333357,overvalued
João Moutinho,Wolves,31.0,MF,3032.0,1.0,8.0,,10.0,9.23203333333333,-0.7679666666666698,fair
Rúben Neves,Wolves,21.0,MF,3007.0,4.0,3.0,,45.0,39.295,-5.704999999999998,overvalued
Will Norris,Wolves,24.0,GK,1.0,0.0,0.0,,0.25,0.8844249999999996,0.6344249999999996,fair
Rui Patrício,Wolves,30.0,GK,3329.0,0.0,0.0,,20.0,15.066666666666666,-4.933333333333334,overvalued
John Ruddy,Wolves,31.0,GK,90.0,0.0,0.0,,3.0,2.0826093333333335,-0.9173906666666665,fair
Romain Saïss,Wolves,28.0,"MF,DF",1149.0,2.0,0.0,,5.0,9.936166666666669,4.936166666666669,undervalued
Adama Traoré,Wolves,22.0,"FW,DF",240.0,0.0,1.0,,15.0,10.763194333333335,-4.236805666666665,overvalued
Rúben Vinagre,Wolves,19.0,"DF,MF",710.0,0.0,0.0,,7.0,6.957516666666667,-0.042483333333333206,fair
Martin Aguirregabiria,AlavĂ©s,23.0,DF,2099.0,1.0,1.0,,4.0,3.8726666666666665,-0.12733333333333352,fair
Oliver Burke,AlavĂ©s,22.0,"MF,FW",1429.0,1.0,2.0,,4.0,4.020666666666666,0.020666666666666167,fair
VĂ­ctor Camarasa,AlavĂ©s,25.0,MF,1293.0,0.0,1.0,,4.0,3.888333333333333,-0.1116666666666668,fair
RubĂ©n Duarte,AlavĂ©s,23.0,DF,2663.0,0.0,1.0,,4.0,6.064,2.064,undervalued
Rodrigo Ely,AlavĂ©s,25.0,DF,2121.0,2.0,0.0,,1.0,2.0643333333333334,1.0643333333333334,fair
Ljubomir Fejsa,AlavĂ©s,30.0,MF,786.0,0.0,0.0,,2.0,1.8452193333333333,-0.15478066666666668,fair
Manu GarcĂ­a,AlavĂ©s,33.0,MF,1967.0,0.0,0.0,,1.0,0.8508166666666671,-0.1491833333333329,fair
John Guidetti,AlavĂ©s,27.0,FW,96.0,0.0,0.0,,1.0,5.406187999999998,4.406187999999998,undervalued
Joselu,AlavĂ©s,29.0,FW,2782.0,11.0,2.0,,5.0,5.743333333333333,0.7433333333333332,fair
VĂ­ctor Laguardia,AlavĂ©s,29.0,DF,2654.0,1.0,2.0,,7.0,6.448,-0.5519999999999996,fair
Javi LĂłpez,AlavĂ©s,17.0,DF,90.0,0.0,0.0,,0.08,0.8946728888888877,0.8146728888888878,fair
JosĂ© Luis RodrĂ­guez,AlavĂ©s,21.0,FW,22.0,0.0,0.0,,0.045,0.4417938333333344,0.3967938333333344,fair
Lisandro MagallĂˇn,AlavĂ©s,25.0,DF,1197.0,1.0,1.0,,4.0,3.993983333333334,-0.006016666666666115,fair
Abdallahi Mahmoud,AlavĂ©s,19.0,MF,152.0,0.0,0.0,,0.01,0.4723757500000018,0.4623757500000018,fair
AdriĂˇn MarĂ­n,AlavĂ©s,22.0,DF,852.0,0.0,0.0,,0.065,0.6331666666666654,0.5681666666666654,fair
Guillermo MaripĂˇn,AlavĂ©s,25.0,DF,90.0,0.0,0.0,,11.0,6.668002000000001,-4.331997999999999,overvalued
Ă‰dgar MĂ©ndez,AlavĂ©s,29.0,"MF,FW",864.0,1.0,0.0,,1.6,1.9437100000000063,0.3437100000000062,fair
Ximo Navarro,AlavĂ©s,29.0,DF,1903.0,0.0,0.0,,2.0,2.1058999999999997,0.10589999999999966,fair
Fernando Pacheco,AlavĂ©s,27.0,GK,2358.0,0.0,0.0,,14.0,5.381666666666667,-8.618333333333332,overvalued
Lucas PĂ©rez,AlavĂ©s,30.0,FW,2496.0,11.0,5.0,,12.0,11.195,-0.8049999999999997,fair
TomĂˇs Pina Isla,AlavĂ©s,31.0,MF,1344.0,1.0,0.0,,1.5,1.4318083333333325,-0.06819166666666754,fair
Pere Pons,AlavĂ©s,26.0,MF,1088.0,1.0,1.0,,3.5,3.2204499999999987,-0.2795500000000013,fair
Luis Rioja,AlavĂ©s,25.0,MF,1634.0,0.0,0.0,,2.0,2.1783833333333336,0.17838333333333356,fair
Roberto,AlavĂ©s,33.0,GK,790.0,0.0,0.0,,0.0008,0.08871066666666706,0.08791066666666707,fair
Borja Sainz,AlavĂ©s,18.0,"MF,FW",573.0,1.0,0.0,,0.03,1.8361186666666587,1.8061186666666587,undervalued
Antonio Sivera,AlavĂ©s,22.0,GK,270.0,0.0,0.0,,1.0,0.6967553333333342,-0.30324466666666583,fair
Tachi,AlavĂ©s,21.0,DF,238.0,0.0,0.0,,0.0008,0.4884793333333325,0.48767933333333247,fair
Aleix Vidal,AlavĂ©s,29.0,MF,2165.0,2.0,4.0,,3.0,5.048783333333333,2.0487833333333327,undervalued
Wakaso,AlavĂ©s,29.0,MF,1283.0,0.0,0.0,,2.0,1.978883333333333,-0.021116666666666895,fair
Chadrac Akolo,Amiens,24.0,"FW,MF",544.0,2.0,1.0,,1.0,2.0560999999999994,1.0560999999999994,fair
Haitam Aleesami,Amiens,28.0,DF,1916.0,1.0,1.0,,1.0,4.135366666666666,3.135366666666666,undervalued
Alexis Blin,Amiens,22.0,MF,1841.0,0.0,1.0,,4.0,4.155833333333334,0.1558333333333337,fair
Mathieu Bodmer,Amiens,36.0,MF,88.0,1.0,0.0,,0.025,0.14747433333333285,0.12247433333333285,fair
Arturo Calabresi,Amiens,23.0,DF,1878.0,1.0,1.0,,2.0,3.1180000000000003,1.1180000000000003,fair
AurĂ©lien Chedjou,Amiens,34.0,DF,1971.0,0.0,0.0,,0.000325,0.311742,0.311417,fair
Quentin Cornette,Amiens,25.0,"FW,MF",349.0,0.0,2.0,,0.03,2.545776333333336,2.5157763333333363,undervalued
Fousseni DiabatĂ©,Amiens,23.0,"FW,MF",1190.0,1.0,3.0,,2.0,2.742266666666667,0.7422666666666671,fair
Bakaye Dibassy,Amiens,29.0,DF,1868.0,2.0,0.0,,2.0,2.212549999999999,0.2125499999999989,fair
Juan Ferney Otero,Amiens,24.0,"FW,MF",1202.0,1.0,2.0,,2.0,3.534983333333334,1.5349833333333338,undervalued
Saman Ghoddos,Amiens,25.0,FW,231.0,1.0,0.0,,3.0,2.7611916666666665,-0.2388083333333335,fair
Eddy GnahorĂ©,Amiens,25.0,MF,1133.0,0.0,0.0,,2.0,2.2411999999999996,0.24119999999999964,fair
Sehrou Guirassy,Amiens,23.0,FW,1921.0,9.0,2.0,,15.0,13.668333333333333,-1.331666666666667,fair
RĂ©gis Gurtner,Amiens,32.0,GK,2520.0,0.0,0.0,,1.0,1.3500166666666675,0.35001666666666753,fair
Christophe Jallet,Amiens,35.0,DF,855.0,1.0,1.0,,0.025,0.1871289999999996,0.1621289999999996,fair
GaĂ«l Kakuta,Amiens,28.0,"MF,FW",2001.0,2.0,5.0,,2.0,3.858,1.858,undervalued
Moussa KonatĂ©,Amiens,26.0,FW,614.0,2.0,0.0,,4.0,2.926018666666666,-1.0739813333333341,fair
Jack Lahne,Amiens,17.0,FW,9.0,1.0,0.0,,0.09,1.041383333333332,0.951383333333332,fair
Jordan Lefort,Amiens,25.0,DF,842.0,0.0,1.0,,1.0,1.2488500000000002,0.24885000000000024,fair
Isaac Mbenza,Amiens,23.0,FW,84.0,0.0,0.0,,5.0,3.650207999999999,-1.3497920000000012,fair
Stiven Mendoza,Amiens,27.0,"FW,MF",1101.0,5.0,0.0,,3.0,4.503241666666666,1.503241666666666,undervalued
Thomas Monconduit,Amiens,28.0,MF,1364.0,0.0,0.0,,2.0,3.7965333333333335,1.7965333333333335,undervalued
Nicholas Opoku,Amiens,21.0,DF,630.0,0.0,0.0,,0.08,1.0418833333333348,0.9618833333333349,fair
Cheick Timite,Amiens,21.0,"MF,FW",115.0,0.0,0.0,,1.0,0.825543666666667,-0.174456333333333,fair
Bongani Zungu,Amiens,26.0,MF,992.0,1.0,0.0,,1.0,1.4496083333333332,0.44960833333333317,fair
Rayan AĂŻt Nouri,Angers,18.0,DF,1282.0,0.0,2.0,,15.0,7.343166666666666,-7.656833333333334,overvalued
Rachid Alioui,Angers,27.0,FW,1563.0,6.0,1.0,,4.0,3.836966666666667,-0.16303333333333292,fair
StĂ©phane Bahoken,Angers,27.0,FW,907.0,4.0,0.0,,4.0,4.9825,0.9824999999999999,fair
Abdoulaye Bamba,Angers,29.0,DF,554.0,0.0,0.0,,2.0,2.051543,0.051543000000000117,fair
Antonin Bobichon,Angers,23.0,MF,649.0,2.0,1.0,,2.0,2.6311,0.6311,fair
Ludovic Butelle,Angers,36.0,GK,2340.0,0.0,0.0,,0.025,0.09475299999999967,0.06975299999999968,fair
Pierrick Capelle,Angers,32.0,"MF,DF",1747.0,1.0,2.0,,1.0,1.7955999999999994,0.7955999999999994,fair
Ibrahim CissĂ©,Angers,23.0,DF,60.0,0.0,0.0,,0.045,0.4222166666666676,0.3772166666666676,fair
Souleyman Doumbia,Angers,22.0,DF,450.0,0.0,1.0,,1.0,2.301054666666666,1.301054666666666,undervalued
Angelo Fulgini,Angers,22.0,MF,1579.0,1.0,1.0,,4.0,3.978533333333334,-0.02146666666666608,fair
Wilfried Kanga,Angers,21.0,FW,68.0,0.0,0.0,,0.09,0.21277083333333424,0.12277083333333424,fair
Vincent Manceau,Angers,30.0,DF,1980.0,0.0,0.0,,1.0,2.476266666666668,1.476266666666668,undervalued
Thomas Mangani,Angers,32.0,MF,1871.0,2.0,2.0,,1.0,1.033672,0.033671999999999924,fair
Farid El Melali,Angers,22.0,"MF,FW",306.0,3.0,0.0,,1.0,2.0697333333333336,1.0697333333333336,fair
Casimir Ninga,Angers,26.0,"MF,FW",683.0,3.0,1.0,,2.0,3.1581666666666663,1.1581666666666663,fair
ZinĂ©dine Ould Khaled,Angers,19.0,MF,59.0,0.0,0.0,,0.015,0.25339733333333336,0.23839733333333335,fair
Vincent Pajot,Angers,28.0,MF,113.0,0.0,1.0,,1.0,1.5323776666666666,0.5323776666666666,fair
Mateo PavloviÄ‡,Angers,29.0,DF,812.0,0.0,0.0,,1.0,1.3721913333333338,0.37219133333333376,fair
ThĂ©o Pellenard,Angers,25.0,DF,455.0,0.0,0.0,,1.0,1.079278,0.07927799999999996,fair
Mathias Pereira Lage,Angers,22.0,MF,1542.0,1.0,3.0,,2.0,3.0501666666666667,1.0501666666666667,fair
Jeff Reine-AdĂ©laĂŻde,Angers,21.0,MF,79.0,1.0,1.0,,22.0,14.088725000000007,-7.911274999999993,overvalued
Baptiste Santamaria,Angers,24.0,MF,2505.0,1.0,1.0,,7.0,5.111666666666666,-1.8883333333333336,overvalued
Sada Thioub,Angers,24.0,"MF,FW",1508.0,1.0,2.0,,2.0,2.6197999999999997,0.6197999999999997,fair
Romain Thomas,Angers,31.0,DF,2340.0,1.0,2.0,,2.0,2.3368333333333333,0.3368333333333333,fair
IsmaĂ«l TraorĂ©,Angers,32.0,DF,2052.0,0.0,0.0,,1.0,1.0987833333333337,0.09878333333333367,fair
Pierre-Emerick Aubameyang,Arsenal,30.0,FW,3136.0,22.0,3.0,,56.0,51.835,-4.164999999999999,overvalued
HĂ©ctor BellerĂ­n,Arsenal,24.0,DF,1158.0,1.0,0.0,,32.0,26.689333333333334,-5.310666666666666,overvalued
Dani Ceballos,Arsenal,22.0,MF,1692.0,0.0,2.0,,32.0,26.711000000000002,-5.288999999999998,overvalued
Calum Chambers,Arsenal,24.0,DF,1102.0,1.0,1.0,,14.0,23.865,9.864999999999998,undervalued
MattĂ©o Guendouzi,Arsenal,20.0,MF,1748.0,0.0,1.0,,40.0,32.70666666666666,-7.2933333333333366,overvalued
Rob Holding,Arsenal,23.0,DF,581.0,0.0,0.0,,9.0,8.305466666666664,-0.6945333333333359,fair
Sead KolaĹˇinac,Arsenal,26.0,DF,1701.0,0.0,2.0,,10.0,14.437999999999999,4.437999999999999,undervalued
Alexandre Lacazette,Arsenal,28.0,FW,1874.0,10.0,4.0,,48.0,34.365,-13.634999999999998,overvalued
Bernd Leno,Arsenal,27.0,GK,2649.0,0.0,0.0,,28.0,24.891666666666666,-3.1083333333333343,overvalued
David Luiz,Arsenal,32.0,DF,2809.0,2.0,1.0,,6.0,6.137666666666666,0.13766666666666616,fair
Ainsley Maitland-Niles,Arsenal,21.0,DF,1386.0,0.0,2.0,,14.0,21.611666666666668,7.611666666666668,undervalued
Pablo MarĂ­,Arsenal,25.0,DF,113.0,0.0,0.0,,4.0,6.534804666666667,2.534804666666667,undervalued
Martinelli,Arsenal,18.0,FW,663.0,3.0,0.0,,25.0,20.545833333333334,-4.454166666666666,overvalued
Emiliano MartĂ­nez,Arsenal,26.0,GK,771.0,0.0,0.0,,2.0,5.251666666666667,3.251666666666667,undervalued
Henrikh Mkhitaryan,Arsenal,30.0,FW,112.0,0.0,0.0,,20.0,14.684991166666668,-5.315008833333332,overvalued
Nacho Monreal,Arsenal,33.0,DF,270.0,0.0,0.0,,3.0,4.600858333333333,1.600858333333333,undervalued
Shkodran Mustafi,Arsenal,27.0,DF,1207.0,0.0,1.0,,12.0,13.350333333333333,1.3503333333333334,undervalued
Reiss Nelson,Arsenal,19.0,FW,631.0,1.0,0.0,,12.0,12.356766666666665,0.35676666666666534,fair
Eddie Nketiah,Arsenal,20.0,FW,633.0,2.0,0.0,,11.0,12.048,1.048,fair
Mesut Ă–zil,Arsenal,30.0,MF,1438.0,1.0,2.0,,17.0,15.792491666666669,-1.2075083333333314,fair
Sokratis Papastathopoulos,Arsenal,31.0,DF,1696.0,2.0,0.0,,6.0,7.727425,1.7274250000000002,undervalued
Nicolas PĂ©pĂ©,Arsenal,24.0,FW,2010.0,5.0,6.0,,52.0,43.26,-8.740000000000002,overvalued
Bukayo Saka,Arsenal,17.0,"DF,FW",1753.0,1.0,5.0,,20.0,23.795,3.7950000000000017,undervalued
CĂ©dric Soares,Arsenal,27.0,DF,249.0,1.0,0.0,,8.0,9.096483333333333,1.0964833333333335,fair
Kieran Tierney,Arsenal,22.0,DF,989.0,1.0,1.0,,20.0,17.616666666666667,-2.383333333333333,overvalued
Lucas Torreira,Arsenal,23.0,MF,1512.0,1.0,1.0,,36.0,31.293333333333333,-4.706666666666667,overvalued
Joe Willock,Arsenal,19.0,"MF,FW",857.0,1.0,1.0,,16.0,14.6565,-1.3435000000000006,fair
Granit Xhaka,Arsenal,26.0,MF,2586.0,1.0,2.0,,24.0,22.94,-1.0599999999999987,fair
Borja BastĂłn,Aston Villa,26.0,"MF,FW",18.0,0.0,0.0,,3.0,0.8838243333333337,-2.1161756666666665,overvalued
Keinan Davis,Aston Villa,21.0,FW,548.0,0.0,0.0,,2.0,1.993552666666666,-0.0064473333333339156,fair
Danny Drinkwater,Aston Villa,29.0,MF,259.0,0.0,0.0,,4.0,3.127933333333333,-0.872066666666667,fair
Ahmed Elmohamady,Aston Villa,31.0,DF,1031.0,1.0,1.0,,2.0,1.740962333333334,-0.25903766666666606,fair
BjĂ¶rn Engels,Aston Villa,24.0,DF,1447.0,1.0,0.0,,9.0,7.276433333333332,-1.7235666666666676,overvalued
Anwar El Ghazi,Aston Villa,24.0,"FW,MF",2051.0,4.0,4.0,,8.0,9.196666666666667,1.1966666666666672,fair
Jack Grealish,Aston Villa,23.0,"FW,MF",3233.0,8.0,6.0,,30.0,27.22,-2.780000000000001,overvalued
Frederic Guilbert,Aston Villa,24.0,DF,2041.0,0.0,2.0,,7.0,5.057016666666668,-1.9429833333333324,overvalued
Kortney Hause,Aston Villa,24.0,DF,1545.0,1.0,0.0,,6.0,6.661433333333329,0.6614333333333287,fair
Tom Heaton,Aston Villa,33.0,GK,1794.0,0.0,0.0,,4.0,2.7187083333333333,-1.2812916666666667,fair
Conor Hourihane,Aston Villa,28.0,MF,1534.0,3.0,5.0,,6.0,8.434933333333335,2.434933333333335,undervalued
Jota,Aston Villa,28.0,"FW,MF",335.0,0.0,1.0,,2.5,1.6689886666666676,-0.8310113333333324,fair
Jonathan Kodjia,Aston Villa,29.0,"FW,MF",117.0,0.0,0.0,,3.0,2.355910333333334,-0.644089666666666,fair
Ezri Konsa,Aston Villa,21.0,DF,2039.0,1.0,2.0,,6.0,7.493333333333333,1.4933333333333332,undervalued
Henri Lansbury,Aston Villa,28.0,MF,195.0,0.0,0.0,,1.0,1.6999443333333315,0.6999443333333315,fair
Douglas Luiz,Aston Villa,21.0,MF,2612.0,3.0,2.0,,27.0,22.09,-4.91,overvalued
John McGinn,Aston Villa,24.0,MF,2312.0,3.0,3.0,,16.0,13.743333333333334,-2.256666666666666,overvalued
Tyrone Mings,Aston Villa,26.0,DF,2902.0,2.0,2.0,,22.0,14.903333333333334,-7.096666666666666,overvalued
Wesley Moraes,Aston Villa,22.0,FW,1782.0,5.0,1.0,,20.0,15.358333333333333,-4.6416666666666675,overvalued
Marvelous Nakamba,Aston Villa,25.0,MF,1836.0,0.0,0.0,,8.0,4.283833333333333,-3.716166666666667,overvalued
Ărjan Nyland,Aston Villa,28.0,GK,539.0,0.0,0.0,,1.2,1.2591983333333288,0.0591983333333288,fair
Pepe Reina,Aston Villa,36.0,GK,1080.0,0.0,0.0,,0.065,0.41770199999999896,0.35270199999999896,fair
Mbwana Samatta,Aston Villa,26.0,FW,943.0,1.0,0.0,,9.0,6.6002833333333335,-2.3997166666666665,overvalued
Matt Targett,Aston Villa,23.0,DF,2291.0,1.0,2.0,,10.0,8.592833333333335,-1.4071666666666651,fair
Neil Taylor,Aston Villa,30.0,DF,1091.0,0.0,0.0,,2.0,2.051668666666667,0.05166866666666703,fair
TrĂ©zĂ©guet,Aston Villa,24.0,"FW,MF",1950.0,6.0,1.0,,8.0,8.213333333333333,0.21333333333333293,fair
Indiana Vassilev,Aston Villa,18.0,"FW,MF",51.0,0.0,0.0,,0.025,0.08739399999999979,0.06239399999999979,fair
Guilherme Arana,Atalanta,22.0,DF,80.0,0.0,0.0,,2.0,1.764158333333332,-0.23584166666666806,fair
Musa Barrow,Atalanta,20.0,"FW,MF",190.0,0.0,2.0,,11.0,4.273742666666666,-6.726257333333334,overvalued
Raoul Bellanova,Atalanta,19.0,DF,18.0,0.0,0.0,,0.09,0.43846750000000156,0.3484675000000016,fair
Mattia Caldara,Atalanta,25.0,DF,959.0,0.0,1.0,,11.0,8.370785333333334,-2.629214666666666,overvalued
Timothy Castagne,Atalanta,23.0,DF,1769.0,1.0,2.0,,16.0,12.712666666666665,-3.2873333333333346,overvalued
Ebrima Colley,Atalanta,19.0,FW,82.0,0.0,1.0,,0.08,0.538527666666669,0.45852766666666894,fair
Jacopo Da Riva,Atalanta,18.0,FW,1.0,0.0,0.0,,0.02,0.3489083333333327,0.3289083333333327,fair
Berat Djimsiti,Atalanta,26.0,DF,2783.0,2.0,1.0,,12.0,10.926666666666666,-1.0733333333333341,fair
Remo Freuler,Atalanta,27.0,MF,2337.0,2.0,2.0,,20.0,16.993333333333332,-3.0066666666666677,overvalued
Pierluigi Gollini,Atalanta,24.0,GK,2884.0,0.0,0.0,,13.0,12.355,-0.6449999999999996,fair
Papu GĂłmez,Atalanta,31.0,"MF,FW",2842.0,7.0,16.0,,15.0,18.0886,3.0885999999999996,undervalued
Robin Gosens,Atalanta,25.0,DF,2617.0,9.0,7.0,,20.0,25.503333333333334,5.503333333333334,undervalued
Hans Hateboer,Atalanta,25.0,DF,2356.0,0.0,4.0,,12.0,8.305,-3.6950000000000003,overvalued
Josip Ilicic,Atalanta,31.0,FW,1663.0,15.0,5.0,,15.0,28.878333333333334,13.878333333333334,undervalued
Simon KjĂ¦r,Atalanta,30.0,DF,292.0,0.0,0.0,,7.0,1.7166443333333332,-5.283355666666667,overvalued
JosĂ© Luis Palomino,Atalanta,29.0,DF,2480.0,2.0,1.0,,8.0,7.528333333333333,-0.4716666666666667,fair
Ruslan Malinovskyi,Atalanta,26.0,"MF,FW",1535.0,8.0,3.0,,11.0,11.5235,0.5235000000000003,fair
Andrea Masiello,Atalanta,33.0,DF,543.0,0.0,0.0,,1.0,0.7660276666666668,-0.23397233333333323,fair
Luis Muriel,Atalanta,28.0,FW,1260.0,18.0,1.0,,15.0,28.64666666666667,13.646666666666668,undervalued
Mario PaĹˇaliÄ‡,Atalanta,24.0,"MF,FW",2417.0,9.0,5.0,,25.0,23.805,-1.1950000000000003,fair
Roberto Piccoli,Atalanta,18.0,FW,17.0,0.0,0.0,,1.0,0.7390373333333339,-0.2609626666666661,fair
Marten de Roon,Atalanta,28.0,MF,2721.0,2.0,5.0,,19.0,15.849266666666665,-3.150733333333335,overvalued
Francesco Rossi,Atalanta,28.0,GK,11.0,0.0,0.0,,0.01,0.18565833333333281,0.1756583333333328,fair
Marco Sportiello,Atalanta,27.0,GK,525.0,0.0,0.0,,2.0,1.8745930000000002,-0.12540699999999982,fair
Bosko Sutalo,Atalanta,19.0,DF,280.0,0.0,0.0,,3.0,2.321742333333332,-0.678257666666668,fair
Adrien Tameze,Atalanta,25.0,MF,211.0,0.0,0.0,,4.5,3.6606750000000003,-0.8393249999999997,fair
Rafael TolĂłi,Atalanta,28.0,DF,2608.0,2.0,6.0,,12.0,12.268,0.2680000000000007,fair
Amad TraorĂ©,Atalanta,17.0,FW,27.0,1.0,0.0,,12.0,7.655158333333337,-4.344841666666663,overvalued
DuvĂˇn Zapata,Atalanta,28.0,FW,2026.0,18.0,6.0,,36.0,42.22,6.219999999999999,undervalued
Aritz Aduriz,Athletic Club,38.0,FW,208.0,1.0,0.0,,0.0008,0.3767053333333327,0.3759053333333327,fair
Yeray Ălvarez,Athletic Club,24.0,DF,2810.0,0.0,0.0,,24.0,21.28,-2.719999999999999,overvalued
Mikel Balenziaga,Athletic Club,31.0,DF,563.0,0.0,0.0,,1.0,1.482341666666667,0.4823416666666669,fair
Yuri Berchiche,Athletic Club,29.0,DF,2850.0,2.0,1.0,,16.0,12.693333333333333,-3.3066666666666666,overvalued
Ander Capa,Athletic Club,27.0,DF,2872.0,3.0,4.0,,6.0,8.901666666666667,2.9016666666666673,undervalued
IĂ±igo CĂłrdoba,Athletic Club,22.0,FW,1442.0,1.0,4.0,,3.0,4.9159999999999995,1.9159999999999995,undervalued
BeĂ±at Etxebarria,Athletic Club,32.0,MF,394.0,0.0,0.0,,2.0,2.254108333333332,0.25410833333333205,fair
Dani GarcĂ­a,Athletic Club,29.0,MF,3029.0,0.0,1.0,,4.0,10.665666666666667,6.665666666666667,undervalued
RaĂşl GarcĂ­a,Athletic Club,33.0,"MF,FW",2869.0,15.0,1.0,,4.5,7.3755999999999995,2.8755999999999995,undervalued
Ibai GĂłmez,Athletic Club,29.0,FW,695.0,0.0,0.0,,3.0,3.4348333333333327,0.43483333333333274,fair
Iago HerrerĂ­n,Athletic Club,31.0,GK,425.0,0.0,0.0,,2.0,1.9002583333333325,-0.0997416666666675,fair
Kenan Kodro,Athletic Club,25.0,"FW,MF",364.0,1.0,0.0,,0.08,1.2660166666666655,1.1860166666666654,fair
Larra,Athletic Club,21.0,"FW,MF",250.0,0.0,0.0,,2.0,1.4939140000000004,-0.5060859999999996,fair
IĂ±igo Lekue,Athletic Club,26.0,"FW,DF",623.0,0.0,1.0,,1.0,2.4126000000000003,1.4126000000000003,undervalued
Unai LĂłpez,Athletic Club,23.0,MF,1787.0,1.0,4.0,,2.0,14.051,12.051,undervalued
Ă“scar de Marcos,Athletic Club,30.0,"DF,FW",541.0,0.0,1.0,,3.0,2.402516333333332,-0.5974836666666681,fair
IĂ±igo MartĂ­nez,Athletic Club,28.0,DF,2970.0,1.0,1.0,,25.0,16.565,-8.434999999999999,overvalued
Iker Muniain,Athletic Club,26.0,"FW,MF",2382.0,5.0,2.0,,14.0,12.246666666666666,-1.7533333333333339,overvalued
Unai NĂşĂ±ez,Athletic Club,22.0,DF,1572.0,0.0,0.0,,16.0,14.595,-1.4049999999999994,fair
Mikel San JosĂ©,Athletic Club,30.0,MF,359.0,0.0,0.0,,4.0,3.350383333333333,-0.6496166666666672,fair
Oihan Sancet,Athletic Club,19.0,MF,741.0,1.0,1.0,,2.0,2.9673666666666674,0.9673666666666674,fair
Unai SimĂłn,Athletic Club,22.0,GK,2991.0,0.0,0.0,,16.0,16.776666666666667,0.7766666666666673,fair
Mikel Vesga,Athletic Club,26.0,MF,1269.0,0.0,1.0,,2.0,4.242000000000001,2.242000000000001,undervalued
Asier Villalibre,Athletic Club,21.0,FW,531.0,3.0,0.0,,3.0,3.574808333333334,0.5748083333333338,fair
IĂ±aki Williams,Athletic Club,25.0,FW,2939.0,6.0,1.0,,40.0,17.453333333333333,-22.546666666666667,overvalued
Antonio AdĂˇn,AtlĂ©tico Madrid,32.0,GK,25.0,0.0,0.0,,0.08,0.21675833333333264,0.13675833333333265,fair
Santiago Arias,AtlĂ©tico Madrid,27.0,DF,1076.0,0.0,1.0,,12.0,14.162733333333332,2.162733333333332,undervalued
Sergio Camello,AtlĂ©tico Madrid,18.0,FW,25.0,0.0,0.0,,2.0,1.6536629999999994,-0.34633700000000056,fair
Yannick Carrasco,AtlĂ©tico Madrid,25.0,"MF,FW",631.0,1.0,2.0,,22.0,8.286902,-13.713098,overvalued
Ă“scar Clemente,AtlĂ©tico Madrid,20.0,MF,4.0,0.0,0.0,,0.09,0.4607500000000015,0.37075000000000147,fair
Ăngel Correa,AtlĂ©tico Madrid,24.0,"MF,FW",2061.0,5.0,6.0,,32.0,29.225,-2.7749999999999986,overvalued
Diego Costa,AtlĂ©tico Madrid,30.0,FW,1350.0,5.0,4.0,,14.0,12.456000000000001,-1.5439999999999987,overvalued
Felipe,AtlĂ©tico Madrid,30.0,DF,2102.0,1.0,0.0,,25.0,17.618199999999998,-7.381800000000002,overvalued
JoĂŁo FĂ©lix,AtlĂ©tico Madrid,19.0,"FW,MF",1745.0,6.0,1.0,,81.0,55.88666666666666,-25.113333333333337,overvalued
Mario Hermoso,AtlĂ©tico Madrid,24.0,DF,1217.0,0.0,0.0,,20.0,18.183866666666667,-1.8161333333333332,overvalued
HĂ©ctor Herrera,AtlĂ©tico Madrid,29.0,MF,1123.0,0.0,2.0,,16.0,12.999099999999999,-3.0009000000000015,overvalued
Koke,AtlĂ©tico Madrid,27.0,MF,2698.0,4.0,5.0,,60.0,48.38,-11.619999999999997,overvalued
Thomas Lemar,AtlĂ©tico Madrid,23.0,MF,925.0,0.0,0.0,,24.0,18.442,-5.558,overvalued
Marcos Llorente,AtlĂ©tico Madrid,24.0,"MF,FW",1368.0,3.0,3.0,,16.0,17.7805,1.7805,undervalued
Renan Lodi,AtlĂ©tico Madrid,21.0,DF,2396.0,1.0,2.0,,31.0,29.598166666666668,-1.4018333333333324,fair
JosĂ© MarĂ­a GimĂ©nez,AtlĂ©tico Madrid,24.0,DF,1755.0,0.0,0.0,,70.0,21.85333333333333,-48.14666666666667,overvalued
Ălvaro Morata,AtlĂ©tico Madrid,26.0,FW,2098.0,12.0,2.0,,36.0,26.733333333333334,-9.266666666666666,overvalued
SaĂşl Ă‘Ă­guez,AtlĂ©tico Madrid,24.0,"MF,DF",3072.0,6.0,0.0,,72.0,55.74333333333333,-16.256666666666668,overvalued
Jan Oblak,AtlĂ©tico Madrid,26.0,GK,3395.0,0.0,0.0,,90.0,21.636666666666667,-68.36333333333333,overvalued
Thomas Partey,AtlĂ©tico Madrid,26.0,MF,2549.0,3.0,0.0,,40.0,40.67516666666666,0.6751666666666623,fair
DarĂ­o Poveda,AtlĂ©tico Madrid,22.0,FW,8.0,0.0,0.0,,0.025,0.21723333333333292,0.19223333333333292,fair
Rodrigo Riquelme,AtlĂ©tico Madrid,19.0,MF,13.0,0.0,0.0,,2.0,1.4476763333333313,-0.5523236666666687,fair
Manuel SĂˇnchez,AtlĂ©tico Madrid,18.0,DF,325.0,0.0,0.0,,8.0,6.386592333333334,-1.6134076666666664,overvalued
Stefan SaviÄ‡,AtlĂ©tico Madrid,28.0,DF,1980.0,0.0,0.0,,20.0,21.279166666666665,1.279166666666665,fair
Kieran Trippier,AtlĂ©tico Madrid,28.0,DF,1979.0,0.0,4.0,,28.0,25.113333333333333,-2.8866666666666667,overvalued
GermĂˇn Valera,AtlĂ©tico Madrid,17.0,FW,4.0,0.0,0.0,,1.0,1.074795,0.07479499999999994,fair
Vitolo,AtlĂ©tico Madrid,29.0,"MF,FW",1227.0,3.0,2.0,,10.0,10.4755,0.47550000000000026,fair
Ĺ ime Vrsaljko,AtlĂ©tico Madrid,27.0,DF,362.0,0.0,1.0,,10.0,8.217858333333334,-1.782141666666666,overvalued
Daniel Baier,Augsburg,35.0,MF,1941.0,1.0,0.0,,0.04,0.21976466666666652,0.17976466666666652,fair
Noah Joel Sarenren Bazee,Augsburg,22.0,FW,381.0,1.0,0.0,,1.5,1.855852666666667,0.35585266666666704,fair
Sergio CĂłrdova,Augsburg,21.0,"FW,MF",367.0,2.0,1.0,,1.0,2.0470500000000005,1.0470500000000005,fair
Ohis Felix Uduokhai,Augsburg,21.0,DF,1966.0,0.0,0.0,,12.0,9.859,-2.141,overvalued
AlfreĂ° Finnbogason,Augsburg,30.0,FW,966.0,3.0,1.0,,2.5,2.935,0.43500000000000005,fair
Raphael Framberger,Augsburg,23.0,DF,1175.0,0.0,2.0,,1.0,2.6807666666666665,1.6807666666666665,undervalued
Jeffrey Gouweleeuw,Augsburg,28.0,DF,1645.0,0.0,1.0,,9.0,6.866899999999999,-2.1331000000000007,overvalued
Michael Gregoritsch,Augsburg,25.0,"MF,FW",303.0,0.0,0.0,,5.0,3.48021666666667,-1.5197833333333302,overvalued
Carlos Gruezo,Augsburg,24.0,MF,886.0,0.0,1.0,,1.0,1.5169499999999998,0.5169499999999998,fair
AndrĂ© Hahn,Augsburg,28.0,"FW,MF",702.0,1.0,0.0,,1.0,1.9781020000000005,0.9781020000000005,fair
Iago,Augsburg,22.0,"DF,MF",674.0,1.0,1.0,,6.5,5.613899999999999,-0.8861000000000008,fair
Tin Jedvaj,Augsburg,23.0,DF,2638.0,2.0,0.0,,7.0,8.93,1.9299999999999997,undervalued
Fredrik Jensen,Augsburg,21.0,"FW,MF",457.0,1.0,0.0,,2.0,2.244133333333333,0.2441333333333331,fair
Rani Khedira,Augsburg,25.0,MF,2649.0,0.0,2.0,,8.0,7.159,-0.8410000000000002,fair
TomĂˇĹˇ Koubek,Augsburg,26.0,GK,2160.0,0.0,0.0,,2.5,6.814666666666667,4.314666666666667,undervalued
Stephan Lichtsteiner,Augsburg,35.0,DF,1343.0,0.0,1.0,,0.08,0.17954699999999912,0.09954699999999912,fair
Eduard LĂ¶wen,Augsburg,22.0,"MF,FW",671.0,2.0,1.0,,5.0,4.432333333333333,-0.5676666666666668,fair
Andreas Luthe,Augsburg,32.0,GK,900.0,0.0,0.0,,0.04,0.33377933333333465,0.29377933333333467,fair
Philipp Max,Augsburg,25.0,DF,2706.0,8.0,6.0,,13.0,14.671666666666667,1.6716666666666669,undervalued
Jan MorĂˇvek,Augsburg,29.0,MF,474.0,0.0,1.0,,0.06,0.7358146666666678,0.6758146666666678,fair
Florian Niederlechner,Augsburg,28.0,"FW,MF",2720.0,13.0,6.0,,8.0,16.671666666666667,8.671666666666667,undervalued
Reece Oxford,Augsburg,20.0,MF,375.0,0.0,0.0,,2.0,1.679904,-0.32009599999999994,fair
Mads Pedersen,Augsburg,22.0,DF,96.0,0.0,1.0,,0.0725,0.34560000000000124,0.27310000000000123,fair
Marco Richter,Augsburg,21.0,"MF,FW",2280.0,4.0,3.0,,8.0,10.474333333333334,2.474333333333334,undervalued
Julian Schieber,Augsburg,30.0,FW,43.0,0.0,0.0,,0.06,0.3010333333333343,0.24103333333333432,fair
Marek SuchĂ˝,Augsburg,31.0,DF,397.0,0.0,0.0,,1.0,1.164608333333334,0.1646083333333339,fair
Georg Teigl,Augsburg,28.0,"DF,MF",111.0,0.0,0.0,,0.055,0.5157830000000029,0.4607830000000029,fair
Ruben Vargas,Augsburg,20.0,"FW,MF",2530.0,6.0,1.0,,9.0,12.73,3.7300000000000004,undervalued
Jordi Alba,Barcelona,30.0,DF,2187.0,2.0,5.0,,40.0,40.37,0.36999999999999744,fair
Carles AleĂ±Ăˇ,Barcelona,21.0,MF,172.0,0.0,0.0,,18.0,8.055,-9.945,overvalued
Ronald AraĂşjo,Barcelona,20.0,DF,238.0,0.0,0.0,,4.0,6.648333333333333,2.6483333333333334,undervalued
Martin Braithwaite,Barcelona,28.0,"FW,MF",407.0,1.0,0.0,,9.0,17.058266666666665,8.058266666666665,undervalued
Sergio Busquets,Barcelona,31.0,MF,2483.0,2.0,2.0,,28.0,30.063333333333333,2.0633333333333326,undervalued
Ălex Collado,Barcelona,20.0,DF,6.0,0.0,0.0,,4.0,4.581833333333333,0.581833333333333,fair
Ousmane DembĂ©lĂ©,Barcelona,22.0,FW,357.0,1.0,0.0,,56.0,39.905,-16.095,overvalued
Ansu Fati,Barcelona,16.0,"FW,DF",1027.0,7.0,1.0,,80.0,63.915,-16.085,overvalued
Junior Firpo,Barcelona,22.0,DF,1014.0,1.0,1.0,,14.0,36.93566666666667,22.93566666666667,undervalued
Antoine Griezmann,Barcelona,28.0,FW,2549.0,9.0,4.0,,96.0,81.15666666666667,-14.843333333333334,overvalued
Frenkie de Jong,Barcelona,22.0,MF,2115.0,2.0,2.0,,72.0,67.20666666666666,-4.7933333333333366,overvalued
ClĂ©ment Lenglet,Barcelona,24.0,DF,2424.0,2.0,1.0,,48.0,51.166666666666664,3.1666666666666643,undervalued
Arthur Melo,Barcelona,22.0,MF,1182.0,3.0,3.0,,60.0,53.72566666666667,-6.274333333333331,overvalued
Lionel Messi,Barcelona,32.0,"FW,MF",2880.0,25.0,21.0,,112.0,111.655,-0.34499999999999886,fair
Carles PĂ©rez,Barcelona,21.0,FW,476.0,1.0,2.0,,9.0,15.262999999999998,6.262999999999998,undervalued
Gerard PiquĂ©,Barcelona,32.0,DF,3092.0,1.0,0.0,,20.0,26.140166666666666,6.140166666666666,undervalued
Riqui Puig,Barcelona,19.0,MF,510.0,0.0,2.0,,9.0,9.948666666666666,0.9486666666666661,fair
Rafinha,Barcelona,26.0,"FW,MF",186.0,0.0,0.0,,9.5,10.6,1.0999999999999996,fair
Ivan Rakitic,Barcelona,31.0,MF,1589.0,1.0,3.0,,10.0,13.821158333333333,3.821158333333333,undervalued
Sergi Roberto,Barcelona,27.0,"DF,MF",2339.0,1.0,2.0,,40.0,64.8146,24.8146,undervalued
NĂ©lson Semedo,Barcelona,25.0,DF,2097.0,1.0,2.0,,32.0,56.865833333333335,24.865833333333335,undervalued
Luis SuĂˇrez,Barcelona,32.0,FW,1998.0,16.0,8.0,,28.0,34.723333333333336,6.723333333333336,undervalued
Marc-AndrĂ© ter Stegen,Barcelona,27.0,GK,3240.0,0.0,2.0,,72.0,65.67833333333333,-6.3216666666666725,overvalued
Jean-Clair Todibo,Barcelona,19.0,DF,77.0,0.0,0.0,,9.0,7.4883999999999995,-1.5116000000000005,overvalued
Samuel Umtiti,Barcelona,25.0,DF,949.0,0.0,0.0,,32.0,27.464333333333332,-4.535666666666668,overvalued
Arturo Vidal,Barcelona,32.0,MF,1671.0,8.0,2.0,,11.0,20.554338166666668,9.554338166666668,undervalued
Moussa WaguĂ©,Barcelona,20.0,DF,90.0,0.0,0.0,,6.0,6.326816666666667,0.32681666666666676,fair
David Alaba,Bayern Munich,27.0,DF,2498.0,1.0,1.0,,52.0,49.016999999999996,-2.983000000000004,overvalued
Thiago AlcĂˇntara,Bayern Munich,28.0,MF,1771.0,3.0,0.0,,48.0,45.995,-2.0050000000000026,overvalued
JĂ©rĂ´me Boateng,Bayern Munich,30.0,DF,1796.0,0.0,2.0,,12.0,25.264591666666668,13.264591666666668,undervalued
Kingsley Coman,Bayern Munich,23.0,"FW,MF",1505.0,4.0,3.0,,40.0,40.45166666666667,0.451666666666668,fair
Philippe Coutinho,Bayern Munich,27.0,"MF,FW",1411.0,8.0,6.0,,56.0,43.37833333333333,-12.62166666666667,overvalued
MickaĂ«l Cuisance,Bayern Munich,19.0,"MF,FW",307.0,1.0,0.0,,10.0,10.12434166666666,0.1243416666666608,fair
Leon Dajaku,Bayern Munich,18.0,DF,12.0,0.0,0.0,,2.0,1.9014249999999993,-0.09857500000000075,fair
Alphonso Davies,Bayern Munich,18.0,DF,2234.0,3.0,5.0,,45.0,42.86,-2.1400000000000006,overvalued
Serge Gnabry,Bayern Munich,24.0,"FW,MF",2193.0,12.0,10.0,,72.0,63.233333333333334,-8.766666666666666,overvalued
Leon Goretzka,Bayern Munich,24.0,MF,1512.0,6.0,5.0,,40.0,40.031666666666666,0.03166666666666629,fair
Lucas HernĂˇndez,Bayern Munich,23.0,DF,920.0,0.0,1.0,,56.0,41.0734,-14.9266,overvalued
Joshua Kimmich,Bayern Munich,24.0,"MF,DF",2818.0,4.0,7.0,,64.0,49.39333333333333,-14.60666666666667,overvalued
Robert Lewandowski,Bayern Munich,30.0,FW,2759.0,34.0,4.0,,56.0,64.2,8.200000000000003,undervalued
Javi MartĂ­nez,Bayern Munich,30.0,"DF,MF",675.0,0.0,0.0,,0.02,4.25020199999999,4.2302019999999905,undervalued
Thomas MĂĽller,Bayern Munich,29.0,"MF,FW",2255.0,8.0,21.0,,25.0,40.516666666666666,15.516666666666666,undervalued
Manuel Neuer,Bayern Munich,33.0,GK,2970.0,0.0,0.0,,14.0,13.193050000000005,-0.8069499999999952,fair
Ălvaro Odriozola,Bayern Munich,23.0,DF,152.0,0.0,0.0,,16.0,11.739633333333332,-4.260366666666668,overvalued
Kwasi Okyere Wriedt,Bayern Munich,25.0,FW,14.0,0.0,0.0,,0.08,2.3711833333333368,2.2911833333333367,undervalued
Benjamin Pavard,Bayern Munich,23.0,DF,2790.0,4.0,4.0,,28.0,33.48,5.479999999999997,undervalued
Ivan PeriĹˇiÄ‡,Bayern Munich,30.0,"FW,MF",1206.0,4.0,3.0,,15.0,18.878999999999998,3.878999999999998,undervalued
Chris Richards,Bayern Munich,19.0,DF,7.0,0.0,0.0,,1.0,2.660616666666666,1.660616666666666,undervalued
Renato Sanches,Bayern Munich,21.0,MF,6.0,0.0,0.0,,16.0,10.524858333333333,-5.4751416666666675,overvalued
Sarpreet Singh,Bayern Munich,20.0,"FW,MF",72.0,0.0,0.0,,0.09,1.6122499999999955,1.5222499999999954,undervalued
Niklas SĂĽle,Bayern Munich,23.0,DF,641.0,0.0,1.0,,48.0,31.721166666666672,-16.278833333333328,overvalued
Corentin Tolisso,Bayern Munich,24.0,MF,638.0,1.0,2.0,,25.0,24.441666666666666,-0.5583333333333336,fair
Sven Ulreich,Bayern Munich,30.0,GK,90.0,0.0,0.0,,3.0,6.004374999999997,3.004374999999997,undervalued
Joshua Zirkzee,Bayern Munich,18.0,FW,297.0,4.0,0.0,,6.0,10.310966666666664,4.310966666666664,undervalued
Carles AleĂ±Ăˇ,Betis,21.0,"MF,FW",735.0,1.0,0.0,,18.0,12.837583333333333,-5.162416666666667,overvalued
Antonio BarragĂˇn,Betis,32.0,DF,641.0,0.0,1.0,,1.0,1.0611916666666672,0.0611916666666672,fair
Marc Bartra,Betis,28.0,"DF,MF",2524.0,3.0,1.0,,17.0,16.362666666666666,-0.6373333333333342,fair
Sergio Canales,Betis,28.0,"MF,FW",3163.0,6.0,6.0,,20.0,14.65,-5.35,overvalued
William Carvalho,Betis,27.0,MF,892.0,0.0,0.0,,16.0,10.656635333333332,-5.343364666666668,overvalued
Emerson,Betis,20.0,DF,2839.0,3.0,6.0,,25.0,24.743333333333332,-0.2566666666666677,fair
Zouhair Feddal,Betis,30.0,DF,1431.0,1.0,2.0,,4.0,3.973808333333333,-0.026191666666667057,fair
Nabil Fekir,Betis,26.0,"MF,FW",2638.0,7.0,4.0,,32.0,25.356,-6.643999999999998,overvalued
Javi GarcĂ­a,Betis,32.0,MF,377.0,0.0,0.0,,1.0,1.2409749999999984,0.24097499999999838,fair
Ă‰dgar GonzĂˇlez,Betis,22.0,MF,681.0,0.0,0.0,,1.0,3.0705999999999993,2.0705999999999993,undervalued
AndrĂ©s Guardado,Betis,32.0,MF,2046.0,0.0,3.0,,3.0,2.4881333333333333,-0.5118666666666667,fair
Ismael GutiĂ©rrez,Betis,18.0,MF,83.0,0.0,0.0,,0.09,0.27099700000000104,0.18099700000000105,fair
Borja Iglesias,Betis,26.0,FW,1922.0,3.0,2.0,,14.0,11.657833333333334,-2.3421666666666656,overvalued
JoaquĂ­n,Betis,38.0,"MF,FW",2060.0,8.0,3.0,,1.5,1.414077666666667,-0.08592233333333299,fair
Juanmi,Betis,26.0,"FW,MF",264.0,1.0,0.0,,3.0,3.3863916666666665,0.38639166666666647,fair
Wilfrid Kaptoum,Betis,23.0,MF,194.0,0.0,0.0,,2.0,1.8483880000000006,-0.15161199999999941,fair
Diego Lainez,Betis,19.0,"MF,FW",348.0,0.0,0.0,,9.0,6.870691666666665,-2.129308333333335,overvalued
AĂŻssa Mandi,Betis,27.0,DF,2576.0,0.0,0.0,,16.0,11.078999999999999,-4.921000000000001,overvalued
Daniel MartĂ­n,Betis,21.0,GK,531.0,0.0,0.0,,3.5,3.4302679999999994,-0.06973200000000057,fair
Ălex Moreno,Betis,26.0,DF,2265.0,0.0,4.0,,5.0,8.012666666666668,3.012666666666668,undervalued
Loren MorĂłn,Betis,25.0,FW,2031.0,10.0,3.0,,16.0,14.973333333333333,-1.0266666666666673,fair
Alfonso Pedraza,Betis,23.0,DF,1349.0,1.0,0.0,,9.0,7.509666666666667,-1.490333333333333,overvalued
Joel Robles,Betis,29.0,GK,2887.0,0.0,0.0,,6.0,8.601666666666667,2.6016666666666666,undervalued
Guido RodrĂ­guez,Betis,25.0,MF,936.0,1.0,0.0,,8.0,7.718650000000001,-0.2813499999999989,fair
Sidnei,Betis,29.0,DF,1175.0,1.0,0.0,,5.0,4.938666666666666,-0.061333333333333684,fair
Cristian Tello,Betis,27.0,"MF,FW",787.0,2.0,0.0,,4.0,4.6191666666666675,0.6191666666666675,fair
Mattia Bani,Bologna,25.0,DF,2207.0,4.0,0.0,,2.0,3.1216666666666666,1.1216666666666666,fair
Musa Barrow,Bologna,20.0,FW,1354.0,9.0,2.0,,11.0,18.783333333333335,7.783333333333335,undervalued
Federico Bonini,Bologna,17.0,DF,7.0,0.0,0.0,,0.025,0.21492499999999917,0.18992499999999918,fair
Gianmarco Cangiano,Bologna,17.0,"FW,MF",21.0,0.0,0.0,,0.05,0.09312583333333362,0.04312583333333361,fair
Gabriele Corbo,Bologna,19.0,DF,122.0,0.0,0.0,,0.0725,0.5057972222222223,0.43329722222222233,fair
Stefano Denswil,Bologna,26.0,DF,2240.0,0.0,1.0,,4.0,4.092533333333333,0.09253333333333291,fair
Mattia Destro,Bologna,28.0,FW,185.0,0.0,0.0,,2.0,2.021241333333334,0.02124133333333411,fair
Mitchell Dijks,Bologna,26.0,DF,1006.0,0.0,0.0,,4.0,3.0107496666666678,-0.9892503333333322,fair
NicolĂˇs DomĂ­nguez,Bologna,21.0,MF,699.0,0.0,1.0,,15.0,10.488199999999997,-4.511800000000003,overvalued
Blerim DĹľemaili,Bologna,33.0,MF,698.0,1.0,1.0,,0.0007,0.2582466666666665,0.25754666666666653,fair
Andri Fannar Baldursson,Bologna,17.0,MF,143.0,0.0,0.0,,0.8,1.3454583333333372,0.5454583333333372,fair
Musa Juwara,Bologna,17.0,"FW,MF",153.0,1.0,0.0,,0.08,1.885435333333332,1.805435333333332,undervalued
Ladislav KrejÄŤĂ­,Bologna,27.0,DF,1051.0,1.0,0.0,,1.8,1.945016666666667,0.14501666666666702,fair
Danilo Larangeira,Bologna,35.0,DF,2638.0,2.0,0.0,,0.0006,0.6584920000000012,0.6578920000000011,fair
Ibrahima Mbaye,Bologna,24.0,DF,1507.0,0.0,3.0,,2.0,2.5538,0.5537999999999998,fair
Gary Medel,Bologna,31.0,MF,1784.0,0.0,0.0,,2.0,1.8473416666666658,-0.15265833333333423,fair
Kingsley Michael,Bologna,19.0,MF,76.0,0.0,0.0,,0.09,0.24856500000000112,0.15856500000000112,fair
Riccardo Orsolini,Bologna,22.0,"FW,MF",2681.0,8.0,6.0,,20.0,21.83,1.8299999999999983,undervalued
Rodrigo Palacio,Bologna,37.0,FW,2517.0,7.0,3.0,,0.04,0.7402301666666683,0.7002301666666683,fair
NehuĂ©n Paz,Bologna,26.0,DF,119.0,0.0,1.0,,0.0325,0.8399859999999996,0.8074859999999996,fair
Andrea Poli,Bologna,29.0,MF,1919.0,2.0,0.0,,2.0,2.3651583333333326,0.3651583333333326,fair
Dion Ruffo Luci,Bologna,18.0,MF,1.0,0.0,0.0,,0.01,0.13683333333333347,0.12683333333333346,fair
Nicola Sansone,Bologna,27.0,"FW,MF",2269.0,4.0,3.0,,6.0,8.991666666666667,2.991666666666667,undervalued
Federico Santander,Bologna,28.0,FW,770.0,1.0,0.0,,4.0,3.668500000000001,-0.3314999999999988,fair
Jerdy Schouten,Bologna,22.0,MF,1082.0,0.0,0.0,,3.0,2.9758916666666675,-0.02410833333333251,fair
Ĺukasz Skorupski,Bologna,28.0,GK,3330.0,0.0,0.0,,5.0,6.546666666666667,1.5466666666666669,undervalued
Andreas Skov Olsen,Bologna,19.0,"FW,MF",760.0,1.0,0.0,,6.0,5.299033333333331,-0.7009666666666687,fair
Roberto Soriano,Bologna,28.0,MF,2469.0,5.0,5.0,,6.0,6.698333333333333,0.6983333333333333,fair
Mattias Svanberg,Bologna,20.0,MF,1051.0,1.0,2.0,,5.0,5.4718333333333335,0.47183333333333355,fair
Takehiro Tomiyasu,Bologna,20.0,DF,2528.0,1.0,3.0,,13.0,12.437333333333333,-0.5626666666666669,fair
Yacine Adli,Bordeaux,19.0,"MF,FW",1020.0,3.0,3.0,,6.0,7.020333333333334,1.0203333333333342,fair
Youssef AĂŻt Bennasser,Bordeaux,23.0,MF,536.0,0.0,1.0,,4.0,3.365892666666665,-0.6341073333333349,fair
Toma BaĹˇiÄ‡,Bordeaux,22.0,MF,991.0,1.0,3.0,,7.0,6.837583333333334,-0.1624166666666662,fair
Raoul Bellanova,Bordeaux,19.0,DF,62.0,0.0,0.0,,0.09,0.11729533333333353,0.027295333333333532,fair
Loris Benito,Bordeaux,27.0,DF,1896.0,1.0,0.0,,3.0,4.540266666666667,1.5402666666666667,undervalued
Yassine Benrahou,Bordeaux,20.0,"FW,MF",168.0,0.0,2.0,,2.0,2.8128676666666665,0.8128676666666665,fair
Jimmy Briand,Bordeaux,33.0,FW,1525.0,7.0,1.0,,1.0,2.388642166666666,1.3886421666666662,undervalued
BenoĂ®t Costil,Bordeaux,32.0,GK,2520.0,0.0,0.0,,4.0,2.0710833333333336,-1.9289166666666664,overvalued
VukaĹˇin JovanoviÄ‡,Bordeaux,23.0,DF,573.0,0.0,1.0,,2.0,5.166566666666666,3.1665666666666663,undervalued
Samuel Kalu,Bordeaux,21.0,"FW,DF",1357.0,1.0,1.0,,6.0,6.610333333333333,0.6103333333333332,fair
FranĂ§ois Kamano,Bordeaux,23.0,"DF,MF",648.0,1.0,0.0,,8.0,5.917985333333332,-2.0820146666666677,overvalued
Laurent Koscielny,Bordeaux,33.0,DF,2183.0,0.0,0.0,,4.0,2.7632913333333358,-1.2367086666666642,fair
Enock Kwateng,Bordeaux,22.0,DF,983.0,0.0,1.0,,3.0,4.0173000000000005,1.0173000000000005,fair
Albert Lottin,Bordeaux,17.0,MF,45.0,0.0,0.0,,0.045,0.12908833333333444,0.08408833333333444,fair
Josh Maja,Bordeaux,20.0,FW,735.0,6.0,2.0,,6.5,10.913333333333334,4.413333333333334,undervalued
Mexer,Bordeaux,30.0,DF,1488.0,0.0,2.0,,2.0,2.031458,0.03145800000000021,fair
OtĂˇvio,Bordeaux,25.0,MF,2211.0,2.0,3.0,,7.0,7.139666666666665,0.13966666666666505,fair
Remi Oudin,Bordeaux,22.0,FW,562.0,1.0,1.0,,7.0,5.8859,-1.1140999999999996,fair
Pablo,Bordeaux,28.0,DF,2173.0,4.0,0.0,,8.0,4.904166666666667,-3.095833333333333,overvalued
RubĂ©n Pardo,Bordeaux,26.0,MF,188.0,1.0,0.0,,2.0,2.4079499999999996,0.4079499999999996,fair
Maxime PoundjĂ©,Bordeaux,26.0,DF,4.0,0.0,0.0,,2.0,3.1730833333333295,1.1730833333333295,fair
Nicolas de PrĂ©ville,Bordeaux,28.0,"MF,FW",1995.0,6.0,4.0,,5.0,6.719333333333333,1.7193333333333332,undervalued
Youssouf Sabaly,Bordeaux,26.0,DF,913.0,0.0,1.0,,8.0,6.049568333333333,-1.9504316666666668,overvalued
AurĂ©lien TchouamĂ©ni,Bordeaux,19.0,MF,1110.0,0.0,1.0,,15.0,11.79566666666667,-3.204333333333331,overvalued
Hwang Ui-jo,Bordeaux,26.0,"FW,MF",1633.0,6.0,2.0,,2.5,3.789,1.2890000000000001,undervalued
Nathan AkĂ©,Bournemouth,24.0,DF,2503.0,2.0,2.0,,28.0,21.47966666666667,-6.52033333333333,overvalued
Philip Billing,Bournemouth,23.0,MF,2530.0,1.0,1.0,,14.0,12.47,-1.5299999999999994,overvalued
David Brooks,Bournemouth,22.0,MF,506.0,1.0,0.0,,24.0,16.90364166666667,-7.096358333333331,overvalued
Lewis Cook,Bournemouth,22.0,MF,1352.0,0.0,0.0,,16.0,12.1651,-3.8348999999999993,overvalued
Steve Cook,Bournemouth,28.0,DF,2428.0,1.0,0.0,,9.0,6.2126666666666654,-2.7873333333333346,overvalued
Charlie Daniels,Bournemouth,32.0,DF,126.0,0.0,0.0,,1.0,1.2696843333333334,0.2696843333333334,fair
Simon Francis,Bournemouth,34.0,DF,969.0,0.0,0.0,,0.08,0.7127546666666674,0.6327546666666675,fair
Ryan Fraser,Bournemouth,25.0,"MF,FW",2067.0,1.0,4.0,,17.0,13.423333333333334,-3.576666666666666,overvalued
Dan Gosling,Bournemouth,29.0,MF,1264.0,3.0,1.0,,2.0,3.489333333333333,1.4893333333333332,undervalued
Arnaut Groeneveld,Bournemouth,22.0,MF,630.0,0.0,0.0,,10.0,9.425,-0.5749999999999993,fair
Jordon Ibe,Bournemouth,23.0,DF,50.0,0.0,0.0,,4.0,3.3138416666666655,-0.6861583333333345,fair
Lloyd Kelly,Bournemouth,20.0,DF,639.0,0.0,0.0,,8.0,8.757633333333333,0.7576333333333327,fair
Joshua King,Bournemouth,27.0,"FW,MF",2011.0,6.0,4.0,,16.0,13.075,-2.9250000000000007,overvalued
Jefferson Lerma,Bournemouth,24.0,MF,2703.0,1.0,2.0,,20.0,15.481666666666667,-4.518333333333333,overvalued
Chris Mepham,Bournemouth,21.0,DF,912.0,1.0,0.0,,8.0,7.946666666666666,-0.05333333333333368,fair
Aaron Ramsdale,Bournemouth,21.0,GK,3330.0,0.0,1.0,,12.0,14.953333333333333,2.953333333333333,undervalued
Diego Rico,Bournemouth,26.0,DF,2332.0,0.0,4.0,,8.0,8.57,0.5700000000000003,fair
Jack Simpson,Bournemouth,22.0,DF,241.0,0.0,0.0,,1.0,1.5006630000000003,0.5006630000000003,fair
Adam Smith,Bournemouth,28.0,DF,2055.0,0.0,1.0,,7.0,6.417533333333332,-0.5824666666666678,fair
Dominic Solanke,Bournemouth,21.0,"FW,MF",1651.0,3.0,1.0,,12.0,10.023333333333333,-1.9766666666666666,overvalued
Jack Stacey,Bournemouth,23.0,DF,1549.0,0.0,2.0,,3.0,5.0858360000000005,2.0858360000000005,undervalued
Junior Stanislas,Bournemouth,29.0,"MF,DF",712.0,3.0,0.0,,2.0,3.2991666666666664,1.2991666666666664,undervalued
Andrew Surman,Bournemouth,32.0,MF,235.0,0.0,0.0,,1.0,1.027816666666667,0.027816666666667045,fair
Sam Surridge,Bournemouth,21.0,FW,27.0,0.0,0.0,,0.045,0.16814600000000102,0.12314600000000102,fair
Mark Travers,Bournemouth,20.0,GK,90.0,0.0,0.0,,0.025,0.1224363333333329,0.0974363333333329,fair
Callum Wilson,Bournemouth,27.0,FW,2908.0,8.0,1.0,,24.0,20.751666666666665,-3.248333333333335,overvalued
Harry Wilson,Bournemouth,22.0,"MF,FW",1646.0,7.0,0.0,,17.0,15.343666666666667,-1.6563333333333325,overvalued
Enrico Alfonso,Brescia,31.0,GK,279.0,0.0,0.0,,0.0475,0.1476249999999996,0.10012499999999959,fair
Lorenzo Andrenacci,Brescia,24.0,GK,531.0,0.0,0.0,,0.01,0.638284333333332,0.628284333333332,fair
Florian AyĂ©,Brescia,22.0,"FW,MF",1380.0,0.0,0.0,,1.0,1.9985,0.9984999999999999,fair
Mario Balotelli,Brescia,28.0,FW,1404.0,5.0,0.0,,5.0,3.8441666666666667,-1.1558333333333333,fair
Dimitri Bisoli,Brescia,25.0,MF,2152.0,1.0,1.0,,2.0,4.483833333333333,2.483833333333333,undervalued
Birkir Bjarnason,Brescia,31.0,"MF,FW",798.0,0.0,1.0,,0.08,0.523702666666668,0.44370266666666797,fair
Jhon Chancellor,Brescia,27.0,DF,2244.0,3.0,0.0,,1.0,3.0108333333333333,2.0108333333333333,undervalued
Andrea Cistana,Brescia,22.0,DF,1838.0,1.0,0.0,,6.0,4.1456666666666635,-1.8543333333333365,overvalued
Felipe Curcio,Brescia,26.0,DF,5.0,0.0,0.0,,0.03,0.6050583333333341,0.5750583333333341,fair
Daniele Dessena,Brescia,32.0,MF,1869.0,2.0,0.0,,0.04,0.5050693333333343,0.4650693333333343,fair
Alfredo Donnarumma,Brescia,28.0,FW,1684.0,7.0,2.0,,4.0,5.157833333333333,1.1578333333333326,fair
Daniele Gastaldello,Brescia,36.0,DF,389.0,0.0,0.0,,0.03,0.2007270000000002,0.1707270000000002,fair
Andrea Ghezzi,Brescia,0.0,"DF,MF",37.0,0.0,0.0,,0.015,0.37810083333333366,0.36310083333333365,fair
Jesse Joronen,Brescia,26.0,GK,2610.0,0.0,0.0,,4.0,5.726333333333334,1.7263333333333337,undervalued
Giangiacomo Magnani,Brescia,23.0,"DF,MF",115.0,0.0,0.0,,3.0,1.8770666666666675,-1.1229333333333325,fair
Massimiliano Mangraviti,Brescia,21.0,DF,972.0,0.0,0.0,,0.02,2.599568666666667,2.579568666666667,undervalued
Bruno Martella,Brescia,26.0,"DF,MF",1270.0,0.0,0.0,,1.0,1.5089666666666666,0.5089666666666666,fair
Ales Mateju,Brescia,23.0,DF,2548.0,0.0,1.0,,1.5,3.3066666666666666,1.8066666666666666,undervalued
Alessandro Matri,Brescia,34.0,"FW,MF",89.0,0.0,0.0,,0.0003,0.14034700000000008,0.1400470000000001,fair
Leonardo Morosini,Brescia,23.0,"FW,MF",26.0,0.0,0.0,,0.08,0.4859250000000005,0.4059250000000005,fair
Emanuele Ndoj,Brescia,22.0,MF,555.0,0.0,0.0,,2.0,2.235783333333333,0.235783333333333,fair
Andrea Papetti,Brescia,17.0,DF,917.0,1.0,0.0,,0.05,1.9129666666666656,1.8629666666666655,undervalued
RĂ´mulo,Brescia,32.0,MF,1723.0,1.0,3.0,,1.0,2.1146,1.1145999999999998,fair
Stefano Sabelli,Brescia,26.0,DF,3168.0,0.0,3.0,,1.0,2.7266666666666666,1.7266666666666666,undervalued
Alessandro Semprini,Brescia,21.0,DF,629.0,1.0,0.0,,0.02,0.8830166666666708,0.8630166666666708,fair
Simon Skrabb,Brescia,24.0,"MF,FW",257.0,0.0,0.0,,2.0,1.530866666666668,-0.46913333333333207,fair
Nikolas Ĺ palek,Brescia,22.0,"MF,FW",1579.0,2.0,1.0,,2.0,3.1341000000000006,1.1341000000000006,fair
Sandro Tonali,Brescia,19.0,MF,3014.0,1.0,7.0,,31.0,28.13,-2.870000000000001,overvalued
Ernesto Torregrossa,Brescia,27.0,FW,1844.0,7.0,3.0,,2.0,3.5739999999999994,1.5739999999999994,undervalued
Luca Tremolada,Brescia,27.0,MF,15.0,0.0,0.0,,0.0725,0.338850000000001,0.266350000000001,fair
Mattia Viviani,Brescia,18.0,MF,344.0,0.0,0.0,,0.035,2.54402233333333,2.5090223333333297,undervalued
JaromĂ­r Zmrhal,Brescia,25.0,MF,1125.0,2.0,0.0,,2.5,2.4212999999999996,-0.07870000000000044,fair
Mathias Autret,Brest,28.0,"MF,FW",1222.0,2.0,3.0,,2.0,3.2163166666666667,1.2163166666666667,fair
Ludovic Baal,Brest,33.0,DF,827.0,0.0,0.0,,0.0325,0.10537633333333288,0.07287633333333288,fair
DĂ©nys Bain,Brest,26.0,DF,1268.0,1.0,0.0,,2.0,2.326,0.32600000000000007,fair
Cristian Battocchio,Brest,27.0,MF,1392.0,3.0,1.0,,1.0,2.349666666666667,1.3496666666666668,undervalued
GaĂ«tan Belaud,Brest,32.0,DF,580.0,0.0,0.0,,0.04,0.1458166666666662,0.1058166666666662,fair
Haris Belkebla,Brest,25.0,MF,1816.0,0.0,0.0,,1.0,3.574266666666666,2.574266666666666,undervalued
Irvin Cardona,Brest,21.0,"FW,MF",1450.0,6.0,3.0,,4.0,8.246666666666666,4.246666666666666,undervalued
Jean-Charles Castelletto,Brest,24.0,DF,1838.0,1.0,0.0,,2.0,2.3866666666666667,0.3866666666666667,fair
GaĂ«tan Charbonnier,Brest,30.0,"FW,MF",2065.0,4.0,5.0,,2.0,3.192733333333333,1.192733333333333,fair
Brendan Chardonnet,Brest,24.0,DF,823.0,0.0,0.0,,0.065,0.6968609999999987,0.6318609999999987,fair
Yoann Court,Brest,29.0,"FW,MF",1465.0,3.0,7.0,,1.0,5.831666666666667,4.831666666666667,undervalued
Ibrahima Diallo,Brest,20.0,MF,1561.0,0.0,1.0,,9.0,8.29,-0.7100000000000009,fair
Jean-Kevin Duverne,Brest,22.0,DF,1178.0,0.0,0.0,,1.0,1.7233,0.7233,fair
Julien Faussurier,Brest,32.0,DF,1980.0,2.0,3.0,,0.08,0.9958000000000005,0.9158000000000005,fair
Samuel Grandsir,Brest,22.0,"FW,MF",1492.0,3.0,1.0,,2.0,3.0634333333333332,1.0634333333333332,fair
Gautier Larsonneur,Brest,22.0,GK,2397.0,0.0,0.0,,5.0,6.28,1.2800000000000002,fair
Paul Lasne,Brest,30.0,"MF,FW",1224.0,2.0,1.0,,1.0,1.6189666666666667,0.6189666666666667,fair
Donovan LĂ©on,Brest,26.0,GK,123.0,0.0,0.0,,0.0325,0.15555966666666596,0.12305966666666596,fair
Hugo Magnetti,Brest,21.0,MF,236.0,0.0,0.0,,0.0525,0.5051436666666668,0.4526436666666668,fair
Alexandre Mendy,Brest,25.0,"FW,MF",899.0,3.0,1.0,,1.0,3.406491666666667,2.406491666666667,undervalued
Ferris N'Goma,Brest,26.0,"FW,MF",25.0,1.0,0.0,,0.055,1.118483333333336,1.063483333333336,fair
Romain Perraud,Brest,21.0,DF,1670.0,0.0,1.0,,2.0,5.854333333333333,3.854333333333333,undervalued
Steven Alzate,Brighton,20.0,"MF,DF",1188.0,0.0,0.0,,2.0,2.898999999999998,0.8989999999999978,fair
Florin Andone,Brighton,26.0,"MF,FW",73.0,1.0,0.0,,3.0,3.038849999999999,0.03884999999999916,fair
Bernardo,Brighton,24.0,DF,679.0,0.0,0.0,,4.8,4.96279999999998,0.1627999999999803,fair
Yves Bissouma,Brighton,22.0,MF,1259.0,1.0,0.0,,9.0,8.317,-0.6829999999999998,fair
GaĂ«tan Bong,Brighton,31.0,"MF,DF",59.0,0.0,0.0,,0.08,1.8787693333333326,1.7987693333333326,undervalued
Dan Burn,Brighton,27.0,DF,2880.0,0.0,0.0,,5.0,6.229333333333333,1.229333333333333,fair
Aaron Connolly,Brighton,19.0,FW,1258.0,3.0,1.0,,4.0,4.8821666666666665,0.8821666666666665,fair
Shane Duffy,Brighton,27.0,DF,1238.0,1.0,0.0,,9.0,7.9639999999999995,-1.0360000000000005,fair
Lewis Dunk,Brighton,27.0,DF,3230.0,3.0,3.0,,16.0,13.598333333333333,-2.4016666666666673,overvalued
Pascal GroĂź,Brighton,28.0,"FW,MF",1796.0,2.0,4.0,,9.0,7.307333333333332,-1.6926666666666677,overvalued
Alireza Jahanbakhsh,Brighton,25.0,"FW,MF",311.0,2.0,0.0,,6.0,5.417158333333333,-0.5828416666666669,fair
Tariq Lamptey,Brighton,18.0,DF,588.0,0.0,1.0,,3.0,4.025533333333333,1.0255333333333327,fair
JĂĽrgen Locadia,Brighton,25.0,"MF,FW",86.0,0.0,0.0,,8.0,5.698619666666666,-2.3013803333333342,overvalued
Alexis Mac Allister,Brighton,20.0,"MF,FW",352.0,0.0,0.0,,11.0,8.223008333333334,-2.7769916666666656,overvalued
Solly March,Brighton,25.0,"DF,FW",1143.0,0.0,1.0,,6.0,6.352216666666666,0.3522166666666662,fair
Neal Maupay,Brighton,22.0,FW,2766.0,10.0,3.0,,17.0,18.658333333333335,1.658333333333335,undervalued
MartĂ­n Montoya,Brighton,28.0,DF,1896.0,0.0,1.0,,6.0,5.259416666666666,-0.7405833333333343,fair
Aaron Mooy,Brighton,28.0,"MF,FW",2085.0,2.0,2.0,,9.0,8.341899999999999,-0.658100000000001,fair
Glenn Murray,Brighton,35.0,FW,797.0,1.0,1.0,,1.0,0.8273865,-0.17261349999999998,fair
Davy PrĂ¶pper,Brighton,27.0,MF,2829.0,1.0,2.0,,13.0,11.331666666666667,-1.668333333333333,overvalued
Mathew Ryan,Brighton,27.0,GK,3420.0,0.0,0.0,,8.0,8.266666666666667,0.2666666666666675,fair
Ezequiel Schelotto,Brighton,30.0,DF,361.0,0.0,0.0,,1.0,3.3611749999999994,2.3611749999999994,undervalued
Dale Stephens,Brighton,30.0,MF,2530.0,0.0,1.0,,4.0,4.634200000000001,0.6342000000000008,fair
Leandro Trossard,Brighton,24.0,"FW,MF",2011.0,5.0,3.0,,13.0,10.195,-2.8049999999999997,overvalued
Adam Webster,Brighton,24.0,DF,2668.0,3.0,1.0,,12.0,11.951666666666666,-0.04833333333333378,fair
Phil Bardsley,Burnley,34.0,DF,1890.0,0.0,1.0,,0.08,0.532358666666667,0.45235866666666696,fair
Ashley Barnes,Burnley,29.0,FW,1352.0,6.0,0.0,,8.0,6.167166666666667,-1.8328333333333333,overvalued
JĂłhann Berg GuĂ°mundsson,Burnley,28.0,MF,621.0,1.0,1.0,,6.5,5.64865,-0.85135,fair
Robbie Brady,Burnley,27.0,MF,454.0,1.0,2.0,,4.0,3.9600416666666653,-0.03995833333333465,fair
Josh Brownhill,Burnley,23.0,MF,805.0,0.0,0.0,,5.0,4.292933333333331,-0.7070666666666687,fair
Jack Cork,Burnley,30.0,MF,2613.0,0.0,0.0,,8.0,6.758266666666667,-1.2417333333333334,fair
Danny Drinkwater,Burnley,29.0,MF,58.0,0.0,0.0,,4.0,3.0943999999999985,-0.9056000000000015,fair
Jeff Hendrick,Burnley,27.0,MF,1931.0,2.0,2.0,,9.0,8.083933333333334,-0.9160666666666657,fair
Aaron Lennon,Burnley,32.0,MF,496.0,0.0,0.0,,2.0,1.9469359999999996,-0.053064000000000444,fair
Kevin Long,Burnley,28.0,DF,564.0,0.0,0.0,,1.0,1.9921000000000004,0.9921000000000004,fair
Matthew Lowton,Burnley,30.0,DF,1530.0,0.0,1.0,,4.0,3.9800026666666666,-0.019997333333333422,fair
Dwight McNeil,Burnley,19.0,MF,3338.0,2.0,6.0,,18.0,22.55,4.550000000000001,undervalued
Ben Mee,Burnley,29.0,DF,2880.0,1.0,1.0,,8.0,8.051333333333334,0.0513333333333339,fair
Erik Pieters,Burnley,30.0,"DF,MF",1878.0,0.0,4.0,,4.0,3.7066666666666666,-0.29333333333333345,fair
Nick Pope,Burnley,27.0,GK,3420.0,0.0,0.0,,12.0,10.893333333333333,-1.1066666666666674,fair
Jay Rodriguez,Burnley,30.0,FW,2016.0,8.0,1.0,,6.0,5.720266666666669,-0.27973333333333095,fair
James Tarkowski,Burnley,26.0,DF,3420.0,2.0,2.0,,20.0,17.274333333333335,-2.7256666666666653,overvalued
Charlie Taylor,Burnley,25.0,DF,1945.0,0.0,1.0,,4.0,4.533666666666666,0.5336666666666661,fair
MatÄ›j Vydra,Burnley,27.0,FW,819.0,2.0,1.0,,4.0,3.830333333333333,-0.16966666666666708,fair
Ashley Westwood,Burnley,29.0,MF,3150.0,2.0,6.0,,5.0,12.9522,7.9521999999999995,undervalued
Chris Wood,Burnley,27.0,FW,2437.0,14.0,1.0,,14.0,14.928333333333333,0.9283333333333328,fair
Valter Birsa,Cagliari,32.0,MF,430.0,0.0,0.0,,1.0,0.7882416666666673,-0.21175833333333272,fair
Fabrizio Cacciatore,Cagliari,32.0,DF,1153.0,0.0,0.0,,0.08,1.323002,1.243002,fair
Andrea Carboni,Cagliari,18.0,"DF,MF",368.0,0.0,0.0,,0.03,1.3924893333333257,1.3624893333333257,undervalued
Lucas Castro,Cagliari,30.0,MF,606.0,2.0,0.0,,3.0,2.965908333333333,-0.03409166666666685,fair
Luca Ceppitelli,Cagliari,29.0,DF,1246.0,2.0,0.0,,2.0,2.2372,0.23720000000000008,fair
Alberto Cerri,Cagliari,23.0,FW,244.0,1.0,0.0,,3.0,2.745241666666667,-0.2547583333333332,fair
Luca Cigarini,Cagliari,33.0,MF,1598.0,0.0,4.0,,0.08,2.9452999999999983,2.865299999999998,undervalued
Alessio Cragno,Cagliari,25.0,GK,1440.0,0.0,0.0,,16.0,11.56395,-4.43605,overvalued
Alessandro Deiola,Cagliari,23.0,MF,1.0,0.0,0.0,,0.095,0.8635583333333333,0.7685583333333333,fair
Paolo FaragĂ˛,Cagliari,26.0,DF,1343.0,1.0,1.0,,4.0,4.4625,0.46250000000000036,fair
Luca Gagliano,Cagliari,19.0,FW,52.0,1.0,1.0,,0.02,1.9621833333333292,1.9421833333333292,undervalued
Artur IoniČ›Ä,Cagliari,28.0,MF,1897.0,0.0,2.0,,2.5,3.8407666666666667,1.3407666666666667,undervalued
Ragnar Klavan,Cagliari,33.0,DF,2354.0,0.0,0.0,,1.0,0.8702970000000001,-0.1297029999999999,fair
Riccardo Ladinetti,Cagliari,18.0,MF,127.0,0.0,0.0,,0.035,0.21896799999999866,0.18396799999999866,fair
Charalambos Lykogiannis,Cagliari,25.0,DF,1338.0,0.0,1.0,,1.4,3.6944166666666614,2.2944166666666614,undervalued
Federico Marigosu,Cagliari,18.0,MF,24.0,0.0,0.0,,0.025,0.2195399999999996,0.1945399999999996,fair
Federico Mattiello,Cagliari,24.0,DF,930.0,0.0,1.0,,1.0,1.7040206666666666,0.7040206666666666,fair
Radja Nainggolan,Cagliari,31.0,"MF,FW",2071.0,6.0,7.0,,16.0,13.296666666666667,-2.703333333333333,overvalued
Nahitan NĂˇndez,Cagliari,23.0,"MF,DF",2898.0,2.0,3.0,,21.0,16.19333333333333,-4.806666666666668,overvalued
Christian Oliva,Cagliari,23.0,MF,469.0,1.0,1.0,,4.0,2.611924999999998,-1.388075000000002,fair
Robin Olsen,Cagliari,29.0,GK,1524.0,0.0,0.0,,6.0,5.5177026666666675,-0.48229733333333247,fair
Alberto Paloschi,Cagliari,29.0,"FW,MF",204.0,0.0,0.0,,1.0,1.1409250000000002,0.1409250000000002,fair
Leonardo Pavoletti,Cagliari,30.0,FW,45.0,0.0,0.0,,4.0,0.44465216666666807,-3.555347833333332,overvalued
JoĂŁo Pedro,Cagliari,27.0,"FW,MF",3151.0,18.0,4.0,,14.0,24.305,10.305,undervalued
Luca Pellegrini,Cagliari,20.0,DF,1908.0,0.0,5.0,,13.0,12.905,-0.09500000000000064,fair
GastĂłn Pereiro,Cagliari,24.0,"MF,FW",348.0,1.0,0.0,,8.0,1.2974080000000014,-6.702591999999998,overvalued
Simone Pinna,Cagliari,21.0,DF,90.0,0.0,0.0,,0.02,0.092137833333333,0.072137833333333,fair
Fabio Pisacane,Cagliari,33.0,DF,2442.0,1.0,0.0,,1.0,0.8803103333333336,-0.11968966666666636,fair
Rafael,Cagliari,37.0,GK,454.0,0.0,0.0,,0.0002,0.13555000000000014,0.13535000000000014,fair
Daniele Ragatzu,Cagliari,27.0,"MF,FW",313.0,1.0,0.0,,0.0325,0.8905206666666663,0.8580206666666663,fair
Marko Rog,Cagliari,24.0,MF,2317.0,1.0,1.0,,13.0,10.819333333333335,-2.1806666666666654,overvalued
Giovanni Simeone,Cagliari,24.0,FW,2924.0,12.0,3.0,,13.0,16.46,3.460000000000001,undervalued
Sebastian Walukiewicz,Cagliari,19.0,DF,1165.0,0.0,0.0,,3.0,3.8323333333333327,0.8323333333333327,fair
Joseph Aidoo,Celta Vigo,23.0,DF,2502.0,0.0,1.0,,6.0,8.775,2.7750000000000004,undervalued
Sergio Ălvarez,Celta Vigo,32.0,GK,180.0,0.0,0.0,,1.0,0.7093666666666671,-0.29063333333333286,fair
NĂ©stor Araujo,Celta Vigo,27.0,DF,2888.0,1.0,2.0,,7.0,7.043333333333333,0.043333333333333,fair
Iago Aspas,Celta Vigo,31.0,FW,3262.0,14.0,3.0,,16.0,14.278333333333334,-1.7216666666666658,overvalued
Fran BeltrĂˇn,Celta Vigo,20.0,MF,1830.0,1.0,0.0,,13.0,11.466000000000001,-1.533999999999999,overvalued
Sergio Bermejo,Celta Vigo,21.0,FW,5.0,0.0,0.0,,0.02,0.0667741666666665,0.04677416666666649,fair
RubĂ©n Blanco,Celta Vigo,24.0,GK,2960.0,0.0,0.0,,8.0,9.17,1.17,fair
Filip BradariÄ‡,Celta Vigo,27.0,MF,706.0,0.0,0.0,,3.2,3.088500000000012,-0.11149999999998839,fair
Pape Cheikh Diop,Celta Vigo,21.0,MF,599.0,0.0,1.0,,4.0,4.121366666666667,0.12136666666666684,fair
David Costas,Celta Vigo,24.0,DF,338.0,0.0,0.0,,1.0,1.009135,0.009134999999999893,fair
Gabriel FernĂˇndez,Celta Vigo,25.0,"FW,MF",561.0,1.0,1.0,,2.0,2.9047666666666667,0.9047666666666667,fair
Juan HernĂˇndez,Celta Vigo,24.0,"FW,MF",87.0,0.0,0.0,,0.065,0.9516943333333323,0.8866943333333324,fair
David JuncĂ ,Celta Vigo,25.0,DF,258.0,0.0,0.0,,1.0,1.1219666666666666,0.12196666666666656,fair
Stanislav Lobotka,Celta Vigo,24.0,MF,1383.0,0.0,0.0,,16.0,11.417249999999997,-4.5827500000000025,overvalued
Iker Losada,Celta Vigo,17.0,"MF,FW",13.0,1.0,0.0,,0.03,0.9712499999999985,0.9412499999999985,fair
Hugo Mallo,Celta Vigo,28.0,DF,1965.0,0.0,1.0,,7.0,5.342699999999998,-1.657300000000002,overvalued
Brais MĂ©ndez,Celta Vigo,22.0,"MF,FW",1477.0,0.0,2.0,,12.0,9.529133333333332,-2.4708666666666677,overvalued
Santi Mina,Celta Vigo,23.0,"FW,MF",1944.0,6.0,3.0,,14.0,12.220333333333333,-1.7796666666666674,overvalued
Jeison Murillo,Celta Vigo,27.0,DF,1529.0,1.0,0.0,,6.0,6.094516666666666,0.09451666666666636,fair
Nolito,Celta Vigo,32.0,"FW,MF",324.0,2.0,1.0,,1.5,2.15035,0.65035,fair
Lucas Olaza,Celta Vigo,25.0,DF,3144.0,1.0,3.0,,3.0,4.831333333333333,1.8313333333333333,undervalued
Rafinha,Celta Vigo,26.0,MF,2111.0,4.0,1.0,,9.5,8.631666666666666,-0.8683333333333341,fair
Jorge SĂˇenz,Celta Vigo,22.0,"DF,FW",371.0,0.0,0.0,,1.0,1.174027,0.17402699999999993,fair
Pione Sisto,Celta Vigo,24.0,"FW,MF",891.0,2.0,0.0,,4.0,4.0295000000000005,0.029500000000000526,fair
Fyodor Smolov,Celta Vigo,29.0,FW,743.0,2.0,0.0,,6.0,5.012333333333334,-0.9876666666666658,fair
Denis SuĂˇrez,Celta Vigo,25.0,"MF,FW",1630.0,1.0,5.0,,9.0,8.732600000000001,-0.2673999999999985,fair
Kevin VĂˇzquez,Celta Vigo,26.0,DF,1325.0,0.0,0.0,,0.08,2.9364000000000097,2.8564000000000096,undervalued
IvĂˇn Villar,Celta Vigo,22.0,GK,280.0,0.0,0.0,,0.03,0.29485000000000045,0.2648500000000005,fair
Okay YokuĹźlu,Celta Vigo,25.0,MF,1973.0,0.0,2.0,,6.0,6.633266666666667,0.6332666666666666,fair
Tammy Abraham,Chelsea,21.0,FW,2215.0,15.0,3.0,,40.0,40.516666666666666,0.5166666666666657,fair
Marcos Alonso,Chelsea,28.0,DF,1430.0,4.0,2.0,,20.0,24.201666666666668,4.201666666666668,undervalued
Faustino Anjorin,Chelsea,17.0,FW,20.0,0.0,0.0,,2.0,3.1167333333333334,1.1167333333333334,fair
Kepa Arrizabalaga,Chelsea,24.0,GK,2970.0,0.0,0.0,,36.0,39.515,3.5150000000000006,undervalued
CĂ©sar Azpilicueta,Chelsea,29.0,DF,3229.0,2.0,6.0,,24.0,27.64,3.6400000000000006,undervalued
Ross Barkley,Chelsea,25.0,MF,1103.0,1.0,4.0,,21.0,23.623333333333335,2.623333333333335,undervalued
Michy Batshuayi,Chelsea,25.0,FW,239.0,1.0,1.0,,17.0,20.971333333333334,3.971333333333334,undervalued
Willy Caballero,Chelsea,37.0,GK,450.0,0.0,0.0,,0.06,1.784533333333332,1.724533333333332,undervalued
Andreas Christensen,Chelsea,23.0,DF,1751.0,0.0,0.0,,24.0,30.352333333333334,6.352333333333334,undervalued
Billy Gilmour,Chelsea,18.0,MF,194.0,0.0,0.0,,5.0,7.316683333333335,2.3166833333333354,undervalued
Olivier Giroud,Chelsea,32.0,FW,993.0,8.0,0.0,,7.0,10.905221666666666,3.905221666666666,undervalued
Callum Hudson-Odoi,Chelsea,18.0,FW,863.0,1.0,5.0,,31.0,28.723333333333333,-2.2766666666666673,overvalued
Reece James,Chelsea,19.0,DF,1515.0,0.0,2.0,,22.0,21.008333333333333,-0.9916666666666671,fair
Jorginho,Chelsea,27.0,MF,2379.0,4.0,2.0,,50.0,49.04833333333333,-0.951666666666668,fair
N'Golo KantĂ©,Chelsea,28.0,MF,1732.0,3.0,0.0,,80.0,58.83774166666667,-21.162258333333327,overvalued
Mateo Kovacic,Chelsea,25.0,MF,2073.0,1.0,3.0,,45.0,44.053333333333335,-0.9466666666666654,fair
Tariq Lamptey,Chelsea,18.0,DF,32.0,0.0,0.0,,3.0,4.036766666666667,1.0367666666666668,fair
Ruben Loftus-Cheek,Chelsea,23.0,"MF,FW",208.0,0.0,1.0,,24.0,21.110016666666667,-2.8899833333333333,overvalued
Mason Mount,Chelsea,20.0,"MF,FW",2867.0,7.0,5.0,,40.0,41.73166666666667,1.7316666666666691,undervalued
Emerson Palmieri,Chelsea,24.0,DF,1024.0,0.0,0.0,,18.0,19.624000000000002,1.6240000000000023,undervalued
Pedro,Chelsea,32.0,FW,661.0,1.0,1.0,,7.5,8.221640333333331,0.7216403333333314,fair
Christian Pulisic,Chelsea,20.0,FW,1722.0,9.0,4.0,,54.0,45.74,-8.259999999999998,overvalued
Antonio RĂĽdiger,Chelsea,26.0,DF,1710.0,2.0,0.0,,40.0,33.87166666666667,-6.12833333333333,overvalued
Fikayo Tomori,Chelsea,21.0,DF,1291.0,1.0,0.0,,16.0,18.501666666666665,2.501666666666665,undervalued
Willian,Chelsea,30.0,FW,2600.0,9.0,7.0,,19.0,20.611666666666668,1.6116666666666681,undervalued
Kurt Zouma,Chelsea,24.0,DF,2344.0,0.0,0.0,,28.0,38.64666666666667,10.646666666666668,undervalued
Patrick van Aanholt,Crystal Palace,28.0,DF,2507.0,3.0,2.0,,9.0,10.271666666666667,1.2716666666666665,fair
Jordan Ayew,Crystal Palace,27.0,"FW,MF",3148.0,9.0,2.0,,6.0,10.495,4.494999999999999,undervalued
Christian Benteke,Crystal Palace,28.0,FW,1261.0,2.0,1.0,,10.0,9.602575,-0.39742500000000014,fair
Gary Cahill,Crystal Palace,33.0,DF,2167.0,0.0,1.0,,4.0,2.8650416666666674,-1.1349583333333326,fair
VĂ­ctor Camarasa,Crystal Palace,25.0,MF,6.0,0.0,0.0,,4.0,3.406408333333333,-0.5935916666666672,fair
Scott Dann,Crystal Palace,32.0,DF,1266.0,0.0,1.0,,2.0,2.1401916666666665,0.1401916666666665,fair
Vicente Guaita,Crystal Palace,32.0,GK,3150.0,0.0,0.0,,4.0,3.455116666666666,-0.5448833333333338,fair
Wayne Hennessey,Crystal Palace,32.0,GK,270.0,0.0,0.0,,2.0,1.671,-0.32899999999999996,fair
Martin Kelly,Crystal Palace,29.0,DF,1549.0,0.0,1.0,,2.0,2.974113333333334,0.9741133333333338,fair
Cheikhou KouyatĂ©,Crystal Palace,29.0,"MF,DF",2528.0,1.0,1.0,,8.0,7.577000000000001,-0.42299999999999915,fair
James McArthur,Crystal Palace,31.0,MF,3090.0,0.0,3.0,,4.0,3.8946666666666663,-0.10533333333333372,fair
James McCarthy,Crystal Palace,28.0,MF,1680.0,0.0,0.0,,2.0,2.7978333333333336,0.7978333333333336,fair
Max Meyer,Crystal Palace,23.0,"MF,FW",655.0,0.0,0.0,,7.0,3.881416666666665,-3.118583333333335,overvalued
Luka MilivojeviÄ‡,Crystal Palace,28.0,MF,2513.0,3.0,1.0,,16.0,13.455,-2.545,overvalued
Tyrick Mitchell,Crystal Palace,19.0,DF,195.0,0.0,0.0,,5.0,3.6356878333333325,-1.3643121666666675,fair
Brandon Pierrick,Crystal Palace,17.0,"DF,FW",15.0,0.0,0.0,,0.00025,0.09263733333333385,0.09238733333333385,fair
JaĂŻro Riedewald,Crystal Palace,22.0,"DF,MF",769.0,0.0,0.0,,4.5,4.292883333333332,-0.20711666666666773,fair
Mamadou Sakho,Crystal Palace,29.0,DF,931.0,0.0,0.0,,9.0,6.5260456666666675,-2.4739543333333325,overvalued
Jeffrey Schlupp,Crystal Palace,26.0,"MF,DF",1036.0,3.0,1.0,,9.0,8.878466666666668,-0.12153333333333194,fair
James Tomkins,Crystal Palace,30.0,DF,1582.0,1.0,1.0,,4.0,4.027091666666667,0.02709166666666718,fair
Cenk Tosun,Crystal Palace,28.0,FW,177.0,1.0,0.0,,12.0,8.527675000000004,-3.472324999999996,overvalued
Andros Townsend,Crystal Palace,28.0,MF,1294.0,1.0,1.0,,12.0,8.623333333333333,-3.376666666666667,overvalued
Joel Ward,Crystal Palace,29.0,DF,2382.0,0.0,0.0,,3.2,4.420000000000015,1.2200000000000149,fair
Connor Wickham,Crystal Palace,26.0,"FW,MF",96.0,1.0,1.0,,1.0,3.7833249999999996,2.7833249999999996,undervalued
Wilfried Zaha,Crystal Palace,26.0,"MF,FW",3280.0,4.0,3.0,,44.0,32.29666666666667,-11.703333333333333,overvalued
Opoku Ampomah,DĂĽsseldorf,23.0,FW,500.0,0.0,0.0,,1.3,1.6380416666666717,0.3380416666666717,fair
Kaan Ayhan,DĂĽsseldorf,24.0,DF,2731.0,2.0,3.0,,7.0,7.8239333333333345,0.8239333333333345,fair
Lewis Baker,DĂĽsseldorf,24.0,MF,545.0,0.0,0.0,,2.0,1.3982946666666678,-0.6017053333333322,fair
Aymen Barkok,DĂĽsseldorf,21.0,"FW,MF",79.0,0.0,0.0,,1.0,0.6633841666666669,-0.3366158333333331,fair
Valon Berisha,DĂĽsseldorf,26.0,"MF,FW",941.0,0.0,1.0,,4.0,3.93265,-0.0673499999999998,fair
Adam Bodzek,DĂĽsseldorf,33.0,MF,2015.0,0.0,0.0,,0.0325,0.30912733333333264,0.27662733333333267,fair
Robin Bormuth,DĂĽsseldorf,23.0,DF,181.0,0.0,0.0,,1.0,0.8757263333333333,-0.12427366666666673,fair
Oliver Fink,DĂĽsseldorf,37.0,"MF,FW",675.0,0.0,1.0,,0.025,0.5720620000000005,0.5470620000000005,fair
Niko GieĂźelmann,DĂĽsseldorf,27.0,DF,2057.0,1.0,1.0,,2.0,3.9334666666666664,1.9334666666666664,undervalued
Rouwen Hennings,DĂĽsseldorf,31.0,FW,2459.0,15.0,0.0,,2.0,4.713333333333333,2.713333333333333,undervalued
AndrĂ© Hoffmann,DĂĽsseldorf,26.0,DF,2428.0,2.0,1.0,,2.5,4.335999999999998,1.8359999999999976,undervalued
Mathias JĂ¸rgensen,DĂĽsseldorf,29.0,DF,498.0,0.0,1.0,,2.0,1.7371576666666673,-0.26284233333333273,fair
Kenan Karaman,DĂĽsseldorf,25.0,FW,1354.0,6.0,1.0,,2.0,3.2981666666666665,1.2981666666666665,undervalued
Florian Kastenmeier,DĂĽsseldorf,22.0,GK,1530.0,0.0,0.0,,0.065,2.0055000000000027,1.9405000000000028,undervalued
Dawid Kownacki,DĂĽsseldorf,22.0,"FW,MF",1093.0,0.0,0.0,,4.0,2.3274583333333343,-1.6725416666666657,overvalued
Alfredo Morales,DĂĽsseldorf,29.0,MF,1730.0,1.0,2.0,,2.0,2.8250999999999995,0.8250999999999995,fair
Kasim Nuhu,DĂĽsseldorf,24.0,DF,999.0,1.0,0.0,,2.5,2.806243666666667,0.306243666666667,fair
Kelvin Ofori,DĂĽsseldorf,18.0,"MF,FW",37.0,0.0,0.0,,0.03,0.047857333333333155,0.017857333333333156,fair
Thomas Pledl,DĂĽsseldorf,25.0,"DF,MF",91.0,0.0,0.0,,0.08,0.592971333333336,0.512971333333336,fair
Steven Skrzybski,DĂĽsseldorf,26.0,"FW,MF",530.0,1.0,2.0,,1.0,1.2731353333333333,0.2731353333333333,fair
Marcel Sobottka,DĂĽsseldorf,25.0,MF,701.0,0.0,1.0,,2.0,2.6181666666666668,0.6181666666666668,fair
Zack Steffen,DĂĽsseldorf,24.0,GK,1530.0,0.0,0.0,,6.0,4.295383333333334,-1.7046166666666656,overvalued
Kevin StĂ¶ger,DĂĽsseldorf,25.0,MF,1268.0,0.0,4.0,,4.0,4.964666666666667,0.964666666666667,fair
Markus Suttner,DĂĽsseldorf,32.0,"DF,MF",1339.0,0.0,1.0,,0.08,0.5518893333333336,0.47188933333333355,fair
Bernard Tekpetey,DĂĽsseldorf,21.0,"FW,MF",448.0,0.0,1.0,,1.0,1.6009050000000002,0.6009050000000002,fair
Erik Thommy,DĂĽsseldorf,24.0,"DF,FW",2259.0,6.0,4.0,,4.0,8.196,4.196,undervalued
Jean Zimmer,DĂĽsseldorf,25.0,"DF,MF",719.0,0.0,0.0,,1.0,1.5086833333333336,0.5086833333333336,fair
Matthias Zimmermann,DĂĽsseldorf,27.0,"DF,MF",2923.0,1.0,2.0,,4.0,5.345,1.3449999999999998,undervalued
Nayef Aguerd,Dijon,23.0,DF,957.0,1.0,0.0,,2.0,2.096003333333333,0.096003333333333,fair
RĂşnar Alex RĂşnarsson,Dijon,24.0,GK,901.0,0.0,0.0,,1.0,1.087666666666667,0.087666666666667,fair
MickaĂ«l Alphonse,Dijon,30.0,DF,1378.0,0.0,1.0,,0.0725,1.892033333333333,1.819533333333333,undervalued
Romain Amalfitano,Dijon,29.0,MF,1695.0,1.0,1.0,,1.0,1.608775,0.6087750000000001,fair
Florent Balmont,Dijon,39.0,MF,401.0,0.0,0.0,,0.025,0.2612216666666666,0.23622166666666658,fair
Yassine Benzia,Dijon,24.0,MF,173.0,0.0,0.0,,1.0,0.9897316666666668,-0.010268333333333213,fair
Jhonder CĂˇdiz,Dijon,24.0,"FW,MF",799.0,2.0,2.0,,2.0,2.93015,0.9301499999999998,fair
Fouad Chafik,Dijon,32.0,DF,1528.0,0.0,2.0,,0.065,0.4828166666666655,0.4178166666666655,fair
Mounir Chouiar,Dijon,20.0,"MF,FW",1506.0,4.0,0.0,,7.0,6.345433333333329,-0.6545666666666712,fair
Senou Coulibaly,Dijon,24.0,DF,666.0,0.0,0.0,,0.08,1.6300660000000013,1.5500660000000013,undervalued
Bruno Ecuele Manga,Dijon,31.0,DF,2520.0,0.0,0.0,,2.0,2.313041666666667,0.3130416666666669,fair
Alfred Gomis,Dijon,25.0,GK,1619.0,0.0,0.0,,2.0,1.915066666666667,-0.08493333333333308,fair
Didier Ibrahim Ndong,Dijon,25.0,MF,2386.0,0.0,3.0,,3.5,4.154833333333333,0.6548333333333334,fair
Benjamin Jeannot,Dijon,27.0,MF,167.0,0.0,0.0,,1.0,0.9289833333333332,-0.07101666666666684,fair
Jules Keita,Dijon,21.0,"MF,FW",158.0,0.0,0.0,,1.0,0.9951473333333325,-0.0048526666666675045,fair
Wesley Lautoa,Dijon,31.0,"MF,DF",1869.0,0.0,1.0,,1.0,1.2254250000000007,0.22542500000000065,fair
Enzo Loiodice,Dijon,18.0,MF,192.0,0.0,0.0,,4.0,2.6972546666666646,-1.3027453333333354,fair
Jordan MariĂ©,Dijon,27.0,MF,201.0,0.0,0.0,,0.08,0.4861013333333332,0.4061013333333332,fair
Stephy Mavididi,Dijon,21.0,"FW,MF",1391.0,5.0,1.0,,3.0,7.9375,4.9375,undervalued
Hamza Mendyl,Dijon,21.0,DF,1441.0,1.0,0.0,,2.0,3.1989999999999985,1.1989999999999985,fair
Muzinga Ngonda,Dijon,25.0,DF,540.0,0.0,0.0,,0.0004,0.38492799999999955,0.38452799999999954,fair
Rayan Philippe,Dijon,18.0,"DF,FW",30.0,0.0,0.0,,0.0007,0.042107500000000075,0.041407500000000076,fair
Mama Samba BaldĂ©,Dijon,23.0,"FW,MF",1676.0,6.0,2.0,,3.5,4.721666666666667,1.2216666666666667,fair
FrĂ©dĂ©ric Sammaritano,Dijon,33.0,"MF,FW",518.0,1.0,2.0,,0.0325,0.7021759999999996,0.6696759999999996,fair
Matheus Pereira da Silva,Dijon,21.0,"MF,FW",465.0,0.0,0.0,,1.0,1.2393883333333324,0.23938833333333243,fair
Bryan SoumarĂ©,Dijon,20.0,"MF,FW",384.0,0.0,0.0,,0.0725,0.7009666666666657,0.6284666666666657,fair
JĂşlio Tavares,Dijon,30.0,FW,1997.0,5.0,2.0,,2.2,2.4396000000000084,0.23960000000000825,fair
Manuel Akanji,Dortmund,24.0,DF,2309.0,0.0,1.0,,20.0,18.450666666666667,-1.5493333333333332,overvalued
Paco AlcĂˇcer,Dortmund,25.0,FW,530.0,5.0,1.0,,28.0,23.608333333333334,-4.391666666666666,overvalued
Leonardo Balerdi,Dortmund,20.0,"DF,MF",133.0,0.0,0.0,,7.0,5.776168666666668,-1.2238313333333322,fair
Julian Brandt,Dortmund,23.0,"MF,FW",2203.0,3.0,7.0,,40.0,18.405,-21.595,overvalued
Jacob Bruun Larsen,Dortmund,20.0,FW,68.0,0.0,1.0,,11.0,8.290169166666667,-2.709830833333333,overvalued
Roman BĂĽrki,Dortmund,28.0,GK,2770.0,0.0,0.0,,11.0,14.815,3.8149999999999995,undervalued
Emre Can,Dortmund,25.0,"MF,DF",955.0,2.0,0.0,,26.0,15.368333333333334,-10.631666666666666,overvalued
Mahmoud Dahoud,Dortmund,23.0,MF,558.0,0.0,1.0,,6.0,10.336899999999996,4.336899999999996,undervalued
Thomas Delaney,Dortmund,27.0,MF,830.0,0.0,0.0,,17.0,13.611125,-3.3888750000000005,overvalued
Mario GĂ¶tze,Dortmund,27.0,FW,521.0,3.0,0.0,,10.0,11.985333333333333,1.9853333333333332,undervalued
RaphaĂ«l Guerreiro,Dortmund,25.0,DF,2335.0,8.0,2.0,,28.0,22.756666666666668,-5.243333333333332,overvalued
Achraf Hakimi,Dortmund,20.0,"DF,FW",2715.0,5.0,10.0,,54.0,49.00833333333333,-4.991666666666667,overvalued
Erling HĂĄland,Dortmund,19.0,FW,1063.0,13.0,2.0,,72.0,64.17333333333333,-7.826666666666668,overvalued
Thorgan Hazard,Dortmund,26.0,"FW,MF",2380.0,7.0,13.0,,32.0,52.545,20.545,undervalued
Marwin Hitz,Dortmund,31.0,GK,290.0,0.0,0.0,,2.0,3.3836416666666644,1.3836416666666644,undervalued
Mats Hummels,Dortmund,30.0,DF,2581.0,1.0,3.0,,24.0,21.714,-2.2860000000000014,overvalued
Mateu Morey,Dortmund,19.0,"DF,FW",197.0,0.0,1.0,,3.0,4.619508333333333,1.619508333333333,undervalued
Lukasz Piszczek,Dortmund,34.0,DF,2106.0,1.0,3.0,,2.0,3.025524666666663,1.025524666666663,fair
Tobias Raschl,Dortmund,19.0,MF,26.0,0.0,0.0,,0.09,0.8926856666666676,0.8026856666666676,fair
Marco Reus,Dortmund,30.0,"MF,FW",1495.0,11.0,5.0,,32.0,19.443335833333332,-12.556664166666668,overvalued
Gio Reyna,Dortmund,16.0,"MF,FW",355.0,0.0,1.0,,30.0,21.560958333333332,-8.439041666666668,overvalued
Jadon Sancho,Dortmund,19.0,"FW,MF",2287.0,17.0,16.0,,117.0,112.11,-4.890000000000001,overvalued
Marcel Schmelzer,Dortmund,31.0,DF,66.0,1.0,1.0,,1.0,3.5330500000000007,2.5330500000000007,undervalued
Nico Schulz,Dortmund,26.0,DF,594.0,1.0,0.0,,16.0,13.416133333333333,-2.583866666666667,overvalued
Julian Weigl,Dortmund,23.0,"MF,DF",1019.0,1.0,0.0,,18.0,17.083000000000002,-0.916999999999998,fair
Axel Witsel,Dortmund,30.0,MF,2245.0,4.0,5.0,,21.0,16.666933333333333,-4.333066666666667,overvalued
Dan-Axel Zagadou,Dortmund,20.0,DF,983.0,1.0,1.0,,31.0,22.1575,-8.842500000000001,overvalued
Sergio Ălvarez,Eibar,27.0,"MF,DF",1147.0,0.0,0.0,,1.0,2.158009999999999,1.158009999999999,fair
JosĂ© Ăngel,Eibar,29.0,DF,2360.0,1.0,1.0,,3.0,3.0029999999999997,0.0029999999999996696,fair
Anaitz Arbilla,Eibar,32.0,DF,2007.0,1.0,0.0,,1.0,1.2836876666666663,0.28368766666666634,fair
Miguel Atienza,Eibar,0.0,MF,30.0,0.0,0.0,,0.015,0.379246666666667,0.364246666666667,fair
Pedro Bigas,Eibar,28.0,DF,1777.0,3.0,0.0,,1.0,4.0780666666666665,3.0780666666666665,undervalued
Pablo de Blasis,Eibar,31.0,"DF,MF",1604.0,2.0,3.0,,1.0,1.695452666666667,0.6954526666666669,fair
Esteban Burgos,Eibar,27.0,DF,1119.0,1.0,0.0,,0.0725,0.9588249999999983,0.8863249999999983,fair
Charles,Eibar,35.0,FW,1301.0,6.0,0.0,,0.0005,1.185970666666668,1.1854706666666681,fair
Rober Correa,Eibar,26.0,DF,929.0,0.0,0.0,,0.0006,0.5505026666666669,0.5499026666666669,fair
SebastiĂˇn CristĂłforo,Eibar,25.0,MF,877.0,0.0,0.0,,1.0,0.9741183333333335,-0.02588166666666647,fair
Papakouli Diop,Eibar,33.0,MF,2253.0,1.0,0.0,,0.0008,0.19725866666666644,0.19645866666666645,fair
Marko DmitroviÄ‡,Eibar,27.0,GK,3150.0,0.0,0.0,,10.0,9.28,-0.7200000000000006,fair
Sergi Enrich,Eibar,29.0,FW,1865.0,1.0,4.0,,2.0,2.7863333333333333,0.7863333333333333,fair
Gonzalo Escalante,Eibar,26.0,MF,1674.0,0.0,1.0,,3.0,3.0638166666666673,0.0638166666666673,fair
Edu ExpĂłsito,Eibar,22.0,MF,2316.0,4.0,1.0,,3.0,6.928333333333334,3.9283333333333337,undervalued
Takashi Inui,Eibar,31.0,"MF,FW",1960.0,2.0,3.0,,2.0,2.0572000000000004,0.05720000000000036,fair
Kike,Eibar,29.0,FW,1767.0,5.0,1.0,,2.4,4.465791666666667,2.065791666666667,undervalued
Pedro LeĂłn,Eibar,32.0,"MF,FW",1896.0,1.0,2.0,,1.0,1.3439739999999998,0.3439739999999998,fair
Miguel MarĂ­,Eibar,22.0,MF,6.0,0.0,0.0,,0.025,0.330933333333334,0.305933333333334,fair
Paulo Oliveira,Eibar,27.0,DF,2090.0,1.0,0.0,,4.0,3.7701666666666664,-0.22983333333333356,fair
FabiĂˇn Orellana,Eibar,33.0,"MF,FW",2390.0,8.0,7.0,,1.0,3.950402666666667,2.950402666666667,undervalued
Quique,Eibar,29.0,FW,490.0,0.0,1.0,,0.0008,0.8788876666666664,0.8780876666666664,fair
IvĂˇn Ramis,Eibar,34.0,DF,457.0,1.0,0.0,,0.065,0.343599,0.278599,fair
Rafa Soares,Eibar,24.0,"DF,MF",435.0,0.0,0.0,,2.0,1.7098859999999998,-0.2901140000000002,fair
Ălvaro Tejero,Eibar,23.0,DF,1447.0,0.0,0.0,,2.0,2.686578999999999,0.6865789999999992,fair
David Abraham,Eint Frankfurt,33.0,DF,1688.0,2.0,0.0,,1.0,0.6012026666666673,-0.39879733333333267,fair
Timothy Chandler,Eint Frankfurt,29.0,"DF,MF",1220.0,5.0,1.0,,2.0,2.8033333333333332,0.8033333333333332,fair
Danny da Costa,Eint Frankfurt,26.0,"DF,MF",1389.0,1.0,4.0,,8.0,7.4993333333333325,-0.5006666666666675,fair
Bas Dost,Eint Frankfurt,30.0,FW,1475.0,8.0,2.0,,5.5,5.756,0.2560000000000002,fair
Erik Durm,Eint Frankfurt,27.0,DF,511.0,0.0,0.0,,1.5,1.8477610000000004,0.34776100000000043,fair
Simon Falette,Eint Frankfurt,27.0,DF,90.0,0.0,0.0,,2.0,1.7455916666666667,-0.25440833333333335,fair
Gelson Fernandes,Eint Frankfurt,32.0,MF,775.0,0.0,0.0,,1.0,0.9969303333333333,-0.0030696666666667483,fair
Mijat GaÄ‡inoviÄ‡,Eint Frankfurt,24.0,"MF,FW",1048.0,0.0,1.0,,6.0,5.373283333333332,-0.6267166666666677,fair
Jonathan de GuzmĂˇn,Eint Frankfurt,31.0,"MF,FW",87.0,0.0,1.0,,1.0,1.2063529999999996,0.20635299999999956,fair
Makoto Hasebe,Eint Frankfurt,35.0,"DF,MF",1968.0,0.0,0.0,,0.08,0.23734999999999928,0.15734999999999927,fair
Martin Hinteregger,Eint Frankfurt,26.0,DF,2721.0,8.0,1.0,,14.0,12.86,-1.1400000000000006,fair
Stefan Ilsanker,Eint Frankfurt,30.0,"DF,MF",838.0,2.0,1.0,,2.0,2.3775666666666666,0.3775666666666666,fair
Dejan JoveljiÄ‡,Eint Frankfurt,19.0,FW,150.0,0.0,0.0,,3.6,2.497580333333341,-1.102419666666659,fair
Daichi Kamada,Eint Frankfurt,22.0,"MF,FW",1969.0,2.0,4.0,,8.0,10.397666666666668,2.3976666666666677,undervalued
Dominik Kohr,Eint Frankfurt,25.0,MF,1445.0,0.0,3.0,,6.0,5.5397,-0.46030000000000015,fair
Filip KostiÄ‡,Eint Frankfurt,26.0,"DF,MF",2958.0,4.0,11.0,,32.0,32.013333333333335,0.013333333333335418,fair
Obite N'Dicka,Eint Frankfurt,19.0,DF,1721.0,1.0,1.0,,22.5,19.259333333333334,-3.240666666666666,overvalued
GonĂ§alo PaciĂŞncia,Eint Frankfurt,24.0,FW,1283.0,7.0,3.0,,12.0,11.713333333333333,-0.28666666666666707,fair
Sebastian Rode,Eint Frankfurt,28.0,MF,1936.0,3.0,3.0,,4.0,4.995833333333334,0.9958333333333336,fair
Frederik RĂ¸nnow,Eint Frankfurt,26.0,GK,810.0,0.0,0.0,,3.5,3.2431020000000013,-0.25689799999999874,fair
AndrĂ© Silva,Eint Frankfurt,23.0,FW,1575.0,12.0,3.0,,16.0,21.675,5.675000000000001,undervalued
Djibril Sow,Eint Frankfurt,22.0,MF,1746.0,1.0,3.0,,9.0,11.4235,2.4235000000000007,undervalued
Lucas TorrĂł,Eint Frankfurt,25.0,"MF,FW",331.0,0.0,0.0,,2.0,1.909925000000001,-0.09007499999999902,fair
Almamy TourĂ©,Eint Frankfurt,23.0,DF,1491.0,1.0,3.0,,6.0,5.251333333333334,-0.7486666666666659,fair
Kevin Trapp,Eint Frankfurt,29.0,GK,1980.0,0.0,0.0,,8.0,6.490933333333333,-1.5090666666666666,overvalued
Felix Wiedwald,Eint Frankfurt,29.0,GK,270.0,0.0,0.0,,0.0475,0.3435083333333329,0.29600833333333293,fair
Leandro Cabrera,Espanyol,28.0,DF,1530.0,0.0,1.0,,8.0,6.327966666666666,-1.6720333333333341,overvalued
Fernando Calero,Espanyol,23.0,DF,1043.0,0.0,0.0,,4.0,3.5693666666666664,-0.43063333333333365,fair
Jonathan Calleri,Espanyol,25.0,FW,1811.0,1.0,3.0,,6.0,5.9984,-0.0015999999999998238,fair
VĂ­ctor Campuzano,Espanyol,22.0,FW,870.0,0.0,0.0,,2.0,3.188654666666669,1.188654666666669,fair
SĂ©bastien Corchia,Espanyol,28.0,DF,269.0,0.0,0.0,,1.0,0.9361416666666671,-0.0638583333333329,fair
Sergi Darder,Espanyol,25.0,"MF,FW",2658.0,2.0,1.0,,11.0,9.929333333333334,-1.070666666666666,fair
Adri Embarba,Espanyol,27.0,"MF,FW",1371.0,2.0,4.0,,7.0,6.814666666666667,-0.18533333333333335,fair
Bernardo Espinosa,Espanyol,30.0,DF,2259.0,3.0,0.0,,4.0,3.496916666666666,-0.503083333333334,fair
Facundo Ferreyra,Espanyol,28.0,FW,574.0,1.0,0.0,,3.0,2.874371,-0.125629,fair
Esteban Granero,Espanyol,32.0,MF,473.0,1.0,0.0,,2.0,1.4575856666666664,-0.5424143333333336,fair
Ander Iturraspe,Espanyol,30.0,MF,242.0,0.0,0.0,,2.0,1.7602916666666666,-0.2397083333333334,fair
Wu Lei,Espanyol,27.0,"FW,MF",1719.0,4.0,0.0,,6.0,6.223833333333333,0.22383333333333333,fair
David LĂłpez,Espanyol,29.0,"DF,MF",2455.0,4.0,2.0,,6.0,5.812333333333333,-0.18766666666666687,fair
Diego LĂłpez,Espanyol,37.0,GK,3232.0,0.0,0.0,,0.08,0.19999166666666585,0.11999166666666584,fair
Javi LĂłpez,Espanyol,33.0,DF,1384.0,0.0,0.0,,0.08,0.3087083333333323,0.2287083333333323,fair
Lluis LĂłpez,Espanyol,22.0,DF,300.0,0.0,0.0,,1.0,0.8631703333333339,-0.13682966666666607,fair
Pol Lozano,Espanyol,19.0,"MF,FW",173.0,0.0,0.0,,1.0,1.042350833333333,0.04235083333333289,fair
Ă“scar Melendo,Espanyol,21.0,"MF,FW",1115.0,0.0,0.0,,6.0,5.393999999999999,-0.6060000000000008,fair
Naldo,Espanyol,30.0,DF,1332.0,0.0,1.0,,1.5,2.118,0.6179999999999999,fair
Oier OlazĂˇbal,Espanyol,29.0,GK,180.0,0.0,0.0,,1.0,0.8201500000000004,-0.17984999999999962,fair
Pedrosa,Espanyol,21.0,"DF,MF",1087.0,1.0,0.0,,5.0,4.906241666666666,-0.09375833333333361,fair
Victor Perea,Espanyol,19.0,DF,1270.0,0.0,0.0,,2.3,3.374999999999986,1.074999999999986,fair
Pablo Piatti,Espanyol,30.0,"DF,MF",56.0,0.0,0.0,,2.0,1.5218749999999992,-0.4781250000000008,fair
Pipa,Espanyol,21.0,DF,473.0,0.0,0.0,,0.0007,0.48430566666666486,0.4836056666666649,fair
Nico Ribaudo,Espanyol,18.0,"FW,MF",182.0,0.0,0.0,,3.0,2.288583333333332,-0.7114166666666679,fair
Marc Roca,Espanyol,22.0,MF,3008.0,2.0,1.0,,16.0,17.863333333333333,1.8633333333333333,undervalued
VĂ­ctor SĂˇnchez,Espanyol,31.0,"MF,DF",1688.0,0.0,1.0,,2.0,1.8146499999999988,-0.18535000000000124,fair
KĂ©vin Soni,Espanyol,21.0,FW,4.0,0.0,0.0,,0.02,0.2672599999999998,0.24725999999999979,fair
RaĂşl de TomĂˇs,Espanyol,24.0,FW,1075.0,4.0,0.0,,16.0,11.792000000000002,-4.207999999999998,overvalued
MatĂ­as Vargas,Espanyol,22.0,"FW,MF",1024.0,0.0,3.0,,9.0,3.826616666666665,-5.173383333333335,overvalued
DĂ­dac VilĂ ,Espanyol,30.0,DF,2492.0,0.0,0.0,,3.0,3.4116000000000004,0.4116000000000004,fair
Leighton Baines,Everton,34.0,DF,404.0,0.0,0.0,,1.0,1.6390833333333332,0.6390833333333332,fair
Bernard,Everton,26.0,"MF,FW",1280.0,3.0,2.0,,15.0,15.739500000000001,0.7395000000000014,fair
Jarrad Branthwaite,Everton,17.0,DF,300.0,0.0,0.0,,2.0,3.880002,1.8800020000000002,undervalued
Dominic Calvert-Lewin,Everton,22.0,FW,2626.0,13.0,1.0,,24.0,37.39,13.39,undervalued
SĂ©amus Coleman,Everton,30.0,DF,1839.0,0.0,1.0,,9.5,8.442983333333332,-1.0570166666666676,fair
Tom Davies,Everton,21.0,MF,2027.0,1.0,0.0,,16.0,14.775,-1.2249999999999996,fair
Fabian Delph,Everton,29.0,MF,1190.0,0.0,0.0,,12.0,10.7269,-1.2730999999999995,fair
Lucas Digne,Everton,26.0,DF,3030.0,0.0,7.0,,28.0,23.975,-4.024999999999999,overvalued
Jean-Philippe Gbamin,Everton,23.0,MF,136.0,0.0,0.0,,22.0,16.990383333333334,-5.009616666666666,overvalued
AndrĂ© Gomes,Everton,26.0,MF,1458.0,0.0,1.0,,22.0,18.18166666666667,-3.8183333333333316,overvalued
Anthony Gordon,Everton,18.0,"MF,FW",440.0,0.0,1.0,,1.0,3.638716666666666,2.638716666666666,undervalued
Mason Holgate,Everton,22.0,DF,2054.0,0.0,3.0,,13.0,12.563333333333333,-0.4366666666666674,fair
Alex Iwobi,Everton,23.0,"MF,FW",1596.0,1.0,0.0,,25.0,22.382216666666668,-2.617783333333332,overvalued
Moise Kean,Everton,19.0,FW,852.0,2.0,2.0,,25.0,20.350833333333334,-4.649166666666666,overvalued
Michael Keane,Everton,26.0,DF,2559.0,2.0,0.0,,20.0,20.076666666666668,0.07666666666666799,fair
Yerry Mina,Everton,24.0,DF,2284.0,2.0,1.0,,20.0,16.95,-3.0500000000000007,overvalued
Oumar Niasse,Everton,29.0,FW,22.0,0.0,0.0,,3.0,3.691899999999999,0.6918999999999991,fair
Jordan Pickford,Everton,25.0,GK,3420.0,0.0,0.0,,28.0,28.796666666666667,0.7966666666666669,fair
Richarlison,Everton,22.0,FW,3070.0,13.0,3.0,,60.0,47.028333333333336,-12.971666666666664,overvalued
Morgan Schneiderlin,Everton,29.0,MF,1001.0,0.0,0.0,,9.0,9.35,0.34999999999999964,fair
Djibril SidibĂ©,Everton,27.0,DF,1824.0,0.0,4.0,,9.0,8.900666666666668,-0.09933333333333216,fair
Gylfi SigurĂ°sson,Everton,29.0,MF,2560.0,2.0,3.0,,18.0,15.587333333333333,-2.4126666666666665,overvalued
Cenk Tosun,Everton,28.0,FW,291.0,1.0,0.0,,12.0,11.719575,-0.28042499999999926,fair
Theo Walcott,Everton,30.0,"MF,FW",1287.0,2.0,3.0,,12.0,11.339,-0.6609999999999996,fair
Kevin Agudelo,Fiorentina,20.0,"MF,FW",64.0,0.0,0.0,,2.0,1.7027500000000004,-0.29724999999999957,fair
Milan Badelj,Fiorentina,30.0,MF,1585.0,1.0,0.0,,2.0,2.590008333333334,0.5900083333333339,fair
Marco Benassi,Fiorentina,24.0,MF,980.0,1.0,1.0,,11.0,10.123000000000001,-0.8769999999999989,fair
Kevin-Prince Boateng,Fiorentina,32.0,FW,599.0,1.0,0.0,,3.0,2.3056690000000013,-0.6943309999999987,fair
Federico Brancolini,Fiorentina,18.0,GK,6.0,0.0,0.0,,0.03,0.5053083333333337,0.47530833333333367,fair
MartĂ­n CĂˇceres,Fiorentina,32.0,DF,2356.0,1.0,0.0,,1.0,1.1073166666666663,0.10731666666666628,fair
Gaetano Castrovilli,Fiorentina,22.0,MF,2673.0,3.0,2.0,,20.0,19.333333333333332,-0.6666666666666679,fair
Federico Ceccherini,Fiorentina,27.0,DF,835.0,0.0,0.0,,2.0,1.8188113333333358,-0.18118866666666422,fair
Federico Chiesa,Fiorentina,21.0,"FW,DF",2637.0,11.0,6.0,,48.0,40.07333333333333,-7.926666666666669,overvalued
SebastiĂˇn CristĂłforo,Fiorentina,25.0,MF,90.0,0.0,0.0,,1.0,1.1113,0.11129999999999995,fair
Patrick Cutrone,Fiorentina,21.0,FW,838.0,4.0,1.0,,15.0,13.644333333333334,-1.3556666666666661,fair
Bartłomiej Drągowski,Fiorentina,21.0,GK,2790.0,0.0,0.0,,15.0,12.973333333333333,-2.0266666666666673,overvalued
Alfred Duncan,Fiorentina,26.0,MF,887.0,1.0,1.0,,13.0,10.450166666666666,-2.549833333333334,overvalued
Valentin Eysseric,Fiorentina,27.0,MF,42.0,0.0,0.0,,1.0,0.9611416666666666,-0.03885833333333344,fair
Rachid Ghezzal,Fiorentina,27.0,"MF,FW",828.0,1.0,0.0,,5.0,4.601686000000001,-0.39831399999999917,fair
Dalbert Henrique,Fiorentina,25.0,DF,2484.0,0.0,5.0,,9.0,8.521,-0.4789999999999992,fair
Igor,Fiorentina,21.0,DF,611.0,0.0,0.0,,5.0,4.0408,-0.9592,fair
Christian KouamĂ©,Fiorentina,21.0,FW,301.0,1.0,1.0,,17.0,2.5469416666666653,-14.453058333333335,overvalued
Pol Lirola,Fiorentina,21.0,DF,2648.0,0.0,2.0,,9.0,10.966666666666667,1.9666666666666668,undervalued
Nikola MilenkoviÄ‡,Fiorentina,21.0,DF,3258.0,5.0,0.0,,24.0,25.41,1.4100000000000001,undervalued
Maximiliano Olivera,Fiorentina,27.0,DF,9.0,0.0,0.0,,0.08,0.29804166666666565,0.21804166666666563,fair
Pedro,Fiorentina,22.0,FW,63.0,0.0,0.0,,12.0,1.1894608333333332,-10.810539166666667,overvalued
GermĂˇn Pezzella,Fiorentina,28.0,DF,2830.0,3.0,1.0,,14.0,13.125,-0.875,fair
Erick Pulgar,Fiorentina,25.0,MF,2950.0,7.0,6.0,,12.0,14.321666666666667,2.321666666666667,undervalued
Luca Ranieri,Fiorentina,20.0,DF,232.0,0.0,0.0,,1.0,1.0447143333333335,0.04471433333333352,fair
Franck RibĂ©ry,Fiorentina,36.0,FW,1409.0,3.0,3.0,,3.0,2.469007833333333,-0.530992166666667,fair
Riccardo Sottil,Fiorentina,20.0,"FW,DF",514.0,0.0,0.0,,3.0,2.9406966666666654,-0.059303333333334596,fair
Pietro Terracciano,Fiorentina,29.0,GK,624.0,0.0,0.0,,0.04,0.9856333333333326,0.9456333333333325,fair
Lorenzo Venuti,Fiorentina,24.0,DF,858.0,0.0,1.0,,1.0,1.8881166666666664,0.8881166666666664,fair
DuĹˇan VlahoviÄ‡,Fiorentina,19.0,FW,1499.0,6.0,0.0,,16.0,14.334500000000004,-1.6654999999999962,overvalued
Szymon Ĺ»urkowski,Fiorentina,21.0,MF,12.0,0.0,0.0,,2.6,2.0249833333333407,-0.5750166666666594,fair
Amir Abrashi,Freiburg,29.0,MF,663.0,0.0,0.0,,1.0,1.2925499999999999,0.29254999999999987,fair
Brandon Borrello,Freiburg,24.0,"MF,FW",298.0,0.0,0.0,,0.095,0.6206083333333327,0.5256083333333327,fair
Kwon Chang-hoon,Freiburg,25.0,"MF,FW",676.0,2.0,0.0,,2.8,2.7423333333333235,-0.0576666666666763,fair
Mark Flekken,Freiburg,26.0,GK,900.0,0.0,0.0,,0.095,0.6001976666666661,0.5051976666666661,fair
Mike Frantz,Freiburg,32.0,"MF,DF",350.0,0.0,1.0,,0.065,0.7460860000000002,0.6810860000000003,fair
JĂ©rĂ´me Gondorf,Freiburg,31.0,MF,120.0,0.0,0.0,,0.06,0.2721946666666673,0.2121946666666673,fair
Vincenzo Grifo,Freiburg,26.0,"MF,FW",1618.0,4.0,8.0,,5.0,11.788333333333334,6.788333333333334,undervalued
Manuel Gulde,Freiburg,28.0,DF,1371.0,1.0,0.0,,2.0,2.862,0.8620000000000001,fair
Christian GĂĽnter,Freiburg,26.0,DF,3029.0,2.0,8.0,,9.0,11.09,2.09,undervalued
Janik Haberer,Freiburg,25.0,"MF,FW",1721.0,2.0,2.0,,8.0,6.183599999999999,-1.8164000000000007,overvalued
Dominique Heintz,Freiburg,25.0,DF,2434.0,0.0,1.0,,8.0,6.699333333333334,-1.3006666666666664,fair
Nicolas HĂ¶fler,Freiburg,29.0,MF,2783.0,1.0,0.0,,3.0,4.0183333333333335,1.0183333333333335,fair
Lucas HĂ¶ler,Freiburg,25.0,"FW,MF",2485.0,8.0,2.0,,3.0,6.566666666666666,3.5666666666666664,undervalued
Yannik Keitel,Freiburg,19.0,MF,174.0,0.0,0.0,,0.045,0.25143333333333423,0.20643333333333425,fair
Robin Koch,Freiburg,23.0,"DF,MF",2705.0,1.0,0.0,,14.0,12.571666666666667,-1.4283333333333328,overvalued
Lukas KĂĽbler,Freiburg,26.0,DF,209.0,0.0,0.0,,2.0,1.519175,-0.48082500000000006,fair
Philipp Lienhart,Freiburg,23.0,DF,1817.0,0.0,1.0,,9.0,5.045266666666669,-3.9547333333333308,overvalued
Nils Petersen,Freiburg,30.0,"FW,MF",2436.0,11.0,2.0,,6.0,6.576666666666667,0.5766666666666671,fair
Roland Sallai,Freiburg,22.0,"MF,FW",1162.0,2.0,0.0,,3.0,3.0338916666666664,0.03389166666666643,fair
Nico Schlotterbeck,Freiburg,19.0,DF,373.0,0.0,0.0,,4.0,3.311508333333332,-0.6884916666666681,fair
Jonathan Schmid,Freiburg,29.0,DF,2836.0,5.0,1.0,,4.0,6.514333333333334,2.514333333333334,undervalued
Alexander Schwolow,Freiburg,27.0,GK,2091.0,0.0,0.0,,7.0,6.2426666666666675,-0.7573333333333325,fair
Lino Tempelmann,Freiburg,20.0,MF,33.0,0.0,0.0,,0.0525,0.06969433333333316,0.017194333333333166,fair
Niclas Thiede,Freiburg,20.0,GK,69.0,0.0,0.0,,0.02,0.28657833333333327,0.26657833333333325,fair
Luca Waldschmidt,Freiburg,23.0,"FW,MF",1268.0,7.0,1.0,,16.0,13.230833333333333,-2.769166666666667,overvalued
Kevin Agudelo,Genoa,20.0,"MF,FW",666.0,1.0,1.0,,2.0,4.4311,2.4311,undervalued
Peter Ankersen,Genoa,28.0,DF,1063.0,0.0,1.0,,2.0,2.5523083333333316,0.5523083333333316,fair
Antonio Barreca,Genoa,24.0,"DF,MF",1095.0,0.0,1.0,,3.0,2.892,-0.1080000000000001,fair
Valon Behrami,Genoa,34.0,MF,1107.0,0.0,0.0,,0.0475,0.1253009999999996,0.0778009999999996,fair
Davide Biraschi,Genoa,25.0,DF,1971.0,0.0,1.0,,3.0,3.235666666666667,0.2356666666666669,fair
Francesco Cassata,Genoa,22.0,MF,1458.0,2.0,0.0,,2.0,3.1783333333333332,1.1783333333333332,fair
Denilho Cleonise,Genoa,17.0,FW,47.0,0.0,0.0,,1.0,0.6372528333333332,-0.36274716666666684,fair
Domenico Criscito,Genoa,32.0,DF,2053.0,8.0,0.0,,2.0,2.762533333333332,0.762533333333332,fair
Mattia Destro,Genoa,28.0,"FW,MF",150.0,0.0,0.0,,2.0,1.7523416666666658,-0.2476583333333342,fair
Iago Falque,Genoa,29.0,MF,519.0,2.0,1.0,,6.0,4.133658333333333,-1.866341666666667,overvalued
Andrea Favilli,Genoa,22.0,FW,658.0,0.0,0.0,,4.0,3.6796,-0.3203999999999998,fair
Paolo Ghiglione,Genoa,22.0,DF,1717.0,0.0,5.0,,3.0,7.030333333333335,4.030333333333335,undervalued
Edoardo Goldaniga,Genoa,25.0,DF,784.0,1.0,0.0,,1.0,2.0869416666666676,1.0869416666666676,fair
Filip JagieĹ‚Ĺ‚o,Genoa,21.0,MF,553.0,0.0,2.0,,1.4,2.172966666666658,0.7729666666666581,fair
Christian KouamĂ©,Genoa,21.0,FW,915.0,5.0,2.0,,17.0,15.096666666666666,-1.9033333333333342,overvalued
Lukas Lerager,Genoa,26.0,MF,1387.0,1.0,1.0,,4.0,4.484666666666667,0.4846666666666666,fair
Andrea Masiello,Genoa,33.0,DF,1324.0,0.0,1.0,,1.0,0.8648250000000007,-0.13517499999999927,fair
Marko PajaÄŤ,Genoa,26.0,DF,759.0,0.0,0.0,,1.1,1.8033853333333347,0.7033853333333346,fair
Goran Pandev,Genoa,36.0,"FW,MF",1685.0,9.0,1.0,,0.0325,1.4698991666666745,1.4373991666666746,undervalued
Mattia Perin,Genoa,26.0,GK,1890.0,0.0,0.0,,8.0,6.517833333333334,-1.4821666666666662,overvalued
Andrea Pinamonti,Genoa,20.0,FW,2236.0,5.0,1.0,,13.0,12.719333333333333,-0.28066666666666684,fair
Ivan RadovanoviÄ‡,Genoa,30.0,MF,1318.0,0.0,1.0,,1.9,1.6288999999999985,-0.27110000000000145,fair
IonuČ› Radu,Genoa,22.0,GK,1530.0,0.0,1.0,,9.0,7.214083333333336,-1.7859166666666644,overvalued
Cristian Romero,Genoa,21.0,DF,2577.0,1.0,1.0,,13.0,9.542666666666667,-3.4573333333333327,overvalued
NicolĂ˛ Rovella,Genoa,17.0,MF,105.0,0.0,0.0,,0.08,0.6039050000000004,0.5239050000000004,fair
Antonio Sanabria,Genoa,23.0,FW,1387.0,6.0,2.0,,6.0,10.735,4.734999999999999,undervalued
Riccardo Saponara,Genoa,27.0,"MF,FW",168.0,0.0,0.0,,2.0,1.940339333333333,-0.05966066666666703,fair
Lasse SchĂ¶ne,Genoa,33.0,MF,2427.0,2.0,3.0,,2.0,1.601279666666666,-0.398720333333334,fair
Adama Soumaoro,Genoa,27.0,DF,637.0,1.0,0.0,,8.0,2.524358000000002,-5.475641999999998,overvalued
Stefano Sturaro,Genoa,26.0,MF,1252.0,1.0,2.0,,8.0,4.471558333333333,-3.5284416666666667,overvalued
Jawad El Yamiq,Genoa,27.0,DF,197.0,0.0,0.0,,0.065,0.6637666666666658,0.5987666666666658,fair
CristiĂˇn Zapata,Genoa,32.0,DF,1718.0,1.0,0.0,,1.0,1.4965249999999997,0.49652499999999966,fair
Amath,Getafe,23.0,MF,66.0,0.0,0.0,,2.0,1.8244666666666667,-0.17553333333333332,fair
Vitorino Antunes,Getafe,32.0,MF,6.0,0.0,0.0,,1.0,0.7797000000000005,-0.2202999999999995,fair
Mauro Arambarri,Getafe,23.0,MF,3069.0,1.0,1.0,,20.0,17.21,-2.789999999999999,overvalued
Erick Cabaco,Getafe,24.0,DF,267.0,0.0,0.0,,4.0,2.862091666666667,-1.1379083333333329,fair
Leandro Cabrera,Getafe,28.0,DF,1530.0,2.0,0.0,,8.0,6.498233333333332,-1.5017666666666676,overvalued
Chema,Getafe,27.0,DF,309.0,0.0,0.0,,1.0,1.2517603333333336,0.2517603333333336,fair
Marc Cucurella,Getafe,21.0,"MF,DF",3237.0,1.0,5.0,,18.0,18.35,0.3500000000000014,fair
Deyverson,Getafe,28.0,FW,204.0,0.0,1.0,,3.0,2.643674999999999,-0.3563250000000009,fair
DjenĂ©,Getafe,27.0,DF,3060.0,0.0,0.0,,25.0,18.127666666666666,-6.872333333333334,overvalued
Hugo Duro,Getafe,19.0,"FW,MF",378.0,1.0,1.0,,1.8,1.8271666666666693,0.027166666666669226,fair
Oghenekaro Etebo,Getafe,23.0,MF,572.0,1.0,0.0,,4.0,3.645199999999999,-0.3548000000000009,fair
Xabier Etxeita,Getafe,31.0,DF,1446.0,0.0,0.0,,1.0,1.2490749999999997,0.2490749999999997,fair
FayĂ§al Fajr,Getafe,30.0,MF,403.0,0.0,0.0,,3.0,2.56865,-0.4313500000000001,fair
Enric Gallego,Getafe,32.0,FW,164.0,0.0,0.0,,1.0,0.9448241666666667,-0.05517583333333331,fair
Bruno GonzĂˇlez,Getafe,29.0,DF,180.0,0.0,0.0,,1.0,1.1020416666666666,0.10204166666666659,fair
Jason,Getafe,25.0,MF,1175.0,1.0,4.0,,3.0,5.111666666666666,2.1116666666666664,undervalued
Kenedy,Getafe,23.0,"MF,DF",586.0,1.0,3.0,,10.0,8.027572,-1.9724280000000007,overvalued
Nemanja MaksimoviÄ‡,Getafe,24.0,MF,2895.0,2.0,0.0,,20.0,18.48,-1.5199999999999996,overvalued
Jaime Mata,Getafe,30.0,FW,2747.0,11.0,3.0,,8.0,7.5775,-0.4225000000000003,fair
Jorge Molina,Getafe,37.0,FW,1886.0,5.0,3.0,,1.0,1.2911276666666673,0.29112766666666734,fair
Allan Nyom,Getafe,31.0,"DF,MF",2422.0,2.0,0.0,,3.0,3.01215,0.012150000000000105,fair
MathĂ­as Olivera,Getafe,21.0,DF,1870.0,0.0,1.0,,8.0,7.002333333333333,-0.9976666666666674,fair
Francisco Portillo,Getafe,29.0,MF,376.0,0.0,2.0,,2.0,2.384399999999999,0.38439999999999896,fair
Florent Poulolo,Getafe,22.0,"MF,DF",1.0,0.0,0.0,,0.015,0.4799666666666655,0.4649666666666655,fair
Ăngel RodrĂ­guez,Getafe,32.0,FW,1407.0,10.0,3.0,,6.0,7.361721666666667,1.361721666666667,undervalued
David Soria,Getafe,26.0,GK,3420.0,0.0,0.0,,14.0,14.413333333333334,0.413333333333334,fair
DamiĂˇn SuĂˇrez,Getafe,31.0,DF,2592.0,1.0,4.0,,3.0,3.2562666666666664,0.2562666666666664,fair
David Timor,Getafe,29.0,"MF,DF",943.0,3.0,0.0,,1.0,2.042333333333333,1.0423333333333331,fair
Ramon Azeez,Granada,26.0,MF,1361.0,2.0,0.0,,0.08,2.7689333333333326,2.6889333333333325,undervalued
Gil BastiĂŁo Dias,Granada,22.0,"DF,MF",356.0,0.0,1.0,,3.2,2.9079666666666766,-0.2920333333333236,fair
Yan Brice Eteki,Granada,21.0,MF,1499.0,0.0,0.0,,1.5,3.350866666666667,1.850866666666667,undervalued
Antonio CortĂ©s,Granada,19.0,"FW,MF",181.0,1.0,0.0,,1.3,1.2639593333333374,-0.03604066666666261,fair
VĂ­ctor DĂ­az,Granada,31.0,DF,2884.0,1.0,5.0,,1.0,2.550266666666667,1.550266666666667,undervalued
Domingos Duarte,Granada,24.0,DF,3087.0,3.0,1.0,,4.0,7.54,3.54,undervalued
AarĂłn Escandell,Granada,23.0,GK,270.0,0.0,0.0,,0.03,0.23987633333333386,0.20987633333333386,fair
Carlos FernĂˇndez,Granada,23.0,"FW,MF",2201.0,10.0,3.0,,3.0,7.336666666666667,4.336666666666667,undervalued
Dimitri Foulquier,Granada,26.0,DF,1119.0,1.0,0.0,,2.0,1.7422833333333327,-0.25771666666666726,fair
JosĂ© Antonio MartĂ­nez Gil,Granada,26.0,DF,1191.0,0.0,1.0,,1.2,1.9107999999999996,0.7107999999999997,fair
Maxime Gonalons,Granada,30.0,MF,1506.0,0.0,0.0,,2.0,1.9822833333333332,-0.017716666666666825,fair
Yangel Herrera,Granada,21.0,MF,2368.0,2.0,3.0,,9.0,11.216933333333333,2.2169333333333334,undervalued
Darwin MachĂ­s,Granada,26.0,"FW,MF",2129.0,7.0,5.0,,3.0,7.496,4.496,undervalued
Ălex MartĂ­nez,Granada,28.0,DF,15.0,0.0,0.0,,0.0725,0.11890833333333362,0.04640833333333362,fair
Ăngel Montoro,Granada,31.0,MF,973.0,2.0,5.0,,1.0,4.64945,3.64945,undervalued
Carlos Neva,Granada,23.0,DF,2205.0,0.0,1.0,,0.08,2.092800000000002,2.012800000000002,undervalued
Antonio Puertas,Granada,27.0,"FW,MF",2563.0,7.0,3.0,,2.0,5.403333333333333,3.4033333333333333,undervalued
Quini,Granada,29.0,DF,718.0,0.0,0.0,,0.0004,2.3448833333333337,2.3444833333333337,undervalued
AdriĂˇn Ramos,Granada,33.0,FW,226.0,0.0,0.0,,0.08,0.2976443333333324,0.21764433333333238,fair
GermĂˇn SĂˇnchez,Granada,32.0,DF,2293.0,2.0,0.0,,0.065,1.3082326666666664,1.2432326666666664,fair
Rui Silva,Granada,25.0,GK,3150.0,0.0,0.0,,10.0,9.203333333333333,-0.7966666666666669,fair
Roberto Soldado,Granada,34.0,FW,2347.0,7.0,4.0,,0.08,1.335609999999998,1.255609999999998,fair
Ălvaro Vadillo,Granada,24.0,"FW,MF",1218.0,3.0,1.0,,2.0,3.7997999999999994,1.7997999999999994,undervalued
JesĂşs Vallejo,Granada,22.0,DF,629.0,0.0,0.0,,6.0,4.43675,-1.56325,overvalued
Fede Vico,Granada,25.0,"MF,FW",876.0,2.0,1.0,,1.0,1.5699999999999994,0.5699999999999994,fair
Claud Adjapong,Hellas Verona,21.0,DF,231.0,0.0,0.0,,2.0,1.5381613333333342,-0.46183866666666584,fair
Emmanuel Agyemang-Badu,Hellas Verona,28.0,"MF,FW",230.0,0.0,0.0,,0.00085,1.4601333333333328,1.4592833333333328,undervalued
Sofyan Amrabat,Hellas Verona,22.0,MF,2919.0,1.0,1.0,,14.0,12.761666666666667,-1.2383333333333333,fair
Salvatore Bocchetti,Hellas Verona,32.0,DF,303.0,0.0,0.0,,0.08,0.21489166666666581,0.1348916666666658,fair
Fabio Borini,Hellas Verona,28.0,"FW,MF",808.0,3.0,0.0,,4.0,4.0548,0.05480000000000018,fair
Andrea Danzi,Hellas Verona,20.0,MF,1.0,0.0,0.0,,0.045,0.06527750000000025,0.020277500000000254,fair
PaweĹ‚ Dawidowicz,Hellas Verona,24.0,DF,693.0,1.0,0.0,,1.6,1.6307666666666714,0.030766666666671272,fair
Samuel Di Carmine,Hellas Verona,30.0,FW,1293.0,8.0,0.0,,1.0,2.8916666666666666,1.8916666666666666,undervalued
Federico Dimarco,Hellas Verona,21.0,DF,521.0,0.0,3.0,,4.0,3.591434333333334,-0.40856566666666616,fair
Alan Empereur,Hellas Verona,25.0,DF,855.0,0.0,0.0,,0.04,0.4067706666666685,0.3667706666666685,fair
Valentin Eysseric,Hellas Verona,27.0,"MF,FW",353.0,0.0,0.0,,1.0,1.1077,0.1076999999999999,fair
Davide Faraoni,Hellas Verona,27.0,DF,3228.0,5.0,3.0,,3.0,7.3533333333333335,4.3533333333333335,undervalued
Lucas Felippe,Hellas Verona,19.0,"MF,DF",28.0,0.0,0.0,,0.0075,0.4373013333333319,0.42980133333333187,fair
Koray GĂĽnter,Hellas Verona,24.0,DF,2733.0,0.0,0.0,,2.0,2.771333333333333,0.7713333333333332,fair
Liam Henderson,Hellas Verona,23.0,MF,196.0,0.0,0.0,,1.0,1.0917533333333338,0.0917533333333338,fair
Marash Kumbulla,Hellas Verona,19.0,DF,1950.0,1.0,0.0,,22.0,20.447666666666667,-1.5523333333333333,overvalued
Darko LazoviÄ‡,Hellas Verona,28.0,DF,3239.0,3.0,7.0,,4.0,13.245266666666666,9.245266666666666,undervalued
Matteo Lovato,Hellas Verona,19.0,DF,9.0,0.0,0.0,,0.015,0.03325216666666664,0.01825216666666664,fair
Giampaolo Pazzini,Hellas Verona,34.0,FW,307.0,4.0,0.0,,0.0325,0.8547873333333329,0.8222873333333329,fair
Matteo Pessina,Hellas Verona,22.0,"MF,FW",2489.0,7.0,0.0,,6.0,10.338333333333333,4.338333333333333,undervalued
Boris RadunoviÄ‡,Hellas Verona,23.0,GK,270.0,0.0,0.0,,0.0475,0.21327499999999983,0.16577499999999984,fair
Amir Rrahmani,Hellas Verona,25.0,DF,3228.0,0.0,1.0,,9.0,7.782333333333333,-1.2176666666666671,fair
Eddy Salcedo,Hellas Verona,17.0,"FW,MF",680.0,1.0,0.0,,10.0,4.040299999999996,-5.959700000000004,overvalued
Marco Silvestri,Hellas Verona,28.0,GK,3150.0,0.0,0.0,,4.0,5.566666666666666,1.5666666666666664,undervalued
Mariusz StÄ™piĹ„ski,Hellas Verona,24.0,FW,706.0,3.0,1.0,,3.0,4.265816666666666,1.265816666666666,fair
Gennaro Tutino,Hellas Verona,22.0,FW,225.0,0.0,0.0,,2.0,1.7974166666666664,-0.20258333333333356,fair
Miguel Veloso,Hellas Verona,33.0,MF,2811.0,3.0,4.0,,0.08,1.1529666666666663,1.0729666666666662,fair
Valerio Verre,Hellas Verona,25.0,"FW,MF",1774.0,3.0,2.0,,3.0,3.8354999999999997,0.8354999999999997,fair
Luigi Vitale,Hellas Verona,31.0,DF,41.0,0.0,0.0,,0.0325,0.18132499999999963,0.14882499999999962,fair
Mattia Zaccagni,Hellas Verona,24.0,"FW,MF",2114.0,2.0,5.0,,5.0,6.405666666666666,1.405666666666666,undervalued
Santiago AscacĂ­bar,Hertha BSC,22.0,MF,634.0,0.0,1.0,,8.0,6.3575333333333335,-1.6424666666666665,overvalued
Dedryck Boyata,Hertha BSC,28.0,DF,2436.0,4.0,1.0,,8.0,7.686333333333334,-0.3136666666666663,fair
Per Ciljan Skjelbred,Hertha BSC,32.0,MF,1628.0,0.0,0.0,,1.0,0.8997750000000004,-0.10022499999999956,fair
Matheus Cunha,Hertha BSC,20.0,"FW,MF",744.0,6.0,0.0,,13.0,12.040208333333334,-0.9597916666666659,fair
VladimĂ­r Darida,Hertha BSC,28.0,MF,2256.0,3.0,4.0,,5.5,6.450266666666667,0.9502666666666668,fair
JavairĂ´ Dilrosun,Hertha BSC,21.0,"MF,FW",1309.0,4.0,2.0,,14.0,12.884833333333333,-1.115166666666667,fair
Ondrej Duda,Hertha BSC,24.0,"MF,FW",447.0,0.0,1.0,,10.0,6.887233333333332,-3.1127666666666682,overvalued
Alexander Esswein,Hertha BSC,29.0,"FW,MF",213.0,0.0,0.0,,0.08,2.6354833333333336,2.5554833333333336,undervalued
Marko GrujiÄ‡,Hertha BSC,23.0,MF,2415.0,4.0,1.0,,14.5,12.821666666666667,-1.6783333333333328,overvalued
Vedad IbiĹˇeviÄ‡,Hertha BSC,34.0,FW,1257.0,7.0,2.0,,0.00075,0.7448950000000025,0.7441450000000025,fair
Rune Jarstein,Hertha BSC,34.0,GK,2547.0,0.0,0.0,,0.08,0.4193358333333326,0.33933583333333256,fair
Salomon Kalou,Hertha BSC,33.0,"FW,MF",146.0,1.0,0.0,,1.0,0.8342611666666669,-0.16573883333333306,fair
Lukas KlĂĽnter,Hertha BSC,23.0,DF,1878.0,0.0,2.0,,4.0,7.060600000000001,3.060600000000001,undervalued
Pascal KĂ¶pke,Hertha BSC,23.0,FW,121.0,0.0,0.0,,0.065,0.9548929999999988,0.8898929999999987,fair
Thomas Kraft,Hertha BSC,31.0,GK,360.0,0.0,0.0,,0.06,0.7167416666666676,0.6567416666666677,fair
Mathew Leckie,Hertha BSC,28.0,"DF,FW",195.0,0.0,0.0,,2.0,2.0257916666666675,0.025791666666667545,fair
Eduard LĂ¶wen,Hertha BSC,22.0,MF,314.0,0.0,0.0,,5.0,4.210412333333333,-0.7895876666666668,fair
Dodi Lukebakio,Hertha BSC,21.0,"FW,MF",2031.0,7.0,6.0,,17.0,26.076666666666668,9.076666666666668,undervalued
Arne Maier,Hertha BSC,20.0,MF,535.0,0.0,0.0,,15.0,10.57278466666667,-4.427215333333329,overvalued
Maximilian MittelstĂ¤dt,Hertha BSC,22.0,"DF,FW",1887.0,1.0,3.0,,11.0,10.481333333333332,-0.5186666666666682,fair
Jessic Ngankam,Hertha BSC,19.0,"FW,MF",85.0,0.0,1.0,,0.03,0.8147443333333344,0.7847443333333344,fair
Peter PekarĂ­k,Hertha BSC,32.0,DF,769.0,0.0,0.0,,0.0008,0.4753563333333339,0.47455633333333386,fair
Krzysztof PiÄ…tek,Hertha BSC,24.0,"FW,MF",909.0,4.0,1.0,,21.5,16.907166666666665,-4.592833333333335,overvalued
Marvin Plattenhardt,Hertha BSC,27.0,DF,1396.0,0.0,5.0,,5.0,5.659333333333333,0.6593333333333327,fair
Daishawn Redan,Hertha BSC,18.0,FW,21.0,0.0,0.0,,3.0,1.9998679999999982,-1.0001320000000018,fair
Karim Rekik,Hertha BSC,24.0,DF,1260.0,1.0,0.0,,9.0,5.304783333333333,-3.695216666666667,overvalued
Lazar Samardzic,Hertha BSC,17.0,MF,34.0,0.0,0.0,,0.05,0.49804166666666655,0.44804166666666656,fair
Davie Selke,Hertha BSC,24.0,FW,960.0,1.0,1.0,,8.0,7.394666666666667,-0.6053333333333333,fair
Dennis Smarsch,Hertha BSC,20.0,GK,151.0,0.0,0.0,,0.035,0.22431708333333242,0.18931708333333241,fair
Niklas Stark,Hertha BSC,24.0,DF,1731.0,1.0,0.0,,16.0,9.578833333333336,-6.4211666666666645,overvalued
Jordan Torunarigha,Hertha BSC,21.0,DF,1462.0,1.0,1.0,,6.0,6.489333333333334,0.4893333333333336,fair
Marius Wolf,Hertha BSC,24.0,"FW,MF",1410.0,1.0,3.0,,6.0,5.987,-0.0129999999999999,fair
Sargis Adamyan,Hoffenheim,26.0,"FW,MF",746.0,5.0,1.0,,4.0,5.621166666666666,1.6211666666666664,undervalued
Kevin Akpoguma,Hoffenheim,24.0,DF,1142.0,0.0,0.0,,4.0,4.834466666666667,0.8344666666666667,fair
Oliver Baumann,Hoffenheim,29.0,GK,2700.0,0.0,0.0,,5.0,5.52,0.5199999999999996,fair
Christoph Baumgartner,Hoffenheim,19.0,"MF,FW",1493.0,7.0,2.0,,5.0,15.8375,10.8375,undervalued
Ihlas Bebou,Hoffenheim,25.0,"FW,MF",2102.0,6.0,1.0,,8.0,7.836666666666667,-0.1633333333333331,fair
Maximilian Beier,Hoffenheim,16.0,FW,109.0,0.0,0.0,,0.03,1.1357565833333318,1.1057565833333318,fair
Ishak Belfodil,Hoffenheim,27.0,"FW,MF",269.0,0.0,0.0,,12.0,7.691300000000003,-4.308699999999997,overvalued
Ermin BiÄŤakÄŤiÄ‡,Hoffenheim,29.0,DF,1176.0,2.0,0.0,,2.4,2.8626666666666583,0.46266666666665834,fair
Leonardo Bittencourt,Hoffenheim,25.0,FW,3.0,0.0,0.0,,4.0,3.4739083333333336,-0.5260916666666664,fair
Melayro Bogarde,Hoffenheim,17.0,DF,51.0,0.0,0.0,,2.0,1.2838508333333327,-0.7161491666666673,fair
Jacob Bruun Larsen,Hoffenheim,20.0,"FW,MF",391.0,0.0,1.0,,11.0,8.049200000000003,-2.9507999999999974,overvalued
Moanes Dabour,Hoffenheim,27.0,FW,766.0,4.0,0.0,,8.0,7.424166666666666,-0.5758333333333336,fair
Ilay Elmkies,Hoffenheim,19.0,MF,1.0,0.0,0.0,,0.0525,0.25434999999999963,0.20184999999999964,fair
Dennis Geiger,Hoffenheim,21.0,MF,1136.0,0.0,3.0,,11.0,9.637666666666668,-1.362333333333332,fair
Vincenzo Grifo,Hoffenheim,26.0,MF,15.0,0.0,0.0,,5.0,2.483233333333331,-2.516766666666669,overvalued
Florian Grillitsch,Hoffenheim,23.0,"MF,DF",2408.0,0.0,3.0,,20.0,17.315833333333334,-2.684166666666666,overvalued
Benjamin HĂĽbner,Hoffenheim,30.0,DF,2070.0,1.0,4.0,,4.0,3.8948333333333336,-0.10516666666666641,fair
Pavel KadeĹ™Ăˇbek,Hoffenheim,27.0,"DF,MF",2474.0,2.0,7.0,,10.0,10.049166666666666,0.04916666666666636,fair
Andrej KramariÄ‡,Hoffenheim,28.0,"FW,MF",1422.0,12.0,2.0,,32.0,29.575,-2.4250000000000007,overvalued
JĂĽrgen Locadia,Hoffenheim,25.0,FW,530.0,4.0,0.0,,8.0,7.414833333333333,-0.5851666666666668,fair
HĂĄvard Nordtveit,Hoffenheim,29.0,DF,701.0,0.0,1.0,,1.6,4.7091666666666665,3.1091666666666664,undervalued
Philipp Pentke,Hoffenheim,34.0,GK,360.0,0.0,0.0,,0.03,0.25031666666666735,0.22031666666666735,fair
Stefan Posch,Hoffenheim,22.0,DF,2308.0,0.0,0.0,,11.0,10.225,-0.7750000000000004,fair
Sebastian Rudy,Hoffenheim,29.0,MF,2734.0,1.0,3.0,,5.0,5.548333333333333,0.5483333333333329,fair
Lukas Rupp,Hoffenheim,28.0,"MF,FW",340.0,0.0,0.0,,2.0,3.594275,1.594275,undervalued
Diadie SamassĂ©kou,Hoffenheim,23.0,MF,1310.0,0.0,1.0,,14.0,10.726833333333333,-3.2731666666666666,overvalued
Robert Skov,Hoffenheim,23.0,"DF,FW",2608.0,4.0,7.0,,10.0,12.598333333333333,2.5983333333333327,undervalued
Kostas Stafylidis,Hoffenheim,25.0,DF,398.0,1.0,0.0,,2.0,2.928685333333333,0.9286853333333331,fair
Kevin Vogt,Hoffenheim,27.0,DF,960.0,0.0,0.0,,8.0,4.137851666666666,-3.8621483333333337,overvalued
Steven Zuber,Hoffenheim,27.0,"DF,FW",749.0,2.0,0.0,,4.0,4.340408333333334,0.3404083333333343,fair
Lucien Agoume,Inter,17.0,MF,68.0,0.0,0.0,,3.0,2.475646666666666,-0.5243533333333339,fair
Kwadwo Asamoah,Inter,30.0,DF,639.0,0.0,1.0,,6.0,5.239800000000002,-0.7601999999999984,fair
NicolĂ˛ Barella,Inter,22.0,MF,2013.0,1.0,4.0,,36.0,30.16,-5.84,overvalued
Alessandro Bastoni,Inter,20.0,DF,1921.0,2.0,0.0,,31.0,26.805,-4.195,overvalued
Cristiano Biraghi,Inter,26.0,"DF,MF",1576.0,2.0,6.0,,9.0,12.196,3.1959999999999997,undervalued
Marcelo Brozovic,Inter,26.0,MF,2701.0,3.0,6.0,,40.0,32.842333333333336,-7.157666666666664,overvalued
Antonio Candreva,Inter,32.0,DF,1993.0,5.0,7.0,,5.0,7.260966666666667,2.2609666666666666,undervalued
Danilo D'Ambrosio,Inter,30.0,DF,1402.0,4.0,0.0,,10.0,9.699666666666667,-0.3003333333333327,fair
Federico Dimarco,Inter,21.0,"DF,MF",27.0,0.0,0.0,,4.0,2.9527249999999987,-1.0472750000000013,fair
Christian Eriksen,Inter,27.0,MF,703.0,1.0,2.0,,68.0,14.990283333333334,-53.00971666666666,overvalued
Sebastiano Esposito,Inter,17.0,FW,199.0,1.0,0.0,,9.0,7.519051000000001,-1.480948999999999,overvalued
Roberto Gagliardini,Inter,25.0,MF,1797.0,4.0,2.0,,12.0,15.869333333333334,3.8693333333333335,undervalued
Diego GodĂ­n,Inter,33.0,DF,1628.0,1.0,1.0,,8.0,5.895024999999998,-2.1049750000000023,overvalued
Samir HandanoviÄ‡,Inter,35.0,GK,3150.0,0.0,0.0,,4.0,1.494324999999999,-2.505675000000001,overvalued
Valentino Lazaro,Inter,23.0,"DF,MF",323.0,0.0,1.0,,15.0,11.790283333333335,-3.209716666666665,overvalued
Romelu Lukaku,Inter,26.0,FW,2979.0,23.0,2.0,,68.0,62.71333333333333,-5.286666666666669,overvalued
Lautaro MartĂ­nez,Inter,21.0,FW,2452.0,14.0,3.0,,64.0,52.611666666666665,-11.388333333333335,overvalued
Victor Moses,Inter,28.0,DF,420.0,0.0,3.0,,6.0,8.210012999999998,2.2100129999999982,undervalued
Daniele Padelli,Inter,33.0,GK,270.0,0.0,0.0,,0.065,1.506291666666665,1.441291666666665,undervalued
Lorenzo Pirola,Inter,17.0,DF,12.0,0.0,0.0,,0.09,0.986791666666666,0.896791666666666,fair
Matteo Politano,Inter,25.0,FW,259.0,0.0,0.0,,22.0,14.844294666666672,-7.155705333333328,overvalued
Andrea Ranocchia,Inter,31.0,DF,526.0,0.0,0.0,,2.0,3.0665500000000003,1.0665500000000003,fair
Alexis SĂˇnchez,Inter,30.0,FW,923.0,4.0,8.0,,16.0,17.848333333333333,1.8483333333333327,undervalued
Stefano Sensi,Inter,23.0,"MF,FW",723.0,3.0,2.0,,24.0,21.606333333333332,-2.393666666666668,overvalued
Milan Skriniar,Inter,24.0,DF,2627.0,0.0,0.0,,50.0,18.563,-31.437,overvalued
Borja Valero,Inter,34.0,MF,931.0,2.0,0.0,,1.0,1.9212016666666645,0.9212016666666645,fair
MatĂ­as Vecino,Inter,27.0,MF,1282.0,2.0,2.0,,18.0,17.26,-0.7399999999999984,fair
Stefan de Vrij,Inter,27.0,DF,2830.0,4.0,3.0,,48.0,39.81166666666667,-8.188333333333333,overvalued
Ashley Young,Inter,34.0,DF,1185.0,4.0,4.0,,3.0,3.953483333333333,0.9534833333333328,fair
Rodrigo Bentancur,Juventus,22.0,MF,2196.0,0.0,7.0,,40.0,39.875,-0.125,fair
Federico Bernardeschi,Juventus,25.0,"MF,FW",1571.0,1.0,1.0,,28.0,24.096,-3.904,overvalued
Leonardo Bonucci,Juventus,32.0,DF,3082.0,3.0,0.0,,20.0,16.935166666666667,-3.0648333333333326,overvalued
Gianluigi Buffon,Juventus,41.0,GK,810.0,0.0,0.0,,1.0,1.6387026666666658,0.6387026666666658,fair
Emre Can,Juventus,25.0,MF,284.0,0.0,0.0,,26.0,18.35175833333333,-7.648241666666671,overvalued
Giorgio Chiellini,Juventus,34.0,DF,202.0,1.0,0.0,,4.0,4.218869000000001,0.21886900000000065,fair
Douglas Costa,Juventus,28.0,"FW,MF",802.0,1.0,4.0,,24.0,25.855333333333334,1.8553333333333342,undervalued
Juan Cuadrado,Juventus,31.0,DF,2654.0,2.0,5.0,,14.0,17.093333333333334,3.0933333333333337,undervalued
Danilo,Juventus,28.0,DF,1440.0,2.0,0.0,,15.0,22.813000000000002,7.813000000000002,undervalued
Mattia De Sciglio,Juventus,26.0,DF,471.0,0.0,0.0,,9.0,10.04445,1.0444499999999994,fair
Merih Demiral,Juventus,21.0,DF,418.0,1.0,1.0,,27.0,23.006349999999998,-3.9936500000000024,overvalued
Paulo Dybala,Juventus,25.0,"FW,MF",2155.0,11.0,6.0,,72.0,50.181666666666665,-21.818333333333335,overvalued
Gianluca Frabotta,Juventus,20.0,DF,90.0,0.0,0.0,,0.0075,0.2428908333333339,0.23539083333333388,fair
Gonzalo HiguaĂ­n,Juventus,31.0,FW,1866.0,8.0,4.0,,25.0,22.02,-2.9800000000000004,overvalued
Sami Khedira,Juventus,32.0,MF,681.0,0.0,1.0,,5.0,4.565991666666665,-0.43400833333333466,fair
Matthijs de Ligt,Juventus,19.0,DF,2450.0,4.0,0.0,,67.0,53.02,-13.979999999999997,overvalued
Blaise Matuidi,Juventus,32.0,MF,2237.0,0.0,2.0,,10.0,9.613491666666665,-0.38650833333333523,fair
Simone Muratore,Juventus,21.0,MF,165.0,0.0,0.0,,0.0125,2.056724999999999,2.0442249999999986,undervalued
Marco Olivieri,Juventus,20.0,FW,30.0,0.0,0.0,,0.02,0.19642383333333388,0.1764238333333339,fair
Daouda Peeters,Juventus,20.0,MF,15.0,0.0,0.0,,0.01,0.4782175000000006,0.46821750000000056,fair
Carlo Pinsoglio,Juventus,29.0,GK,19.0,0.0,0.0,,0.04,0.17216666666666627,0.13216666666666627,fair
Miralem PjaniÄ‡,Juventus,29.0,MF,2277.0,3.0,6.0,,50.0,40.99666666666667,-9.00333333333333,overvalued
Adrien Rabiot,Juventus,24.0,MF,1912.0,1.0,1.0,,25.0,28.39183333333333,3.391833333333331,undervalued
Aaron Ramsey,Juventus,28.0,MF,1051.0,3.0,1.0,,28.0,26.285,-1.7149999999999999,overvalued
Cristiano Ronaldo,Juventus,34.0,FW,2917.0,31.0,5.0,,60.0,60.64833333333333,0.6483333333333334,fair
Daniele Rugani,Juventus,25.0,DF,690.0,0.0,0.0,,12.0,12.01325,0.013249999999999318,fair
Alex Sandro,Juventus,28.0,DF,2385.0,1.0,3.0,,35.0,35.172666666666665,0.17266666666666453,fair
Wojciech SzczÄ™sny,Juventus,29.0,GK,2591.0,0.0,0.0,,35.0,20.175,-14.825,overvalued
Giacomo Vrioni,Juventus,20.0,FW,12.0,0.0,0.0,,0.045,0.41480999999999885,0.36980999999999886,fair
Luca Zanimacchia,Juventus,21.0,FW,120.0,0.0,0.0,,0.025,0.2785672500000013,0.2535672500000013,fair
Matthias Bader,KĂ¶ln,22.0,DF,12.0,0.0,0.0,,0.04,0.30564166666666737,0.2656416666666674,fair
Sebastiaan Bornauw,KĂ¶ln,20.0,DF,2447.0,6.0,0.0,,11.0,14.512,3.5120000000000005,undervalued
Darko Churlinov,KĂ¶ln,19.0,FW,21.0,0.0,0.0,,0.0675,0.14114116666666676,0.07364116666666676,fair
Christian Clemens,KĂ¶ln,27.0,"MF,FW",16.0,0.0,0.0,,1.0,0.8085476666666662,-0.19145233333333378,fair
Jhon CĂłrdoba,KĂ¶ln,26.0,FW,1998.0,13.0,2.0,,9.0,13.778333333333334,4.778333333333334,undervalued
Rafael Czichos,KĂ¶ln,29.0,DF,2207.0,1.0,1.0,,1.0,1.4650416666666666,0.4650416666666666,fair
Dominick Drexler,KĂ¶ln,29.0,"MF,FW",1587.0,3.0,4.0,,3.0,6.352336,3.352336,undervalued
Kingsley Ehizibue,KĂ¶ln,24.0,DF,2329.0,1.0,1.0,,2.0,3.833533333333333,1.833533333333333,undervalued
Jonas Hector,KĂ¶ln,29.0,"MF,DF",2433.0,4.0,2.0,,6.0,5.912333333333334,-0.08766666666666634,fair
Marco HĂ¶ger,KĂ¶ln,29.0,MF,676.0,0.0,0.0,,1.0,1.2752083333333333,0.2752083333333333,fair
Timo Horn,KĂ¶ln,26.0,GK,3060.0,0.0,0.0,,4.0,5.8116666666666665,1.8116666666666665,undervalued
Ismail Jakobs,KĂ¶ln,19.0,"FW,DF",1672.0,2.0,2.0,,2.0,4.1209999999999996,2.1209999999999996,undervalued
Florian Kainz,KĂ¶ln,26.0,"FW,MF",1561.0,5.0,6.0,,2.0,5.238333333333333,3.2383333333333333,undervalued
Noah Katterbach,KĂ¶ln,18.0,DF,1316.0,0.0,0.0,,6.0,7.390333333333332,1.3903333333333316,undervalued
Toni Leistner,KĂ¶ln,28.0,DF,1012.0,0.0,0.0,,2.0,1.8300520000000007,-0.16994799999999932,fair
Jorge MerĂ©,KĂ¶ln,22.0,DF,619.0,1.0,0.0,,4.0,3.1322666666666663,-0.8677333333333337,fair
Anthony Modeste,KĂ¶ln,31.0,"FW,MF",1138.0,4.0,1.0,,3.0,3.076041666666667,0.07604166666666679,fair
Elvis RexhbeĂ§aj,KĂ¶ln,21.0,MF,623.0,0.0,3.0,,4.0,5.180641333333335,1.1806413333333348,fair
Marcel Risse,KĂ¶ln,29.0,"MF,FW",132.0,0.0,2.0,,1.0,2.034558333333333,1.034558333333333,fair
Louis Schaub,KĂ¶ln,24.0,MF,623.0,1.0,1.0,,3.0,3.4940833333333337,0.49408333333333365,fair
Kingsley Schindler,KĂ¶ln,26.0,"FW,MF",849.0,0.0,2.0,,1.0,1.3236823333333332,0.3236823333333332,fair
Benno Schmitz,KĂ¶ln,24.0,DF,1158.0,0.0,0.0,,0.08,0.672600000000002,0.592600000000002,fair
Ellyes Skhiri,KĂ¶ln,24.0,MF,2672.0,1.0,3.0,,6.0,7.053000000000002,1.0530000000000017,fair
Lasse Sobiech,KĂ¶ln,28.0,DF,90.0,0.0,0.0,,0.095,0.3430083333333328,0.2480083333333328,fair
Simon Terodde,KĂ¶ln,31.0,"FW,MF",813.0,3.0,1.0,,2.0,2.2921833333333335,0.29218333333333346,fair
Jan Thielmann,KĂ¶ln,17.0,"FW,MF",554.0,0.0,1.0,,2.0,3.5369000000000006,1.5369000000000006,undervalued
Mark Uth,KĂ¶ln,27.0,"MF,FW",1162.0,5.0,5.0,,7.5,11.565666666666665,4.065666666666665,undervalued
Birger Verstraete,KĂ¶ln,25.0,MF,665.0,0.0,1.0,,3.0,2.7634333333333334,-0.2365666666666666,fair
Francesco Acerbi,Lazio,31.0,DF,3162.0,2.0,2.0,,12.0,10.532025,-1.4679749999999991,overvalued
Bobby Adekanye,Lazio,20.0,FW,188.0,1.0,0.0,,0.0525,0.646859333333334,0.594359333333334,fair
Luis Alberto,Lazio,26.0,MF,3113.0,6.0,15.0,,50.0,45.60333333333333,-4.396666666666668,overvalued
Djavan Anderson,Lazio,24.0,"DF,MF",167.0,0.0,0.0,,0.03,1.6560999999999921,1.626099999999992,undervalued
NicolĂ˛ Armini,Lazio,18.0,DF,3.0,0.0,0.0,,0.02,0.2913819999999995,0.27138199999999946,fair
Bastos,Lazio,28.0,DF,765.0,1.0,0.0,,2.7,2.967466666666677,0.26746666666667673,fair
Valon Berisha,Lazio,26.0,"MF,FW",33.0,0.0,0.0,,4.0,3.2589749999999973,-0.7410250000000027,fair
Felipe Caicedo,Lazio,30.0,FW,1406.0,9.0,2.0,,4.0,6.453335833333334,2.453335833333334,undervalued
Danilo Cataldi,Lazio,24.0,MF,592.0,1.0,0.0,,3.0,3.0776000000000003,0.07760000000000034,fair
JoaquĂ­n Correa,Lazio,24.0,"FW,MF",2002.0,9.0,2.0,,30.0,24.16,-5.84,overvalued
Luca Falbo,Lazio,19.0,DF,2.0,0.0,0.0,,0.01,0.27218600000000026,0.26218600000000025,fair
Luiz Felipe,Lazio,22.0,DF,2024.0,1.0,1.0,,22.0,15.777666666666667,-6.222333333333333,overvalued
Ciro Immobile,Lazio,29.0,FW,3170.0,36.0,9.0,,40.0,87.05166666666666,47.05166666666666,undervalued
Jony,Lazio,28.0,DF,1177.0,0.0,1.0,,5.0,4.005016666666669,-0.9949833333333311,fair
Manuel Lazzari,Lazio,25.0,DF,2548.0,0.0,3.0,,14.0,9.077333333333332,-4.922666666666668,overvalued
Lucas Leiva,Lazio,32.0,MF,1808.0,0.0,1.0,,6.0,4.938199999999999,-1.0618000000000007,fair
Anderson Lima,Lazio,19.0,MF,62.0,0.0,0.0,,0.0008,0.2972139999999994,0.2964139999999994,fair
Jordan Lukaku,Lazio,25.0,DF,396.0,0.0,2.0,,4.0,3.800932666666668,-0.19906733333333193,fair
Senad LuliÄ‡,Lazio,33.0,DF,1573.0,0.0,2.0,,2.5,1.910144333333333,-0.589855666666667,fair
Adam MaruĹˇiÄ‡,Lazio,26.0,DF,942.0,2.0,1.0,,5.5,4.5257000000000005,-0.9742999999999995,fair
Sergej MilinkoviÄ‡-SaviÄ‡,Lazio,24.0,MF,3029.0,7.0,4.0,,64.0,48.876666666666665,-15.123333333333335,overvalued
Marco Parolo,Lazio,34.0,MF,1700.0,1.0,0.0,,1.0,1.370657000000003,0.3706570000000029,fair
Patric,Lazio,26.0,DF,1670.0,0.0,0.0,,9.0,7.1261833333333335,-1.8738166666666665,overvalued
Čtefan Radu,Lazio,32.0,DF,2306.0,1.0,0.0,,4.0,4.0648,0.06479999999999997,fair
Thomas Strakosha,Lazio,24.0,GK,3420.0,0.0,0.0,,20.0,19.06,-0.9400000000000013,fair
Denis Vavro,Lazio,23.0,DF,328.0,0.0,0.0,,6.0,4.853116666666666,-1.1468833333333341,fair
Khouma Babacar,Lecce,26.0,FW,1422.0,3.0,0.0,,5.0,4.202441666666666,-0.7975583333333338,fair
AntonĂ­n BarĂˇk,Lecce,24.0,MF,1369.0,2.0,1.0,,8.0,6.446416666666666,-1.553583333333334,overvalued
Romario Benzar,Lecce,27.0,DF,97.0,0.0,0.0,,1.0,0.910432666666667,-0.089567333333333,fair
Marco Calderoni,Lecce,30.0,DF,2064.0,3.0,2.0,,0.08,0.8924166666666703,0.8124166666666703,fair
Alessandro Deiola,Lecce,23.0,MF,717.0,1.0,1.0,,0.095,1.5156583333333378,1.4206583333333378,undervalued
Cristian Dell'Orco,Lecce,25.0,DF,1007.0,0.0,1.0,,0.065,0.9018166666666658,0.8368166666666659,fair
Giulio Donati,Lecce,29.0,DF,1760.0,1.0,0.0,,0.08,0.6319500000000028,0.5519500000000028,fair
Edgaras Dubickas,Lecce,21.0,DF,3.0,0.0,0.0,,0.0075,0.0806083333333334,0.07310833333333341,fair
Filippo Falco,Lecce,27.0,"FW,MF",2014.0,4.0,6.0,,3.0,5.487666666666668,2.4876666666666676,undervalued
Diego Farias,Lecce,29.0,"FW,MF",824.0,2.0,0.0,,3.0,3.0042276666666656,0.00422766666666563,fair
Gabriel,Lecce,26.0,GK,2997.0,0.0,0.0,,0.0009,8.676666666666666,8.675766666666666,undervalued
Giannelli Imbula,Lecce,26.0,MF,130.0,0.0,0.0,,2.0,1.5542113333333332,-0.44578866666666683,fair
Andrea La Mantia,Lecce,28.0,FW,553.0,2.0,0.0,,2.0,2.556333333333334,0.5563333333333338,fair
Gianluca Lapadula,Lecce,29.0,FW,1784.0,11.0,0.0,,4.0,5.479933333333333,1.4799333333333333,undervalued
Fabio Lucioni,Lecce,31.0,DF,3132.0,3.0,0.0,,0.0725,1.4991666666666636,1.4266666666666636,undervalued
Ĺ˝an Majer,Lecce,27.0,MF,1664.0,1.0,1.0,,1.6,2.6452666666666755,1.0452666666666754,fair
Marco Mancosu,Lecce,30.0,"MF,FW",2440.0,14.0,2.0,,2.0,8.079333333333334,6.079333333333334,undervalued
Biagio Meccariello,Lecce,28.0,DF,768.0,1.0,0.0,,0.055,2.363858333333337,2.308858333333337,undervalued
Ilario Monterisi,Lecce,17.0,DF,3.0,0.0,0.0,,0.0075,0.0689275000000001,0.0614275000000001,fair
NehuĂ©n Paz,Lecce,26.0,DF,844.0,0.0,0.0,,0.0325,0.44842333333333273,0.41592333333333276,fair
Jacopo Petriccione,Lecce,24.0,MF,2138.0,0.0,5.0,,2.0,5.6073,3.6073000000000004,undervalued
Davide Riccardi,Lecce,23.0,DF,20.0,0.0,0.0,,0.015,0.5763833333333335,0.5613833333333335,fair
Andrea Rispoli,Lecce,30.0,DF,1909.0,0.0,0.0,,0.08,0.6095250000000021,0.5295250000000021,fair
Luca Rossettini,Lecce,34.0,DF,2261.0,0.0,2.0,,0.04,0.1258213333333328,0.0858213333333328,fair
Riccardo Saponara,Lecce,27.0,"MF,FW",947.0,2.0,4.0,,2.0,4.325,2.325,undervalued
Yevgen Shakhov,Lecce,28.0,"MF,FW",1085.0,1.0,2.0,,1.5,2.6607416666666674,1.1607416666666674,fair
Andrea Tabanelli,Lecce,29.0,MF,964.0,1.0,0.0,,0.0725,0.9890609999999975,0.9165609999999975,fair
Panagiotis Tachtsidis,Lecce,28.0,MF,2003.0,0.0,2.0,,0.095,2.006683333333342,1.911683333333342,undervalued
Brayan Vera,Lecce,20.0,"DF,MF",155.0,0.0,1.0,,0.045,0.3405249166666676,0.29552491666666764,fair
Mauro Vigorito,Lecce,29.0,GK,423.0,0.0,0.0,,0.065,0.6447053333333331,0.5797053333333331,fair
Ibrahim Amadou,LeganĂ©s,26.0,MF,770.0,0.0,0.0,,5.0,3.8471773333333332,-1.1528226666666668,fair
Miguel Ăngel Guerrero,LeganĂ©s,29.0,FW,790.0,1.0,0.0,,1.0,3.255261666666669,2.255261666666669,undervalued
JosĂ© Arnaiz,LeganĂ©s,24.0,"MF,FW",337.0,0.0,0.0,,2.0,1.717808333333334,-0.28219166666666595,fair
Roger AssalĂ©,LeganĂ©s,25.0,"FW,MF",531.0,2.0,1.0,,6.0,5.059869333333333,-0.9401306666666667,fair
Javier AvilĂ©s,LeganĂ©s,21.0,"MF,FW",184.0,1.0,1.0,,0.3,1.7270916666666722,1.4270916666666722,undervalued
Chidozie Awaziem,LeganĂ©s,22.0,DF,1997.0,0.0,0.0,,4.0,4.589333333333333,0.5893333333333333,fair
Martin Braithwaite,LeganĂ©s,28.0,"FW,MF",1934.0,6.0,1.0,,9.0,7.715,-1.2850000000000001,fair
Bryan,LeganĂ©s,18.0,"MF,FW",558.0,1.0,0.0,,9.0,6.267399999999996,-2.732600000000004,overvalued
Unai Bustinza,LeganĂ©s,27.0,DF,2684.0,0.0,1.0,,3.0,3.5083333333333333,0.5083333333333333,fair
Guido Carrillo,LeganĂ©s,28.0,FW,1213.0,1.0,2.0,,4.0,4.272166666666666,0.2721666666666662,fair
IvĂˇn CuĂ©llar,LeganĂ©s,35.0,GK,2429.0,0.0,0.0,,0.065,0.11122000000000004,0.04622000000000004,fair
Youssef En-Nesyri,LeganĂ©s,22.0,FW,1385.0,4.0,2.0,,12.0,10.200666666666667,-1.7993333333333332,overvalued
Javier Eraso,LeganĂ©s,29.0,"MF,FW",815.0,0.0,0.0,,0.0008,1.3047716666666727,1.3039716666666727,undervalued
Manuel Garrido,LeganĂ©s,18.0,FW,115.0,0.0,0.0,,5e-05,0.13207766666666715,0.13202766666666715,fair
Sabin Merino,LeganĂ©s,27.0,FW,78.0,0.0,0.0,,0.08,0.5495263333333346,0.46952633333333454,fair
Roque Mesa,LeganĂ©s,30.0,MF,2012.0,1.0,3.0,,5.0,4.481933333333335,-0.5180666666666651,fair
Marc Navarro,LeganĂ©s,24.0,DF,219.0,0.0,0.0,,1.0,0.9785443333333332,-0.02145566666666676,fair
Kenneth Omeruo,LeganĂ©s,25.0,DF,1874.0,1.0,0.0,,2.0,2.306833333333333,0.30683333333333307,fair
RubĂ©n PĂ©rez,LeganĂ©s,30.0,MF,2194.0,1.0,1.0,,6.0,4.809416666666666,-1.1905833333333344,fair
Recio,LeganĂ©s,28.0,MF,1570.0,0.0,0.0,,2.0,2.0225333333333335,0.022533333333333516,fair
Cristian Rivera,LeganĂ©s,22.0,MF,311.0,0.0,0.0,,1.0,1.0353706666666673,0.03537066666666733,fair
KĂ©vin Rodrigues,LeganĂ©s,25.0,"DF,MF",1931.0,1.0,2.0,,2.0,3.8363333333333336,1.8363333333333336,undervalued
Ă“scar RodrĂ­guez Arnaiz,LeganĂ©s,21.0,"MF,FW",1914.0,9.0,2.0,,15.0,14.233333333333333,-0.7666666666666675,fair
Roberto Rosales,LeganĂ©s,30.0,DF,1871.0,0.0,1.0,,1.0,1.7610803333333336,0.7610803333333336,fair
Aitor Ruibal,LeganĂ©s,23.0,"DF,FW",1220.0,0.0,0.0,,0.095,1.372919333333339,1.277919333333339,fair
Jonathan Silva,LeganĂ©s,25.0,DF,2785.0,1.0,2.0,,3.0,3.708,0.7080000000000002,fair
Dimitris Siovas,LeganĂ©s,30.0,DF,1918.0,0.0,0.0,,3.0,2.6535000000000006,-0.34649999999999936,fair
Juan Soriano,LeganĂ©s,21.0,GK,990.0,0.0,0.0,,1.0,1.9817833333333337,0.9817833333333337,fair
Rodrigo TarĂ­n,LeganĂ©s,23.0,DF,951.0,0.0,0.0,,1.2,2.4762780000000006,1.2762780000000007,fair
Marc Albrighton,Leicester City,29.0,"MF,DF",867.0,0.0,3.0,,8.0,5.990505333333333,-2.009494666666667,overvalued
Harvey Barnes,Leicester City,21.0,"MF,FW",2083.0,6.0,8.0,,17.0,20.868333333333332,3.8683333333333323,undervalued
Ryan Bennett,Leicester City,29.0,DF,331.0,0.0,0.0,,4.0,3.5230666666666663,-0.47693333333333365,fair
Ben Chilwell,Leicester City,22.0,DF,2373.0,3.0,3.0,,40.0,26.401666666666667,-13.598333333333333,overvalued
Hamza Choudhury,Leicester City,21.0,MF,893.0,1.0,1.0,,8.0,8.532333333333336,0.5323333333333355,fair
Jonny Evans,Leicester City,31.0,DF,3383.0,1.0,1.0,,12.0,10.6125,-1.3874999999999993,fair
Christian Fuchs,Leicester City,33.0,DF,772.0,0.0,0.0,,1.0,0.6667330000000008,-0.3332669999999992,fair
Demarai Gray,Leicester City,23.0,"MF,FW",622.0,2.0,3.0,,14.0,13.296836,-0.7031639999999992,fair
George Hirst,Leicester City,20.0,FW,11.0,0.0,0.0,,0.045,2.4281108333333306,2.3831108333333306,undervalued
Kelechi Iheanacho,Leicester City,22.0,FW,960.0,5.0,3.0,,12.0,13.035,1.0350000000000001,fair
Matty James,Leicester City,28.0,MF,6.0,0.0,0.0,,1.0,2.679674999999999,1.6796749999999991,undervalued
James Justin,Leicester City,21.0,DF,1012.0,0.0,1.0,,3.0,4.252233333333333,1.2522333333333329,fair
James Maddison,Leicester City,22.0,MF,2624.0,6.0,3.0,,48.0,39.32333333333333,-8.67666666666667,overvalued
Nampalys Mendy,Leicester City,27.0,MF,291.0,0.0,0.0,,5.0,4.122925,-0.8770749999999996,fair
Wes Morgan,Leicester City,35.0,DF,436.0,0.0,0.0,,1.0,1.0020333333333336,0.0020333333333335535,fair
Wilfred Ndidi,Leicester City,22.0,MF,2674.0,2.0,1.0,,36.0,33.63,-2.3699999999999974,overvalued
Ricardo Pereira,Leicester City,25.0,DF,2520.0,3.0,2.0,,32.0,30.925,-1.0749999999999993,fair
Ayoze PĂ©rez,Leicester City,26.0,"MF,FW",2004.0,8.0,4.0,,24.0,16.831,-7.1690000000000005,overvalued
Dennis Praet,Leicester City,25.0,MF,1134.0,1.0,2.0,,19.0,14.212341666666665,-4.787658333333335,overvalued
Kasper Schmeichel,Leicester City,32.0,GK,3420.0,0.0,0.0,,9.0,7.3523499999999995,-1.6476500000000005,overvalued
Ă‡aÄźlar SĂ¶yĂĽncĂĽ,Leicester City,23.0,DF,3036.0,1.0,1.0,,40.0,30.04,-9.96,overvalued
Luke Thomas,Leicester City,19.0,DF,267.0,0.0,1.0,,1.0,2.5007693333333325,1.5007693333333325,undervalued
Youri Tielemans,Leicester City,22.0,MF,2828.0,3.0,6.0,,44.0,36.72,-7.280000000000001,overvalued
Jamie Vardy,Leicester City,32.0,FW,3033.0,23.0,5.0,,16.0,29.946666666666665,13.946666666666665,undervalued
Enis Bardhi,Levante,24.0,MF,2114.0,7.0,2.0,,12.0,10.016666666666667,-1.9833333333333325,overvalued
Erick Cabaco,Levante,24.0,DF,809.0,0.0,0.0,,4.0,3.2093333333333325,-0.7906666666666675,fair
JosĂ© CampaĂ±a,Levante,26.0,MF,3156.0,2.0,7.0,,12.0,14.443333333333333,2.4433333333333334,undervalued
Carlos Clerc,Levante,27.0,DF,1848.0,0.0,2.0,,2.0,2.453533333333333,0.4535333333333331,fair
Coke,Levante,32.0,DF,989.0,1.0,0.0,,1.0,1.259633333333334,0.25963333333333405,fair
Ă“scar Duarte,Levante,30.0,DF,485.0,0.0,0.0,,0.0725,0.6172999999999992,0.5447999999999992,fair
Aitor FernĂˇndez,Levante,28.0,GK,3240.0,0.0,0.0,,8.0,7.526666666666666,-0.4733333333333336,fair
HernĂ˘ni Fortes,Levante,27.0,"MF,FW",654.0,2.0,0.0,,2.0,2.3695019999999998,0.3695019999999998,fair
Bruno GonzĂˇlez,Levante,29.0,DF,456.0,0.0,0.0,,1.0,1.0227316666666666,0.022731666666666595,fair
Giorgi Kochorashvili,Levante,20.0,MF,2.0,0.0,0.0,,0.01,0.3412016666666666,0.3312016666666666,fair
Sergio LeĂłn,Levante,30.0,FW,672.0,1.0,0.0,,2.0,1.882691666666667,-0.1173083333333329,fair
JosĂ© Luis Morales,Levante,32.0,"FW,MF",2519.0,4.0,2.0,,6.0,1.6187666666666658,-4.381233333333334,overvalued
Roger MartĂ­,Levante,28.0,FW,2267.0,11.0,1.0,,8.0,9.383333333333333,1.3833333333333329,undervalued
Pablo MartĂ­nez,Levante,21.0,"MF,FW",33.0,0.0,0.0,,0.025,0.18469166666666603,0.15969166666666604,fair
Borja Mayoral,Levante,22.0,FW,2140.0,8.0,2.0,,3.0,10.500666666666666,7.500666666666666,undervalued
Gonzalo Melero,Levante,25.0,MF,1236.0,2.0,1.0,,3.0,3.575666666666666,0.5756666666666659,fair
Jorge MiramĂłn,Levante,30.0,DF,2432.0,0.0,3.0,,2.0,2.583669333333333,0.5836693333333329,fair
Sergio Postigo,Levante,30.0,DF,2374.0,1.0,1.0,,1.0,1.649,0.649,fair
Nemanja Radoja,Levante,26.0,MF,1993.0,1.0,0.0,,3.0,4.261966666666666,1.261966666666666,fair
RubĂ©n Rochina,Levante,28.0,MF,1875.0,5.0,3.0,,3.0,3.7229999999999994,0.7229999999999994,fair
ToĂ±o,Levante,29.0,DF,1589.0,0.0,2.0,,0.0008,0.820135999999999,0.819335999999999,fair
RĂşben Vezo,Levante,25.0,DF,2610.0,0.0,0.0,,4.0,3.7598333333333334,-0.24016666666666664,fair
Nikola Vukcevic,Levante,27.0,MF,1569.0,0.0,2.0,,3.0,2.0192393333333354,-0.9807606666666646,fair
Lucas Alario,Leverkusen,26.0,FW,1174.0,7.0,1.0,,13.0,10.9105,-2.0894999999999992,overvalued
Nadiem Amiri,Leverkusen,22.0,"MF,FW",1857.0,1.0,2.0,,16.0,16.902666666666665,0.902666666666665,fair
Charles ArĂˇnguiz,Leverkusen,30.0,MF,2118.0,1.0,3.0,,12.0,4.768733333333334,-7.231266666666666,overvalued
Leon Bailey,Leverkusen,21.0,"FW,MF",1090.0,5.0,3.0,,29.0,12.475666666666665,-16.524333333333335,overvalued
Julian Baumgartlinger,Leverkusen,31.0,MF,1791.0,2.0,2.0,,2.0,2.3529999999999998,0.35299999999999976,fair
Karim Bellarabi,Leverkusen,29.0,"FW,DF",1424.0,4.0,6.0,,12.0,11.537666666666667,-0.4623333333333335,fair
Lars Bender,Leverkusen,30.0,"DF,MF",1373.0,2.0,1.0,,7.0,5.739,-1.2610000000000001,fair
Sven Bender,Leverkusen,30.0,DF,2726.0,2.0,1.0,,7.0,4.582333333333335,-2.4176666666666646,overvalued
Kerem Demirbay,Leverkusen,26.0,MF,1573.0,1.0,5.0,,24.0,10.27833333333334,-13.72166666666666,overvalued
Moussa Diaby,Leverkusen,20.0,"FW,MF",1771.0,5.0,5.0,,27.0,24.84,-2.16,overvalued
Aleksandar DragoviÄ‡,Leverkusen,28.0,DF,1029.0,0.0,0.0,,5.2,5.092602000000015,-0.10739799999998478,fair
Kai Havertz,Leverkusen,20.0,"MF,FW",2454.0,12.0,6.0,,81.0,67.94333333333333,-13.056666666666672,overvalued
LukĂˇĹˇ HrĂˇdeckĂ˝,Leverkusen,29.0,GK,3060.0,0.0,0.0,,8.0,8.336666666666666,0.336666666666666,fair
Exequiel Palacios,Leverkusen,20.0,MF,177.0,0.0,0.0,,22.0,16.078927416666673,-5.921072583333327,overvalued
Paulinho,Leverkusen,19.0,"MF,FW",304.0,3.0,2.0,,13.5,11.3572,-2.1427999999999994,overvalued
Joel Pohjanpalo,Leverkusen,24.0,MF,2.0,0.0,0.0,,0.08,5.273033333333321,5.193033333333321,undervalued
Panagiotis Retsos,Leverkusen,20.0,DF,114.0,0.0,0.0,,8.0,8.054612833333332,0.05461283333333178,fair
Daley Sinkgraven,Leverkusen,24.0,DF,909.0,0.0,1.0,,4.0,4.344950000000002,0.34495000000000164,fair
Jonathan Tah,Leverkusen,23.0,DF,2092.0,0.0,1.0,,29.0,22.04793333333333,-6.952066666666671,overvalued
Edmond Tapsoba,Leverkusen,20.0,DF,1058.0,0.0,0.0,,18.0,14.089166666666667,-3.9108333333333327,overvalued
Kevin Volland,Leverkusen,27.0,FW,2047.0,10.0,7.0,,28.0,31.743333333333332,3.7433333333333323,undervalued
Mitchell Weiser,Leverkusen,25.0,DF,1172.0,1.0,0.0,,8.0,6.900175000000001,-1.0998249999999992,fair
Wendell,Leverkusen,26.0,DF,1903.0,0.0,2.0,,7.5,9.249333333333333,1.7493333333333325,undervalued
Florian Wirtz,Leverkusen,16.0,"FW,MF",367.0,1.0,0.0,,24.0,18.86996866666667,-5.130031333333331,overvalued
Benjamin AndrĂ©,Lille,28.0,MF,2054.0,2.0,1.0,,8.0,7.035058333333333,-0.9649416666666673,fair
Luiz AraĂşjo,Lille,23.0,"FW,MF",828.0,2.0,1.0,,5.0,4.748166666666668,-0.251833333333332,fair
Jonathan Bamba,Lille,23.0,"FW,MF",1937.0,1.0,4.0,,16.0,10.507666666666667,-5.492333333333333,overvalued
Domagoj BradariÄ‡,Lille,19.0,DF,1419.0,0.0,1.0,,6.0,7.5380666666666665,1.5380666666666665,undervalued
Zeki Ă‡elik,Lille,22.0,DF,2070.0,0.0,2.0,,20.0,14.762333333333332,-5.237666666666668,overvalued
Tiago DjalĂł,Lille,19.0,DF,661.0,0.0,0.0,,4.0,3.8819166666666636,-0.11808333333333643,fair
Gabriel Dos Santos,Lille,21.0,DF,2087.0,1.0,0.0,,28.0,9.65,-18.35,overvalued
JosĂ© Fonte,Lille,35.0,DF,2205.0,1.0,1.0,,1.0,0.8487746666666672,-0.15122533333333277,fair
NicolĂˇs GaitĂˇn,Lille,31.0,"MF,FW",54.0,0.0,0.0,,3.0,2.6782999999999983,-0.32170000000000165,fair
Jonathan Ikone,Lille,21.0,"MF,FW",2057.0,3.0,6.0,,36.0,19.921666666666667,-16.078333333333333,overvalued
Thiago Maia,Lille,22.0,MF,48.0,0.0,0.0,,3.0,3.1024416666666657,0.10244166666666565,fair
Mike Maignan,Lille,23.0,GK,2520.0,0.0,0.0,,17.0,13.88,-3.119999999999999,overvalued
Reinildo Mandava,Lille,25.0,DF,1110.0,0.0,0.0,,2.0,3.203566666666664,1.203566666666664,fair
Cheikh Niasse,Lille,19.0,MF,15.0,0.0,0.0,,0.015,0.3714570000000005,0.35645700000000047,fair
Jean Onana,Lille,19.0,MF,79.0,0.0,0.0,,0.005,1.3191859999999975,1.3141859999999976,undervalued
Victor Osimhen,Lille,20.0,FW,2287.0,13.0,4.0,,27.0,33.92666666666667,6.926666666666669,undervalued
Abou Ouattara,Lille,19.0,MF,9.0,0.0,0.0,,0.01,0.24928466666666674,0.23928466666666673,fair
JĂ©rĂ©my Pied,Lille,30.0,DF,450.0,0.0,0.0,,2.0,1.9600333333333333,-0.039966666666666706,fair
LoĂŻc RĂ©my,Lille,32.0,FW,963.0,7.0,0.0,,2.0,2.5193016666666668,0.5193016666666668,fair
Renato Sanches,Lille,21.0,"MF,FW",1483.0,3.0,1.0,,16.0,12.166699999999999,-3.8333000000000013,overvalued
Adama Soumaoro,Lille,27.0,DF,415.0,1.0,0.0,,8.0,2.5595579999999982,-5.440442000000002,overvalued
Boubakary SoumarĂ©,Lille,20.0,MF,1213.0,0.0,0.0,,24.0,16.674933333333342,-7.3250666666666575,overvalued
Timothy Weah,Lille,19.0,MF,85.0,0.0,0.0,,7.0,4.380270000000004,-2.619729999999996,overvalued
Xeka,Lille,24.0,MF,709.0,0.0,0.0,,7.0,5.433783333333332,-1.5662166666666684,overvalued
Yusuf YazÄ±cÄ±,Lille,22.0,"MF,FW",848.0,1.0,4.0,,13.0,12.643266666666666,-0.35673333333333446,fair
AdriĂˇn,Liverpool,32.0,GK,875.0,0.0,0.0,,4.0,6.7147193333333295,2.7147193333333295,undervalued
Trent Alexander-Arnold,Liverpool,20.0,DF,3175.0,4.0,13.0,,99.0,54.53,-44.47,overvalued
Alisson,Liverpool,26.0,GK,2543.0,0.0,1.0,,72.0,38.663333333333334,-33.336666666666666,overvalued
Virgil van Dijk,Liverpool,28.0,DF,3420.0,5.0,1.0,,80.0,70.08666666666667,-9.913333333333327,overvalued
Harvey Elliot,Liverpool,16.0,DF,8.0,0.0,0.0,,4.0,5.017108333333334,1.0171083333333337,fair
Fabinho,Liverpool,25.0,MF,2079.0,2.0,3.0,,56.0,48.791666666666664,-7.208333333333336,overvalued
Roberto Firmino,Liverpool,27.0,FW,2988.0,9.0,8.0,,72.0,59.61666666666667,-12.383333333333333,overvalued
Joe Gomez,Liverpool,22.0,DF,2004.0,0.0,0.0,,33.0,38.64533333333333,5.645333333333333,undervalued
Jordan Henderson,Liverpool,29.0,MF,2238.0,4.0,5.0,,28.0,27.615,-0.38500000000000156,fair
Curtis Jones,Liverpool,18.0,MF,126.0,1.0,0.0,,1.0,6.702000000000001,5.702000000000001,undervalued
Naby KeĂŻta,Liverpool,24.0,MF,815.0,2.0,3.0,,33.0,31.533333333333335,-1.466666666666665,overvalued
Adam Lallana,Liverpool,31.0,"MF,FW",382.0,1.0,1.0,,9.0,8.835199999999999,-0.1648000000000014,fair
Dejan Lovren,Liverpool,30.0,DF,777.0,0.0,1.0,,16.0,9.57340266666667,-6.42659733333333,overvalued
Sadio ManĂ©,Liverpool,27.0,FW,2747.0,18.0,7.0,,120.0,88.405,-31.595,overvalued
JoĂ«l Matip,Liverpool,27.0,DF,703.0,1.0,0.0,,32.0,27.092000000000002,-4.907999999999998,overvalued
James Milner,Liverpool,33.0,"MF,DF",937.0,2.0,2.0,,6.0,6.417032166666666,0.4170321666666661,fair
Takumi Minamino,Liverpool,24.0,"FW,MF",249.0,0.0,0.0,,10.0,14.922344333333333,4.922344333333333,undervalued
Divock Origi,Liverpool,24.0,FW,717.0,4.0,1.0,,16.0,17.575316666666666,1.5753166666666658,undervalued
Alex Oxlade-Chamberlain,Liverpool,25.0,"MF,FW",1485.0,4.0,1.0,,28.0,29.09433333333333,1.0943333333333314,fair
Andrew Robertson,Liverpool,25.0,DF,3111.0,2.0,12.0,,64.0,57.156666666666666,-6.843333333333334,overvalued
Mohamed Salah,Liverpool,27.0,FW,2876.0,19.0,10.0,,120.0,104.18666666666667,-15.813333333333333,overvalued
Xherdan Shaqiri,Liverpool,27.0,FW,185.0,1.0,0.0,,16.0,14.784666666666665,-1.2153333333333354,fair
Georginio Wijnaldum,Liverpool,28.0,MF,2935.0,4.0,0.0,,40.0,44.69166666666667,4.69166666666667,undervalued
Neco Williams,Liverpool,18.0,DF,230.0,0.0,0.0,,4.0,6.305467666666667,2.305467666666667,undervalued
Joachim Andersen,Lyon,23.0,DF,1531.0,1.0,0.0,,16.0,13.001700000000001,-2.9982999999999986,overvalued
Houssem Aouar,Lyon,21.0,MF,1956.0,3.0,4.0,,49.0,38.70333333333333,-10.296666666666667,overvalued
Melvin Bard,Lyon,18.0,DF,45.0,0.0,0.0,,4.5,3.474250000000002,-1.0257499999999982,fair
Maxence Caqueret,Lyon,19.0,MF,568.0,0.0,0.0,,7.0,7.0777166666666655,0.07771666666666555,fair
Rayan Cherki,Lyon,15.0,"MF,FW",143.0,0.0,0.0,,18.0,12.071077000000002,-5.9289229999999975,overvalued
Maxwel Cornet,Lyon,22.0,"FW,DF",1330.0,4.0,3.0,,10.0,10.084333333333333,0.08433333333333337,fair
Moussa DembĂ©lĂ©,Lyon,23.0,FW,2188.0,16.0,2.0,,40.0,35.473333333333336,-4.526666666666664,overvalued
Jason Denayer,Lyon,24.0,DF,2131.0,0.0,1.0,,12.0,7.6057333333333315,-4.3942666666666685,overvalued
Memphis Depay,Lyon,25.0,"FW,MF",1018.0,9.0,2.0,,44.0,35.526666666666664,-8.473333333333336,overvalued
Leo Dubois,Lyon,24.0,DF,1346.0,0.0,0.0,,14.0,11.692033333333333,-2.307966666666667,overvalued
Amine Gouiri,Lyon,19.0,FW,1.0,0.0,0.0,,4.0,2.350075,-1.649925,overvalued
Youssouf KonĂ©,Lyon,24.0,DF,818.0,0.0,0.0,,6.0,5.474966666666669,-0.5250333333333312,fair
Anthony Lopes,Lyon,28.0,GK,2340.0,0.0,0.0,,17.0,17.081933333333332,0.08193333333333186,fair
Jean Lucas,Lyon,21.0,MF,200.0,1.0,0.0,,4.5,4.1949499999999995,-0.3050500000000005,fair
Fernando Marcal,Lyon,30.0,DF,829.0,0.0,1.0,,2.4,2.362069333333326,-0.03793066666667411,fair
Marcelo,Lyon,32.0,DF,1503.0,0.0,0.0,,3.0,3.214508333333333,0.21450833333333286,fair
Thiago Mendes,Lyon,27.0,MF,1812.0,0.0,6.0,,16.0,14.575200000000004,-1.4247999999999958,overvalued
Rafael,Lyon,29.0,DF,700.0,0.0,0.0,,5.0,3.2332666666666654,-1.7667333333333346,overvalued
Jeff Reine-AdĂ©laĂŻde,Lyon,21.0,"MF,FW",783.0,2.0,1.0,,22.0,6.668841666666668,-15.331158333333331,overvalued
Oumar Solet,Lyon,19.0,DF,9.0,0.0,0.0,,0.09,1.380324999999997,1.2903249999999968,undervalued
Ciprian TÄtÄruČ™anu,Lyon,33.0,GK,180.0,0.0,0.0,,0.7,1.9577999999999982,1.2577999999999983,fair
Martin Terrier,Lyon,22.0,"FW,MF",1198.0,1.0,2.0,,10.0,8.914666666666665,-1.0853333333333346,fair
Kenny Tete,Lyon,23.0,DF,1072.0,0.0,1.0,,5.0,5.795216666666667,0.7952166666666667,fair
Karl Toko Ekambi,Lyon,26.0,FW,538.0,2.0,1.0,,14.0,9.701966666666667,-4.298033333333333,overvalued
Lucas Tousart,Lyon,22.0,MF,1763.0,2.0,2.0,,16.0,17.22126666666667,1.2212666666666685,fair
Bertrand TraorĂ©,Lyon,23.0,"FW,MF",1253.0,1.0,3.0,,9.0,8.401266666666666,-0.5987333333333336,fair
Taiwo Awoniyi,Mainz 05,21.0,FW,483.0,1.0,0.0,,3.0,2.435957666666667,-0.5640423333333331,fair
Ridle Baku,Mainz 05,21.0,"DF,MF",2351.0,1.0,3.0,,5.0,7.263333333333334,2.2633333333333336,undervalued
Leandro Barreiro Martins,Mainz 05,19.0,MF,938.0,0.0,2.0,,4.0,4.1977,0.1977000000000002,fair
Jean-Paul BoĂ«tius,Mainz 05,25.0,MF,2266.0,4.0,5.0,,4.0,15.113333333333333,11.113333333333333,undervalued
Daniel Brosinski,Mainz 05,31.0,DF,1709.0,2.0,4.0,,2.0,3.120908333333334,1.1209083333333338,fair
Jeffrey Bruma,Mainz 05,27.0,DF,675.0,0.0,0.0,,3.0,2.2981000000000016,-0.7018999999999984,fair
Jonathan Burkardt,Mainz 05,19.0,FW,253.0,1.0,0.0,,1.0,1.259267666666667,0.2592676666666669,fair
Ji Dong-won,Mainz 05,28.0,FW,102.0,0.0,0.0,,1.0,1.0575700000000003,0.05757000000000034,fair
Edimilson Fernandes,Mainz 05,23.0,"MF,DF",1484.0,1.0,0.0,,5.0,3.2237666666666662,-1.7762333333333338,overvalued
Alexander Hack,Mainz 05,25.0,DF,805.0,0.0,0.0,,1.0,1.3780166666666667,0.37801666666666667,fair
Pierre Kunde,Mainz 05,24.0,MF,1866.0,4.0,0.0,,6.0,5.646,-0.3540000000000001,fair
Danny Latza,Mainz 05,29.0,MF,1373.0,0.0,2.0,,2.0,2.463944,0.46394400000000013,fair
AarĂłn MartĂ­n,Mainz 05,22.0,DF,1792.0,0.0,0.0,,10.0,7.783666666666665,-2.216333333333335,overvalued
Jean-Philippe Mateta,Mainz 05,22.0,FW,1053.0,3.0,1.0,,17.0,12.270833333333334,-4.729166666666666,overvalued
Alexandru Maxim,Mainz 05,29.0,MF,117.0,0.0,0.0,,1.0,1.1010855000000004,0.10108550000000038,fair
Florian MĂĽller,Mainz 05,21.0,GK,1125.0,0.0,0.0,,2.0,3.6166500000000004,1.6166500000000004,undervalued
Phillipp Mwene,Mainz 05,25.0,DF,315.0,0.0,0.0,,0.08,0.705058333333336,0.625058333333336,fair
Moussa Niakhate,Mainz 05,23.0,DF,2970.0,1.0,2.0,,9.0,9.189,0.18900000000000006,fair
Karim Onisiwo,Mainz 05,27.0,FW,1728.0,4.0,6.0,,3.0,14.48066666666667,11.48066666666667,undervalued
Levin Ă–ztunalÄ±,Mainz 05,23.0,"MF,FW",1778.0,4.0,3.0,,2.8,5.577999999999978,2.7779999999999783,undervalued
RonaĂ«l Pierre-Gabriel,Mainz 05,21.0,DF,574.0,0.0,1.0,,3.0,3.400666666666667,0.40066666666666695,fair
Robin Quaison,Mainz 05,25.0,"FW,MF",2602.0,13.0,2.0,,10.0,12.045,2.045,undervalued
Jerry St. Juste,Mainz 05,22.0,DF,2113.0,2.0,2.0,,7.0,9.245,2.244999999999999,undervalued
ĂdĂˇm Szalai,Mainz 05,31.0,FW,1147.0,1.0,1.0,,1.0,1.2889000000000002,0.28890000000000016,fair
Robin Zentner,Mainz 05,24.0,GK,1935.0,0.0,0.0,,3.0,3.4158333333333335,0.4158333333333335,fair
Lumor Agbenyenu,Mallorca,22.0,DF,1805.0,1.0,0.0,,1.5,3.1702666666666643,1.6702666666666643,undervalued
Ălex AlegrĂ­a,Mallorca,26.0,FW,109.0,0.0,0.0,,0.0006,0.5307398333333336,0.5301398333333336,fair
Iddrisu Baba,Mallorca,23.0,MF,2903.0,0.0,0.0,,2.0,5.541666666666667,3.541666666666667,undervalued
Ante Budimir,Mallorca,28.0,FW,2765.0,13.0,2.0,,6.0,11.108333333333333,5.1083333333333325,undervalued
Ariday Cabrera,Mallorca,30.0,"MF,FW",37.0,0.0,0.0,,0.0325,0.2187583333333329,0.1862583333333329,fair
Xisco Campos,Mallorca,37.0,DF,473.0,0.0,1.0,,0.01,0.24874633333333332,0.2387463333333333,fair
Pablo ChavarrĂ­a,Mallorca,31.0,"FW,MF",209.0,0.0,0.0,,1.0,1.0086519999999999,0.008651999999999882,fair
Cucho,Mallorca,20.0,"FW,MF",1487.0,5.0,1.0,,8.0,8.370666666666667,0.3706666666666667,fair
Aleix Febas,Mallorca,23.0,MF,1690.0,0.0,3.0,,2.0,3.4298693333333334,1.4298693333333334,undervalued
Fran GĂˇmez,Mallorca,28.0,DF,1768.0,0.0,1.0,,0.065,3.082183333333333,3.017183333333333,undervalued
Lago Junior,Mallorca,28.0,"MF,FW",2188.0,4.0,0.0,,2.5,4.155833333333334,1.6558333333333337,undervalued
Leonardo Koutris,Mallorca,24.0,DF,93.0,0.0,0.0,,3.0,1.951580666666666,-1.048419333333334,fair
Takefusa Kubo,Mallorca,18.0,"MF,FW",2312.0,4.0,4.0,,13.0,17.795,4.795000000000002,undervalued
Miquel Parera,Mallorca,23.0,GK,90.0,0.0,0.0,,0.03,0.7669560000000004,0.7369560000000004,fair
Marc Pedraza,Mallorca,32.0,MF,130.0,0.0,0.0,,0.03,0.7428446666666673,0.7128446666666672,fair
Alejandro Pozo Pozo,Mallorca,20.0,DF,1498.0,1.0,2.0,,5.0,5.439166666666667,0.4391666666666669,fair
AbdĂłn Prats,Mallorca,26.0,"FW,MF",279.0,0.0,0.0,,0.065,0.5107436666666657,0.4457436666666657,fair
Antonio Raillo,Mallorca,27.0,DF,2775.0,1.0,0.0,,2.0,3.245,1.245,fair
Manolo Reina,Mallorca,34.0,GK,3240.0,0.0,0.0,,0.03,0.23223333333333385,0.20223333333333385,fair
Dani RodrĂ­guez,Mallorca,31.0,"MF,FW",3039.0,5.0,2.0,,1.0,3.152766666666667,2.152766666666667,undervalued
Luka Romero,Mallorca,14.0,MF,8.0,0.0,0.0,,1.0,1.1549499999999984,0.15494999999999837,fair
Yannis Salibur,Mallorca,28.0,"MF,FW",82.0,0.0,0.0,,1.0,1.0976976666666662,0.09769766666666624,fair
Joan Sastre Vanrell,Mallorca,22.0,DF,1360.0,0.0,2.0,,1.6,4.032,2.432,undervalued
Aleksandar Sedlar,Mallorca,27.0,DF,814.0,0.0,0.0,,0.065,0.6487073333333321,0.583707333333332,fair
Josep SeĂ±Ă©,Mallorca,27.0,MF,150.0,0.0,0.0,,0.03,0.46423933333333384,0.43423933333333387,fair
Salva Sevilla,Mallorca,35.0,MF,2568.0,5.0,3.0,,0.02,0.40710799999999914,0.3871079999999991,fair
Aleksandar Trajkovski,Mallorca,26.0,"MF,DF",330.0,0.0,0.0,,1.0,0.9980166666666666,-0.001983333333333448,fair
Martin Valjent,Mallorca,23.0,DF,3182.0,0.0,0.0,,2.0,4.421,2.4210000000000003,undervalued
Sergio AgĂĽero,Manchester City,31.0,FW,1452.0,16.0,3.0,,52.0,52.23166666666667,0.23166666666666913,fair
AngeliĂ±o,Manchester City,22.0,DF,423.0,0.0,0.0,,25.0,9.492941666666665,-15.507058333333335,overvalued
Claudio Bravo,Manchester City,36.0,GK,347.0,0.0,0.0,,1.0,3.1552333333333333,2.1552333333333333,undervalued
JoĂŁo Cancelo,Manchester City,25.0,DF,1208.0,0.0,0.0,,36.0,35.84166666666667,-0.15833333333333144,fair
Kevin De Bruyne,Manchester City,28.0,MF,2791.0,13.0,20.0,,120.0,107.47833333333334,-12.521666666666661,overvalued
Ederson,Manchester City,25.0,GK,3071.0,0.0,0.0,,56.0,51.07333333333333,-4.926666666666669,overvalued
Fernandinho,Manchester City,34.0,DF,2397.0,0.0,1.0,,4.0,6.583269666666666,2.5832696666666664,undervalued
Phil Foden,Manchester City,19.0,"FW,MF",901.0,5.0,2.0,,27.0,25.433333333333334,-1.5666666666666664,overvalued
Eric GarcĂ­a,Manchester City,18.0,DF,793.0,0.0,0.0,,6.0,11.77,5.77,undervalued
Ilkay Gundogan,Manchester City,28.0,MF,2020.0,2.0,1.0,,40.0,39.01365,-0.9863500000000016,fair
Gabriel Jesus,Manchester City,22.0,FW,2030.0,14.0,7.0,,56.0,56.88333333333333,0.8833333333333329,fair
Aymeric Laporte,Manchester City,25.0,DF,1097.0,1.0,0.0,,60.0,48.781,-11.219000000000001,overvalued
Riyad Mahrez,Manchester City,28.0,FW,1944.0,11.0,9.0,,48.0,51.81333333333333,3.8133333333333326,undervalued
Benjamin Mendy,Manchester City,25.0,DF,1492.0,0.0,2.0,,28.0,32.925,4.924999999999997,undervalued
NicolĂˇs Otamendi,Manchester City,31.0,DF,1715.0,2.0,0.0,,14.0,14.136491666666668,0.136491666666668,fair
Rodri,Manchester City,23.0,MF,2486.0,3.0,2.0,,64.0,52.556666666666665,-11.443333333333335,overvalued
Leroy SanĂ©,Manchester City,23.0,FW,12.0,0.0,0.0,,80.0,59.61954166666665,-20.38045833333335,overvalued
Bernardo Silva,Manchester City,24.0,"FW,MF",2030.0,6.0,7.0,,80.0,58.08166666666666,-21.918333333333337,overvalued
David Silva,Manchester City,33.0,MF,1826.0,6.0,10.0,,12.0,25.885,13.885000000000002,undervalued
Raheem Sterling,Manchester City,24.0,FW,2651.0,20.0,1.0,,128.0,33.35166666666667,-94.64833333333334,overvalued
John Stones,Manchester City,25.0,DF,1122.0,0.0,0.0,,36.0,36.77166666666667,0.7716666666666683,fair
Kyle Walker,Manchester City,29.0,DF,2392.0,1.0,4.0,,40.0,35.72,-4.280000000000001,overvalued
Oleksandr Zinchenko,Manchester City,22.0,DF,1276.0,0.0,0.0,,24.0,26.231666666666666,2.2316666666666656,undervalued
Eric Bailly,Manchester Utd,25.0,DF,150.0,0.0,0.0,,17.0,13.466333333333333,-3.533666666666667,overvalued
Tahith Chong,Manchester Utd,19.0,"FW,MF",37.0,0.0,0.0,,6.0,5.143566666666667,-0.8564333333333334,fair
Diogo Dalot,Manchester Utd,20.0,DF,67.0,0.0,0.0,,18.0,12.474183333333334,-5.525816666666666,overvalued
Bruno Fernandes,Manchester Utd,24.0,MF,1186.0,8.0,7.0,,48.0,49.695,1.6950000000000003,undervalued
Timothy Fosu-Mensah,Manchester Utd,21.0,DF,136.0,0.0,0.0,,6.0,7.73965,1.7396500000000001,undervalued
Fred,Manchester Utd,26.0,MF,2163.0,0.0,0.0,,17.5,23.412333333333333,5.912333333333333,undervalued
James Garner,Manchester Utd,18.0,MF,9.0,0.0,0.0,,2.0,2.553366666666667,0.5533666666666668,fair
David de Gea,Manchester Utd,28.0,GK,3420.0,0.0,0.0,,40.0,39.56333333333333,-0.4366666666666674,fair
Angel Gomes,Manchester Utd,18.0,MF,21.0,0.0,0.0,,3.0,3.10345,0.10345000000000004,fair
Mason Greenwood,Manchester Utd,17.0,FW,1320.0,10.0,1.0,,29.0,33.47,4.469999999999999,undervalued
Odion Ighalo,Manchester Utd,30.0,FW,101.0,0.0,0.0,,5.0,4.224910499999999,-0.7750895000000009,fair
Daniel James,Manchester Utd,21.0,FW,2287.0,3.0,6.0,,22.0,23.868333333333332,1.8683333333333323,undervalued
Phil Jones,Manchester Utd,27.0,DF,135.0,0.0,0.0,,7.0,8.920966666666667,1.9209666666666667,undervalued
Victor LindelĂ¶f,Manchester Utd,25.0,DF,3092.0,1.0,0.0,,28.0,35.43833333333333,7.438333333333333,undervalued
Jesse Lingard,Manchester Utd,26.0,"MF,FW",935.0,1.0,0.0,,17.0,21.966933333333333,4.966933333333333,undervalued
Harry Maguire,Manchester Utd,26.0,DF,3420.0,1.0,1.0,,56.0,51.29833333333333,-4.701666666666668,overvalued
Anthony Martial,Manchester Utd,23.0,FW,2624.0,17.0,6.0,,48.0,52.68333333333333,4.68333333333333,undervalued
Juan Mata,Manchester Utd,31.0,"MF,FW",758.0,0.0,2.0,,7.5,7.614316666666664,0.11431666666666374,fair
Nemanja MatiÄ‡,Manchester Utd,30.0,MF,1581.0,0.0,2.0,,16.0,13.546602666666667,-2.453397333333333,overvalued
Scott McTominay,Manchester Utd,22.0,MF,1772.0,4.0,1.0,,22.0,22.532,0.532,fair
Andreas Pereira,Manchester Utd,23.0,"MF,FW",1484.0,1.0,3.0,,16.0,21.981666666666666,5.981666666666666,undervalued
Paul Pogba,Manchester Utd,26.0,MF,1204.0,1.0,3.0,,80.0,23.69333333333333,-56.30666666666667,overvalued
Marcus Rashford,Manchester Utd,21.0,FW,2643.0,17.0,7.0,,64.0,66.345,2.344999999999999,undervalued
Marcos Rojo,Manchester Utd,29.0,DF,122.0,0.0,0.0,,8.0,8.015,0.015000000000000568,fair
Luke Shaw,Manchester Utd,24.0,DF,1733.0,0.0,0.0,,22.0,22.07133333333333,0.0713333333333317,fair
Axel Tuanzebe,Manchester Utd,21.0,DF,189.0,0.0,0.0,,8.0,8.654044333333333,0.6540443333333332,fair
Aaron Wan-Bissaka,Manchester Utd,21.0,DF,3070.0,0.0,4.0,,32.0,30.613333333333333,-1.3866666666666667,fair
Brandon Williams,Manchester Utd,18.0,DF,1006.0,1.0,0.0,,11.0,15.783333333333333,4.783333333333333,undervalued
Ashley Young,Manchester Utd,34.0,DF,955.0,0.0,0.0,,3.0,3.909600666666665,0.9096006666666652,fair
Marley AkĂ©,Marseille,18.0,"FW,MF",99.0,0.0,0.0,,1.0,0.9609011666666673,-0.03909883333333275,fair
Jordan Amavi,Marseille,25.0,DF,2164.0,1.0,1.0,,9.0,6.647666666666667,-2.352333333333333,overvalued
DarĂ­o Benedetto,Marseille,29.0,FW,2101.0,11.0,0.0,,12.0,9.673,-2.327,overvalued
Duje Ä†aleta-Car,Marseille,22.0,DF,1886.0,1.0,1.0,,23.0,17.9415,-5.058499999999999,overvalued
Florian Chabrolle,Marseille,21.0,MF,18.0,0.0,0.0,,0.025,0.7392666666666685,0.7142666666666685,fair
ValĂ¨re Germain,Marseille,29.0,FW,1350.0,2.0,4.0,,4.0,5.1883333333333335,1.1883333333333335,fair
Ălvaro GonzĂˇlez,Marseille,29.0,DF,1628.0,0.0,0.0,,6.0,5.406036,-0.5939639999999997,fair
Boubacar Kamara,Marseille,19.0,"DF,MF",2139.0,1.0,2.0,,27.0,23.595,-3.405000000000001,overvalued
SaĂ®f-Eddine Khaoui,Marseille,24.0,"MF,FW",106.0,0.0,0.0,,2.0,3.4700583333333324,1.4700583333333324,undervalued
Isaac Lihadji,Marseille,17.0,"DF,MF",25.0,0.0,0.0,,3.0,2.1140386666666644,-0.8859613333333356,fair
Maxime Lopez,Marseille,21.0,"MF,FW",1110.0,0.0,3.0,,10.0,9.891666666666667,-0.1083333333333325,fair
Steve Mandanda,Marseille,34.0,GK,2370.0,0.0,0.0,,2.0,1.7077916666666655,-0.2922083333333345,fair
Dimitri Payet,Marseille,32.0,FW,1930.0,9.0,4.0,,10.0,9.315933333333332,-0.6840666666666682,fair
Yohann PelĂ©,Marseille,36.0,GK,150.0,0.0,0.0,,0.025,0.43680833333333463,0.4118083333333346,fair
Lucas Perrin,Marseille,20.0,DF,360.0,0.0,0.0,,1.0,1.3652456666666664,0.36524566666666636,fair
Nemanja RadonjiÄ‡,Marseille,23.0,"FW,MF",880.0,5.0,1.0,,5.5,8.823833333333333,3.323833333333333,undervalued
Valentin Rongier,Marseille,24.0,MF,1790.0,0.0,2.0,,16.0,12.955266666666667,-3.0447333333333333,overvalued
Hiroki Sakai,Marseille,29.0,DF,1620.0,0.0,0.0,,5.0,4.9726360000000005,-0.0273639999999995,fair
Morgan Sanson,Marseille,24.0,MF,2173.0,5.0,4.0,,22.0,19.543000000000003,-2.456999999999997,overvalued
Bouna Sarr,Marseille,27.0,"DF,FW",2164.0,1.0,3.0,,6.0,6.595433333333333,0.5954333333333333,fair
Kevin Strootman,Marseille,29.0,MF,1416.0,2.0,3.0,,8.0,5.149910999999999,-2.8500890000000014,overvalued
Florian Thauvin,Marseille,26.0,FW,22.0,0.0,0.0,,32.0,20.620572666666664,-11.379427333333336,overvalued
Thierry Ambrose,Metz,22.0,FW,548.0,0.0,0.0,,1.0,1.2628373333333336,0.2628373333333336,fair
Victorien Angban,Metz,22.0,MF,1029.0,0.0,0.0,,2.0,2.130175,0.13017499999999993,fair
Farid Boulaya,Metz,26.0,FW,821.0,2.0,1.0,,1.0,2.2920000000000003,1.2920000000000003,undervalued
John Boye,Metz,32.0,DF,2115.0,2.0,0.0,,1.0,1.0736886666666667,0.07368866666666674,fair
Dylan Bronn,Metz,24.0,DF,810.0,0.0,0.0,,4.0,3.0552750000000004,-0.9447249999999996,fair
Manuel Cabit,Metz,26.0,DF,270.0,0.0,1.0,,0.065,1.1309249999999986,1.0659249999999987,fair
Fabien Centonze,Metz,23.0,DF,2520.0,0.0,3.0,,4.0,5.839333333333334,1.8393333333333342,undervalued
Renaud Cohade,Metz,34.0,MF,764.0,1.0,0.0,,0.04,0.07428899999999955,0.03428899999999955,fair
Thomas Delaine,Metz,27.0,DF,1254.0,0.0,0.0,,1.0,1.955358333333333,0.9553583333333331,fair
Paul Delecroix,Metz,30.0,GK,136.0,0.0,0.0,,0.04,0.33152500000000107,0.2915250000000011,fair
Habib Diallo,Metz,24.0,FW,2196.0,12.0,3.0,,12.0,14.14,2.1400000000000006,undervalued
Mamadou Fofana,Metz,21.0,"DF,MF",1587.0,0.0,0.0,,3.0,3.688966666666667,0.688966666666667,fair
Marvin Gakpa,Metz,25.0,"MF,FW",468.0,0.0,0.0,,0.08,0.616702000000002,0.536702000000002,fair
Habib MaĂŻga,Metz,23.0,MF,2266.0,1.0,2.0,,2.0,4.162266666666667,2.1622666666666666,undervalued
KĂ©vin N'Doram,Metz,23.0,MF,1646.0,0.0,0.0,,2.0,2.3072666666666666,0.3072666666666666,fair
Papa Ndiaga Yade,Metz,19.0,FW,4.0,0.0,0.0,,0.025,0.08854416666666676,0.06354416666666676,fair
Opa Nguette,Metz,25.0,FW,1826.0,5.0,2.0,,2.0,4.964666666666666,2.964666666666666,undervalued
Ibrahima Niane,Metz,20.0,FW,951.0,3.0,0.0,,3.0,4.259908333333333,1.2599083333333327,fair
Alexandre Oukidja,Metz,31.0,GK,2384.0,0.0,0.0,,1.0,1.5919999999999999,0.5919999999999999,fair
Vincent Pajot,Metz,28.0,MF,519.0,0.0,3.0,,1.0,2.8862683333333354,1.8862683333333354,undervalued
Stoppila Sunzu,Metz,30.0,DF,1352.0,0.0,0.0,,1.0,1.3139333333333334,0.3139333333333334,fair
Adama TraorĂ©,Metz,24.0,"FW,MF",1007.0,1.0,4.0,,25.0,18.9171,-6.082899999999999,overvalued
Matthieu Udol,Metz,23.0,DF,1102.0,0.0,1.0,,1.0,1.6753666666666671,0.6753666666666671,fair
Laszlo Benes,M'Gladbach,21.0,MF,898.0,0.0,4.0,,6.0,8.866933333333334,2.8669333333333338,undervalued
Ramy Bensebaini,M'Gladbach,24.0,DF,1448.0,5.0,3.0,,9.0,8.399666666666668,-0.6003333333333316,fair
Louis Beyer,M'Gladbach,19.0,DF,110.0,0.0,0.0,,2.3,0.40650772222222203,-1.8934922777777778,overvalued
Mamadou DoucourĂ©,M'Gladbach,21.0,MF,2.0,0.0,0.0,,0.045,0.43861583333333326,0.3936158333333333,fair
Nico Elvedi,M'Gladbach,22.0,DF,2618.0,1.0,0.0,,28.0,21.483999999999998,-6.516000000000002,overvalued
Breel Embolo,M'Gladbach,22.0,"FW,MF",1550.0,8.0,5.0,,13.0,20.913333333333334,7.913333333333334,undervalued
Matthias Ginter,M'Gladbach,25.0,DF,2780.0,1.0,1.0,,28.0,8.856666666666667,-19.14333333333333,overvalued
Patrick Herrmann,M'Gladbach,28.0,"FW,MF",1453.0,6.0,6.0,,5.0,8.405,3.4049999999999994,undervalued
Jonas Hofmann,M'Gladbach,27.0,"MF,FW",1633.0,5.0,3.0,,7.0,6.965,-0.03500000000000014,fair
Tony Jantschke,M'Gladbach,29.0,DF,1012.0,0.0,0.0,,2.0,2.47765,0.47765000000000013,fair
Fabian Johnson,M'Gladbach,31.0,"MF,DF",271.0,0.0,0.0,,1.0,1.073300000000001,0.07330000000000103,fair
Christoph Kramer,M'Gladbach,28.0,MF,1464.0,0.0,0.0,,7.0,5.574599999999999,-1.4254000000000007,overvalued
Stefan Lainer,M'Gladbach,26.0,DF,2710.0,1.0,3.0,,14.0,9.140599999999997,-4.859400000000003,overvalued
Torben MĂĽsel,M'Gladbach,20.0,FW,1.0,0.0,0.0,,0.0325,0.061981666666666727,0.029481666666666725,fair
Florian Neuhaus,M'Gladbach,22.0,MF,2356.0,4.0,2.0,,17.0,17.648333333333333,0.6483333333333334,fair
Alassane Plea,M'Gladbach,26.0,FW,2143.0,10.0,10.0,,35.0,43.82666666666667,8.826666666666668,undervalued
Raffael,M'Gladbach,34.0,MF,64.0,0.0,0.0,,0.0007,0.20024133333333288,0.19954133333333288,fair
Yann Sommer,M'Gladbach,30.0,GK,3060.0,0.0,0.0,,9.0,6.105,-2.8949999999999996,overvalued
Lars Stindl,M'Gladbach,30.0,"MF,FW",1432.0,9.0,3.0,,6.0,9.982669166666668,3.9826691666666676,undervalued
Tobias Strobl,M'Gladbach,29.0,"MF,DF",615.0,0.0,0.0,,3.0,2.7295999999999996,-0.2704000000000004,fair
Marcus Thuram,M'Gladbach,21.0,FW,2202.0,10.0,8.0,,22.0,38.825,16.825000000000003,undervalued
Ibrahima TraorĂ©,M'Gladbach,31.0,FW,152.0,0.0,1.0,,0.08,0.5844583333333349,0.5044583333333349,fair
Oscar Wendt,M'Gladbach,33.0,DF,1680.0,2.0,2.0,,1.0,1.1379158333333341,0.13791583333333413,fair
Denis Zakaria,M'Gladbach,22.0,MF,1947.0,2.0,2.0,,36.0,28.558333333333334,-7.441666666666666,overvalued
IsmaĂ«l Bennacer,Milan,21.0,MF,2485.0,1.0,0.0,,17.0,20.373333333333335,3.373333333333335,undervalued
Lucas Biglia,Milan,33.0,MF,685.0,0.0,1.0,,2.0,1.6242599999999996,-0.3757400000000004,fair
Giacomo Bonaventura,Milan,29.0,"MF,FW",1338.0,3.0,5.0,,9.0,8.793333333333333,-0.206666666666667,fair
Fabio Borini,Milan,28.0,"MF,FW",70.0,0.0,0.0,,4.0,5.186766666666667,1.1867666666666672,fair
Marco Brescianini,Milan,19.0,MF,25.0,0.0,0.0,,0.01,0.5439563333333338,0.5339563333333338,fair
Davide Calabria,Milan,22.0,DF,1622.0,1.0,1.0,,9.0,12.436666666666667,3.4366666666666674,undervalued
Hakan Ă‡alhanoÄźlu,Milan,25.0,"MF,FW",2704.0,9.0,9.0,,30.0,31.725,1.7250000000000014,undervalued
Samu Castillejo,Milan,24.0,"FW,MF",1209.0,2.0,3.0,,11.0,11.858333333333333,0.8583333333333325,fair
Andrea Conti,Milan,25.0,DF,1725.0,0.0,2.0,,12.0,12.787150000000002,0.7871500000000022,fair
Gianluigi Donnarumma,Milan,20.0,GK,3201.0,0.0,0.0,,49.0,35.125,-13.875,overvalued
LĂ©o Duarte,Milan,23.0,DF,405.0,0.0,0.0,,6.0,5.9704559999999995,-0.02954400000000046,fair
Matteo Gabbia,Milan,19.0,DF,680.0,0.0,0.0,,2.0,4.553333333333334,2.5533333333333337,undervalued
Theo HernĂˇndez,Milan,21.0,DF,2817.0,6.0,3.0,,32.0,28.518333333333334,-3.4816666666666656,overvalued
Zlatan Ibrahimovic,Milan,37.0,FW,1362.0,10.0,5.0,,3.5,8.545269166666667,5.045269166666667,undervalued
Franck KessiĂ©,Milan,22.0,MF,2904.0,4.0,1.0,,20.0,23.28,3.280000000000001,undervalued
Simon KjĂ¦r,Milan,30.0,DF,1240.0,0.0,0.0,,7.0,3.5973333333333333,-3.4026666666666667,overvalued
Rade KruniÄ‡,Milan,25.0,MF,537.0,0.0,1.0,,6.5,7.572069333333332,1.0720693333333324,fair
Diego Laxalt,Milan,26.0,DF,172.0,0.0,0.0,,5.0,4.95235,-0.04764999999999997,fair
Rafael LeĂŁo,Milan,20.0,FW,1404.0,6.0,1.0,,20.0,19.356,-0.6439999999999984,fair
Daniel Maldini,Milan,17.0,FW,27.0,0.0,0.0,,0.03,0.9191168333333322,0.8891168333333321,fair
Mateo Musacchio,Milan,28.0,DF,1466.0,0.0,0.0,,9.0,8.611433333333332,-0.3885666666666676,fair
Lucas PaquetĂˇ,Milan,21.0,"MF,FW",1103.0,0.0,1.0,,22.0,18.119666666666667,-3.8803333333333327,overvalued
Krzysztof PiÄ…tek,Milan,24.0,FW,1183.0,4.0,0.0,,21.5,17.7965,-3.7034999999999982,overvalued
Ante RebiÄ‡,Milan,25.0,FW,1395.0,11.0,3.0,,32.0,26.92,-5.079999999999998,overvalued
Pepe Reina,Milan,36.0,GK,90.0,0.0,0.0,,0.065,0.5714009999999988,0.5064009999999988,fair
Ricardo RodrĂ­guez,Milan,26.0,DF,386.0,0.0,0.0,,5.0,4.963456,-0.03654400000000013,fair
Alessio Romagnoli,Milan,24.0,DF,3091.0,1.0,0.0,,36.0,29.28,-6.719999999999999,overvalued
Alexis Saelemaekers,Milan,20.0,"FW,MF",684.0,1.0,0.0,,6.0,10.220666666666668,4.220666666666668,undervalued
AndrĂ© Silva,Milan,23.0,FW,60.0,0.0,0.0,,16.0,11.407235500000002,-4.592764499999998,overvalued
Suso,Milan,25.0,"FW,MF",1359.0,1.0,2.0,,20.0,17.191991666666667,-2.8080083333333334,overvalued
Ruben Aguilar,Monaco,26.0,DF,1072.0,0.0,2.0,,6.0,6.16515,0.16514999999999969,fair
Jean-KĂ©vin Augustin,Monaco,22.0,FW,266.0,0.0,0.0,,9.0,6.808250000000003,-2.191749999999997,overvalued
TiemouĂ© Bakayoko,Monaco,24.0,MF,1719.0,1.0,2.0,,25.0,20.4436,-4.5564,overvalued
Keita BaldĂ©,Monaco,24.0,"FW,MF",858.0,4.0,1.0,,16.0,14.201666666666666,-1.7983333333333338,overvalued
FodĂ© Ballo-TourĂ©,Monaco,22.0,DF,1679.0,0.0,0.0,,6.0,6.484833333333335,0.4848333333333352,fair
Gil BastiĂŁo Dias,Monaco,22.0,"DF,MF",1057.0,0.0,0.0,,3.2,4.73533333333335,1.5353333333333499,undervalued
Wissam Ben Yedder,Monaco,28.0,FW,2164.0,18.0,4.0,,40.0,40.375,0.375,fair
Gabriel Boschilia,Monaco,23.0,"MF,FW",130.0,0.0,0.0,,2.0,5.1525,3.1525,undervalued
Cesc FĂ bregas,Monaco,32.0,MF,930.0,0.0,3.0,,6.0,3.955658333333334,-2.044341666666666,overvalued
Youssouf Fofana,Monaco,20.0,MF,610.0,0.0,2.0,,11.0,9.866000000000001,-1.1339999999999986,fair
Lyle Foster,Monaco,18.0,FW,62.0,0.0,0.0,,1.0,2.1728333333333296,1.1728333333333296,fair
Kamil Glik,Monaco,31.0,DF,2070.0,1.0,0.0,,4.0,3.694700000000002,-0.30529999999999813,fair
Aleksandr Golovin,Monaco,23.0,MF,2061.0,3.0,4.0,,20.0,21.421666666666667,1.4216666666666669,undervalued
Benjamin Henrichs,Monaco,22.0,"DF,MF",890.0,0.0,0.0,,12.0,9.353150000000001,-2.646849999999999,overvalued
Jemerson,Monaco,26.0,"DF,MF",1056.0,0.0,0.0,,4.0,4.562266666666668,0.5622666666666678,fair
Stevan JovetiÄ‡,Monaco,29.0,"FW,MF",473.0,2.0,0.0,,6.5,6.368166666666667,-0.1318333333333328,fair
Benjamin Lecomte,Monaco,28.0,GK,2520.0,0.0,0.0,,11.0,9.877333333333333,-1.1226666666666674,fair
Rony Lopes,Monaco,23.0,FW,80.0,0.0,0.0,,10.0,7.96965,-2.0303500000000003,overvalued
Guillermo MaripĂˇn,Monaco,25.0,DF,1753.0,2.0,0.0,,11.0,11.104833333333334,0.10483333333333356,fair
Gelson Martins,Monaco,24.0,"DF,FW",1674.0,4.0,1.0,,20.0,15.951666666666666,-4.048333333333334,overvalued
BenoĂ®t Mukinayi,Monaco,18.0,DF,1411.0,0.0,0.0,,25.0,10.208416666666668,-14.791583333333332,overvalued
Henry Onyekuru,Monaco,22.0,"FW,MF",160.0,0.0,1.0,,8.0,13.123766666666667,5.123766666666667,undervalued
Jonathan Panzo,Monaco,18.0,DF,107.0,0.0,0.0,,2.0,3.3109499999999996,1.3109499999999996,undervalued
Adrien Silva,Monaco,30.0,MF,1221.0,0.0,2.0,,8.0,5.900266666666667,-2.099733333333333,overvalued
Islam Slimani,Monaco,31.0,FW,1285.0,9.0,7.0,,6.0,14.99,8.99,undervalued
Moussa Sylla,Monaco,19.0,FW,10.0,0.0,0.0,,2.0,4.432641666666668,2.432641666666668,undervalued
AurĂ©lien TchouamĂ©ni,Monaco,19.0,MF,65.0,0.0,0.0,,15.0,5.898666666666668,-9.101333333333333,overvalued
Adama TraorĂ©,Monaco,24.0,MF,25.0,0.0,0.0,,25.0,8.671341666666667,-16.328658333333333,overvalued
Bastian Badu,Montpellier,19.0,FW,9.0,0.0,0.0,,0.035,0.1637971666666664,0.1287971666666664,fair
Dimitry Bertaud,Montpellier,21.0,GK,196.0,0.0,0.0,,0.09,0.26167333333333465,0.17167333333333465,fair
Bilal Boutobba,Montpellier,20.0,"MF,DF",5.0,0.0,0.0,,0.045,0.8184338333333344,0.7734338333333344,fair
Souleymane Camara,Montpellier,36.0,"FW,MF",163.0,0.0,0.0,,0.02,0.28328966666666683,0.2632896666666668,fair
Matis Carvalho,Montpellier,20.0,GK,72.0,0.0,0.0,,0.015,0.4815888333333335,0.4665888333333335,fair
Joris Chotard,Montpellier,17.0,MF,1251.0,0.0,0.0,,6.0,6.875,0.875,fair
Daniel CongrĂ©,Montpellier,34.0,DF,1941.0,0.0,1.0,,0.04,0.20503566666666623,0.16503566666666622,fair
Nicolas Cozza,Montpellier,20.0,DF,556.0,0.0,0.0,,3.0,2.8937356666666663,-0.10626433333333374,fair
Andy Delort,Montpellier,27.0,FW,2280.0,9.0,3.0,,10.0,10.478333333333333,0.4783333333333335,fair
Keagan Dolly,Montpellier,26.0,MF,148.0,0.0,0.0,,0.095,0.47829499999999947,0.3832949999999995,fair
Jordan Ferri,Montpellier,27.0,MF,1150.0,0.0,0.0,,2.0,1.9635999999999998,-0.03640000000000021,fair
Vitorino Hilton,Montpellier,41.0,DF,2510.0,0.0,2.0,,0.0001,0.11418099999999991,0.1140809999999999,fair
Yun Il-lok,Montpellier,27.0,"MF,FW",121.0,0.0,0.0,,0.0009,0.46008433333333404,0.459184333333334,fair
GaĂ«tan Laborde,Montpellier,25.0,FW,2237.0,6.0,5.0,,8.0,10.371666666666666,2.371666666666666,undervalued
Damien Le Tallec,Montpellier,29.0,"MF,DF",2458.0,2.0,0.0,,3.0,4.890333333333333,1.8903333333333334,undervalued
Pedro Mendes,Montpellier,28.0,DF,1376.0,1.0,0.0,,4.0,3.854,-0.1459999999999999,fair
Florent Mollet,Montpellier,27.0,MF,1684.0,6.0,3.0,,7.0,7.967666666666667,0.9676666666666671,fair
Ambroise Oyongo,Montpellier,28.0,DF,1821.0,0.0,0.0,,2.0,2.4969833333333336,0.49698333333333355,fair
Mihailo RistiÄ‡,Montpellier,23.0,"DF,MF",811.0,0.0,2.0,,2.0,2.0383,0.0383,fair
GerĂłnimo Rulli,Montpellier,27.0,GK,2250.0,0.0,0.0,,5.0,4.964241666666667,-0.03575833333333289,fair
Junior Sambia,Montpellier,22.0,"DF,MF",587.0,1.0,1.0,,2.0,4.610999999999999,2.610999999999999,undervalued
TĂ©ji Savanier,Montpellier,27.0,MF,1524.0,6.0,2.0,,9.0,6.282675,-2.7173249999999998,overvalued
Petar Skuletic,Montpellier,29.0,FW,106.0,0.0,0.0,,0.0005,1.035818166666667,1.035318166666667,fair
Arnaud Souquet,Montpellier,27.0,DF,2016.0,2.0,0.0,,4.0,4.122833333333333,0.12283333333333335,fair
MathĂ­as SuĂˇrez,Montpellier,23.0,DF,60.0,0.0,0.0,,1.0,1.9556929999999992,0.9556929999999992,fair
Thibaut Vargas,Montpellier,19.0,"DF,MF",151.0,0.0,0.0,,0.025,0.13666966666666616,0.11166966666666617,fair
ClĂ©ment Vidal,Montpellier,19.0,DF,90.0,0.0,0.0,,0.045,0.13758433333333414,0.09258433333333414,fair
Sofiane Alakouch,NĂ®mes,21.0,DF,1400.0,0.0,0.0,,3.0,3.3268,0.3268,fair
Sami Ben Amar,NĂ®mes,21.0,FW,14.0,0.0,0.0,,0.035,0.11058533333333334,0.07558533333333334,fair
Yassine Benrahou,NĂ®mes,20.0,"MF,FW",762.0,2.0,3.0,,2.0,4.3420000000000005,2.3420000000000005,undervalued
Paul Bernardoni,NĂ®mes,22.0,GK,2203.0,0.0,0.0,,5.0,5.0767999999999995,0.07679999999999954,fair
Antonin Bobichon,NĂ®mes,23.0,MF,180.0,0.0,0.0,,2.0,1.499295,-0.500705,fair
Anthony BrianĂ§on,NĂ®mes,24.0,DF,1737.0,1.0,0.0,,3.5,3.6228000000000007,0.12280000000000069,fair
Lucas BuadĂ©s,NĂ®mes,21.0,FW,121.0,0.0,0.0,,0.0003,0.07617274999999975,0.07587274999999975,fair
Lucas Deaux,NĂ®mes,30.0,MF,1335.0,2.0,1.0,,1.0,1.8392249999999997,0.8392249999999997,fair
Kevin Denkey,NĂ®mes,18.0,FW,603.0,3.0,1.0,,2.5,3.4169416666666668,0.9169416666666668,fair
Lucas Dias,NĂ®mes,20.0,GK,317.0,0.0,0.0,,0.0625,0.19017066666666657,0.12767066666666657,fair
Haris DuljeviÄ‡,NĂ®mes,25.0,"FW,MF",520.0,0.0,3.0,,0.0008,1.3274453333333402,1.3266453333333403,undervalued
Zinedine Ferhat,NĂ®mes,26.0,"FW,MF",2246.0,3.0,4.0,,2.0,4.112666666666667,2.1126666666666667,undervalued
Lamine Fomba,NĂ®mes,21.0,MF,1373.0,0.0,0.0,,3.0,3.462933333333333,0.462933333333333,fair
Moussa KonĂ©,NĂ®mes,22.0,FW,140.0,2.0,0.0,,2.0,1.842616666666666,-0.1573833333333341,fair
LoĂŻck Landre,NĂ®mes,27.0,DF,929.0,1.0,0.0,,1.0,1.5692373333333336,0.5692373333333336,fair
Pablo Martinez,NĂ®mes,30.0,DF,2339.0,2.0,1.0,,2.0,2.2860416666666667,0.28604166666666675,fair
Florian Miguel,NĂ®mes,22.0,DF,2056.0,1.0,0.0,,1.0,3.004,2.004,undervalued
GaĂ«tan Paquiez,NĂ®mes,25.0,DF,1530.0,0.0,0.0,,0.08,0.8312666666666698,0.7512666666666699,fair
Romain Philippoteaux,NĂ®mes,31.0,"FW,MF",1994.0,5.0,2.0,,0.08,1.2492333333333312,1.1692333333333311,fair
Renaud Ripart,NĂ®mes,26.0,"FW,DF",2027.0,4.0,2.0,,3.0,4.903333333333333,1.9033333333333333,undervalued
Nolan Roux,NĂ®mes,31.0,FW,584.0,2.0,0.0,,1.0,1.3952193333333334,0.39521933333333337,fair
ThĂ©o Sainte-Luce,NĂ®mes,20.0,"DF,FW",22.0,0.0,0.0,,0.03,0.05980233333333337,0.029802333333333368,fair
Sidy Sarr,NĂ®mes,23.0,MF,1165.0,0.0,2.0,,2.0,2.2047526666666672,0.20475266666666725,fair
Vlatko Stojanovski,NĂ®mes,22.0,FW,123.0,0.0,0.0,,0.04,0.2183954999999998,0.1783954999999998,fair
Pierrick Valdivia,NĂ®mes,31.0,MF,68.0,0.0,0.0,,0.0475,0.27765833333333284,0.23015833333333285,fair
Antoine Valerio,NĂ®mes,19.0,MF,87.0,0.0,0.0,,0.2,0.15772616666666667,-0.042273833333333344,fair
Theo Valls,NĂ®mes,23.0,MF,1632.0,1.0,1.0,,2.0,3.9848000000000003,1.9848000000000003,undervalued
Mehdi Abeid,Nantes,26.0,MF,1817.0,1.0,2.0,,2.0,4.393133333333334,2.393133333333334,undervalued
Dennis Appiah,Nantes,27.0,DF,1605.0,0.0,0.0,,1.0,1.7035666666666667,0.7035666666666667,fair
Thomas Basila,Nantes,20.0,DF,415.0,0.0,0.0,,1.0,0.9909984166666668,-0.00900158333333323,fair
Cristian Benavente,Nantes,25.0,"MF,FW",349.0,0.0,1.0,,3.0,8.246302416666662,5.246302416666662,undervalued
Ludovic Blas,Nantes,21.0,"FW,MF",1845.0,5.0,1.0,,8.0,8.499333333333334,0.4993333333333343,fair
Marcus Coco,Nantes,23.0,FW,14.0,0.0,0.0,,2.0,1.7190749999999988,-0.2809250000000012,fair
Kalifa Coulibaly,Nantes,27.0,FW,1616.0,4.0,0.0,,4.0,4.118333333333333,0.11833333333333318,fair
Renaud Emond,Nantes,27.0,"FW,MF",292.0,0.0,0.0,,3.0,2.665225,-0.33477500000000004,fair
FĂˇbio,Nantes,29.0,DF,834.0,0.0,0.0,,2.5,1.570482000000001,-0.929517999999999,fair
Andrei Girotto,Nantes,27.0,DF,2177.0,1.0,0.0,,4.0,4.351,0.351,fair
JosuĂ© Homawoo,Nantes,21.0,DF,45.0,0.0,0.0,,0.015,0.10898333333333364,0.09398333333333364,fair
Abdoul Kader Bamba,Nantes,25.0,"FW,MF",1468.0,1.0,3.0,,1.0,2.085,1.085,fair
Rene Krhin,Nantes,29.0,"DF,MF",327.0,0.0,0.0,,1.0,1.2488774166666667,0.24887741666666674,fair
Alban Lafont,Nantes,20.0,GK,2430.0,0.0,0.0,,11.0,10.116666666666667,-0.8833333333333329,fair
Lucas Lima,Nantes,27.0,"FW,DF",270.0,0.0,0.0,,5.0,2.5500440833333324,-2.4499559166666676,overvalued
Anthony Limbombe,Nantes,25.0,"FW,MF",151.0,1.0,0.0,,4.0,3.2298999999999998,-0.7701000000000002,fair
Imran Louza,Nantes,20.0,"MF,FW",2009.0,2.0,2.0,,12.0,13.014333333333333,1.014333333333333,fair
Wesley Moustache,Nantes,20.0,DF,45.0,0.0,0.0,,0.015,0.06390833333333357,0.04890833333333357,fair
Samuel Moutoussamy,Nantes,22.0,"DF,FW",523.0,0.0,0.0,,3.0,2.3726573333333323,-0.6273426666666677,fair
Nicolas Pallois,Nantes,31.0,DF,1890.0,0.0,0.0,,2.0,1.8075833333333329,-0.19241666666666712,fair
Percy Prado,Nantes,23.0,DF,185.0,0.0,0.0,,0.03,0.25832175000000057,0.22832175000000057,fair
Valentin Rongier,Nantes,24.0,MF,270.0,0.0,1.0,,16.0,11.082619333333337,-4.917380666666663,overvalued
Roli Pereira de Sa,Nantes,22.0,MF,6.0,0.0,0.0,,0.015,0.289891666666667,0.274891666666667,fair
Moses Simon,Nantes,24.0,"FW,MF",2177.0,5.0,5.0,,6.0,9.75,3.75,undervalued
Abdoulaye TourĂ©,Nantes,25.0,MF,2221.0,3.0,0.0,,8.0,6.930833333333333,-1.0691666666666668,fair
Charles Traore,Nantes,27.0,DF,1738.0,0.0,1.0,,2.5,2.9933333333333327,0.49333333333333274,fair
Molla WaguĂ©,Nantes,28.0,DF,682.0,0.0,0.0,,0.08,0.8060500000000036,0.7260500000000036,fair
Elie Youan,Nantes,20.0,FW,163.0,0.0,0.0,,0.000725,0.37377691666666757,0.3730519166666676,fair
Allan,Napoli,28.0,MF,1280.0,2.0,1.0,,25.0,22.808333333333334,-2.1916666666666664,overvalued
JosĂ© CallejĂłn,Napoli,32.0,"FW,MF",2172.0,4.0,7.0,,9.0,8.881033333333335,-0.11896666666666533,fair
Diego Demme,Napoli,27.0,MF,902.0,1.0,0.0,,13.0,11.45835,-1.5416500000000006,overvalued
Giovanni Di Lorenzo,Napoli,25.0,DF,2970.0,3.0,3.0,,16.0,26.653333333333332,10.653333333333332,undervalued
Elif Elmas,Napoli,19.0,MF,1134.0,1.0,1.0,,18.0,16.710333333333335,-1.2896666666666654,fair
Faouzi Ghoulam,Napoli,28.0,DF,376.0,0.0,1.0,,9.0,8.955174999999999,-0.044825000000001225,fair
Elseid Hysaj,Napoli,25.0,DF,1481.0,1.0,2.0,,13.0,14.766833333333334,1.7668333333333344,undervalued
Lorenzo Insigne,Napoli,28.0,"FW,MF",2810.0,8.0,6.0,,48.0,22.808333333333334,-25.191666666666666,overvalued
Kalidou Koulibaly,Napoli,28.0,DF,2105.0,0.0,0.0,,56.0,40.29083333333333,-15.709166666666668,overvalued
Fernando Llorente,Napoli,34.0,FW,501.0,3.0,1.0,,4.0,3.5367653333333338,-0.46323466666666624,fair
Stanislav Lobotka,Napoli,24.0,MF,752.0,0.0,0.0,,16.0,9.864416666666669,-6.135583333333331,overvalued
Hirving Lozano,Napoli,24.0,FW,1025.0,4.0,1.0,,28.0,23.17366666666667,-4.826333333333331,overvalued
Sebastiano Luperto,Napoli,22.0,DF,529.0,0.0,0.0,,4.0,4.734026,0.7340260000000001,fair
Nikola MaksimoviÄ‡,Napoli,27.0,DF,1799.0,1.0,1.0,,18.0,20.833333333333332,2.833333333333332,undervalued
KĂ©vin Malcuit,Napoli,28.0,DF,256.0,0.0,0.0,,12.0,10.421783333333332,-1.578216666666668,overvalued
Kostas Manolas,Napoli,28.0,DF,2176.0,4.0,0.0,,32.0,33.0675,1.0675000000000026,fair
Alex Meret,Napoli,22.0,GK,1951.0,0.0,0.0,,28.0,24.441333333333333,-3.5586666666666673,overvalued
Dries Mertens,Napoli,32.0,FW,1689.0,9.0,7.0,,20.0,17.1517775,-2.8482224999999985,overvalued
Arkadiusz Milik,Napoli,25.0,FW,1747.0,11.0,0.0,,32.0,24.005,-7.995000000000001,overvalued
David Ospina,Napoli,30.0,GK,1469.0,0.0,0.0,,2.0,2.1650500000000004,0.16505000000000036,fair
Matteo Politano,Napoli,25.0,FW,743.0,2.0,2.0,,22.0,12.926433333333334,-9.073566666666666,overvalued
MĂˇrio Rui,Napoli,28.0,DF,1966.0,0.0,2.0,,12.0,19.974166666666665,7.974166666666665,undervalued
FabiĂˇn Ruiz PeĂ±a,Napoli,23.0,MF,2684.0,3.0,6.0,,50.0,26.11133333333333,-23.88866666666667,overvalued
Amin Younes,Napoli,25.0,"FW,MF",176.0,1.0,0.0,,6.0,6.4912166666666655,0.4912166666666655,fair
Piotr ZieliĹ„ski,Napoli,25.0,MF,2924.0,2.0,4.0,,32.0,29.363333333333333,-2.6366666666666667,overvalued
Miguel AlmirĂłn,Newcastle Utd,25.0,"MF,FW",3021.0,4.0,2.0,,16.0,16.356666666666666,0.3566666666666656,fair
Christian Atsu,Newcastle Utd,27.0,"FW,MF",749.0,0.0,3.0,,4.0,10.123724666666666,6.123724666666666,undervalued
Nabil Bentaleb,Newcastle Utd,24.0,MF,751.0,0.0,0.0,,4.0,6.1493,2.1493,undervalued
Andy Carroll,Newcastle Utd,30.0,FW,632.0,0.0,4.0,,3.0,3.7332333333333336,0.7332333333333336,fair
Ciaran Clark,Newcastle Utd,29.0,DF,1186.0,2.0,0.0,,4.0,4.940999999999999,0.940999999999999,fair
Martin DĂşbravka,Newcastle Utd,30.0,GK,3420.0,0.0,0.0,,5.0,5.549166666666666,0.5491666666666664,fair
Paul Dummett,Newcastle Utd,27.0,DF,1228.0,0.0,0.0,,5.0,6.04765,1.04765,fair
Federico FernĂˇndez,Newcastle Utd,30.0,DF,2620.0,2.0,2.0,,5.0,4.861575000000003,-0.13842499999999713,fair
Dwight Gayle,Newcastle Utd,28.0,FW,850.0,4.0,2.0,,9.0,8.918666666666667,-0.08133333333333326,fair
Isaac Hayden,Newcastle Utd,24.0,MF,2223.0,1.0,2.0,,8.0,8.811666666666667,0.8116666666666674,fair
Joelinton,Newcastle Utd,22.0,FW,2683.0,2.0,2.0,,20.0,17.273333333333333,-2.7266666666666666,overvalued
Emil Krafth,Newcastle Utd,24.0,DF,1020.0,0.0,1.0,,4.0,4.420083333333333,0.42008333333333336,fair
Jamaal Lascelles,Newcastle Utd,25.0,DF,2076.0,1.0,0.0,,14.0,10.943333333333333,-3.0566666666666666,overvalued
Valentino Lazaro,Newcastle Utd,23.0,"DF,MF",480.0,1.0,0.0,,15.0,10.932666666666668,-4.067333333333332,overvalued
Florian Lejeune,Newcastle Utd,28.0,DF,442.0,2.0,0.0,,4.0,4.6911000000000005,0.6911000000000005,fair
Matthew Longstaff,Newcastle Utd,19.0,MF,575.0,2.0,0.0,,3.0,3.905333333333333,0.9053333333333331,fair
Sean Longstaff,Newcastle Utd,21.0,MF,1378.0,1.0,1.0,,17.0,13.525166666666667,-3.4748333333333328,overvalued
Javier Manquillo,Newcastle Utd,25.0,DF,1599.0,0.0,1.0,,4.0,4.1366000000000005,0.1366000000000005,fair
Yoshinori MutĹŤ,Newcastle Utd,27.0,"FW,MF",212.0,0.0,0.0,,3.0,3.8121333333333367,0.8121333333333367,fair
Matt Ritchie,Newcastle Utd,29.0,"DF,MF",1315.0,2.0,1.0,,9.0,7.802600000000001,-1.1973999999999991,fair
Danny Rose,Newcastle Utd,29.0,DF,863.0,0.0,0.0,,16.0,10.941300000000002,-5.058699999999998,overvalued
Allan Saint-Maximin,Newcastle Utd,22.0,"MF,FW",1863.0,3.0,4.0,,20.0,19.23,-0.7699999999999996,fair
Fabian SchĂ¤r,Newcastle Utd,27.0,"DF,MF",1672.0,2.0,0.0,,13.0,10.161666666666667,-2.838333333333333,overvalued
Jonjo Shelvey,Newcastle Utd,27.0,MF,2119.0,6.0,2.0,,14.0,12.137333333333332,-1.8626666666666676,overvalued
Jetro Willems,Newcastle Utd,25.0,DF,1493.0,2.0,2.0,,5.0,5.821,0.8209999999999997,fair
DeAndre Yedlin,Newcastle Utd,26.0,DF,938.0,1.0,0.0,,6.0,6.832333333333333,0.8323333333333327,fair
Youcef Attal,Nice,23.0,"FW,DF",1003.0,1.0,1.0,,20.0,15.117316666666666,-4.882683333333334,overvalued
Danilo Barbosa,Nice,23.0,"DF,MF",1122.0,0.0,0.0,,6.5,3.84695,-2.65305,overvalued
Walter BenĂ­tez,Nice,26.0,GK,2340.0,0.0,0.0,,8.0,5.3500000000000005,-2.6499999999999995,overvalued
Hicham Boudaoui,Nice,19.0,"MF,FW",490.0,1.0,2.0,,3.0,3.2106436666666656,0.21064366666666556,fair
Patrick Burner,Nice,23.0,DF,1434.0,1.0,1.0,,3.0,4.723999999999999,1.7239999999999993,undervalued
Ibrahim CissĂ©,Nice,20.0,"DF,FW",50.0,0.0,0.0,,0.045,0.0845688333333337,0.039568833333333706,fair
Alexis Claude-Maurice,Nice,21.0,"MF,FW",1629.0,1.0,1.0,,8.0,7.767666666666667,-0.23233333333333306,fair
Yannis Clementia,Nice,22.0,GK,180.0,0.0,0.0,,0.095,0.39183333333333303,0.29683333333333306,fair
Racine Coly,Nice,23.0,DF,649.0,1.0,0.0,,2.0,2.585985333333335,0.5859853333333351,fair
Wylan Cyprien,Nice,24.0,MF,1772.0,7.0,3.0,,14.0,7.638333333333332,-6.361666666666668,overvalued
Dante,Nice,35.0,DF,1890.0,1.0,0.0,,1.0,0.8802676666666671,-0.11973233333333289,fair
Kasper Dolberg,Nice,21.0,FW,1888.0,11.0,3.0,,16.0,16.466666666666665,0.466666666666665,fair
Riza Durmisi,Nice,25.0,DF,160.0,0.0,0.0,,2.0,1.548891666666666,-0.4511083333333341,fair
Ignatius Ganago,Nice,20.0,"FW,MF",1239.0,3.0,1.0,,3.0,4.453166666666667,1.4531666666666672,undervalued
Christophe HĂ©relle,Nice,26.0,DF,1103.0,3.0,0.0,,5.0,4.718799999999999,-0.281200000000001,fair
MickaĂ«l Le Bihan,Nice,29.0,FW,100.0,0.0,1.0,,0.0725,0.48778550000000176,0.41528550000000175,fair
Pierre Lees-Melou,Nice,26.0,MF,2252.0,5.0,6.0,,8.0,10.321666666666667,2.321666666666667,undervalued
Gautier Lloris,Nice,24.0,DF,270.0,0.0,0.0,,0.0325,0.5217916666666663,0.48929166666666635,fair
Arnaud Lusamba,Nice,22.0,"MF,FW",982.0,1.0,2.0,,2.0,3.883666666666666,1.8836666666666662,undervalued
Myziane Maolida,Nice,20.0,"FW,MF",675.0,1.0,2.0,,7.0,5.883966666666667,-1.1160333333333332,fair
Stanley N'Soki,Nice,20.0,DF,1273.0,0.0,1.0,,8.0,8.193499999999998,0.19349999999999845,fair
Adam Ounas,Nice,22.0,"MF,FW",1123.0,2.0,4.0,,8.0,7.578333333333333,-0.42166666666666686,fair
Andy Pelmard,Nice,19.0,DF,766.0,0.0,0.0,,3.0,4.024533333333334,1.0245333333333342,fair
Ihsan Sacko,Nice,22.0,FW,145.0,0.0,0.0,,1.0,1.2261865000000007,0.22618650000000073,fair
Malang Sarr,Nice,20.0,DF,1454.0,1.0,0.0,,16.0,12.43,-3.5700000000000003,overvalued
Bassem Srarfi,Nice,22.0,"FW,DF",133.0,0.0,0.0,,1.0,1.4811780000000008,0.48117800000000077,fair
Eddy Sylvestre,Nice,19.0,MF,37.0,0.0,0.0,,0.03,0.07395666666666681,0.04395666666666681,fair
Adrien Tameze,Nice,25.0,MF,519.0,1.0,0.0,,4.5,3.7093106666666653,-0.7906893333333347,fair
KhĂ©phren Thuram-Ulie,Nice,18.0,MF,590.0,0.0,0.0,,5.5,5.122733333333333,-0.3772666666666673,fair
Moussa WaguĂ©,Nice,20.0,DF,200.0,0.0,2.0,,6.0,4.996427666666666,-1.0035723333333344,fair
RĂ©mi Walter,Nice,24.0,MF,53.0,0.0,0.0,,1.0,0.9301000000000003,-0.06989999999999974,fair
Max Aarons,Norwich City,19.0,DF,3240.0,0.0,1.0,,20.0,18.58,-1.4200000000000017,overvalued
Ibrahim Amadou,Norwich City,26.0,"DF,MF",759.0,0.0,0.0,,5.0,3.7422333333333326,-1.2577666666666674,fair
Emi BuendĂ­a,Norwich City,22.0,"FW,MF",2464.0,1.0,7.0,,14.0,14.456666666666667,0.456666666666667,fair
Sam Byram,Norwich City,25.0,DF,1293.0,0.0,0.0,,2.0,2.355666666666667,0.355666666666667,fair
Todd Cantwell,Norwich City,21.0,"FW,MF",2489.0,6.0,2.0,,20.0,17.3,-2.6999999999999993,overvalued
Josip DrmiÄ‡,Norwich City,26.0,"FW,MF",647.0,1.0,0.0,,1.0,2.1698143333333335,1.1698143333333335,fair
Ondrej Duda,Norwich City,24.0,MF,724.0,0.0,0.0,,10.0,2.479849999999999,-7.520150000000001,overvalued
Ralf FĂ¤hrmann,Norwich City,30.0,GK,21.0,0.0,0.0,,1.0,0.9388833333333336,-0.061116666666666375,fair
Akin Famewo,Norwich City,20.0,MF,1.0,0.0,0.0,,0.0025,0.3799716666666673,0.3774716666666673,fair
Ben Godfrey,Norwich City,21.0,DF,2644.0,0.0,0.0,,11.0,10.028333333333334,-0.9716666666666658,fair
Grant Hanley,Norwich City,27.0,DF,1262.0,0.0,0.0,,2.0,2.376891666666667,0.37689166666666685,fair
Onel HernĂˇndez,Norwich City,26.0,"FW,MF",1384.0,1.0,2.0,,3.0,4.400658333333333,1.4006583333333333,undervalued
Adam Idah,Norwich City,18.0,"FW,MF",228.0,0.0,0.0,,2.0,1.6804266666666665,-0.3195733333333335,fair
Timm Klose,Norwich City,31.0,DF,585.0,0.0,0.0,,2.0,1.708633333333333,-0.291366666666667,fair
Tim Krul,Norwich City,31.0,GK,3240.0,0.0,0.0,,3.0,3.1515,0.15149999999999997,fair
Moritz Leitner,Norwich City,26.0,MF,685.0,0.0,0.0,,2.0,2.2811500000000002,0.28115000000000023,fair
Jamal Lewis,Norwich City,21.0,DF,2304.0,1.0,0.0,,11.0,10.216666666666667,-0.7833333333333332,fair
Josh Martin,Norwich City,17.0,FW,37.0,0.0,0.0,,1.2,0.7999476666666642,-0.4000523333333358,fair
Michael McGovern,Norwich City,35.0,GK,159.0,0.0,0.0,,0.03,0.302188416666667,0.27218841666666704,fair
Kenny McLean,Norwich City,27.0,MF,2968.0,1.0,1.0,,3.0,4.725,1.7249999999999996,undervalued
Teemu Pukki,Norwich City,29.0,FW,2886.0,11.0,3.0,,8.0,7.959,-0.04100000000000037,fair
Patrick Roberts,Norwich City,22.0,"MF,FW",26.0,0.0,0.0,,2.0,1.4203916666666656,-0.5796083333333344,fair
Lukas Rupp,Norwich City,28.0,"FW,MF",695.0,0.0,0.0,,2.0,2.621333333333334,0.6213333333333342,fair
Dennis Srbeny,Norwich City,25.0,"MF,FW",47.0,1.0,0.0,,0.08,1.8273706666666663,1.7473706666666662,undervalued
Marco Stiepermann,Norwich City,28.0,MF,1180.0,0.0,0.0,,3.0,2.7749333333333333,-0.22506666666666675,fair
Alexander Tettey,Norwich City,33.0,"MF,DF",2338.0,1.0,1.0,,1.0,0.9103166666666673,-0.08968333333333267,fair
Tom Trybull,Norwich City,26.0,MF,1130.0,0.0,0.0,,3.0,2.730333333333333,-0.26966666666666717,fair
Mario VranÄŤiÄ‡,Norwich City,30.0,MF,636.0,1.0,0.0,,1.5,1.6770833333333335,0.17708333333333348,fair
Christoph Zimmermann,Norwich City,26.0,DF,1430.0,0.0,1.0,,2.0,2.0819666666666663,0.0819666666666663,fair
JosĂ© Arnaiz,Osasuna,24.0,"FW,MF",791.0,2.0,1.0,,2.0,2.523577,0.523577,fair
Ezequiel Ăvila,Osasuna,25.0,FW,1591.0,9.0,2.0,,10.0,10.850833333333334,0.850833333333334,fair
Kike Barja,Osasuna,22.0,"MF,FW",313.0,0.0,1.0,,0.08,1.3244583333333337,1.2444583333333337,fair
Brandon,Osasuna,24.0,FW,406.0,0.0,1.0,,1.2,1.74150533333333,0.54150533333333,fair
Darko BraĹˇanac,Osasuna,27.0,MF,2245.0,0.0,1.0,,2.0,4.975575,2.975575,undervalued
Marc Cardona,Osasuna,24.0,FW,705.0,1.0,2.0,,1.0,2.3913333333333333,1.3913333333333333,undervalued
Pervis EstupiĂ±Ăˇn,Osasuna,21.0,DF,2979.0,1.0,5.0,,6.0,9.506666666666666,3.506666666666666,undervalued
Enric Gallego,Osasuna,32.0,FW,880.0,3.0,0.0,,1.0,0.9963880000000006,-0.0036119999999993935,fair
David GarcĂ­a,Osasuna,25.0,DF,2793.0,0.0,0.0,,2.0,3.6569999999999996,1.6569999999999996,undervalued
RubĂ©n GarcĂ­a,Osasuna,26.0,"MF,FW",2188.0,8.0,2.0,,0.02,6.2506666666666675,6.230666666666668,undervalued
Unai GarcĂ­a,Osasuna,27.0,DF,536.0,1.0,0.0,,0.08,1.4292573333333352,1.349257333333335,undervalued
Aridane HernĂˇndez,Osasuna,30.0,DF,2610.0,3.0,0.0,,3.0,3.420883333333333,0.42088333333333283,fair
Sergio Herrera,Osasuna,26.0,GK,1655.0,0.0,0.0,,1.0,1.4556333333333336,0.45563333333333356,fair
Robert IbĂˇĂ±ez,Osasuna,26.0,"MF,FW",537.0,1.0,0.0,,0.0006,0.7259563333333314,0.7253563333333314,fair
Toni Lato,Osasuna,21.0,"DF,MF",470.0,1.0,0.0,,1.5,1.9380703333333333,0.43807033333333334,fair
Lillo,Osasuna,30.0,DF,195.0,0.0,0.0,,0.0003,1.1528276666666664,1.1525276666666664,fair
AdriĂˇn LĂłpez,Osasuna,31.0,"FW,MF",1443.0,2.0,0.0,,1.0,1.386341666666667,0.386341666666667,fair
Javi MartĂ­nez,Osasuna,19.0,MF,10.0,0.0,0.0,,0.02,0.022951333333333154,0.002951333333333153,fair
Fran MĂ©rida,Osasuna,29.0,MF,1161.0,0.0,1.0,,1.0,1.396136,0.39613600000000004,fair
Jon Moncayola,Osasuna,21.0,"MF,DF",1496.0,1.0,0.0,,2.0,2.8402166666666666,0.8402166666666666,fair
RaĂşl Navas,Osasuna,31.0,DF,711.0,0.0,0.0,,1.0,1.0084333333333337,0.008433333333333737,fair
Aimar Oroz,Osasuna,17.0,FW,11.0,0.0,0.0,,0.01,0.08714500000000029,0.0771450000000003,fair
Luis Perea,Osasuna,21.0,"FW,MF",21.0,0.0,0.0,,0.04,0.10314249999999957,0.06314249999999957,fair
IĂ±igo PĂ©rez,Osasuna,31.0,MF,1082.0,2.0,1.0,,0.0475,0.930085333333336,0.882585333333336,fair
Juan PĂ©rez,Osasuna,23.0,GK,180.0,0.0,0.0,,0.04,0.14411666666666625,0.10411666666666625,fair
Facundo Roncaglia,Osasuna,32.0,DF,1277.0,1.0,0.0,,1.0,1.497600000000001,0.49760000000000093,fair
RubĂ©n,Osasuna,35.0,GK,1583.0,0.0,0.0,,0.0005,0.07117100000000014,0.07067100000000014,fair
Oier Sanjurjo,Osasuna,33.0,MF,2320.0,2.0,1.0,,0.0008,0.31218866666666606,0.31138866666666604,fair
Roberto Torres,Osasuna,30.0,"MF,FW",2717.0,7.0,8.0,,4.0,12.702916666666667,8.702916666666667,undervalued
Nacho Vidal,Osasuna,24.0,DF,2332.0,0.0,0.0,,2.0,2.7073333333333336,0.7073333333333336,fair
Juan Villar,Osasuna,31.0,FW,240.0,1.0,0.0,,0.065,0.8799499999999989,0.814949999999999,fair
Christopher Antwi-Adjei,Paderborn 07,25.0,"MF,FW",2470.0,1.0,2.0,,1.0,2.818666666666666,1.8186666666666662,undervalued
Jamilu Collins,Paderborn 07,24.0,DF,2668.0,1.0,2.0,,2.0,2.89,0.8900000000000001,fair
Mohamed DrĂ¤ger,Paderborn 07,23.0,DF,1455.0,1.0,3.0,,1.0,2.082208333333333,1.082208333333333,fair
Antony Evans,Paderborn 07,20.0,"MF,DF",156.0,0.0,0.0,,0.035,0.2041434166666653,0.1691434166666653,fair
Samuel Fridjonsson,Paderborn 07,23.0,MF,192.0,0.0,0.0,,0.0004,0.4671286666666676,0.46672866666666757,fair
Klaus Gjasula,Paderborn 07,29.0,MF,2280.0,2.0,1.0,,0.0725,2.1366166666666633,2.0641166666666635,undervalued
Gerrit Holtmann,Paderborn 07,24.0,"MF,DF",1065.0,1.0,0.0,,1.0,1.4711250000000002,0.47112500000000024,fair
Uwe HĂĽnemeier,Paderborn 07,33.0,DF,1209.0,1.0,0.0,,0.0325,0.21324266666666591,0.1807426666666659,fair
Jannik Huth,Paderborn 07,25.0,GK,540.0,0.0,0.0,,0.06,0.4385216666666678,0.3785216666666678,fair
Laurent Jans,Paderborn 07,26.0,DF,1571.0,0.0,1.0,,0.055,1.0320333333333371,0.9770333333333371,fair
Dennis Jastrzembski,Paderborn 07,19.0,"DF,MF",177.0,0.0,0.0,,0.045,0.1906714166666674,0.14567141666666739,fair
Luca Kilian,Paderborn 07,19.0,DF,1261.0,0.0,0.0,,1.0,4.068183333333329,3.0681833333333293,undervalued
Streli Mamba,Paderborn 07,25.0,FW,1521.0,5.0,2.0,,1.0,3.134383333333333,2.134383333333333,undervalued
Sven Michel,Paderborn 07,29.0,FW,1376.0,5.0,1.0,,1.0,2.16115,1.1611500000000001,fair
Cauly Oliveira Souza,Paderborn 07,23.0,"MF,FW",717.0,2.0,0.0,,1.4,1.8927436666666608,0.4927436666666609,fair
Kai PrĂ¶ger,Paderborn 07,27.0,"MF,FW",2079.0,2.0,6.0,,1.0,3.3772416666666665,2.3772416666666665,undervalued
Marlon Ritter,Paderborn 07,24.0,MF,435.0,0.0,1.0,,0.04,0.6700999999999994,0.6300999999999993,fair
Abdelhamid Sabiri,Paderborn 07,22.0,MF,1048.0,4.0,1.0,,1.0,3.6698166666666663,2.6698166666666663,undervalued
Sebastian Schonlau,Paderborn 07,24.0,DF,2070.0,2.0,0.0,,1.0,2.112983333333333,1.1129833333333332,fair
Khiry Shelton,Paderborn 07,26.0,"FW,MF",34.0,0.0,0.0,,0.04,0.3475580000000011,0.3075580000000011,fair
Dennis Srbeny,Paderborn 07,25.0,"FW,MF",1119.0,5.0,1.0,,0.08,5.4136,5.3336,undervalued
Christian Strohdiek,Paderborn 07,31.0,DF,1363.0,1.0,2.0,,0.0475,0.8733833333333382,0.8258833333333382,fair
Sebastian Vasiliadis,Paderborn 07,21.0,MF,2808.0,1.0,1.0,,3.0,7.12,4.12,undervalued
Leopold Zingerle,Paderborn 07,25.0,GK,2520.0,0.0,0.0,,1.0,2.6666666666666665,1.6666666666666665,undervalued
Ben Zolinski,Paderborn 07,27.0,"FW,MF",1210.0,3.0,2.0,,0.0725,1.8370083333333294,1.7645083333333293,undervalued
Adil Aouchiche,Paris S-G,17.0,MF,64.0,0.0,0.0,,5.0,5.303999666666665,0.3039996666666651,fair
Alphonse Areola,Paris S-G,26.0,GK,270.0,0.0,0.0,,13.0,11.486786333333333,-1.5132136666666671,overvalued
Mitchel Bakker,Paris S-G,19.0,DF,90.0,0.0,0.0,,0.09,1.4308126666666618,1.3408126666666618,undervalued
Juan Bernat,Paris S-G,26.0,"DF,MF",1388.0,0.0,4.0,,16.0,23.261666666666667,7.261666666666667,undervalued
Marcin Bulka,Paris S-G,19.0,GK,90.0,0.0,0.0,,0.0009,1.3224426666666669,1.321542666666667,undervalued
Edinson Cavani,Paris S-G,32.0,FW,605.0,4.0,1.0,,20.0,14.704269166666666,-5.295730833333334,overvalued
Colin Dagba,Paris S-G,20.0,DF,668.0,0.0,0.0,,16.0,15.264933333333335,-0.7350666666666648,fair
Ăngel Di MarĂ­a,Paris S-G,31.0,"FW,MF",2000.0,8.0,14.0,,32.0,35.108333333333334,3.1083333333333343,undervalued
Abdou Diallo,Paris S-G,23.0,DF,1201.0,0.0,1.0,,28.0,26.415,-1.5850000000000009,overvalued
Julian Draxler,Paris S-G,25.0,MF,686.0,0.0,4.0,,24.0,29.036666666666665,5.036666666666665,undervalued
Idrissa Gana Gueye,Paris S-G,29.0,MF,1653.0,1.0,2.0,,24.0,20.806882666666667,-3.1931173333333334,overvalued
Ander Herrera,Paris S-G,29.0,"MF,DF",547.0,1.0,1.0,,16.0,17.09852166666667,1.0985216666666702,fair
Mauro Icardi,Paris S-G,26.0,FW,1267.0,12.0,2.0,,60.0,50.98833333333334,-9.011666666666663,overvalued
Thilo Kehrer,Paris S-G,22.0,DF,480.0,1.0,0.0,,28.0,21.643336333333334,-6.356663666666666,overvalued
Presnel Kimpembe,Paris S-G,23.0,DF,1225.0,0.0,0.0,,28.0,23.125,-4.875,overvalued
Nianzou Kouassi,Paris S-G,17.0,"DF,MF",452.0,2.0,0.0,,11.0,11.378636333333334,0.37863633333333446,fair
Layvin Kurzawa,Paris S-G,26.0,DF,858.0,1.0,0.0,,12.0,14.977833333333335,2.9778333333333347,undervalued
Marquinhos,Paris S-G,25.0,"MF,DF",1476.0,3.0,1.0,,70.0,20.422866666666668,-49.577133333333336,overvalued
Eric Maxim Choupo-Moting,Paris S-G,30.0,"FW,MF",451.0,3.0,1.0,,4.0,16.389,12.389,undervalued
Kylian MbappĂ©,Paris S-G,20.0,FW,1513.0,18.0,5.0,,180.0,149.70666666666668,-30.293333333333322,overvalued
LoĂŻc Mbe Soh,Paris S-G,18.0,DF,58.0,0.0,0.0,,4.0,4.973820999999996,0.9738209999999956,fair
Thomas Meunier,Paris S-G,27.0,DF,1242.0,0.0,1.0,,24.0,23.966666666666665,-0.03333333333333499,fair
Keylor Navas,Paris S-G,32.0,GK,1890.0,0.0,0.0,,8.0,7.837816666666666,-0.162183333333334,fair
Neymar,Paris S-G,27.0,"MF,FW",1318.0,13.0,6.0,,128.0,100.05333333333333,-27.946666666666673,overvalued
Leandro Paredes,Paris S-G,25.0,MF,814.0,0.0,0.0,,20.0,19.3361,-0.6639000000000017,fair
Sergio Rico,Paris S-G,25.0,GK,180.0,0.0,0.0,,8.0,9.531568,1.531568,undervalued
Pablo Sarabia,Paris S-G,27.0,"FW,MF",1164.0,4.0,3.0,,28.0,24.174333333333333,-3.8256666666666668,overvalued
Thiago Silva,Paris S-G,34.0,DF,1571.0,0.0,0.0,,4.0,4.064059999999998,0.06405999999999779,fair
Marco Verratti,Paris S-G,26.0,MF,1482.0,0.0,5.0,,60.0,47.501666666666665,-12.498333333333335,overvalued
Arthur Zagre,Paris S-G,17.0,MF,25.0,0.0,0.0,,6.0,13.883142333333335,7.8831423333333355,undervalued
Bruno Alves,Parma,37.0,DF,2671.0,0.0,0.0,,0.08,0.22200199999999914,0.14200199999999913,fair
Antonino BarillĂ ,Parma,31.0,MF,1688.0,1.0,2.0,,1.0,1.5412250000000003,0.5412250000000003,fair
GastĂłn Brugman,Parma,26.0,MF,1458.0,0.0,2.0,,2.0,2.4261666666666666,0.4261666666666666,fair
Gianluca Caprari,Parma,26.0,"FW,MF",589.0,2.0,0.0,,6.0,5.107268666666666,-0.8927313333333338,fair
Simone Colombi,Parma,28.0,GK,360.0,0.0,0.0,,0.065,0.619649999999999,0.554649999999999,fair
Andreas Cornelius,Parma,26.0,FW,1494.0,12.0,3.0,,8.0,28.631666666666668,20.631666666666668,undervalued
Matteo Darmian,Parma,29.0,DF,2685.0,1.0,1.0,,6.0,5.921666666666667,-0.07833333333333314,fair
Kastriot Dermaku,Parma,27.0,DF,1026.0,0.0,0.0,,0.08,0.6957936666666684,0.6157936666666685,fair
Riccardo Gagliolo,Parma,29.0,DF,2604.0,3.0,2.0,,2.0,6.428575,4.428575,undervalued
Gervinho,Parma,32.0,FW,2270.0,7.0,4.0,,5.0,4.9059333333333335,-0.09406666666666652,fair
Alberto Grassi,Parma,24.0,MF,641.0,1.0,1.0,,5.0,3.9887166666666674,-1.0112833333333326,fair
Hernani,Parma,25.0,MF,2419.0,0.0,4.0,,5.5,6.64,1.1399999999999997,fair
Simone Iacoponi,Parma,32.0,DF,3053.0,2.0,0.0,,1.0,1.4407083333333337,0.4407083333333337,fair
Roberto Inglese,Parma,27.0,FW,766.0,4.0,0.0,,12.0,9.458333333333334,-2.541666666666666,overvalued
Yann Karamoh,Parma,21.0,"FW,MF",573.0,1.0,1.0,,9.0,6.856633333333334,-2.143366666666666,overvalued
Juraj Kucka,Parma,32.0,"MF,FW",1932.0,6.0,3.0,,4.0,3.7876416666666666,-0.21235833333333343,fair
Dejan Kulusevski,Parma,19.0,"FW,MF",2930.0,10.0,8.0,,31.0,38.455,7.454999999999998,undervalued
Jasmin KurtiÄ‡,Parma,30.0,"MF,FW",1664.0,2.0,1.0,,3.5,3.305233333333333,-0.1947666666666672,fair
Vincent Laurini,Parma,30.0,DF,884.0,0.0,2.0,,1.0,1.2620666666666664,0.26206666666666645,fair
Giuseppe Pezzella,Parma,21.0,DF,949.0,0.0,0.0,,2.0,2.6569706666666675,0.6569706666666675,fair
Vasco Regini,Parma,28.0,DF,51.0,0.0,0.0,,0.0725,0.24449999999999988,0.17199999999999988,fair
Matteo Scozzarella,Parma,31.0,MF,920.0,0.0,3.0,,0.08,0.8096666666666703,0.7296666666666703,fair
Luigi Sepe,Parma,28.0,GK,3060.0,0.0,0.0,,4.0,7.74,3.74,undervalued
Luca Siligardi,Parma,31.0,"FW,MF",337.0,0.0,1.0,,0.055,0.39524433333333536,0.34024433333333537,fair
Mattia Sprocati,Parma,26.0,FW,590.0,1.0,0.0,,1.0,2.1156373333333334,1.1156373333333334,fair
Tyler Adams,RB Leipzig,20.0,"DF,MF",953.0,0.0,0.0,,11.0,12.286566666666666,1.2865666666666655,fair
Ethan Ampadu,RB Leipzig,18.0,DF,81.0,0.0,0.0,,9.0,7.0106885,-1.9893115000000003,overvalued
AngeliĂ±o,RB Leipzig,22.0,DF,1095.0,1.0,2.0,,25.0,20.63,-4.370000000000001,overvalued
Matheus Cunha,RB Leipzig,20.0,"FW,MF",279.0,0.0,1.0,,13.0,10.889933333333339,-2.110066666666661,overvalued
Diego Demme,RB Leipzig,27.0,MF,1211.0,0.0,0.0,,13.0,11.806000000000001,-1.193999999999999,fair
Emil Forsberg,RB Leipzig,27.0,"MF,FW",1141.0,5.0,2.0,,22.0,20.086000000000002,-1.913999999999998,overvalued
PĂ©ter GulĂˇcsi,RB Leipzig,29.0,GK,2880.0,0.0,1.0,,9.0,8.286666666666667,-0.7133333333333329,fair
Amadou Haidara,RB Leipzig,21.0,MF,756.0,0.0,1.0,,15.0,13.574633333333333,-1.4253666666666671,overvalued
Marcel Halstenberg,RB Leipzig,27.0,DF,2520.0,3.0,3.0,,17.0,16.44333333333333,-0.5566666666666684,fair
Stefan Ilsanker,RB Leipzig,30.0,DF,418.0,0.0,0.0,,2.0,3.640949999999999,1.6409499999999988,undervalued
Kevin Kampl,RB Leipzig,28.0,MF,675.0,2.0,2.0,,17.0,17.383,0.3829999999999991,fair
Lukas Klostermann,RB Leipzig,23.0,DF,2643.0,3.0,1.0,,28.0,23.676666666666666,-4.323333333333334,overvalued
Ibrahima KonatĂ©,RB Leipzig,20.0,DF,569.0,0.0,0.0,,40.0,27.715183333333336,-12.284816666666664,overvalued
Tom KrauĂź,RB Leipzig,18.0,MF,4.0,0.0,0.0,,0.03,3.069959166666656,3.039959166666656,undervalued
Konrad Laimer,RB Leipzig,22.0,MF,2115.0,2.0,6.0,,24.0,24.171333333333333,0.17133333333333312,fair
Ademola Lookman,RB Leipzig,21.0,"MF,FW",309.0,0.0,0.0,,13.0,7.033993666666666,-5.966006333333334,overvalued
Nordi Mukiele,RB Leipzig,21.0,DF,1783.0,3.0,1.0,,20.0,19.456666666666667,-0.543333333333333,fair
Yvon Mvogo,RB Leipzig,25.0,GK,180.0,0.0,0.0,,2.0,2.4485916666666654,0.4485916666666654,fair
Christopher Nkunku,RB Leipzig,21.0,"MF,FW",1925.0,5.0,13.0,,28.0,57.88666666666666,29.886666666666663,undervalued
Dani Olmo,RB Leipzig,21.0,"MF,FW",747.0,3.0,1.0,,33.0,25.885833333333334,-7.114166666666666,overvalued
Willi Orban,RB Leipzig,26.0,DF,856.0,1.0,0.0,,16.0,15.576666666666666,-0.4233333333333338,fair
Yussuf Poulsen,RB Leipzig,25.0,FW,1222.0,5.0,6.0,,24.0,24.336666666666666,0.336666666666666,fair
Marcel Sabitzer,RB Leipzig,25.0,"MF,FW",2499.0,9.0,7.0,,32.0,28.426666666666666,-3.573333333333334,overvalued
Marcelo Saracchi,RB Leipzig,21.0,DF,179.0,1.0,0.0,,9.0,9.704375000000004,0.7043750000000042,fair
Patrik Schick,RB Leipzig,23.0,FW,1298.0,10.0,2.0,,20.0,21.226833333333335,1.2268333333333352,fair
Dayot Upamecano,RB Leipzig,20.0,DF,2357.0,0.0,1.0,,45.0,14.878333333333334,-30.121666666666666,overvalued
Timo Werner,RB Leipzig,23.0,FW,2795.0,28.0,8.0,,64.0,70.97,6.969999999999999,undervalued
Hannes Wolf,RB Leipzig,20.0,"FW,MF",58.0,0.0,0.0,,11.0,8.453225000000002,-2.5467749999999985,overvalued
Alphonse Areola,Real Madrid,26.0,GK,360.0,0.0,0.0,,13.0,12.119000000000002,-0.8809999999999985,fair
Marco Asensio,Real Madrid,23.0,FW,336.0,3.0,1.0,,32.0,28.430833333333332,-3.5691666666666677,overvalued
Gareth Bale,Real Madrid,30.0,"FW,MF",1089.0,2.0,2.0,,32.0,29.225,-2.7749999999999986,overvalued
Karim Benzema,Real Madrid,31.0,FW,3141.0,21.0,8.0,,32.0,44.446666666666665,12.446666666666665,undervalued
Dani Carvajal,Real Madrid,27.0,DF,2738.0,1.0,5.0,,40.0,46.49166666666667,6.491666666666667,undervalued
Casemiro,Real Madrid,27.0,MF,3088.0,4.0,3.0,,65.0,60.66,-4.340000000000003,overvalued
Thibaut Courtois,Real Madrid,27.0,GK,3060.0,0.0,0.0,,48.0,51.013333333333335,3.0133333333333354,undervalued
Brahim DĂ­az,Real Madrid,19.0,"FW,MF",65.0,0.0,0.0,,13.0,7.929247000000004,-5.070752999999996,overvalued
Eden Hazard,Real Madrid,28.0,"FW,MF",1077.0,1.0,3.0,,80.0,59.14966666666667,-20.85033333333333,overvalued
Isco,Real Madrid,27.0,"FW,MF",1181.0,1.0,2.0,,20.0,28.516666666666666,8.516666666666666,undervalued
Luka JoviÄ‡,Real Madrid,21.0,FW,430.0,2.0,1.0,,22.0,23.183333333333334,1.1833333333333336,fair
Vinicius JĂşnior,Real Madrid,19.0,"FW,MF",1364.0,3.0,1.0,,50.0,42.73166666666667,-7.268333333333331,overvalued
Toni Kroos,Real Madrid,29.0,MF,2652.0,4.0,5.0,,48.0,48.82333333333333,0.8233333333333306,fair
Marcelo,Real Madrid,31.0,DF,1296.0,1.0,2.0,,12.0,16.390725,4.390725,undervalued
Mariano,Real Madrid,25.0,FW,45.0,1.0,0.0,,12.0,12.821525,0.8215249999999994,fair
Ferland Mendy,Real Madrid,24.0,DF,1809.0,1.0,3.0,,32.0,41.193333333333335,9.193333333333335,undervalued
Ă‰der MilitĂŁo,Real Madrid,21.0,DF,1022.0,0.0,0.0,,36.0,29.655,-6.344999999999999,overvalued
Luka Modric,Real Madrid,33.0,MF,1996.0,3.0,7.0,,10.0,17.6235,7.6235,undervalued
Nacho,Real Madrid,29.0,DF,439.0,1.0,0.0,,10.0,12.677616666666667,2.677616666666667,undervalued
Ălvaro Odriozola,Real Madrid,23.0,DF,343.0,0.0,1.0,,16.0,14.765541666666666,-1.2344583333333343,fair
Sergio Ramos,Real Madrid,33.0,DF,3013.0,11.0,0.0,,14.0,15.465269333333339,1.4652693333333389,undervalued
James RodrĂ­guez,Real Madrid,28.0,MF,419.0,1.0,1.0,,32.0,19.657735333333335,-12.342264666666665,overvalued
Rodrygo,Real Madrid,18.0,FW,1019.0,2.0,0.0,,45.0,39.21666666666667,-5.783333333333331,overvalued
Federico Valverde,Real Madrid,21.0,MF,1907.0,2.0,5.0,,54.0,53.42333333333333,-0.576666666666668,fair
RaphaĂ«l Varane,Real Madrid,26.0,DF,2822.0,3.0,1.0,,64.0,61.76,-2.240000000000002,overvalued
Lucas VĂˇzquez,Real Madrid,28.0,"MF,FW",848.0,2.0,1.0,,16.0,25.235666666666667,9.235666666666667,undervalued
Miguel Ăngel MoyĂˇ,Real Sociedad,35.0,GK,1170.0,0.0,0.0,,1.0,1.0741136666666669,0.07411366666666686,fair
Ander Barrenetxea,Real Sociedad,17.0,"FW,MF",442.0,0.0,0.0,,9.0,6.747404000000001,-2.2525959999999987,overvalued
Aritz Elustondo,Real Sociedad,25.0,DF,1510.0,0.0,1.0,,8.0,7.164500000000001,-0.8354999999999988,fair
Andoni Gorosabel,Real Sociedad,22.0,DF,714.0,0.0,0.0,,1.0,2.0796999999999994,1.0796999999999994,fair
Ander Guevara,Real Sociedad,22.0,MF,939.0,0.0,0.0,,6.0,2.712266666666667,-3.287733333333333,overvalued
Asier Illarramendi,Real Sociedad,29.0,MF,216.0,0.0,0.0,,14.0,9.509749999999999,-4.490250000000001,overvalued
Alexander Isak,Real Sociedad,19.0,FW,1507.0,9.0,1.0,,22.0,19.433333333333334,-2.5666666666666664,overvalued
Adnan Januzaj,Real Sociedad,24.0,"FW,MF",1167.0,3.0,3.0,,9.0,7.818741666666668,-1.1812583333333322,fair
Willian JosĂ©,Real Sociedad,27.0,FW,2011.0,11.0,1.0,,24.0,10.55,-13.45,overvalued
Robin Le Normand,Real Sociedad,22.0,DF,2394.0,1.0,0.0,,12.0,16.078,4.077999999999999,undervalued
Diego Llorente,Real Sociedad,25.0,DF,2327.0,1.0,1.0,,20.0,16.619000000000003,-3.3809999999999967,overvalued
Roberto LĂłpez,Real Sociedad,19.0,MF,51.0,0.0,1.0,,0.09,2.0863869999999993,1.9963869999999992,undervalued
Mikel Merino,Real Sociedad,23.0,MF,3139.0,5.0,1.0,,24.0,20.266666666666666,-3.7333333333333343,overvalued
Nacho Monreal,Real Sociedad,33.0,DF,2390.0,2.0,0.0,,3.0,2.307027,-0.6929729999999998,fair
Aihen MuĂ±oz,Real Sociedad,21.0,DF,981.0,0.0,0.0,,4.0,3.493585333333333,-0.5064146666666671,fair
Mikel Oyarzabal,Real Sociedad,22.0,"FW,MF",3051.0,10.0,11.0,,48.0,50.88333333333333,2.883333333333333,undervalued
Jon Pacheco,Real Sociedad,18.0,DF,77.0,0.0,0.0,,0.02,0.22202500000000094,0.20202500000000095,fair
Portu,Real Sociedad,27.0,"FW,MF",2393.0,7.0,7.0,,16.0,15.316333333333333,-0.6836666666666673,fair
Ălex Remiro,Real Sociedad,24.0,GK,2250.0,0.0,0.0,,12.0,13.198333333333334,1.1983333333333341,fair
KĂ©vin Rodrigues,Real Sociedad,25.0,DF,6.0,0.0,0.0,,2.0,1.8148083333333314,-0.18519166666666864,fair
Luca Sangalli,Real Sociedad,24.0,MF,372.0,0.0,1.0,,2.0,2.3070873333333335,0.3070873333333335,fair
Joseba Zaldua,Real Sociedad,27.0,DF,2545.0,0.0,2.0,,10.0,10.816666666666666,0.8166666666666664,fair
Igor Zubeldia,Real Sociedad,22.0,"MF,DF",2640.0,0.0,1.0,,24.0,21.833333333333332,-2.166666666666668,overvalued
MartĂ­n Zubimendi,Real Sociedad,20.0,MF,524.0,0.0,0.0,,0.025,1.9153166666666614,1.8903166666666615,undervalued
David Zurutuza,Real Sociedad,33.0,MF,157.0,0.0,0.0,,1.0,2.549077416666665,1.5490774166666652,undervalued
Martin Ădegaard,Real Sociedad,20.0,MF,2527.0,4.0,6.0,,45.0,30.39,-14.61,overvalued
Yunis Abdelhamid,Reims,31.0,DF,2520.0,3.0,0.0,,2.0,2.4043333333333323,0.4043333333333323,fair
El Bilal TourĂ©,Reims,17.0,FW,453.0,3.0,0.0,,2.0,2.9420083333333333,0.9420083333333333,fair
Mathieu Cafaro,Reims,22.0,"FW,MF",924.0,1.0,2.0,,6.0,5.117800000000001,-0.8821999999999992,fair
Moreto CassamĂŁ,Reims,21.0,MF,592.0,0.0,1.0,,2.5,3.519533333333334,1.0195333333333338,fair
Xavier Chavalerin,Reims,28.0,MF,2147.0,1.0,3.0,,4.0,4.4973,0.4973000000000001,fair
Boulaye Dia,Reims,22.0,FW,1812.0,7.0,1.0,,4.0,6.101999999999999,2.1019999999999994,undervalued
Tristan DingomĂ©,Reims,28.0,MF,892.0,0.0,1.0,,1.0,1.7793693333333331,0.7793693333333331,fair
Axel Disasi,Reims,21.0,DF,2430.0,1.0,0.0,,7.0,11.682666666666668,4.682666666666668,undervalued
Anastasios Donis,Reims,22.0,"FW,MF",609.0,0.0,0.0,,2.0,2.509333333333333,0.5093333333333332,fair
Moussa Doumbia,Reims,24.0,"FW,MF",1718.0,2.0,1.0,,2.0,6.042333333333333,4.042333333333333,undervalued
Thomas Foket,Reims,24.0,DF,2430.0,0.0,1.0,,4.0,4.009666666666667,0.009666666666666934,fair
Suk Hyun-jun,Reims,28.0,"FW,MF",262.0,1.0,1.0,,1.4,2.400949999999991,1.0009499999999911,fair
Hassane Kamara,Reims,24.0,"DF,FW",1709.0,2.0,0.0,,4.0,6.269483333333331,2.269483333333331,undervalued
Ghislain Konan,Reims,23.0,DF,1333.0,0.0,1.0,,5.0,4.232666666666668,-0.7673333333333323,fair
Dereck Kutesa,Reims,21.0,"FW,MF",528.0,1.0,0.0,,1.0,1.4571853333333336,0.45718533333333355,fair
Nicolas LemaĂ®tre,Reims,22.0,GK,90.0,0.0,0.0,,0.0325,0.587842666666667,0.555342666666667,fair
Dario Maresic,Reims,19.0,DF,90.0,0.0,0.0,,2.0,1.4189650555555549,-0.5810349444444451,fair
Nathanael Mbuku,Reims,17.0,"MF,FW",395.0,0.0,0.0,,5.0,4.267893666666665,-0.7321063333333351,fair
Marshall Munetsi,Reims,23.0,MF,838.0,0.0,2.0,,0.08,0.7498583333333372,0.6698583333333372,fair
TimothĂ©e Nkada,Reims,20.0,"FW,MF",148.0,0.0,0.0,,0.0003,0.2976217500000001,0.29732175000000005,fair
Remi Oudin,Reims,22.0,"FW,MF",1397.0,3.0,2.0,,7.0,6.338500000000001,-0.6614999999999993,fair
Predrag RajkoviÄ‡,Reims,23.0,GK,2430.0,0.0,0.0,,9.0,7.971666666666667,-1.0283333333333333,fair
Alaixys Romao,Reims,35.0,MF,1781.0,0.0,0.0,,0.0325,0.18607766666666598,0.15357766666666597,fair
Kaj Sierhuis,Reims,21.0,FW,12.0,0.0,0.0,,2.0,1.4691583333333316,-0.5308416666666684,fair
Sambou Sissoko,Reims,20.0,"MF,FW",32.0,0.0,0.0,,0.045,0.44147900000000057,0.3964790000000006,fair
Arber Zeneli,Reims,24.0,MF,6.0,0.0,0.0,,5.0,3.6051249999999997,-1.3948750000000003,fair
Sacha Boey,Rennes,18.0,DF,172.0,0.0,0.0,,1.0,1.0317166666666668,0.03171666666666684,fair
Benjamin Bourigeaud,Rennes,25.0,MF,1903.0,2.0,2.0,,12.0,10.0755,-1.9245,overvalued
Eduardo Camavinga,Rennes,16.0,MF,2107.0,1.0,2.0,,37.0,18.196666666666665,-18.803333333333335,overvalued
Lucas Da Cunha,Rennes,18.0,MF,72.0,0.0,0.0,,1.0,0.699532,-0.30046799999999996,fair
Damien Da Silva,Rennes,31.0,DF,2244.0,1.0,2.0,,4.0,3.4644999999999997,-0.5355000000000003,fair
Romain Del Castillo,Rennes,23.0,"FW,MF",1242.0,2.0,5.0,,4.0,6.781666666666666,2.7816666666666663,undervalued
Raphael Dias Belloli,Rennes,22.0,"MF,FW",1690.0,5.0,3.0,,18.0,15.0425,-2.9574999999999996,overvalued
Souleyman Doumbia,Rennes,22.0,DF,90.0,0.0,0.0,,1.0,0.8378583333333339,-0.16214166666666607,fair
Yann Gboho,Rennes,18.0,FW,226.0,1.0,1.0,,2.0,2.377342666666667,0.3773426666666668,fair
JĂ©rĂ©my GĂ©lin,Rennes,22.0,"DF,MF",924.0,0.0,0.0,,4.0,2.2818853333333338,-1.7181146666666662,overvalued
Joris Gnagnon,Rennes,22.0,DF,1278.0,0.0,1.0,,4.0,3.955333333333333,-0.044666666666667076,fair
ClĂ©ment Grenier,Rennes,28.0,MF,839.0,1.0,0.0,,5.0,4.310816666666667,-0.6891833333333333,fair
Rafik Guitane,Rennes,20.0,"MF,DF",16.0,0.0,0.0,,2.0,1.4117583333333337,-0.5882416666666663,fair
Adrien Hunou,Rennes,25.0,"FW,MF",1210.0,8.0,1.0,,4.0,5.773333333333333,1.7733333333333334,undervalued
James Lea Siliki,Rennes,23.0,MF,1079.0,0.0,0.0,,5.0,4.0854,-0.9146000000000001,fair
Faitout Maouassa,Rennes,21.0,DF,1803.0,3.0,1.0,,8.0,10.052666666666667,2.052666666666667,undervalued
Jonas Martin,Rennes,29.0,MF,113.0,0.0,0.0,,2.0,1.861232166666667,-0.1387678333333331,fair
Edouard Mendy,Rennes,27.0,GK,2160.0,0.0,0.0,,7.0,6.4159999999999995,-0.5840000000000005,fair
JĂ©rĂ©my Morel,Rennes,35.0,DF,1806.0,1.0,0.0,,0.025,0.2583509999999999,0.2333509999999999,fair
M'Baye Niang,Rennes,24.0,FW,2126.0,10.0,0.0,,12.0,12.716666666666667,0.7166666666666668,fair
Gerzino Nyamsi,Rennes,22.0,DF,116.0,0.0,0.0,,1.0,0.8717593333333336,-0.12824066666666645,fair
Steven Nzonzi,Rennes,30.0,MF,386.0,0.0,0.0,,11.0,7.878208333333332,-3.1217916666666676,overvalued
Romain Salin,Rennes,35.0,GK,360.0,0.0,0.0,,0.02,0.35386666666666655,0.33386666666666653,fair
Theoson Siebatcheu,Rennes,23.0,FW,440.0,0.0,1.0,,3.5,3.163983333333333,-0.3360166666666671,fair
Flavien Tait,Rennes,26.0,"MF,FW",885.0,2.0,2.0,,4.0,3.9025333333333334,-0.09746666666666659,fair
Hamari TraorĂ©,Rennes,27.0,DF,2411.0,0.0,5.0,,4.0,5.225,1.2249999999999996,fair
Mirko Antonucci,Roma,20.0,"FW,MF",82.0,0.0,0.0,,0.09,1.0861250000000005,0.9961250000000005,fair
Bryan Cristante,Roma,24.0,MF,1616.0,1.0,3.0,,20.0,14.954333333333336,-5.045666666666664,overvalued
Amadou Diawara,Roma,22.0,MF,1518.0,1.0,1.0,,18.0,16.301666666666666,-1.6983333333333341,overvalued
Edin DĹľeko,Roma,33.0,FW,2854.0,16.0,7.0,,10.0,21.965,11.965,undervalued
Federico Fazio,Roma,32.0,DF,1213.0,1.0,0.0,,3.0,2.9359833333333336,-0.06401666666666639,fair
Alessandro Florenzi,Roma,28.0,"DF,FW",997.0,0.0,1.0,,16.0,13.129283333333333,-2.8707166666666666,overvalued
Daniel Fuzato,Roma,22.0,GK,90.0,0.0,0.0,,0.04,1.565734333333337,1.5257343333333369,undervalued
Roger Ibanez,Roma,20.0,DF,614.0,0.0,0.0,,15.0,11.818333333333333,-3.1816666666666666,overvalued
Juan Jesus,Roma,28.0,DF,139.0,0.0,0.0,,3.5,2.9090166666666666,-0.5909833333333334,fair
Nikola KaliniÄ‡,Roma,31.0,FW,571.0,5.0,1.0,,5.5,5.917333333333334,0.41733333333333356,fair
Justin Kluivert,Roma,20.0,FW,1514.0,4.0,1.0,,22.0,21.373333333333335,-0.6266666666666652,fair
Aleksandar Kolarov,Roma,33.0,DF,2732.0,7.0,3.0,,6.0,5.196899999999999,-0.8031000000000006,fair
Pau LĂłpez,Roma,24.0,GK,2880.0,0.0,0.0,,19.0,21.51,2.5100000000000016,undervalued
Gianluca Mancini,Roma,23.0,"DF,MF",2740.0,1.0,0.0,,22.0,20.58,-1.4200000000000017,overvalued
YÄ±ldÄ±rÄ±m Mert Ă‡etin,Roma,22.0,DF,257.0,0.0,0.0,,4.0,3.637363666666667,-0.3626363333333331,fair
Antonio Mirante,Roma,36.0,GK,450.0,0.0,0.0,,0.065,0.3601333333333326,0.2951333333333326,fair
Henrikh Mkhitaryan,Roma,30.0,"MF,FW",1530.0,9.0,5.0,,20.0,18.363333333333333,-1.6366666666666667,overvalued
Javier Pastore,Roma,30.0,MF,514.0,0.0,1.0,,8.0,5.853596999999997,-2.146403000000003,overvalued
Lorenzo Pellegrini,Roma,23.0,MF,2097.0,1.0,9.0,,32.0,30.543,-1.4570000000000007,overvalued
Bruno Peres,Roma,29.0,DF,1056.0,2.0,2.0,,2.0,5.952491666666666,3.952491666666666,undervalued
Carles PĂ©rez,Roma,21.0,"FW,MF",566.0,1.0,3.0,,9.0,9.798333333333334,0.7983333333333338,fair
Diego Perotti,Roma,31.0,"FW,MF",875.0,5.0,3.0,,6.0,6.400266666666666,0.4002666666666661,fair
Davide Santon,Roma,28.0,DF,619.0,0.0,0.0,,4.0,8.2632,4.263199999999999,undervalued
Chris Smalling,Roma,29.0,DF,2566.0,3.0,2.0,,16.0,15.783333333333333,-0.21666666666666679,fair
Leonardo Spinazzola,Roma,26.0,DF,1548.0,1.0,2.0,,14.0,13.476666666666667,-0.5233333333333334,fair
Cengiz Ăśnder,Roma,22.0,FW,873.0,3.0,0.0,,24.0,20.481666666666666,-3.5183333333333344,overvalued
Jordan Veretout,Roma,26.0,MF,2629.0,6.0,0.0,,20.0,18.265,-1.7349999999999994,overvalued
Gonzalo Villar,Roma,21.0,MF,299.0,0.0,0.0,,2.0,2.416416666666666,0.4164166666666662,fair
NicolĂ˛ Zaniolo,Roma,20.0,"FW,MF",1503.0,6.0,2.0,,45.0,35.483333333333334,-9.516666666666666,overvalued
Davide Zappacosta,Roma,27.0,DF,452.0,0.0,1.0,,12.0,4.841108333333334,-7.158891666666666,overvalued
Charles Abi,Saint-Ă‰tienne,19.0,FW,623.0,0.0,0.0,,1.0,4.044266666666666,3.0442666666666662,undervalued
Jean-Eudes Aholou,Saint-Ă‰tienne,25.0,MF,630.0,1.0,1.0,,4.0,3.45205,-0.5479500000000002,fair
Stefan Bajic,Saint-Ă‰tienne,17.0,GK,90.0,0.0,0.0,,0.03,0.2059083333333338,0.1759083333333338,fair
Bilal Benkhedim,Saint-Ă‰tienne,18.0,"MF,FW",132.0,0.0,0.0,,1.2,1.0635196666666624,-0.13648033333333753,fair
Robert BeriÄ‡,Saint-Ă‰tienne,28.0,"FW,MF",413.0,1.0,0.0,,2.4,2.757060333333324,0.3570603333333242,fair
Denis Bouanga,Saint-Ă‰tienne,24.0,"FW,DF",2042.0,10.0,3.0,,8.0,10.465,2.465,undervalued
Ryad Boudebouz,Saint-Ă‰tienne,29.0,"MF,FW",1597.0,1.0,4.0,,2.0,2.922966666666666,0.922966666666666,fair
Yohan Cabaye,Saint-Ă‰tienne,33.0,MF,858.0,0.0,1.0,,0.08,0.2850209999999989,0.2050209999999989,fair
Mahdi Camara,Saint-Ă‰tienne,21.0,MF,901.0,0.0,0.0,,1.0,1.7062916666666668,0.7062916666666668,fair
Mathieu Debuchy,Saint-Ă‰tienne,34.0,DF,1769.0,1.0,1.0,,2.0,1.5035443333333336,-0.4964556666666664,fair
Lois Diony,Saint-Ă‰tienne,26.0,FW,666.0,2.0,0.0,,2.2,2.899051999999998,0.6990519999999978,fair
Assane DioussĂ©,Saint-Ă‰tienne,21.0,MF,120.0,0.0,0.0,,2.0,1.4929193333333324,-0.5070806666666676,fair
Wesley Fofana,Saint-Ă‰tienne,18.0,DF,1215.0,1.0,0.0,,5.0,6.679333333333332,1.6793333333333322,undervalued
Romain Hamouma,Saint-Ă‰tienne,32.0,"FW,MF",865.0,6.0,1.0,,2.0,2.6870049999999996,0.6870049999999996,fair
Franck Honorat,Saint-Ă‰tienne,22.0,"FW,DF",849.0,0.0,3.0,,1.0,2.0957500000000002,1.0957500000000002,fair
Wahbi Khazri,Saint-Ă‰tienne,28.0,"FW,MF",1149.0,3.0,2.0,,7.0,6.11095,-0.8890500000000001,fair
TimothĂ©e Kolodziejczak,Saint-Ă‰tienne,27.0,DF,1305.0,0.0,0.0,,4.0,3.4950666666666668,-0.5049333333333332,fair
Yann M'Vila,Saint-Ă‰tienne,29.0,"MF,DF",1942.0,0.0,2.0,,6.0,3.1608166666666673,-2.8391833333333327,overvalued
Harold Moukoudi,Saint-Ă‰tienne,21.0,DF,990.0,0.0,0.0,,3.0,3.5475833333333338,0.5475833333333338,fair
Jessy Moulin,Saint-Ă‰tienne,33.0,GK,450.0,0.0,0.0,,0.025,0.06908566666666675,0.04408566666666675,fair
Arnaud Nordin,Saint-Ă‰tienne,21.0,FW,908.0,1.0,0.0,,4.0,3.7864083333333336,-0.2135916666666664,fair
Sergi Palencia,Saint-Ă‰tienne,23.0,DF,468.0,0.0,0.0,,2.0,1.6153416666666656,-0.38465833333333443,fair
LoĂŻc Perrin,Saint-Ă‰tienne,33.0,DF,1714.0,0.0,0.0,,1.0,1.0134333333333343,0.013433333333334296,fair
Maxence Rivera,Saint-Ă‰tienne,17.0,MF,25.0,0.0,0.0,,0.015,0.093499666666667,0.078499666666667,fair
StĂ©phane Ruffier,Saint-Ă‰tienne,32.0,GK,1980.0,0.0,0.0,,2.0,1.8642749999999997,-0.13572500000000032,fair
William Saliba,Saint-Ă‰tienne,18.0,DF,992.0,0.0,0.0,,22.0,15.430333333333335,-6.569666666666665,overvalued
Miguel Trauco,Saint-Ă‰tienne,26.0,DF,1476.0,1.0,2.0,,1.0,1.9343500000000002,0.9343500000000002,fair
Zaydou Youssouf,Saint-Ă‰tienne,20.0,MF,1077.0,0.0,0.0,,7.0,7.364666666666668,0.36466666666666825,fair
Kristoffer Askildsen,Sampdoria,18.0,MF,76.0,1.0,0.0,,1.0,1.409036,0.40903599999999996,fair
Emil Audero,Sampdoria,22.0,GK,3240.0,0.0,0.0,,12.0,13.61,1.6099999999999994,undervalued
Tommaso Augello,Sampdoria,24.0,DF,1135.0,0.0,2.0,,0.08,1.155533333333335,1.075533333333335,fair
Ă‰dgar Barreto,Sampdoria,35.0,MF,90.0,0.0,0.0,,0.04,0.13793533333333266,0.09793533333333265,fair
Bartosz BereszyĹ„ski,Sampdoria,27.0,DF,2402.0,0.0,0.0,,6.0,5.947666666666667,-0.05233333333333334,fair
Andrea Bertolacci,Sampdoria,28.0,MF,534.0,0.0,0.0,,2.0,2.602758333333333,0.6027583333333331,fair
Federico Bonazzoli,Sampdoria,22.0,"FW,MF",744.0,6.0,0.0,,1.0,5.515,4.515,undervalued
Gianluca Caprari,Sampdoria,26.0,"FW,MF",667.0,3.0,0.0,,6.0,5.760333333333333,-0.23966666666666736,fair
Julian Chabot,Sampdoria,21.0,DF,569.0,1.0,0.0,,3.0,3.978233333333333,0.9782333333333328,fair
Omar Colley,Sampdoria,26.0,DF,2772.0,0.0,1.0,,5.0,6.218833333333333,1.2188333333333334,fair
Felice D'Amico,Sampdoria,18.0,MF,3.0,0.0,0.0,,0.025,0.4236033333333336,0.3986033333333336,fair
Fabio Depaoli,Sampdoria,22.0,"MF,DF",1854.0,0.0,1.0,,4.0,4.649333333333333,0.6493333333333329,fair
Albin Ekdal,Sampdoria,30.0,MF,2385.0,0.0,2.0,,3.0,3.100333333333333,0.10033333333333294,fair
Wladimiro Falcone,Sampdoria,24.0,GK,180.0,0.0,0.0,,0.015,0.3486026666666674,0.3336026666666674,fair
Alex Ferrari,Sampdoria,25.0,DF,1005.0,0.0,0.0,,2.0,2.3697999999999992,0.36979999999999924,fair
Manolo Gabbiadini,Sampdoria,27.0,FW,2035.0,11.0,1.0,,9.0,10.351666666666667,1.3516666666666666,undervalued
Jakub Jankto,Sampdoria,23.0,MF,2095.0,2.0,4.0,,9.0,11.037666666666667,2.0376666666666665,undervalued
Antonino La Gumina,Sampdoria,23.0,FW,186.0,0.0,0.0,,3.0,1.8592754999999985,-1.1407245000000015,fair
Mehdi LĂ©ris,Sampdoria,21.0,"MF,FW",509.0,1.0,1.0,,2.0,2.784602,0.784602,fair
Karol Linetty,Sampdoria,24.0,MF,2019.0,4.0,3.0,,11.0,10.172666666666668,-0.8273333333333319,fair
Gonzalo Maroni,Sampdoria,20.0,MF,181.0,0.0,1.0,,4.0,3.137783333333331,-0.8622166666666691,fair
Jeison Murillo,Sampdoria,27.0,DF,666.0,0.0,0.0,,6.0,4.882799999999998,-1.1172000000000022,fair
Nicola Murru,Sampdoria,24.0,DF,2259.0,0.0,0.0,,5.0,5.151666666666666,0.1516666666666664,fair
Fabio Quagliarella,Sampdoria,36.0,FW,2275.0,11.0,3.0,,1.0,1.2631293333333338,0.26312933333333377,fair
GastĂłn RamĂ­rez,Sampdoria,28.0,"MF,FW",1392.0,7.0,2.0,,6.0,7.353166666666666,1.3531666666666657,undervalued
Vasco Regini,Sampdoria,28.0,DF,174.0,0.0,0.0,,0.0725,1.202991666666665,1.130491666666665,fair
Emiliano Rigoni,Sampdoria,26.0,"MF,FW",431.0,0.0,1.0,,6.0,4.357366666666667,-1.6426333333333334,overvalued
Morten Thorsby,Sampdoria,23.0,"MF,DF",1865.0,1.0,1.0,,2.0,3.4833333333333334,1.4833333333333334,undervalued
Lorenzo Tonelli,Sampdoria,29.0,DF,702.0,0.0,0.0,,2.0,2.5542499999999997,0.5542499999999997,fair
Ronaldo Vieira,Sampdoria,21.0,MF,1819.0,0.0,1.0,,6.0,6.696666666666666,0.6966666666666663,fair
Maya Yoshida,Sampdoria,30.0,DF,1187.0,0.0,1.0,,4.0,1.8312666666666666,-2.1687333333333334,overvalued
Domenico Berardi,Sassuolo,24.0,FW,2493.0,14.0,10.0,,19.0,34.85333333333333,15.853333333333332,undervalued
Jeremie Boga,Sassuolo,22.0,FW,2513.0,11.0,2.0,,25.0,21.985,-3.0150000000000006,overvalued
Mehdi Bourabia,Sassuolo,27.0,MF,925.0,1.0,2.0,,2.0,2.9159250000000005,0.9159250000000005,fair
Francesco Caputo,Sassuolo,31.0,FW,2931.0,21.0,7.0,,5.0,15.8,10.8,undervalued
Vlad ChiricheČ™,Sassuolo,29.0,DF,707.0,0.0,0.0,,4.0,3.075283333333333,-0.9247166666666669,fair
Andrea Consigli,Sassuolo,32.0,GK,2790.0,0.0,0.0,,2.0,2.0346833333333336,0.03468333333333362,fair
GrĂ©goire Defrel,Sassuolo,28.0,"FW,MF",980.0,3.0,3.0,,9.0,5.188416666666666,-3.811583333333334,overvalued
Alfred Duncan,Sassuolo,26.0,MF,843.0,1.0,5.0,,13.0,14.717666666666668,1.717666666666668,undervalued
Andrea Ghion,Sassuolo,19.0,"MF,FW",48.0,0.0,0.0,,0.02,0.24231666666666726,0.22231666666666727,fair
LukĂˇĹˇ HaraslĂ­n,Sassuolo,23.0,FW,384.0,1.0,0.0,,1.6,2.301508333333341,0.701508333333341,fair
Hamed Junior TraorĂ¨,Sassuolo,19.0,"MF,FW",1570.0,4.0,1.0,,13.0,10.95916666666667,-2.04083333333333,overvalued
Georgios Kiriakopoulos,Sassuolo,23.0,DF,1643.0,0.0,1.0,,3.0,3.7616666666666667,0.7616666666666667,fair
Manuel Locatelli,Sassuolo,21.0,MF,2586.0,0.0,5.0,,15.0,14.195,-0.8049999999999997,fair
Francesco Magnanelli,Sassuolo,34.0,MF,1397.0,0.0,0.0,,0.065,0.12405166666666671,0.05905166666666671,fair
Giangiacomo Magnani,Sassuolo,23.0,DF,145.0,1.0,0.0,,3.0,2.5539999999999994,-0.4460000000000006,fair
Giacomo Manzari,Sassuolo,18.0,"FW,MF",16.0,0.0,0.0,,0.01,0.21038666666666625,0.20038666666666624,fair
Gian Marco Ferrari,Sassuolo,27.0,DF,1897.0,0.0,1.0,,8.0,4.3705333333333325,-3.6294666666666675,overvalued
Marlon,Sassuolo,23.0,DF,1818.0,0.0,0.0,,6.5,4.637033333333335,-1.862966666666665,overvalued
Luca Mazzitelli,Sassuolo,23.0,MF,12.0,0.0,0.0,,2.0,1.592833333333334,-0.407166666666666,fair
Mert MĂĽldĂĽr,Sassuolo,20.0,DF,1273.0,2.0,1.0,,4.0,7.298499999999999,3.298499999999999,undervalued
Pedro Obiang,Sassuolo,27.0,MF,1674.0,1.0,1.0,,5.0,4.506999999999998,-0.4930000000000021,fair
Gianluca Pegolo,Sassuolo,38.0,GK,450.0,0.0,0.0,,0.015,0.05181099999999999,0.03681099999999999,fair
Federico Peluso,Sassuolo,35.0,DF,1513.0,0.0,2.0,,0.04,0.34040300000000095,0.300403000000001,fair
Giacomo Raspadori,Sassuolo,19.0,"MF,FW",264.0,2.0,0.0,,0.0625,2.422441666666666,2.359941666666666,undervalued
RogĂ©rio,Sassuolo,21.0,DF,1015.0,1.0,1.0,,6.5,6.1244999999999985,-0.3755000000000015,fair
Filippo Romagna,Sassuolo,22.0,DF,1477.0,0.0,0.0,,4.0,4.351883333333333,0.3518833333333333,fair
Jeremy Toljan,Sassuolo,24.0,DF,2186.0,1.0,2.0,,3.0,3.96,0.96,fair
Alessandro Tripaldelli,Sassuolo,20.0,DF,135.0,0.0,0.0,,0.045,1.991951249999999,1.946951249999999,undervalued
Stefano Turati,Sassuolo,0.0,GK,180.0,0.0,0.0,,0.03,4.456924999999995,4.4269249999999944,undervalued
Filip Djuricic,Sassuolo,27.0,"MF,FW",1633.0,5.0,5.0,,9.0,8.921666666666667,-0.07833333333333314,fair
Timo Becker,Schalke 04,22.0,"DF,MF",336.0,0.0,0.0,,0.065,0.8001666666666655,0.7351666666666654,fair
Nassim Boujellab,Schalke 04,20.0,"MF,FW",419.0,0.0,0.0,,0.09,1.1973916666666617,1.1073916666666617,fair
Can Bozdogan,Schalke 04,18.0,MF,235.0,0.0,0.0,,2.5,2.9561249999999997,0.45612499999999967,fair
Guido Burgstaller,Schalke 04,30.0,FW,1234.0,0.0,1.0,,2.0,2.029266666666667,0.029266666666666996,fair
Daniel Caligiuri,Schalke 04,31.0,"MF,FW",2293.0,2.0,2.0,,4.0,3.6038666666666663,-0.39613333333333367,fair
Michael Gregoritsch,Schalke 04,25.0,FW,829.0,1.0,1.0,,5.0,5.305716666666667,0.3057166666666671,fair
Amine Harit,Schalke 04,22.0,"MF,FW",2102.0,6.0,4.0,,24.0,21.901,-2.099,overvalued
Jonas Hofmann,Schalke 04,22.0,MF,2.0,0.0,0.0,,7.0,4.5315858333333345,-2.4684141666666655,overvalued
Ozan Kabak,Schalke 04,19.0,DF,1777.0,3.0,1.0,,29.0,17.967666666666666,-11.032333333333334,overvalued
Jonjoe Kenny,Schalke 04,22.0,DF,2717.0,2.0,3.0,,9.0,11.663333333333334,2.663333333333334,undervalued
Ahmed Kutucu,Schalke 04,19.0,"FW,MF",679.0,3.0,2.0,,5.0,5.838433333333334,0.8384333333333336,fair
Omar Mascarell,Schalke 04,26.0,MF,2026.0,0.0,1.0,,11.0,9.202483333333333,-1.7975166666666667,overvalued
Rabbi Matondo,Schalke 04,18.0,"FW,MF",1162.0,2.0,0.0,,8.0,7.964833333333333,-0.03516666666666701,fair
Weston McKennie,Schalke 04,20.0,"MF,DF",2074.0,3.0,0.0,,20.0,18.54,-1.4600000000000009,overvalued
Levent Mercan,Schalke 04,18.0,MF,71.0,0.0,0.0,,0.09,0.4158166666666683,0.3258166666666683,fair
Juan Miranda,Schalke 04,19.0,DF,781.0,0.0,0.0,,4.0,4.241966666666667,0.24196666666666733,fair
Matija NastasiÄ‡,Schalke 04,26.0,DF,1365.0,0.0,0.0,,10.0,8.831266666666666,-1.1687333333333338,fair
Alexander NĂĽbel,Schalke 04,22.0,GK,2315.0,0.0,0.0,,9.0,9.421666666666667,0.42166666666666686,fair
Bastian Oczipka,Schalke 04,30.0,DF,3015.0,0.0,5.0,,3.0,3.8143333333333334,0.8143333333333334,fair
Benito Raman,Schalke 04,24.0,FW,1601.0,4.0,3.0,,8.0,8.365,0.3650000000000002,fair
Fabian Reese,Schalke 04,21.0,FW,86.0,0.0,0.0,,0.06,0.4797378333333348,0.4197378333333348,fair
Salif SanĂ©,Schalke 04,28.0,DF,1126.0,2.0,1.0,,9.0,7.7439833333333326,-1.2560166666666674,fair
Alessandro SchĂ¶pf,Schalke 04,25.0,MF,1432.0,0.0,1.0,,4.0,5.064966666666666,1.064966666666666,fair
Markus Schubert,Schalke 04,21.0,GK,742.0,0.0,0.0,,1.0,4.404733333333334,3.4047333333333336,undervalued
Suat Serdar,Schalke 04,22.0,MF,1599.0,7.0,0.0,,20.0,16.904000000000003,-3.0959999999999965,overvalued
Benjamin Stambouli,Schalke 04,28.0,DF,810.0,0.0,0.0,,9.0,6.590775,-2.409225,overvalued
Malick Thiaw,Schalke 04,17.0,DF,76.0,0.0,0.0,,2.0,1.3351758333333317,-0.6648241666666683,fair
Jean-Clair Todibo,Schalke 04,19.0,DF,365.0,0.0,0.0,,9.0,6.586453999999999,-2.413546000000001,overvalued
Mark Uth,Schalke 04,27.0,"FW,MF",353.0,0.0,0.0,,7.5,1.366799999999999,-6.133200000000001,overvalued
Ă‰ver Banega,Sevilla,31.0,MF,2475.0,3.0,7.0,,7.0,6.719216666666667,-0.28078333333333294,fair
Yassine Bounou,Sevilla,28.0,GK,495.0,0.0,1.0,,15.0,10.40405,-4.59595,overvalued
Diego Carlos,Sevilla,26.0,DF,3134.0,2.0,0.0,,50.0,36.67666666666667,-13.32333333333333,overvalued
Daniel CarriĂ§o,Sevilla,30.0,DF,847.0,0.0,0.0,,2.0,2.4615523333333327,0.4615523333333327,fair
Youssef En-Nesyri,Sevilla,22.0,FW,796.0,4.0,0.0,,12.0,8.7295,-3.2705,overvalued
Sergio Escudero,Sevilla,29.0,DF,773.0,1.0,0.0,,4.0,4.484166666666667,0.48416666666666686,fair
Fernando,Sevilla,32.0,MF,2659.0,2.0,3.0,,4.0,2.647469333333334,-1.352530666666666,fair
Sergi GĂłmez,Sevilla,27.0,DF,717.0,0.0,0.0,,4.0,4.280116666666666,0.28011666666666635,fair
Nemanja Gudelj,Sevilla,27.0,"MF,DF",1216.0,0.0,0.0,,5.0,4.847650000000001,-0.15234999999999932,fair
Munir El Haddadi,Sevilla,23.0,FW,1250.0,5.0,2.0,,10.0,10.161741666666666,0.161741666666666,fair
Javier HernĂˇndez,Sevilla,31.0,FW,448.0,1.0,0.0,,3.0,2.81375,-0.1862499999999998,fair
Luuk de Jong,Sevilla,28.0,FW,2059.0,6.0,1.0,,9.0,11.361666666666666,2.3616666666666664,undervalued
Joan JordĂˇn,Sevilla,25.0,MF,2254.0,2.0,2.0,,14.0,13.594333333333333,-0.40566666666666684,fair
Jules KoundĂ©,Sevilla,20.0,DF,2309.0,1.0,1.0,,22.0,17.235,-4.765000000000001,overvalued
Rony Lopes,Sevilla,23.0,FW,134.0,0.0,0.0,,10.0,7.658648416666667,-2.341351583333333,overvalued
JesĂşs Navas,Sevilla,33.0,DF,3369.0,0.0,7.0,,3.0,3.8363833333333326,0.8363833333333326,fair
Nolito,Sevilla,32.0,FW,898.0,3.0,0.0,,1.5,1.817333333333334,0.3173333333333339,fair
Lucas Ocampos,Sevilla,25.0,FW,2745.0,14.0,3.0,,32.0,28.14,-3.8599999999999994,overvalued
Alejandro Pozo Pozo,Sevilla,20.0,"FW,MF",37.0,0.0,0.0,,5.0,3.482924999999995,-1.517075000000005,overvalued
Sergio ReguilĂłn,Sevilla,22.0,DF,2509.0,2.0,4.0,,20.0,18.086666666666666,-1.913333333333334,overvalued
Suso,Sevilla,25.0,"FW,MF",785.0,1.0,1.0,,20.0,14.327483333333333,-5.672516666666667,overvalued
Ă“liver Torres,Sevilla,24.0,"MF,FW",1596.0,3.0,3.0,,13.0,13.1161,0.11609999999999943,fair
TomĂˇĹˇ VaclĂ­k,Sevilla,30.0,GK,2925.0,0.0,0.0,,10.0,8.4975,-1.5024999999999995,overvalued
Franco VĂˇzquez,Sevilla,30.0,"MF,FW",1098.0,3.0,0.0,,9.0,7.391158333333334,-1.6088416666666658,overvalued
George Baldock,Sheffield Utd,26.0,DF,3420.0,2.0,3.0,,4.0,14.591666666666667,10.591666666666667,undervalued
Chris Basham,Sheffield Utd,31.0,DF,3242.0,0.0,1.0,,2.0,2.560408333333333,0.5604083333333332,fair
Sander Berge,Sheffield Utd,21.0,MF,943.0,1.0,1.0,,20.0,14.730241666666668,-5.269758333333332,overvalued
Muhamed BeĹˇiÄ‡,Sheffield Utd,26.0,MF,250.0,0.0,0.0,,2.0,1.6908854999999998,-0.3091145000000002,fair
Leon Clarke,Sheffield Utd,34.0,"FW,MF",35.0,0.0,0.0,,0.03,0.11588933333333375,0.08588933333333375,fair
John Egan,Sheffield Utd,26.0,DF,3187.0,2.0,0.0,,13.0,13.316000000000003,0.3160000000000025,fair
John Fleck,Sheffield Utd,27.0,MF,2516.0,5.0,2.0,,6.0,7.705,1.705,undervalued
Kieron Freeman,Sheffield Utd,27.0,FW,7.0,0.0,0.0,,1.0,1.106016333333333,0.10601633333333305,fair
Luke Freeman,Sheffield Utd,27.0,MF,366.0,0.0,0.0,,2.0,1.2372123333333327,-0.7627876666666673,fair
Dean Henderson,Sheffield Utd,22.0,GK,3240.0,0.0,0.0,,14.0,13.865,-0.1349999999999998,fair
Phil Jagielka,Sheffield Utd,36.0,DF,244.0,0.0,0.0,,0.08,0.20411666666666606,0.12411666666666606,fair
John Lundstram,Sheffield Utd,25.0,MF,2458.0,5.0,3.0,,8.0,8.133333333333333,0.13333333333333286,fair
Oliver McBurnie,Sheffield Utd,23.0,FW,2113.0,6.0,0.0,,8.0,8.315,0.3149999999999995,fair
David McGoldrick,Sheffield Utd,31.0,FW,1815.0,2.0,2.0,,1.0,1.3645583333333333,0.3645583333333333,fair
Simon Moore,Sheffield Utd,29.0,GK,180.0,0.0,0.0,,0.04,0.4491750000000004,0.4091750000000004,fair
Ravel Morrison,Sheffield Utd,26.0,MF,13.0,0.0,0.0,,0.06,0.43701666666666766,0.37701666666666767,fair
Lys Mousset,Sheffield Utd,23.0,FW,1240.0,6.0,4.0,,9.0,14.911666666666667,5.911666666666667,undervalued
Oliver Norwood,Sheffield Utd,28.0,MF,3090.0,1.0,1.0,,6.0,6.481333333333333,0.4813333333333327,fair
Jack O'Connell,Sheffield Utd,25.0,DF,2916.0,0.0,1.0,,9.0,8.094333333333333,-0.9056666666666668,fair
Ben Osborn,Sheffield Utd,24.0,"MF,DF",594.0,0.0,0.0,,2.0,2.2282666666666664,0.2282666666666664,fair
Callum Robinson,Sheffield Utd,24.0,FW,676.0,1.0,1.0,,5.0,8.57,3.5700000000000003,undervalued
Jack Robinson,Sheffield Utd,25.0,DF,504.0,0.0,0.0,,2.0,1.7478423333333335,-0.2521576666666665,fair
Jack Rodwell,Sheffield Utd,28.0,MF,16.0,0.0,0.0,,1.0,0.7776749999999999,-0.2223250000000001,fair
Billy Sharp,Sheffield Utd,33.0,FW,1051.0,3.0,2.0,,1.0,1.3151873333333337,0.3151873333333337,fair
Enda Stevens,Sheffield Utd,29.0,DF,3345.0,2.0,4.0,,5.0,13.602599999999999,8.602599999999999,undervalued
Richairo Ĺ˝ivkoviÄ‡,Sheffield Utd,22.0,FW,112.0,0.0,0.0,,0.00065,0.5585451666666663,0.5578951666666663,fair
Che Adams,Southampton,23.0,FW,1111.0,4.0,2.0,,12.0,11.301499999999999,-0.698500000000001,fair
Stuart Armstrong,Southampton,27.0,MF,1715.0,5.0,3.0,,6.0,10.577000000000002,4.577000000000002,undervalued
Jan Bednarek,Southampton,23.0,DF,3057.0,1.0,1.0,,12.0,12.08,0.08000000000000007,fair
Ryan Bertrand,Southampton,29.0,DF,2742.0,1.0,1.0,,10.0,7.073333333333333,-2.9266666666666667,overvalued
Sofiane Boufal,Southampton,25.0,"MF,FW",764.0,0.0,2.0,,8.0,13.209571999999998,5.209571999999998,undervalued
Kevin Danso,Southampton,20.0,DF,277.0,0.0,1.0,,6.0,5.010541666666668,-0.9894583333333324,fair
Moussa Djenepo,Southampton,21.0,"MF,DF",928.0,2.0,2.0,,11.0,9.832,-1.1679999999999993,fair
Angus Gunn,Southampton,23.0,GK,900.0,0.0,0.0,,6.0,9.437816666666668,3.4378166666666683,undervalued
Pierre HĂ¸jbjerg,Southampton,23.0,MF,2752.0,0.0,1.0,,25.0,20.445,-4.555,overvalued
Danny Ings,Southampton,27.0,FW,2804.0,22.0,2.0,,17.0,52.345,35.345,undervalued
Shane Long,Southampton,32.0,FW,1395.0,2.0,2.0,,2.0,1.9774013333333327,-0.022598666666667322,fair
Alex McCarthy,Southampton,29.0,GK,2520.0,0.0,0.0,,4.0,5.5633333333333335,1.5633333333333335,undervalued
Michael Obafemi,Southampton,19.0,FW,665.0,3.0,2.0,,4.0,4.6290000000000004,0.6290000000000004,fair
Nathan Redmond,Southampton,25.0,"MF,FW",2762.0,4.0,4.0,,16.0,13.457666666666666,-2.5423333333333336,overvalued
Oriol Romeu,Southampton,27.0,MF,1860.0,0.0,0.0,,8.0,12.714666666666666,4.714666666666666,undervalued
William Smallbone,Southampton,19.0,MF,393.0,0.0,2.0,,3.0,5.8209785,2.8209785,undervalued
CĂ©dric Soares,Southampton,27.0,DF,1306.0,0.0,1.0,,8.0,11.308733333333333,3.3087333333333326,undervalued
Jack Stephens,Southampton,25.0,DF,2451.0,1.0,3.0,,5.0,7.436999999999999,2.4369999999999994,undervalued
Nathan Tella,Southampton,20.0,FW,3.0,0.0,0.0,,0.00075,0.2879524999999986,0.28720249999999864,fair
Yan Valery,Southampton,20.0,DF,779.0,0.0,0.0,,6.0,9.167666666666667,3.1676666666666673,undervalued
Jannik Vestergaard,Southampton,26.0,DF,1497.0,1.0,0.0,,12.0,12.962666666666667,0.9626666666666672,fair
Jake Vokins,Southampton,19.0,DF,90.0,0.0,0.0,,0.00025,0.5481944444444425,0.5479444444444426,fair
Kyle Walker-Peters,Southampton,22.0,DF,703.0,0.0,0.0,,8.0,10.310799999999999,2.3107999999999986,undervalued
James Ward-Prowse,Southampton,24.0,"MF,DF",3420.0,5.0,3.0,,14.0,16.13,2.129999999999999,undervalued
Maya Yoshida,Southampton,30.0,DF,560.0,0.0,0.0,,4.0,4.133341666666666,0.13334166666666558,fair
Etrit Berisha,SPAL,30.0,GK,2340.0,0.0,0.0,,2.0,2.3526666666666665,0.35266666666666646,fair
Kevin Bonifazi,SPAL,23.0,DF,1191.0,1.0,0.0,,4.0,3.5491,-0.45089999999999986,fair
Lucas Castro,SPAL,30.0,MF,425.0,0.0,0.0,,3.0,2.456311,-0.5436890000000001,fair
Alberto Cerri,SPAL,23.0,FW,420.0,1.0,0.0,,3.0,2.5673333333333344,-0.43266666666666564,fair
Thiago Cionek,SPAL,33.0,DF,2169.0,0.0,1.0,,0.0475,0.2973413333333328,0.2498413333333328,fair
Jaume CuĂ©llar,SPAL,17.0,"FW,MF",70.0,0.0,0.0,,0.01,0.08829166666666713,0.07829166666666713,fair
Marco D'Alessandro,SPAL,28.0,"MF,DF",781.0,2.0,0.0,,1.0,1.9671666666666665,0.9671666666666665,fair
Bryan Dabo,SPAL,27.0,MF,1122.0,1.0,4.0,,2.0,4.051550000000001,2.0515500000000007,undervalued
Felipe dal Belo,SPAL,35.0,DF,997.0,0.0,0.0,,0.0003,0.09315899999999984,0.09285899999999984,fair
Federico Di Francesco,SPAL,25.0,FW,1082.0,2.0,0.0,,4.0,2.3723083333333337,-1.6276916666666663,overvalued
Espeto,SPAL,22.0,"DF,MF",2110.0,1.0,2.0,,3.0,4.355,1.3550000000000004,undervalued
Mohamed Fares,SPAL,23.0,"DF,MF",421.0,0.0,0.0,,4.0,1.3850310000000006,-2.6149689999999994,overvalued
Sergio Floccari,SPAL,37.0,FW,942.0,1.0,0.0,,0.03,0.20081233333333284,0.17081233333333284,fair
Krisztofer HorvĂˇth,SPAL,17.0,"FW,DF",44.0,0.0,0.0,,0.005,0.2891749999999992,0.2841749999999992,fair
Igor,SPAL,21.0,DF,1337.0,0.0,1.0,,5.0,5.305666666666667,0.3056666666666672,fair
Marko JankoviÄ‡,SPAL,24.0,"MF,DF",115.0,0.0,0.0,,0.0008,0.6180969999999996,0.6172969999999995,fair
Jasmin KurtiÄ‡,SPAL,30.0,MF,1409.0,2.0,0.0,,3.5,3.0886750000000003,-0.4113249999999997,fair
Karlo Letica,SPAL,22.0,GK,900.0,0.0,0.0,,1.0,1.3335833333333336,0.33358333333333356,fair
Simone Missiroli,SPAL,33.0,MF,2798.0,1.0,0.0,,1.0,0.6811893333333345,-0.31881066666666547,fair
Gabriele Moncini,SPAL,23.0,"FW,MF",154.0,0.0,0.0,,1.0,1.0554090000000003,0.055409000000000264,fair
Alessandro Murgia,SPAL,22.0,MF,1750.0,0.0,1.0,,2.0,4.1723333333333334,2.1723333333333334,undervalued
Alberto Paloschi,SPAL,29.0,FW,438.0,0.0,0.0,,1.0,1.4336790000000013,0.43367900000000126,fair
Andrea Petagna,SPAL,24.0,FW,3032.0,12.0,1.0,,14.0,15.083333333333334,1.083333333333334,fair
Arkadiusz Reca,SPAL,24.0,DF,1928.0,0.0,2.0,,2.0,3.1209333333333333,1.1209333333333333,fair
Jacopo Sala,SPAL,27.0,DF,853.0,0.0,0.0,,1.0,1.0025406666666667,0.0025406666666667466,fair
Bartosz Salamon,SPAL,28.0,DF,344.0,0.0,0.0,,0.04,0.3345706666666677,0.2945706666666677,fair
Demba Thiam,SPAL,21.0,GK,180.0,0.0,0.0,,0.01,0.37686666666666824,0.36686666666666823,fair
Nenad TomoviÄ‡,SPAL,31.0,DF,1755.0,0.0,1.0,,0.0475,0.7174750000000032,0.6699750000000032,fair
Georgi Tunjov,SPAL,18.0,MF,284.0,0.0,0.0,,0.035,0.31621033333333176,0.2812103333333318,fair
Mirko Valdifiori,SPAL,33.0,MF,1400.0,0.0,3.0,,0.04,0.6418843333333333,0.6018843333333332,fair
Mattia Valoti,SPAL,25.0,"MF,FW",1527.0,3.0,1.0,,0.08,1.1986666666666659,1.1186666666666658,fair
Francesco Vicari,SPAL,24.0,DF,2898.0,0.0,0.0,,4.0,4.806,0.806,fair
Ludovic Ajorque,Strasbourg,25.0,FW,2058.0,8.0,4.0,,6.0,11.365,5.365,undervalued
Jean-Ricner Bellegarde,Strasbourg,21.0,MF,1497.0,0.0,0.0,,3.0,3.121116666666667,0.12111666666666698,fair
Anthony Caci,Strasbourg,22.0,DF,691.0,1.0,4.0,,3.0,13.706002666666663,10.706002666666663,undervalued
Lionel Carole,Strasbourg,28.0,DF,1272.0,0.0,0.0,,2.0,1.983916666666667,-0.016083333333333005,fair
Benjamin Corgnet,Strasbourg,32.0,MF,261.0,0.0,0.0,,0.04,0.2649666666666669,0.2249666666666669,fair
Nuno da Costa,Strasbourg,28.0,"FW,MF",527.0,1.0,0.0,,1.0,3.0040723333333323,2.0040723333333323,undervalued
Alexander Djiku,Strasbourg,24.0,"DF,MF",2064.0,1.0,1.0,,6.0,5.2975,-0.7024999999999997,fair
Youssouf Fofana,Strasbourg,20.0,MF,1008.0,1.0,0.0,,11.0,8.205166666666667,-2.794833333333333,overvalued
JĂ©rĂ©my Grimm,Strasbourg,32.0,FW,1.0,0.0,0.0,,0.025,0.3478916666666672,0.3228916666666672,fair
Lamine KonĂ©,Strasbourg,30.0,DF,1473.0,1.0,0.0,,2.0,2.2258333333333336,0.22583333333333355,fair
Kenny Lala,Strasbourg,27.0,DF,2043.0,2.0,1.0,,9.0,7.429333333333334,-1.570666666666666,overvalued
Dimitri LiĂ©nard,Strasbourg,31.0,MF,1489.0,2.0,3.0,,1.0,2.156071333333334,1.1560713333333341,fair
Abdul Majeed Waris,Strasbourg,27.0,FW,371.0,2.0,1.0,,2.5,3.0399416666666665,0.5399416666666665,fair
Jonas Martin,Strasbourg,29.0,MF,247.0,0.0,0.0,,2.0,1.7411513333333335,-0.2588486666666665,fair
Stefan MitroviÄ‡,Strasbourg,29.0,DF,2053.0,1.0,1.0,,2.5,2.5782333333333334,0.07823333333333338,fair
Lebo Mothiba,Strasbourg,23.0,FW,1047.0,3.0,3.0,,4.0,5.259933333333333,1.2599333333333327,fair
Abdallah N'dour,Strasbourg,25.0,DF,373.0,0.0,0.0,,0.0006,0.4413006666666678,0.4407006666666678,fair
Matz Sels,Strasbourg,27.0,GK,2430.0,0.0,0.0,,6.5,6.201,-0.2990000000000004,fair
Mohamed Simakan,Strasbourg,19.0,DF,1503.0,0.0,0.0,,7.0,4.9595499999999975,-2.0404500000000025,overvalued
Ibrahima Sissoko,Strasbourg,21.0,MF,1598.0,0.0,1.0,,4.0,5.0679,1.0678999999999998,fair
Adrien Thomasson,Strasbourg,25.0,MF,2072.0,8.0,1.0,,6.0,6.816666666666666,0.8166666666666664,fair
Mootaz Zemzemi,Strasbourg,19.0,MF,23.0,0.0,0.0,,0.0004,0.024787333333333328,0.024387333333333327,fair
KĂ©vin Zohi,Strasbourg,22.0,"FW,MF",530.0,1.0,1.0,,1.0,1.444469333333333,0.44446933333333294,fair
Ola Aina,Torino,22.0,DF,2079.0,0.0,2.0,,7.0,7.250666666666666,0.2506666666666657,fair
Cristian Ansaldi,Torino,32.0,"DF,MF",1768.0,4.0,4.0,,4.0,5.30825,1.3082500000000001,undervalued
Daniele Baselli,Torino,27.0,MF,1278.0,0.0,2.0,,7.0,5.68,-1.3200000000000003,fair
Andrea Belotti,Torino,25.0,FW,3008.0,16.0,3.0,,32.0,30.618333333333332,-1.3816666666666677,fair
Ălex Berenguer,Torino,24.0,"MF,FW",1823.0,6.0,2.0,,4.0,5.077333333333333,1.0773333333333328,fair
Kevin Bonifazi,Torino,23.0,DF,247.0,1.0,0.0,,4.0,3.6955999999999993,-0.30440000000000067,fair
Gleison Bremer,Torino,22.0,DF,2270.0,3.0,1.0,,5.0,13.001000000000001,8.001000000000001,undervalued
Lorenzo De Silvestri,Torino,31.0,DF,2243.0,0.0,0.0,,2.0,2.713133333333333,0.713133333333333,fair
Koffi Djidji,Torino,26.0,DF,851.0,0.0,0.0,,3.0,2.690689333333335,-0.30931066666666496,fair
Simone Edera,Torino,22.0,"MF,FW",398.0,1.0,1.0,,0.08,2.3504583333333335,2.2704583333333335,undervalued
Iago Falque,Torino,29.0,"MF,FW",102.0,0.0,0.0,,6.0,3.234786333333335,-2.765213666666665,overvalued
Armando Izzo,Torino,27.0,DF,2686.0,1.0,0.0,,16.0,12.14,-3.8599999999999994,overvalued
Diego Laxalt,Torino,26.0,"DF,MF",596.0,0.0,1.0,,5.0,4.576533333333333,-0.4234666666666671,fair
Sasa Lukic,Torino,22.0,MF,1861.0,1.0,1.0,,3.5,6.2411666666666665,2.7411666666666665,undervalued
Lyanco,Torino,22.0,DF,1176.0,0.0,0.0,,6.0,4.597849999999999,-1.4021500000000007,fair
Soualiho MeĂŻtĂ©,Torino,25.0,MF,2201.0,0.0,2.0,,7.0,7.355166666666667,0.3551666666666673,fair
Vincenzo Millico,Torino,18.0,"MF,FW",216.0,0.0,0.0,,1.0,1.5743353333333334,0.5743353333333334,fair
Michel Ndary Adopo,Torino,19.0,DF,4.0,0.0,0.0,,0.02,0.35848333333333265,0.33848333333333264,fair
Nicolas Nkoulou,Torino,29.0,DF,2692.0,1.0,0.0,,10.0,8.531666666666666,-1.4683333333333337,overvalued
TomĂˇs RincĂłn,Torino,31.0,MF,2702.0,1.0,3.0,,5.0,5.1706666666666665,0.17066666666666652,fair
Antonio Rosati,Torino,36.0,GK,90.0,0.0,0.0,,0.02,0.7698500000000027,0.7498500000000027,fair
Wilfried Singo,Torino,18.0,DF,132.0,1.0,0.0,,0.015,0.707841666666664,0.692841666666664,fair
Salvatore Sirigu,Torino,32.0,GK,3240.0,0.0,0.0,,6.0,3.3074333333333303,-2.6925666666666697,overvalued
Samir Ujkani,Torino,31.0,GK,90.0,0.0,0.0,,0.02,1.4867999999999992,1.4667999999999992,undervalued
Simone Verdi,Torino,27.0,"MF,FW",2073.0,2.0,6.0,,13.0,9.825333333333333,-3.174666666666667,overvalued
Simone Zaza,Torino,28.0,FW,1640.0,6.0,1.0,,7.0,6.215333333333333,-0.7846666666666673,fair
Toby Alderweireld,Tottenham,30.0,DF,2957.0,2.0,2.0,,24.0,30.45066666666667,6.45066666666667,undervalued
Dele Alli,Tottenham,23.0,"MF,FW",1847.0,8.0,4.0,,52.0,33.61,-18.39,overvalued
Serge Aurier,Tottenham,26.0,DF,2700.0,1.0,5.0,,16.0,17.98,1.9800000000000004,undervalued
Steven Bergwijn,Tottenham,21.0,"FW,MF",704.0,3.0,1.0,,28.0,26.72266666666667,-1.2773333333333312,fair
Ben Davies,Tottenham,26.0,DF,1431.0,0.0,0.0,,17.0,20.5436,3.5436000000000014,undervalued
Eric Dier,Tottenham,25.0,"DF,MF",1344.0,0.0,2.0,,22.0,22.371666666666666,0.37166666666666615,fair
Christian Eriksen,Tottenham,27.0,"MF,FW",1097.0,2.0,2.0,,68.0,53.435,-14.564999999999998,overvalued
Gedson Fernandes,Tottenham,20.0,"MF,DF",68.0,0.0,0.0,,13.0,8.926224999999999,-4.073775000000001,overvalued
Juan Foyth,Tottenham,21.0,DF,68.0,0.0,0.0,,13.0,4.807124999999999,-8.192875,overvalued
Paulo Gazzaniga,Tottenham,27.0,GK,1613.0,0.0,0.0,,2.0,24.248333333333335,22.248333333333335,undervalued
Son Heung-min,Tottenham,27.0,"FW,MF",2476.0,11.0,10.0,,75.0,63.86333333333334,-11.136666666666663,overvalued
Harry Kane,Tottenham,26.0,FW,2587.0,18.0,2.0,,120.0,107.97333333333333,-12.02666666666667,overvalued
Ă‰rik Lamela,Tottenham,27.0,"MF,FW",1215.0,2.0,1.0,,16.0,26.863333333333333,10.863333333333333,undervalued
Hugo Lloris,Tottenham,32.0,GK,1807.0,0.0,0.0,,14.0,14.464224999999999,0.464224999999999,fair
Giovani Lo Celso,Tottenham,23.0,"MF,FW",1492.0,0.0,2.0,,40.0,25.125,-14.875,overvalued
Lucas Moura,Tottenham,26.0,"FW,MF",2242.0,4.0,4.0,,25.0,22.946666666666665,-2.0533333333333346,overvalued
Tanguy Ndombele,Tottenham,22.0,MF,1009.0,2.0,2.0,,40.0,39.992333333333335,-0.007666666666665378,fair
Troy Parrott,Tottenham,17.0,MF,7.0,0.0,0.0,,3.0,3.6515333333333344,0.6515333333333344,fair
Danny Rose,Tottenham,29.0,DF,893.0,0.0,0.0,,16.0,16.162336,0.1623359999999998,fair
Davinson SĂˇnchez,Tottenham,23.0,DF,2431.0,0.0,0.0,,48.0,41.382333333333335,-6.617666666666665,overvalued
Ryan Sessegnon,Tottenham,19.0,DF,342.0,0.0,0.0,,31.0,22.61246666666667,-8.38753333333333,overvalued
Moussa Sissoko,Tottenham,29.0,MF,2452.0,2.0,1.0,,20.0,22.141666666666666,2.1416666666666657,undervalued
Oliver Skipp,Tottenham,18.0,"MF,DF",77.0,0.0,0.0,,7.0,9.266566666666666,2.266566666666666,undervalued
Japhet Tanganga,Tottenham,20.0,DF,525.0,0.0,0.0,,7.0,11.231666666666667,4.231666666666667,undervalued
Jan Vertonghen,Tottenham,32.0,DF,1645.0,1.0,1.0,,14.0,12.58289166666667,-1.4171083333333296,overvalued
Kyle Walker-Peters,Tottenham,22.0,DF,241.0,0.0,0.0,,8.0,8.453841333333333,0.4538413333333331,fair
Victor Wanyama,Tottenham,28.0,MF,25.0,0.0,0.0,,6.0,5.376658333333332,-0.6233416666666676,fair
Harry Winks,Tottenham,23.0,MF,2221.0,0.0,0.0,,32.0,33.983333333333334,1.9833333333333343,undervalued
Amine Adli,Toulouse,19.0,"MF,FW",46.0,0.0,0.0,,0.03,0.35232766666666604,0.322327666666666,fair
Kelvin Amian,Toulouse,21.0,DF,1633.0,0.0,2.0,,5.0,5.436669333333334,0.4366693333333336,fair
Janis Antiste,Toulouse,16.0,MF,12.0,0.0,0.0,,1.0,0.7217425000000001,-0.27825749999999994,fair
Quentin Boisgard,Toulouse,22.0,"MF,FW",1146.0,1.0,1.0,,1.0,4.435933333333333,3.435933333333333,undervalued
BafodĂ© DiakitĂ©,Toulouse,18.0,DF,1366.0,2.0,0.0,,7.0,6.659166666666666,-0.3408333333333342,fair
Moussa Diarra,Toulouse,18.0,DF,90.0,0.0,0.0,,0.035,0.7484858333333319,0.7134858333333318,fair
Mathieu Dossevi,Toulouse,31.0,"MF,FW",1751.0,1.0,2.0,,1.0,1.3518166666666669,0.3518166666666669,fair
Ruben Gabrielsen,Toulouse,27.0,DF,656.0,0.0,0.0,,0.08,0.8792500000000044,0.7992500000000045,fair
Mauro Goicoechea,Toulouse,31.0,GK,180.0,0.0,0.0,,0.0475,0.514433333333334,0.466933333333334,fair
Mathieu Goncalves,Toulouse,18.0,DF,314.0,0.0,0.0,,0.0006,1.4342343333333414,1.4336343333333414,undervalued
Max Gradel,Toulouse,31.0,"MF,FW",1635.0,3.0,2.0,,4.0,3.3977250000000008,-0.6022749999999992,fair
Nicolas Isimat-Mirin,Toulouse,27.0,DF,1260.0,1.0,0.0,,1.0,2.91295,1.91295,undervalued
Corentin Jean,Toulouse,24.0,DF,7.0,0.0,0.0,,1.0,1.0795916666666667,0.07959166666666673,fair
Lovre KaliniÄ‡,Toulouse,29.0,GK,305.0,0.0,0.0,,2.8,1.9162686666666684,-0.8837313333333314,fair
Kouadio KonĂ©,Toulouse,18.0,MF,875.0,0.0,0.0,,5.0,5.178916666666667,0.17891666666666683,fair
Efthimis Koulouris,Toulouse,23.0,FW,1541.0,4.0,2.0,,2.0,3.3919333333333332,1.3919333333333332,undervalued
Aaron Leya Iseka,Toulouse,21.0,FW,777.0,2.0,0.0,,2.0,2.7611666666666665,0.7611666666666665,fair
Jean-Victor Makengo,Toulouse,21.0,"MF,FW",988.0,2.0,0.0,,3.0,3.562166666666667,0.5621666666666671,fair
Steven Moreira,Toulouse,24.0,DF,1389.0,0.0,0.0,,1.0,3.30245,2.30245,undervalued
Nathan N'Goumou,Toulouse,19.0,"FW,MF",9.0,0.0,0.0,,0.045,0.17557500000000048,0.1305750000000005,fair
Baptiste Reynet,Toulouse,28.0,GK,2035.0,0.0,0.0,,2.0,3.1742666666666666,1.1742666666666666,fair
AgustĂ­n Rogel,Toulouse,21.0,DF,858.0,0.0,0.0,,1.0,1.6346916666666673,0.6346916666666673,fair
Wesley SaĂŻd,Toulouse,24.0,"MF,FW",1160.0,2.0,1.0,,4.0,4.178983333333333,0.17898333333333305,fair
Ibrahim SangarĂ©,Toulouse,21.0,MF,2175.0,0.0,1.0,,9.0,7.8116666666666665,-1.1883333333333335,fair
Yaya Sanogo,Toulouse,26.0,FW,910.0,3.0,1.0,,2.0,3.4700833333333327,1.4700833333333327,undervalued
Kalidou SidibĂ©,Toulouse,20.0,MF,91.0,0.0,0.0,,2.0,1.4103333333333326,-0.5896666666666674,fair
Issiaga Sylla,Toulouse,25.0,DF,2520.0,0.0,2.0,,2.0,3.04,1.04,fair
Adil Taoui,Toulouse,17.0,MF,25.0,0.0,0.0,,0.025,0.22518333333333312,0.20018333333333313,fair
William Vainqueur,Toulouse,30.0,MF,1715.0,0.0,0.0,,1.0,1.6248166666666664,0.6248166666666664,fair
Marco Ballarini,Udinese,18.0,MF,1.0,0.0,0.0,,0.005,0.08404166666666661,0.07904166666666661,fair
AntonĂ­n BarĂˇk,Udinese,24.0,MF,194.0,0.0,0.0,,8.0,5.084111999999993,-2.915888000000007,overvalued
Rodrigo Becao,Udinese,23.0,DF,2213.0,1.0,1.0,,4.5,4.784466666666665,0.2844666666666651,fair
Sebastien De Maio,Udinese,32.0,DF,1500.0,0.0,0.0,,0.0725,0.38969166666666755,0.31719166666666754,fair
Rodrigo De Paul,Udinese,25.0,MF,2822.0,7.0,6.0,,20.0,19.041666666666668,-0.9583333333333321,fair
Seko Fofana,Udinese,24.0,MF,2249.0,3.0,7.0,,9.0,11.910666666666668,2.9106666666666676,undervalued
Mato Jajalo,Udinese,31.0,MF,1649.0,0.0,0.0,,0.08,0.6743083333333346,0.5943083333333347,fair
Kevin Lasagna,Udinese,26.0,FW,2569.0,10.0,1.0,,5.0,14.148666666666667,9.148666666666667,undervalued
Rolando Mandragora,Udinese,22.0,MF,2050.0,0.0,2.0,,12.0,10.588000000000001,-1.411999999999999,overvalued
Juan Musso,Udinese,25.0,GK,3420.0,0.0,0.0,,12.0,10.973333333333333,-1.0266666666666673,fair
Ilija Nestorovski,Udinese,29.0,FW,1251.0,3.0,1.0,,2.0,3.104241666666667,1.1042416666666668,fair
Bram Nuytinck,Udinese,29.0,DF,2225.0,0.0,0.0,,2.0,2.0376,0.037599999999999856,fair
Stefano Okaka,Udinese,29.0,FW,2415.0,8.0,2.0,,3.0,6.73,3.7300000000000004,undervalued
Nicholas Opoku,Udinese,21.0,DF,481.0,0.0,0.0,,0.08,0.7036556666666707,0.6236556666666707,fair
Giuseppe Pezzella,Udinese,21.0,DF,80.0,0.0,0.0,,2.0,1.5894091666666657,-0.41059083333333435,fair
Ignacio Pussetto,Udinese,23.0,"FW,DF",341.0,1.0,0.0,,6.0,2.2156416666666687,-3.7843583333333313,overvalued
Samir Santos,Udinese,24.0,DF,1546.0,1.0,0.0,,3.8,3.894266666666651,0.09426666666665096,fair
Ken Sema,Udinese,25.0,"DF,MF",2453.0,2.0,1.0,,4.8,5.557999999999978,0.7579999999999778,fair
Jens Stryger Larsen,Udinese,28.0,DF,2789.0,1.0,3.0,,2.0,3.4110000000000005,1.4110000000000005,undervalued
Ĺukasz Teodorczyk,Udinese,28.0,FW,222.0,0.0,1.0,,1.5,2.2614333333333327,0.7614333333333327,fair
Hidde ter Avest,Udinese,22.0,DF,686.0,0.0,0.0,,1.0,1.1955,0.1955,fair
William Troost-Ekong,Udinese,25.0,DF,2576.0,0.0,0.0,,3.0,3.231,0.23099999999999987,fair
Walace,Udinese,24.0,MF,1139.0,0.0,0.0,,5.0,3.9398666666666666,-1.0601333333333334,fair
Marvin Zeegelaar,Udinese,28.0,DF,593.0,0.0,1.0,,1.0,2.0374833333333338,1.0374833333333338,fair
Suleiman Abdullahi,Union Berlin,22.0,"FW,MF",157.0,1.0,0.0,,1.0,1.1239666666666666,0.12396666666666656,fair
Sebastian Andersson,Union Berlin,28.0,FW,2682.0,12.0,1.0,,4.0,6.41,2.41,undervalued
Robert Andrich,Union Berlin,24.0,MF,2572.0,1.0,2.0,,2.0,4.147333333333334,2.147333333333334,undervalued
Sheraldo Becker,Union Berlin,24.0,"MF,FW",540.0,0.0,2.0,,1.0,1.407365333333334,0.407365333333334,fair
Marius BĂĽlter,Union Berlin,26.0,"MF,FW",2321.0,7.0,1.0,,2.0,4.945,2.9450000000000003,undervalued
Marvin Friedrich,Union Berlin,23.0,DF,2789.0,2.0,0.0,,2.0,5.0183333333333335,3.0183333333333335,undervalued
Christian Gentner,Union Berlin,33.0,MF,2443.0,3.0,2.0,,0.08,0.3633073333333322,0.2833073333333322,fair
RafaĹ‚ Gikiewicz,Union Berlin,31.0,GK,2970.0,0.0,0.0,,1.5,2.2306666666666675,0.7306666666666675,fair
Akaki Gogia,Union Berlin,27.0,"MF,FW",121.0,0.0,0.0,,1.0,0.891037666666667,-0.10896233333333305,fair
Florian HĂĽbner,Union Berlin,28.0,DF,850.0,0.0,0.0,,1.0,1.1238520000000003,0.1238520000000003,fair
Marcus Ingvartsen,Union Berlin,23.0,"MF,FW",1716.0,5.0,2.0,,1.0,3.6723333333333326,2.6723333333333326,undervalued
Felix Kroos,Union Berlin,28.0,MF,378.0,0.0,0.0,,0.065,1.322520333333333,1.2575203333333331,fair
Christopher Lenz,Union Berlin,24.0,DF,2267.0,0.0,3.0,,2.0,3.3945000000000003,1.3945000000000003,undervalued
Yunus MallÄ±,Union Berlin,27.0,"FW,MF",673.0,0.0,1.0,,2.8,2.6957026666666595,-0.10429733333334035,fair
Joshua Mees,Union Berlin,23.0,"MF,FW",325.0,0.0,1.0,,0.08,0.7358583333333367,0.6558583333333368,fair
Moritz Nicolas,Union Berlin,21.0,GK,90.0,0.0,0.0,,0.015,0.0991351666666669,0.0841351666666669,fair
Michael Parensen,Union Berlin,33.0,DF,628.0,1.0,0.0,,0.025,0.18316899999999933,0.15816899999999934,fair
Sebastian Polter,Union Berlin,28.0,FW,330.0,2.0,2.0,,1.0,6.7473193333333334,5.7473193333333334,undervalued
Grischa PrĂ¶mel,Union Berlin,24.0,MF,924.0,0.0,0.0,,1.0,1.2811039999999998,0.2811039999999998,fair
Ken Reichel,Union Berlin,32.0,DF,533.0,0.0,0.0,,0.04,0.3892333333333345,0.3492333333333345,fair
Julian Ryerson,Union Berlin,21.0,DF,368.0,0.0,0.0,,0.04,0.3456613333333345,0.3056613333333345,fair
Keven Schlotterbeck,Union Berlin,22.0,DF,1939.0,0.0,0.0,,2.0,3.2956666666666665,1.2956666666666665,undervalued
Manuel Schmiedebach,Union Berlin,30.0,MF,179.0,0.0,0.0,,0.065,0.3989416666666656,0.3339416666666656,fair
Neven SubotiÄ‡,Union Berlin,30.0,DF,1965.0,1.0,0.0,,1.7,2.211400000000003,0.511400000000003,fair
Christopher Trimmel,Union Berlin,32.0,DF,2863.0,0.0,8.0,,0.055,2.4533499999999946,2.3983499999999944,undervalued
Anthony Ujah,Union Berlin,28.0,"FW,MF",949.0,3.0,2.0,,1.0,3.813891666666666,2.813891666666666,undervalued
Denis Cheryshev,Valencia,28.0,"MF,FW",926.0,1.0,2.0,,4.0,5.4615,1.4615,undervalued
Jasper Cillessen,Valencia,30.0,GK,2096.0,0.0,1.0,,14.0,12.557666666666668,-1.4423333333333321,overvalued
Francis Coquelin,Valencia,28.0,MF,1905.0,0.0,0.0,,19.0,17.626666666666665,-1.3733333333333348,fair
Thierry Correia,Valencia,20.0,DF,259.0,0.0,0.0,,2.0,2.678719333333333,0.678719333333333,fair
Jaume Costa,Valencia,31.0,DF,1389.0,0.0,1.0,,3.0,3.3609999999999998,0.36099999999999977,fair
Mouctar Diakhaby,Valencia,22.0,DF,1444.0,0.0,0.0,,17.0,14.371216666666665,-2.6287833333333346,overvalued
Jaume DomĂ©nech,Valencia,28.0,GK,1324.0,0.0,0.0,,6.0,7.627,1.6269999999999998,undervalued
Alessandro Florenzi,Valencia,28.0,DF,752.0,0.0,0.0,,16.0,5.390391666666666,-10.609608333333334,overvalued
KĂ©vin Gameiro,Valencia,32.0,FW,1581.0,6.0,2.0,,6.0,5.4227816666666655,-0.5772183333333345,fair
Ezequiel Garay,Valencia,32.0,DF,1437.0,0.0,0.0,,4.0,3.180275000000001,-0.8197249999999991,fair
Maxi GĂłmez,Valencia,22.0,FW,2143.0,9.0,2.0,,32.0,29.243333333333332,-2.7566666666666677,overvalued
GonĂ§alo Guedes,Valencia,22.0,"MF,FW",1266.0,2.0,2.0,,22.0,19.596666666666668,-2.4033333333333324,overvalued
Hugo GuillamĂłn,Valencia,19.0,DF,495.0,0.0,0.0,,0.02,4.038026333333333,4.018026333333333,undervalued
Lee Kangin,Valencia,18.0,"MF,FW",454.0,2.0,0.0,,20.0,14.862033333333333,-5.137966666666667,overvalued
Geoffrey Kondogbia,Valencia,26.0,MF,1807.0,1.0,1.0,,22.0,15.976666666666667,-6.023333333333333,overvalued
JosĂ© Luis GayĂ ,Valencia,24.0,DF,1988.0,0.0,1.0,,30.0,23.799,-6.2010000000000005,overvalued
Eliaquim Mangala,Valencia,28.0,DF,673.0,0.0,0.0,,6.0,5.524733333333334,-0.4752666666666663,fair
Daniel Parejo,Valencia,30.0,MF,3024.0,8.0,3.0,,10.0,10.665666666666667,0.6656666666666666,fair
Gabriel Paulista,Valencia,28.0,DF,2801.0,1.0,1.0,,15.0,15.495,0.4949999999999992,fair
Cristiano Piccini,Valencia,26.0,DF,75.0,0.0,0.0,,6.0,6.513037333333329,0.5130373333333287,fair
Rodrigo,Valencia,28.0,FW,1880.0,4.0,7.0,,30.0,26.870333333333328,-3.1296666666666724,overvalued
RubĂ©n Sobrino,Valencia,27.0,"FW,MF",170.0,1.0,0.0,,2.0,4.642383333333334,2.642383333333334,undervalued
Carlos Soler,Valencia,22.0,MF,2066.0,2.0,0.0,,40.0,30.970833333333335,-9.029166666666665,overvalued
FerrĂˇn Torres,Valencia,19.0,"MF,FW",2251.0,4.0,5.0,,45.0,31.638333333333332,-13.361666666666668,overvalued
Manu Vallejo,Valencia,22.0,"MF,FW",418.0,2.0,0.0,,4.0,9.731108333333331,5.7311083333333315,undervalued
Daniel Wass,Valencia,30.0,"DF,MF",2733.0,1.0,6.0,,11.0,10.774333333333335,-0.22566666666666535,fair
RubĂ©n Alcaraz,Valladolid,28.0,MF,1927.0,2.0,2.0,,8.0,7.08,-0.9199999999999999,fair
AntoĂ±ito,Valladolid,31.0,"DF,MF",1029.0,0.0,0.0,,0.0006,0.6603039999999986,0.6597039999999985,fair
Anuar,Valladolid,24.0,"MF,FW",189.0,0.0,0.0,,1.2,1.0346939999999964,-0.1653060000000035,fair
Federico Barba,Valladolid,25.0,DF,450.0,0.0,0.0,,1.0,1.159304,0.1593039999999999,fair
Hatem Ben Arfa,Valladolid,32.0,"MF,FW",159.0,0.0,0.0,,4.0,3.0334166666666653,-0.9665833333333347,fair
Matheus Fernandes,Valladolid,21.0,MF,166.0,0.0,0.0,,3.0,2.2205838333333334,-0.7794161666666666,fair
JoaquĂ­n FernĂˇndez,Valladolid,23.0,"MF,DF",1659.0,2.0,0.0,,2.0,3.799716666666665,1.799716666666665,undervalued
Jorge de Frutos,Valladolid,22.0,"MF,FW",59.0,0.0,0.0,,2.0,1.606799999999999,-0.3932000000000011,fair
RaĂşl GarcĂ­a,Valladolid,30.0,"DF,MF",1012.0,0.0,1.0,,0.0008,1.3238153333333331,1.3230153333333332,undervalued
VĂ­ctor GarcĂ­a,Valladolid,22.0,"FW,MF",88.0,1.0,0.0,,0.025,0.4784771666666682,0.45347716666666815,fair
Sergi Guardiola,Valladolid,28.0,FW,2655.0,8.0,2.0,,4.0,5.915,1.915,undervalued
Pablo HervĂ­as,Valladolid,26.0,"MF,FW",1017.0,1.0,0.0,,0.065,0.8187083333333323,0.7537083333333323,fair
Jordi Masip,Valladolid,30.0,GK,3150.0,0.0,0.0,,4.0,4.2716666666666665,0.2716666666666665,fair
MĂ­chel,Valladolid,31.0,MF,2178.0,1.0,2.0,,1.5,1.9302,0.4301999999999999,fair
Miguel,Valladolid,19.0,FW,232.0,0.0,0.0,,0.0003,0.6257515833333345,0.6254515833333345,fair
Javi Moyano,Valladolid,33.0,DF,2227.0,0.0,0.0,,0.065,0.195804666666666,0.130804666666666,fair
Nacho,Valladolid,30.0,DF,1893.0,0.0,2.0,,2.5,2.2501463333333334,-0.24985366666666664,fair
Kiko Olivas,Valladolid,30.0,DF,2943.0,2.0,0.0,,2.0,3.2995750000000004,1.2995750000000004,undervalued
Kike PĂ©rez,Valladolid,22.0,"MF,FW",218.0,0.0,0.0,,0.025,0.8109686666666694,0.7859686666666694,fair
Samuel PĂ©rez,Valladolid,22.0,GK,26.0,0.0,0.0,,0.025,0.6422916666666667,0.6172916666666667,fair
Ă“scar Plano,Valladolid,28.0,MF,2505.0,4.0,2.0,,3.0,4.971666666666667,1.9716666666666667,undervalued
Pedro Porro,Valladolid,19.0,"DF,MF",739.0,0.0,0.0,,9.0,6.6598333333333315,-2.3401666666666685,overvalued
Sandro RamĂ­rez,Valladolid,24.0,"FW,MF",1306.0,3.0,1.0,,3.0,3.2137416666666665,0.2137416666666665,fair
Waldo Rubio,Valladolid,23.0,"MF,FW",878.0,0.0,2.0,,0.08,1.333002666666665,1.253002666666665,fair
Mohammed Salisu,Valladolid,20.0,DF,2725.0,1.0,1.0,,11.0,10.541666666666666,-0.4583333333333339,fair
Fede San Emeterio,Valladolid,22.0,MF,1751.0,0.0,0.0,,3.0,4.345333333333333,1.3453333333333326,undervalued
Javi SĂˇnchez,Valladolid,22.0,DF,497.0,0.0,1.0,,1.0,1.5297909999999997,0.5297909999999997,fair
Enes Ăśnal,Valladolid,22.0,FW,2344.0,6.0,2.0,,4.0,8.221666666666666,4.221666666666666,undervalued
Toni Villa,Valladolid,24.0,MF,1354.0,0.0,1.0,,3.0,4.666333333333334,1.666333333333334,undervalued
RaĂşl Albiol,Villarreal,33.0,DF,3237.0,1.0,0.0,,3.0,0.7310356666666677,-2.268964333333332,overvalued
Paco AlcĂˇcer,Villarreal,25.0,FW,924.0,4.0,1.0,,28.0,20.436666666666664,-7.563333333333336,overvalued
Sergio Asenjo,Villarreal,30.0,GK,3060.0,0.0,0.0,,9.0,7.866666666666666,-1.1333333333333337,fair
Carlos Bacca,Villarreal,32.0,"FW,MF",688.0,2.0,1.0,,2.0,2.368421333333332,0.36842133333333216,fair
Santi Cazorla,Villarreal,34.0,MF,2450.0,11.0,9.0,,3.0,8.702433333333333,5.7024333333333335,undervalued
Samuel Chukwueze,Villarreal,20.0,"MF,FW",2048.0,3.0,2.0,,27.0,22.795,-4.204999999999998,overvalued
AndrĂ©s FernĂˇndez,Villarreal,32.0,GK,360.0,0.0,1.0,,0.08,0.6504416666666706,0.5704416666666706,fair
Ramiro Funes Mori,Villarreal,28.0,DF,453.0,0.0,0.0,,4.0,3.299219333333333,-0.7007806666666672,fair
Mario Gaspar,Villarreal,28.0,DF,1962.0,0.0,2.0,,6.0,5.81775,-0.1822499999999998,fair
Moi GĂłmez,Villarreal,25.0,"FW,MF",2319.0,5.0,4.0,,4.0,5.918333333333333,1.918333333333333,undervalued
Vicente Iborra,Villarreal,31.0,MF,2648.0,1.0,2.0,,6.0,5.791,-0.20899999999999963,fair
Alberto Moreno,Villarreal,27.0,DF,1471.0,0.0,0.0,,6.0,5.237266666666666,-0.7627333333333342,fair
Gerard Moreno,Villarreal,27.0,"FW,MF",2744.0,18.0,5.0,,16.0,24.93,8.93,undervalued
Manu Morlanes,Villarreal,20.0,"MF,FW",253.0,0.0,1.0,,1.0,1.4559416666666665,0.45594166666666647,fair
Fernando NiĂ±o,Villarreal,18.0,FW,83.0,1.0,0.0,,1.0,1.0356171666666671,0.035617166666667144,fair
Javier Ontiveros,Villarreal,21.0,"FW,MF",889.0,2.0,1.0,,7.0,6.412333333333335,-0.5876666666666646,fair
RubĂ©n PeĂ±a,Villarreal,28.0,DF,1909.0,2.0,2.0,,6.0,6.435833333333333,0.4358333333333331,fair
Xavi QuintillĂ ,Villarreal,22.0,DF,1573.0,0.0,2.0,,4.0,4.251019333333335,0.2510193333333346,fair
Bruno Soriano,Villarreal,35.0,MF,263.0,0.0,0.0,,0.0475,0.2365916666666662,0.1890916666666662,fair
Karl Toko Ekambi,Villarreal,26.0,FW,993.0,6.0,2.0,,14.0,13.907000000000002,-0.0929999999999982,fair
Pau Torres,Villarreal,22.0,DF,2971.0,2.0,1.0,,16.0,17.736666666666668,1.7366666666666681,undervalued
Manu Trigueros,Villarreal,27.0,MF,1547.0,2.0,4.0,,12.0,10.312000000000001,-1.6879999999999988,overvalued
Andre-Frank Zambo Anguissa,Villarreal,23.0,MF,2583.0,2.0,0.0,,20.0,17.716666666666665,-2.283333333333335,overvalued
Ă‰tienne Capoue,Watford,31.0,MF,2627.0,0.0,3.0,,5.0,4.883,-0.11699999999999999,fair
Craig Cathcart,Watford,30.0,DF,2488.0,0.0,0.0,,4.0,3.6202666666666663,-0.3797333333333337,fair
Nathaniel Chalobah,Watford,24.0,MF,930.0,0.0,1.0,,4.0,3.542502000000001,-0.45749799999999885,fair
Tom Cleverley,Watford,29.0,MF,971.0,1.0,0.0,,4.0,3.992936,-0.007064000000000181,fair
Craig Dawson,Watford,29.0,DF,2361.0,2.0,0.0,,4.0,4.869575,0.8695750000000002,fair
Troy Deeney,Watford,31.0,FW,2225.0,10.0,2.0,,6.0,6.265666666666667,0.26566666666666716,fair
Gerard Deulofeu,Watford,25.0,FW,2098.0,4.0,5.0,,20.0,16.98,-3.0199999999999996,overvalued
Abdoulaye DoucourĂ©,Watford,26.0,MF,3156.0,4.0,2.0,,20.0,16.7,-3.3000000000000007,overvalued
Kiko FemenĂ­a,Watford,28.0,DF,2237.0,0.0,0.0,,4.0,4.170600000000001,0.1706000000000012,fair
Ben Foster,Watford,36.0,GK,3420.0,0.0,0.0,,1.0,1.4871499999999993,0.4871499999999993,fair
Dimitri Foulquier,Watford,26.0,"MF,DF",59.0,0.0,0.0,,2.0,3.069156333333334,1.0691563333333338,fair
Andre Gray,Watford,28.0,FW,755.0,2.0,0.0,,9.0,4.872800000000001,-4.127199999999999,overvalued
JosĂ© Holebas,Watford,35.0,DF,1025.0,0.0,0.0,,1.0,0.8150456666666671,-0.1849543333333329,fair
Will Hughes,Watford,24.0,"MF,FW",2252.0,1.0,1.0,,14.0,6.6592666666666664,-7.3407333333333336,overvalued
Daryl Janmaat,Watford,30.0,DF,607.0,0.0,1.0,,4.0,2.854966666666667,-1.1450333333333331,fair
Christian Kabasele,Watford,28.0,DF,2250.0,0.0,2.0,,6.0,5.6493166666666665,-0.35068333333333346,fair
Adrian Mariappa,Watford,32.0,DF,1513.0,0.0,0.0,,1.0,1.3066499999999999,0.30664999999999987,fair
Adam Masina,Watford,25.0,DF,1821.0,1.0,0.0,,5.0,4.581933333333333,-0.41806666666666725,fair
JoĂŁo Pedro,Watford,17.0,"FW,MF",25.0,0.0,0.0,,12.0,8.78115,-3.2188499999999998,overvalued
Roberto Pereyra,Watford,28.0,"FW,MF",1648.0,3.0,0.0,,9.0,7.751666666666667,-1.248333333333333,fair
Sebastian PrĂ¶dl,Watford,32.0,DF,56.0,0.0,0.0,,1.0,2.845483333333333,1.8454833333333331,undervalued
Ignacio Pussetto,Watford,23.0,"FW,DF",74.0,0.0,0.0,,6.0,4.7744833333333325,-1.2255166666666675,fair
Domingos Quina,Watford,19.0,MF,22.0,0.0,0.0,,3.0,3.3851083333333327,0.3851083333333327,fair
Ismaila Sarr,Watford,21.0,"FW,MF",2028.0,5.0,4.0,,22.0,20.935,-1.0650000000000013,fair
Isaac Success,Watford,23.0,"FW,MF",70.0,0.0,0.0,,3.0,3.435933333333334,0.43593333333333417,fair
Danny Welbeck,Watford,28.0,"FW,MF",822.0,2.0,0.0,,5.0,5.0945,0.09450000000000003,fair
Ludwig Augustinsson,Werder Bremen,25.0,DF,924.0,0.0,1.0,,9.0,6.395602,-2.6043979999999998,overvalued
Philipp Bargfrede,Werder Bremen,30.0,MF,586.0,0.0,0.0,,1.0,1.9476,0.9476,fair
Fin Bartels,Werder Bremen,32.0,"FW,MF",340.0,0.0,0.0,,0.08,0.2854083333333323,0.2054083333333323,fair
Leonardo Bittencourt,Werder Bremen,25.0,"FW,MF",1889.0,4.0,2.0,,4.0,4.594333333333333,0.5943333333333332,fair
Johannes Eggestein,Werder Bremen,21.0,"MF,FW",510.0,1.0,0.0,,4.0,3.540366666666667,-0.4596333333333331,fair
Maximilian Eggestein,Werder Bremen,22.0,"MF,DF",2855.0,1.0,3.0,,13.0,13.758,0.7579999999999991,fair
Marco Friedl,Werder Bremen,21.0,DF,2183.0,1.0,3.0,,3.0,5.554,2.5540000000000003,undervalued
Niclas FĂĽllkrug,Werder Bremen,26.0,FW,403.0,4.0,1.0,,3.0,5.614216666666667,2.6142166666666666,undervalued
Theodor Gebre Selassie,Werder Bremen,32.0,DF,2427.0,2.0,2.0,,1.0,1.1943026666666667,0.19430266666666673,fair
Benjamin Goller,Werder Bremen,20.0,"FW,MF",288.0,0.0,0.0,,0.0725,0.5084770000000001,0.43597700000000006,fair
Christian GroĂź,Werder Bremen,30.0,"DF,MF",872.0,0.0,0.0,,0.03,0.7291153333333338,0.6991153333333338,fair
Martin Harnik,Werder Bremen,32.0,"MF,FW",9.0,0.0,0.0,,1.0,1.0954166666666658,0.09541666666666582,fair
Luc Ihorst,Werder Bremen,19.0,FW,11.0,0.0,0.0,,0.015,0.09588333333333368,0.08088333333333368,fair
Stefanos Kapino,Werder Bremen,25.0,GK,90.0,0.0,0.0,,0.08,0.42714166666666564,0.3471416666666656,fair
Davy Klaassen,Werder Bremen,26.0,MF,2936.0,7.0,5.0,,12.0,14.761666666666667,2.7616666666666667,undervalued
Michael Lang,Werder Bremen,28.0,DF,544.0,0.0,0.0,,0.095,0.5677489999999993,0.4727489999999993,fair
Sebastian Langkamp,Werder Bremen,31.0,DF,314.0,0.0,0.0,,0.08,0.8965666666666686,0.8165666666666687,fair
Kevin MĂ¶hwald,Werder Bremen,26.0,MF,74.0,0.0,0.0,,2.0,1.6704083333333333,-0.3295916666666667,fair
Niklas Moisander,Werder Bremen,33.0,DF,1979.0,0.0,0.0,,1.0,0.8129083333333337,-0.18709166666666632,fair
Yuya Osako,Werder Bremen,29.0,"FW,MF",1848.0,8.0,2.0,,3.0,5.523499999999999,2.5234999999999994,undervalued
JiĹ™Ă­ Pavlenka,Werder Bremen,27.0,GK,2970.0,0.0,0.0,,6.5,7.483333333333333,0.9833333333333334,fair
Claudio Pizarro,Werder Bremen,40.0,"FW,MF",234.0,0.0,0.0,,0.04,0.14548599999999962,0.10548599999999961,fair
Milot Rashica,Werder Bremen,23.0,FW,2264.0,8.0,5.0,,28.0,25.171666666666667,-2.828333333333333,overvalued
Nuri Ĺžahin,Werder Bremen,30.0,MF,1249.0,0.0,3.0,,1.2,1.5555666666666614,0.3555666666666615,fair
Josh Sargent,Werder Bremen,19.0,FW,1416.0,4.0,2.0,,6.0,6.851999999999999,0.8519999999999994,fair
Davie Selke,Werder Bremen,24.0,FW,463.0,0.0,0.0,,8.0,1.7899750000000005,-6.210025,overvalued
Ă–mer Toprak,Werder Bremen,30.0,DF,715.0,0.0,0.0,,3.0,2.263125,-0.736875,fair
MiloĹˇ VeljkoviÄ‡,Werder Bremen,23.0,DF,2051.0,0.0,1.0,,5.2,4.782066666666685,-0.4179333333333153,fair
Kevin Vogt,Werder Bremen,27.0,"DF,MF",1105.0,0.0,0.0,,8.0,5.922041666666665,-2.077958333333335,overvalued
Nick Woltemade,Werder Bremen,17.0,"FW,MF",92.0,0.0,0.0,,0.0325,0.20015183333333286,0.16765183333333286,fair
Albian Ajeti,West Ham,22.0,"MF,FW",139.0,0.0,0.0,,4.0,3.2642521666666657,-0.7357478333333343,fair
Felipe Anderson,West Ham,26.0,"MF,FW",1497.0,1.0,4.0,,25.0,19.90366666666667,-5.09633333333333,overvalued
Michail Antonio,West Ham,29.0,FW,1768.0,10.0,3.0,,9.0,8.738333333333333,-0.2616666666666667,fair
FabiĂˇn Balbuena,West Ham,27.0,DF,1177.0,1.0,0.0,,9.0,8.640241666666668,-0.35975833333333185,fair
Jarrod Bowen,West Ham,22.0,FW,917.0,1.0,4.0,,16.0,15.806666666666667,-0.19333333333333336,fair
Aaron Cresswell,West Ham,29.0,DF,2727.0,3.0,0.0,,6.0,6.1,0.09999999999999964,fair
Issa Diop,West Ham,22.0,DF,2766.0,3.0,1.0,,25.0,24.303333333333335,-0.6966666666666654,fair
Lukasz Fabianski,West Ham,34.0,GK,2117.0,0.0,0.0,,2.5,2.3396166666666662,-0.16038333333333377,fair
Pablo Fornals,West Ham,23.0,"MF,FW",2172.0,2.0,5.0,,16.0,15.010333333333335,-0.9896666666666647,fair
Ryan Fredericks,West Ham,26.0,DF,2237.0,0.0,3.0,,4.0,5.048333333333333,1.048333333333333,fair
SĂ©bastien Haller,West Ham,25.0,FW,2266.0,7.0,1.0,,36.0,25.44,-10.559999999999999,overvalued
Ben Johnson,West Ham,19.0,DF,270.0,0.0,0.0,,2.0,2.3196493333333326,0.31964933333333256,fair
Manuel Lanzini,West Ham,26.0,"MF,FW",1379.0,0.0,2.0,,16.0,13.233,-2.7669999999999995,overvalued
David Martin,West Ham,33.0,GK,436.0,0.0,0.0,,0.025,0.3178350000000018,0.2928350000000018,fair
Arthur Masuaku,West Ham,25.0,DF,937.0,0.0,1.0,,6.0,6.525783333333334,0.5257833333333339,fair
Jeremy Ngakia,West Ham,18.0,DF,440.0,0.0,0.0,,0.025,4.4870659999999996,4.462065999999999,undervalued
Mark Noble,West Ham,32.0,MF,2674.0,4.0,3.0,,4.0,4.142633333333333,0.1426333333333334,fair
Angelo Ogbonna,West Ham,31.0,DF,2786.0,2.0,0.0,,6.0,3.749091666666667,-2.250908333333333,overvalued
Darren Randolph,West Ham,32.0,GK,180.0,0.0,0.0,,2.0,0.8193776666666677,-1.1806223333333323,fair
Declan Rice,West Ham,20.0,MF,3420.0,1.0,3.0,,49.0,39.465,-9.534999999999997,overvalued
Roberto,West Ham,33.0,GK,687.0,0.0,0.0,,0.0008,0.3161286666666661,0.3153286666666661,fair
Carlos SĂˇnchez,West Ham,33.0,"MF,DF",117.0,0.0,0.0,,1.0,1.3321176666666663,0.3321176666666663,fair
Robert Snodgrass,West Ham,31.0,"MF,FW",1509.0,5.0,5.0,,4.0,5.328335833333334,1.328335833333334,undervalued
TomĂˇĹˇ SouÄŤek,West Ham,24.0,MF,1040.0,3.0,0.0,,20.0,16.715,-3.285,overvalued
Jack Wilshere,West Ham,27.0,MF,215.0,0.0,0.0,,4.0,4.648416666666668,0.6484166666666678,fair
Andriy Yarmolenko,West Ham,29.0,"MF,FW",991.0,5.0,1.0,,9.0,9.081999999999999,0.08199999999999896,fair
Pablo Zabaleta,West Ham,34.0,DF,592.0,0.0,0.0,,0.08,0.36639299999999914,0.2863929999999991,fair
Maximilian Arnold,Wolfsburg,25.0,MF,2821.0,4.0,8.0,,14.0,15.9,1.9000000000000004,undervalued
Josip Brekalo,Wolfsburg,21.0,"MF,FW",1670.0,3.0,4.0,,13.0,13.115,0.11500000000000021,fair
John Brooks,Wolfsburg,26.0,DF,2224.0,0.0,1.0,,10.0,10.116666666666667,0.11666666666666714,fair
Jeffrey Bruma,Wolfsburg,27.0,DF,810.0,0.0,0.0,,3.0,3.8030166666666667,0.8030166666666667,fair
Koen Casteels,Wolfsburg,27.0,GK,2340.0,0.0,0.0,,10.0,10.25,0.25,fair
Yannick Gerhardt,Wolfsburg,25.0,MF,828.0,2.0,0.0,,6.0,5.789666666666667,-0.21033333333333282,fair
Daniel Ginczek,Wolfsburg,28.0,FW,768.0,3.0,1.0,,9.0,7.604166666666667,-1.395833333333333,fair
Josuha Guilavogui,Wolfsburg,28.0,"MF,DF",2062.0,0.0,1.0,,11.0,9.266749999999998,-1.7332500000000017,overvalued
Mamoudou Karamoko,Wolfsburg,20.0,MF,9.0,0.0,0.0,,0.02,0.07524416666666642,0.055244166666666414,fair
Felix Klaus,Wolfsburg,26.0,"FW,MF",670.0,0.0,1.0,,2.0,2.6473359999999992,0.6473359999999992,fair
Robin Knoche,Wolfsburg,27.0,DF,1594.0,1.0,0.0,,6.0,6.35985,0.3598499999999998,fair
Omar Marmoush,Wolfsburg,20.0,"MF,FW",81.0,0.0,0.0,,0.0125,0.48075000000000045,0.46825000000000044,fair
Kevin Mbabu,Wolfsburg,24.0,DF,1696.0,3.0,1.0,,6.0,6.405933333333333,0.4059333333333326,fair
Admir Mehmedi,Wolfsburg,28.0,"MF,FW",1200.0,2.0,2.0,,8.0,7.009074999999999,-0.9909250000000007,fair
Lukas Nmecha,Wolfsburg,20.0,"MF,FW",131.0,0.0,0.0,,3.0,2.20331025,-0.7966897500000001,fair
Paulo OtĂˇvio,Wolfsburg,24.0,DF,380.0,0.0,1.0,,1.2,1.7246976666666622,0.5246976666666623,fair
Pavao Pervan,Wolfsburg,31.0,GK,720.0,0.0,0.0,,0.065,1.2581966666666677,1.1931966666666678,fair
Marin PongraÄŤiÄ‡,Wolfsburg,21.0,DF,928.0,2.0,0.0,,10.0,7.988833333333334,-2.011166666666666,overvalued
JĂ©rĂ´me Roussillon,Wolfsburg,26.0,DF,2364.0,1.0,1.0,,16.0,12.459166666666674,-3.5408333333333264,overvalued
JoĂŁo Victor Santos SĂˇ,Wolfsburg,25.0,"MF,FW",1629.0,2.0,2.0,,3.5,4.808599999999999,1.3085999999999993,undervalued
Xaver Schlager,Wolfsburg,21.0,MF,1719.0,1.0,2.0,,12.0,13.13,1.1300000000000008,fair
Renato Steffen,Wolfsburg,27.0,"MF,FW",1585.0,6.0,3.0,,4.0,7.947333333333333,3.947333333333333,undervalued
Marcel Tisserand,Wolfsburg,26.0,DF,1204.0,1.0,1.0,,6.0,6.203,0.2030000000000003,fair
Wout Weghorst,Wolfsburg,26.0,FW,2739.0,16.0,3.0,,21.0,23.251666666666665,2.251666666666665,undervalued
William,Wolfsburg,24.0,DF,1364.0,1.0,1.0,,10.0,8.4985,-1.5015,overvalued
Ryan Bennett,Wolves,29.0,DF,606.0,0.0,0.0,,4.0,3.714866666666667,-0.285133333333333,fair
Willy Boly,Wolves,28.0,DF,1979.0,0.0,1.0,,14.0,10.590066666666667,-3.409933333333333,overvalued
Jonny Castro,Wolves,25.0,DF,2887.0,2.0,2.0,,16.0,15.905,-0.09500000000000064,fair
Conor Coady,Wolves,26.0,DF,3420.0,0.0,0.0,,14.0,9.310333333333332,-4.6896666666666675,overvalued
Patrick Cutrone,Wolves,21.0,FW,297.0,2.0,0.0,,15.0,12.3487,-2.651300000000001,overvalued
Leander Dendoncker,Wolves,24.0,"MF,DF",2795.0,4.0,0.0,,22.0,20.638333333333332,-1.3616666666666681,fair
Matt Doherty,Wolves,27.0,DF,2839.0,4.0,3.0,,16.0,15.716666666666667,-0.2833333333333332,fair
Morgan Gibbs-White,Wolves,19.0,"MF,FW",129.0,0.0,0.0,,7.0,5.517251833333335,-1.4827481666666653,overvalued
RaĂşl JimĂ©nez,Wolves,28.0,FW,3236.0,17.0,6.0,,40.0,38.67333333333333,-1.326666666666668,fair
Bruno JordĂŁo,Wolves,20.0,FW,7.0,0.0,0.0,,2.0,2.1339541666666646,0.1339541666666646,fair
Diogo Jota,Wolves,22.0,"FW,MF",2284.0,7.0,1.0,,40.0,29.596666666666668,-10.403333333333332,overvalued
Max Kilman,Wolves,22.0,DF,185.0,0.0,0.0,,0.08,2.5354110000000065,2.4554110000000064,undervalued
JoĂŁo Moutinho,Wolves,32.0,MF,3108.0,1.0,6.0,,8.0,6.013266666666666,-1.9867333333333344,overvalued
Pedro Neto,Wolves,19.0,"FW,MF",939.0,3.0,3.0,,11.0,9.375666666666666,-1.6243333333333343,overvalued
RĂşben Neves,Wolves,22.0,MF,3056.0,2.0,2.0,,40.0,32.156666666666666,-7.843333333333334,overvalued
Rui PatrĂ­cio,Wolves,31.0,GK,3420.0,0.0,0.0,,16.0,13.501666666666667,-2.498333333333333,overvalued
Daniel Podence,Wolves,23.0,"FW,MF",289.0,1.0,0.0,,12.0,10.975325,-1.0246750000000002,fair
Romain SaĂŻss,Wolves,29.0,DF,2705.0,2.0,1.0,,4.0,7.133333333333334,3.1333333333333337,undervalued
Adama TraorĂ©,Wolves,23.0,"FW,MF",2605.0,4.0,9.0,,25.0,17.994666666666664,-7.005333333333336,overvalued
JesĂşs Vallejo,Wolves,22.0,DF,163.0,0.0,0.0,,6.0,5.0340083333333325,-0.9659916666666675,fair
RĂşben Vinagre,Wolves,20.0,DF,652.0,0.0,0.0,,9.0,7.549283333333334,-1.4507166666666658,overvalued
